id,conversation_id,created_at,date,time,timezone,user_id,username,name,place,tweet,language,mentions,urls,photos,replies_count,retweets_count,likes_count,hashtags,cashtags,link,retweet,quote_url,video,thumbnail,near,geo,source,user_rt_id,user_rt,retweet_id,reply_to,retweet_date,translate,trans_src,trans_dest
660969508555923456,660969508555923456,2015-11-01 18:59:45 EST,2015-11-01,18:59:45,-0400,3613695380,robertsneagle,Robert Neagle,,RT  https://t.co/SJiuen6gh3 Pool time in California #drought #savewater #funinthesun #swimming #lilspeak #lilspeak…  https://t.co/qZpfpzL96P,en,[],"['https://twitter.com/lilspeakkids/status/660967016132648960', 'https://instagram.com/p/9j63QGBfrr/']",[],0,0,0,"['drought', 'savewater', 'funinthesun', 'swimming', 'lilspeak', 'lilspeak']",[],https://twitter.com/robertsneagle/status/660969508555923456,False,https://twitter.com/lilspeakkids/status/660967016132648960,0,,,,,,,,[],,,,
660967747220672512,660967747220672512,2015-11-01 18:52:45 EST,2015-11-01,18:52:45,-0400,258896387,mattalltradesb,Matt Sutkoski,,Nice to see winter storm warning now in CA Sierra Nevada. Hope it REALLY piles up this snow season #drought,en,[],[],[],0,0,1,['drought'],[],https://twitter.com/mattalltradesb/status/660967747220672512,False,,0,,,,,,,,[],,,,
660967016132648960,660967016132648960,2015-11-01 18:49:51 EST,2015-11-01,18:49:51,-0400,3060988621,lilspeakkids,lilspeak,,Pool time in California #drought #savewater #funinthesun #swimming #lilspeak #lilspeak.com  https://t.co/ZAXiwCkFEP,en,[],['https://instagram.com/p/9j63QGBfrr/'],[],0,1,2,"['drought', 'savewater', 'funinthesun', 'swimming', 'lilspeak', 'lilspeak']",[],https://twitter.com/lilspeakkids/status/660967016132648960,False,,0,,,,,,,,[],,,,
660965918651129861,660965918651129861,2015-11-01 18:45:29 EST,2015-11-01,18:45:29,-0400,44577884,mikefretthold,Pickup Truck Mike,,The #drought is over.  https://t.co/ipCL8KGMuc,en,[],['https://twitter.com/robphillips3/status/660965749750632448'],[],0,0,0,['drought'],[],https://twitter.com/MikeFretthold/status/660965918651129861,False,https://twitter.com/robphillips3/status/660965749750632448,0,,,,,,,,[],,,,
660965267741085696,660965267741085696,2015-11-01 18:42:54 EST,2015-11-01,18:42:54,-0400,821557536,cunygcees,CUNY GC EES,,Faculty Scholarly Works on #Drought #CoastalDeltas and #GeorgianPerspectives  https://t.co/j0JUK36IWd,en,[],['http://gcees.commons.gc.cuny.edu/faculty-scholarly-works-on-drought-coastaldeltas-and-georgianperspectives/'],[],0,1,1,"['drought', 'coastaldeltas', 'georgianperspectives']",[],https://twitter.com/CUNYGCEES/status/660965267741085696,False,,0,,,,,,,,[],,,,
660965098941382656,660965098941382656,2015-11-01 18:42:14 EST,2015-11-01,18:42:14,-0400,19399115,thatfrakkingcat,Kitteh,,.@netheadww You need one of those pee recyclers Kevin Costner had in Waterworld. #drought #NetHeads,en,[],[],[],1,0,0,"['drought', 'netheads']",[],https://twitter.com/ThatFrakkingCat/status/660965098941382656,False,,0,,,,,,,,[],,,,
660958253220651008,660958253220651008,2015-11-01 18:15:02 EST,2015-11-01,18:15:02,-0400,188135326,vicgovag,Agriculture Victoria,,"Untimely rain or #drought hit your harvest? Don't go it alone, free financial advice at RFCS  https://t.co/msM4iGARdS  https://t.co/idrrwhqkCD",en,[],"['http://bit.ly/1iwpC4v', 'https://twitter.com/BOM_Vic/status/660720477585952768']",[],0,2,1,['drought'],[],https://twitter.com/VicGovAg/status/660958253220651008,False,https://twitter.com/BOM_Vic/status/660720477585952768,0,,,,,,,,[],,,,
660955852074033152,660955852074033152,2015-11-01 18:05:29 EST,2015-11-01,18:05:29,-0400,2373570728,newsonaust,Australian News,,#Australia #News ; It's raining in #drought stricken outback Queensland! #Barcaldine farmer Alf Sanderson joins jo…  https://t.co/1ieQPypADs,en,[],['https://twitter.com/ABCNews24/status/660955512674979840'],[],0,0,0,"['australia', 'news', 'drought', 'barcaldine']",[],https://twitter.com/newsonaust/status/660955852074033152,False,0,0,,,,,,,,[],,,,
660954833717993472,660954833717993472,2015-11-01 18:01:26 EST,2015-11-01,18:01:26,-0400,469509187,geneticliteracy,Genetic Literacy Project,,"Faced with food shortage caused by #drought, #Zimbabwe must now tackle #GMO dilemma, via @mambondiyani  https://t.co/YgUHPaWxOD",en,"[{'screen_name': 'mambondiyani', 'name': 'andrew mambondiyani', 'id': '225908074'}]",['http://owl.li/TQiZM'],[],0,1,0,"['drought', 'zimbabwe', 'gmo']",[],https://twitter.com/GeneticLiteracy/status/660954833717993472,False,,0,,,,,,,,[],,,,
660950861187670017,660950861187670017,2015-11-01 17:45:39 EST,2015-11-01,17:45:39,-0400,2705268337,trusttravelgirl,Trusted Travel Girl,,What drought? Oh. 🌾 #tumbleweedcity #California #drought #adventure #explore #travel #traveler…  https://t.co/HbuYzz7b4l,en,[],['https://instagram.com/p/9jzgzwzR5y/'],[],0,0,3,"['tumbleweedcity', 'california', 'drought', 'adventure', 'explore', 'travel', 'traveler']",[],https://twitter.com/trusttravelgirl/status/660950861187670017,False,,0,,,,,,,,[],,,,
660944003651665920,660944003651665920,2015-11-01 17:18:24 EST,2015-11-01,17:18:24,-0400,323985276,gcmcdrought,gcmc Drought,,Mexico: Más de 119 mil familias superan carencia alimentaria en México a través de la Cruzada Naciona...  https://t.co/JK55muZxhm #drought,es,[],['http://bit.ly/20lLemr'],[],0,0,0,['drought'],[],https://twitter.com/gcmcDrought/status/660944003651665920,False,,0,,,,,,,,[],,,,
660944002758250496,660944002758250496,2015-11-01 17:18:24 EST,2015-11-01,17:18:24,-0400,323985276,gcmcdrought,gcmc Drought,,Colombia: La sequía y la oscuridad  https://t.co/XKbf3VuNlj #drought,es,[],['http://bit.ly/1Ws9gHB'],[],0,0,0,['drought'],[],https://twitter.com/gcmcDrought/status/660944002758250496,False,,0,,,,,,,,[],,,,
660944001864871938,660944001864871938,2015-11-01 17:18:24 EST,2015-11-01,17:18:24,-0400,323985276,gcmcdrought,gcmc Drought,,Guatemala: América Central y el Caribe Boletín de Precios - octubre 2015  https://t.co/ryJYn5rK1l #drought,es,[],['http://bit.ly/1Ws9gHu'],[],0,0,0,['drought'],[],https://twitter.com/gcmcDrought/status/660944001864871938,False,,0,,,,,,,,[],,,,
660944001030205440,660944001030205440,2015-11-01 17:18:24 EST,2015-11-01,17:18:24,-0400,323985276,gcmcdrought,gcmc Drought,,El Salvador: El Salvador Boletín de Precios - octubre 2015  https://t.co/wFJ792zxHV #drought,es,[],['http://bit.ly/20lLcLf'],[],0,0,0,['drought'],[],https://twitter.com/gcmcDrought/status/660944001030205440,False,,0,,,,,,,,[],,,,
660944000178761728,660944000178761728,2015-11-01 17:18:24 EST,2015-11-01,17:18:24,-0400,323985276,gcmcdrought,gcmc Drought,,Guatemala: Guatemala Boletín de Precios - Octubre 2015  https://t.co/EMlfXcjimN #drought,es,[],['http://bit.ly/1Ws9ej3'],[],0,0,0,['drought'],[],https://twitter.com/gcmcDrought/status/660944000178761728,False,,0,,,,,,,,[],,,,
660939876674637825,660939876674637825,2015-11-01 17:02:00 EST,2015-11-01,17:02:00,-0400,535756778,downtown_ace,Downtown AceHardware,,"Outside the home, check the water system for leaks in pipes, hoses, hose bibs and couplings. #droughttips #drought",en,[],[],[],0,0,0,"['droughttips', 'drought']",[],https://twitter.com/Downtown_ACE/status/660939876674637825,False,,0,,,,,,,,[],,,,
660936921271705602,660936921271705602,2015-11-01 16:50:16 EST,2015-11-01,16:50:16,-0400,35530079,dianaruggontv,"Diana Rugg, M. Ed.",,This has been a terrible year for my trees! #cankerworms #drought Limbs everywhere!  https://t.co/Nwpq2XNuSt,en,[],[],"['https://pbs.twimg.com/media/CSwemhDU8AAhjH-.jpg', 'https://pbs.twimg.com/media/CSwemhFUEAACPy0.jpg', 'https://pbs.twimg.com/media/CSwemluU8AAosvu.jpg']",0,0,0,"['cankerworms', 'drought']",[],https://twitter.com/DianaRuggOnTV/status/660936921271705602,False,,1,https://pbs.twimg.com/media/CSwemhDU8AAhjH-.jpg,,,,,,,[],,,,
660936763456815104,660936763456815104,2015-11-01 16:49:38 EST,2015-11-01,16:49:38,-0400,460455698,susanheaney,Susan Arnot Heaney,,Pls do! #LosAngeles considers officially '#drought shaming' #water violators  https://t.co/QKJ73UZJMt,en,[],['http://gu.com/p/4dz6g/stw'],[],0,0,0,"['losangeles', 'drought', 'water']",[],https://twitter.com/SusanHeaney/status/660936763456815104,False,,0,,,,,,,,[],,,,
660935876231479296,660935876231479296,2015-11-01 16:46:07 EST,2015-11-01,16:46:07,-0400,412735829,davieyay,David McCarthy,,"It takes 1000 gallons of #water to make 1 gallon of #milk. Water bans for areas in #drought, how about milk bans? @Cowspiracy #waterjustice",en,"[{'screen_name': 'cowspiracy', 'name': 'cowspiracy', 'id': '2264785178'}]",[],[],1,9,12,"['water', 'milk', 'drought', 'waterjustice']",[],https://twitter.com/davieyay/status/660935876231479296,False,,0,,,,,,,,[],,,,
660933042542788608,660933042542788608,2015-11-01 16:34:51 EST,2015-11-01,16:34:51,-0400,492294698,breybreski,Excessively Black,,Gotta stock up on my nuts....winters approaching.. I gotta be prepared #drought,en,[],[],[],0,0,0,['drought'],[],https://twitter.com/BreyBreski/status/660933042542788608,False,,0,,,,,,,,[],,,,
660932282618740737,660932282618740737,2015-11-01 16:31:50 EST,2015-11-01,16:31:50,-0400,169538709,toteandable,michel stong,,Rain|CA. #rain #rainbow #drought #cozy #toteandable  https://t.co/CXHDvF7Gsz,en,[],[],['https://pbs.twimg.com/media/CSwaaKCUsAAl0-V.jpg'],0,0,0,"['rain', 'rainbow', 'drought', 'cozy', 'toteandable']",[],https://twitter.com/toteandable/status/660932282618740737,False,,1,https://pbs.twimg.com/media/CSwaaKCUsAAl0-V.jpg,,,,,,,[],,,,
660931908650450944,660931908650450944,2015-11-01 16:30:21 EST,2015-11-01,16:30:21,-0400,219335025,insuremekevin,IMK,"{'type': 'Point', 'coordinates': [38.707705, -121.156526]}",More junk exposed as #FolsomLake drops to 15% capacity. #Drought @ Folsom Dam  https://t.co/PHXH3KuA7w,en,[],['https://instagram.com/p/9jq5QikVEz/'],[],0,0,0,"['folsomlake', 'drought']",[],https://twitter.com/Insuremekevin/status/660931908650450944,False,,0,,,,,,,,[],,,,
660927587166912512,660927587166912512,2015-11-01 16:13:10 EST,2015-11-01,16:13:10,-0400,14676905,israel21c,ISRAEL21C,,"From #California to South America, everyone is turning to #Israel for help with water rehabilitation and #drought.  https://t.co/6Pbp3WjnmT",en,[],['http://buff.ly/1Mp35OY'],[],0,11,5,"['california', 'israel', 'drought']",[],https://twitter.com/ISRAEL21C/status/660927587166912512,False,,0,,,,,,,,[],,,,
660924597550899200,660924597550899200,2015-11-01 16:01:18 EST,2015-11-01,16:01:18,-0400,2502354296,abstractwallart,Danielle Nelisse,,artist paints Depleted Water Tables #climatechange #drought in #California #abstractart #fineart #daniellenelisse …  https://t.co/VTKE5feLX0,en,[],['http://ift.tt/1LuCyiS'],[],0,0,0,"['climatechange', 'drought', 'california', 'abstractart', 'fineart', 'daniellenelisse']",[],https://twitter.com/abstractwallart/status/660924597550899200,False,,0,,,,,,,,[],,,,
660924303307767812,660924303307767812,2015-11-01 16:00:07 EST,2015-11-01,16:00:07,-0400,153581660,b2science,Biosphere 2,,Could California's #drought be eased by capturing more rain?  A @UofA professor says yes:   https://t.co/1MquRRIqAo  https://t.co/kokYZlhmIW,en,[],['https://goo.gl/2z1PB0'],['https://pbs.twimg.com/media/CSRUpUTUYAAYuCD.jpg'],0,1,2,['drought'],[],https://twitter.com/B2science/status/660924303307767812,False,,1,https://pbs.twimg.com/media/CSRUpUTUYAAYuCD.jpg,,,,,,,[],,,,
660921930078412804,660921930078412804,2015-11-01 15:50:42 EST,2015-11-01,15:50:42,-0400,541752580,owltome_,Anth Senju,,Funny how you know all that we could be and still reject me. No hope now. #Drought,en,[],[],[],0,0,0,['drought'],[],https://twitter.com/owltome_/status/660921930078412804,False,,0,,,,,,,,[],,,,
660917300686622721,660917300686622721,2015-11-01 15:32:18 EST,2015-11-01,15:32:18,-0400,3091964034,solarsolnsteam,Solar Solutions Team,,RT MarcVegan Retweeted Allan Margolin (AllanMargolin):  ONGOING #DROUGHT SAYS THEY NEED ONE: Could #SolarEnergy Be…  https://t.co/h4QKTEZ9yR,en,[],['http://fb.me/CtPZvm2T'],[],0,0,0,"['drought', 'solarenergy']",[],https://twitter.com/solarsolnsteam/status/660917300686622721,False,,0,,,,,,,,[],,,,
660914818421952512,660914818421952512,2015-11-01 15:22:26 EST,2015-11-01,15:22:26,-0400,1219965540,vampiremaman,Juliette Kings,,"Rain. Glorious rain on our drought parched landscape! #drought, #rain, #California, #Watercrisis",en,[],[],[],0,0,0,"['drought', 'rain', 'california', 'watercrisis']",[],https://twitter.com/VampireMaman/status/660914818421952512,False,,0,,,,,,,,[],,,,
660914526691307520,660914526691307520,2015-11-01 15:21:17 EST,2015-11-01,15:21:17,-0400,2516013102,marcvegan,🌊❄Marc Slavin❄❄VoteBlue❄️ 🌊,,Retweeted Allan Margolin (@AllanMargolin):  ONGOING #DROUGHT SAYS THEY NEED ONE: Could #SolarEnergy Be CA's Next...  https://t.co/guIt4u6QON,en,"[{'screen_name': 'allanmargolin', 'name': 'allan margolin', 'id': '456865788'}]",['http://fb.me/CtPZvm2T'],[],0,0,0,"['drought', 'solarenergy']",[],https://twitter.com/MarcVegan/status/660914526691307520,False,,0,,,,,,,,[],,,,
660913088330264577,660913088330264577,2015-11-01 15:15:34 EST,2015-11-01,15:15:34,-0400,2589523584,followlanews,Breaking LA News,,New Plant Tests US Appetite For Seawater Desalination  https://t.co/aUlFiN4u4o #Drought #Local #News #CADrought #Carlsbad #LosAngeles #News,en,[],['http://bit.ly/1Maa9TU'],[],0,0,0,"['drought', 'local', 'news', 'cadrought', 'carlsbad', 'losangeles', 'news']",[],https://twitter.com/FollowLANews/status/660913088330264577,False,,0,,,,,,,,[],,,,
660911731716304897,660911731716304897,2015-11-01 15:10:10 EST,2015-11-01,15:10:10,-0400,373239771,kittike11,Kitty,,"If concerned about #drought, @SkipShowers!  https://t.co/jlnJzzNQrK  #govegan #WorldVeganDay #water #California #Moby  https://t.co/qBSqRtBC9h",en,"[{'screen_name': 'skipshowers', 'name': 'skip showers 4 beef', 'id': '3221808722'}]",['https://goo.gl/DZXytc'],['https://pbs.twimg.com/media/CSwHt6mXAAAPHf7.jpg'],0,0,2,"['drought', 'govegan', 'worldveganday', 'water', 'california', 'moby']",[],https://twitter.com/Kittike11/status/660911731716304897,False,,1,https://pbs.twimg.com/media/CSwHt6mXAAAPHf7.jpg,,,,,,,[],,,,
660909825342111744,660909825342111744,2015-11-01 15:02:36 EST,2015-11-01,15:02:36,-0400,301217023,moninews,Monika Diaz,,It's raining in the Sacramento region. A welcome sight. #drought  https://t.co/dLtkKeUlAy,en,[],[],['https://pbs.twimg.com/media/CSwF-ipVAAAsj_F.jpg'],0,1,2,['drought'],[],https://twitter.com/MoniNews/status/660909825342111744,False,,1,https://pbs.twimg.com/media/CSwF-ipVAAAsj_F.jpg,,,,,,,[],,,,
660908534935248896,660908118956769280,2015-11-01 14:57:28 EST,2015-11-01,14:57:28,-0400,805008734,jm22381,JM,,@Astro_Kimiya 宇宙から見たブラジルの極端な干ばつ  https://t.co/YA81S5lnPt #Brazil #amazon #drought @NASAGoddard  https://t.co/54px8LSxyK,ja,"[{'screen_name': 'nasagoddard', 'name': 'nasa goddard', 'id': '20060293'}]",['http://menea.me/1hmep'],['https://pbs.twimg.com/tweet_video_thumb/CSwEud-WUAAtimY.png'],0,2,3,"['brazil', 'amazon', 'drought']",[],https://twitter.com/jm22381/status/660908534935248896,False,,1,https://pbs.twimg.com/tweet_video_thumb/CSwEud-WUAAtimY.png,,,,,,,[],,,,
660908384934203393,660908384934203393,2015-11-01 14:56:52 EST,2015-11-01,14:56:52,-0400,26398613,bellavitahome,Bella Vita,,It's raining! ☔️ #drought  https://t.co/I1pEO38Ap1,en,[],['https://instagram.com/p/9jgMWOmrbN/'],[],0,0,0,['drought'],[],https://twitter.com/bellavitahome/status/660908384934203393,False,,0,,,,,,,,[],,,,
660904430515032064,660904430515032064,2015-11-01 14:41:09 EST,2015-11-01,14:41:09,-0400,1604083442,southpawmom76,Christine Jones,,**Meanwhile in NorCal**  We all come out of our houses &amp; rejoice in the streets!!!  #drought…  https://t.co/xtxnKrXBd6,en,[],['https://instagram.com/p/9jeZdCxjsd/'],[],0,0,0,['drought'],[],https://twitter.com/southpawmom76/status/660904430515032064,False,,0,,,,,,,,[],,,,
660902901410349057,660789222530531328,2015-11-01 14:35:05 EST,2015-11-01,14:35:05,-0400,355666246,centreenvrights,Centre for Environmental Rights,,"@WaterWheelmag As long as those operating rules respect the Constitution, the National Water Act - and give effect to the Reserve #drought",en,[],[],[],0,0,1,['drought'],[],https://twitter.com/CentreEnvRights/status/660902901410349057,False,,0,,,,,,,,[],,,,
660902399016464384,660902399016464384,2015-11-01 14:33:05 EST,2015-11-01,14:33:05,-0400,243320013,dave_in_sopo,Distancing Dave 🇺🇲,,4 is marveling at the rain because she's seen so little if it in her life. #cawx  #drought,en,[],[],[],0,1,6,"['cawx', 'drought']",[],https://twitter.com/Dave_in_SoPo/status/660902399016464384,False,,0,,,,,,,,[],,,,
660902014306656256,660902014306656256,2015-11-01 14:31:33 EST,2015-11-01,14:31:33,-0400,2856042501,truthordrought,Truth or Drought Ⓥ,,Happy #WorldVeganDay! Graphic via @Vegan @VeganStreetCom. #SaveWaterEatPlants! #TruthOrDrought #vegan #drought  https://t.co/buIrY1rz28,en,"[{'screen_name': 'vegan', 'name': 'vegan', 'id': '33323849'}, {'screen_name': 'veganstreetcom', 'name': 'vegan street', 'id': '2293627860'}]",[],['https://pbs.twimg.com/media/CSv-4USWIAAFgX4.jpg'],0,7,7,"['worldveganday', 'savewatereatplants', 'truthordrought', 'vegan', 'drought']",[],https://twitter.com/TruthOrDrought/status/660902014306656256,False,,1,https://pbs.twimg.com/media/CSv-4USWIAAFgX4.jpg,,,,,,,[],,,,
660901271902154752,660901271902154752,2015-11-01 14:28:36 EST,2015-11-01,14:28:36,-0400,1422820436,traceywithhope,tracey,,"As El Niño bites, it’s time to take stock of our water  https://t.co/doElzz4jDM #Australia #water #ausag #agchatoz #drought #climate #auspol",en,[],['http://theconversation.com/as-el-nino-bites-its-time-to-take-stock-of-our-water-49898'],[],0,0,0,"['australia', 'water', 'ausag', 'agchatoz', 'drought', 'climate', 'auspol']",[],https://twitter.com/traceywithhope/status/660901271902154752,False,,0,,,,,,,,[],,,,
660898599463739392,660898599463739392,2015-11-01 14:17:59 EST,2015-11-01,14:17:59,-0400,84935396,pulimolete,Puleng,,CPI about to hit us when food becomes scarce. This is worrying #Drought  https://t.co/kLFWoXhgwd,en,[],['https://twitter.com/bdlivesa/status/660841342868856832'],[],0,0,0,['drought'],[],https://twitter.com/PuliMolete/status/660898599463739392,False,https://twitter.com/bdlivesa/status/660841342868856832,0,,,,,,,,[],,,,
660898140602679296,660898140602679296,2015-11-01 14:16:10 EST,2015-11-01,14:16:10,-0400,2285717792,rainbankrwc,Ken Blair,,#Drought and climate change demand for rainwater collection  https://t.co/op9ttNf82F,en,[],['http://ow.ly/T36RJ'],[],0,0,0,['drought'],[],https://twitter.com/RainBankRWC/status/660898140602679296,False,,0,,,,,,,,[],,,,
660896618644905984,660896618644905984,2015-11-01 14:10:07 EST,2015-11-01,14:10:07,-0400,525403640,hydrofinity,Hydrofinity,,The Xeros Solution in Action During  California #Drought  https://t.co/nsyV6u0Ohf  https://t.co/T9hcC0Y3u4,en,[],['http://hubs.ly/H01lPPM0'],['https://pbs.twimg.com/media/CSv5-RGXAAA_A8Z.jpg'],0,0,2,['drought'],[],https://twitter.com/hydrofinity/status/660896618644905984,False,,1,https://pbs.twimg.com/media/CSv5-RGXAAA_A8Z.jpg,,,,,,,[],,,,
660894917426741248,660894917426741248,2015-11-01 14:03:21 EST,2015-11-01,14:03:21,-0400,22968154,agleader,Cannon Michael,,"Despite a potentially wet winter, the #drought will continue | The Sacramento Bee #cawater  https://t.co/KHkJLZPlkz",en,[],['http://www.sacbee.com/opinion/op-ed/soapbox/article41746314.html'],[],0,1,0,"['drought', 'cawater']",[],https://twitter.com/agleader/status/660894917426741248,False,,0,,,,,,,,[],,,,
660894717480013824,660894717480013824,2015-11-01 14:02:34 EST,2015-11-01,14:02:34,-0400,183458717,jzjzforever,Zheng Jia,,#hiking #nofilter #laguna #fall THERE SUPPOSED TO BE A LAKE BUT NOPE. #drought 😫  https://t.co/Xy5M7IsSE7,en,[],['https://instagram.com/p/9jZ-1BMNBC/'],[],0,0,0,"['hiking', 'nofilter', 'laguna', 'fall', 'drought']",[],https://twitter.com/jzjzforever/status/660894717480013824,False,,0,,,,,,,,[],,,,
660894639612928001,660894639612928001,2015-11-01 14:02:15 EST,2015-11-01,14:02:15,-0400,3687609682,twisteddotnews,Twisted News,,"Triple #drought: Panama, Brazil and California.  https://t.co/ZEvEdoszth #ElNino",en,[],['http://ow.ly/U3rYP'],[],0,0,0,"['drought', 'elnino']",[],https://twitter.com/twistedDOTnews/status/660894639612928001,False,,0,,,,,,,,[],,,,
660892968027492353,660892968027492353,2015-11-01 13:55:37 EST,2015-11-01,13:55:37,-0400,8249832,fresnobee,Fresno Bee,,Editorial: Salmon in #California decimated by the #drought and hot temperatures:  https://t.co/HA2IwEzGOX #Cawater  https://t.co/6qznUN9CkC,en,[],['http://bit.ly/1NKu2A1'],['https://pbs.twimg.com/media/CSv2ppUVAAA5itU.jpg'],0,3,0,"['california', 'drought', 'cawater']",[],https://twitter.com/FresnoBee/status/660892968027492353,False,,1,https://pbs.twimg.com/media/CSv2ppUVAAA5itU.jpg,,,,,,,[],,,,
660891324711849984,660891324711849984,2015-11-01 13:49:05 EST,2015-11-01,13:49:05,-0400,58307364,dianasunseri,Diana Sunseri,,Only in California do we snap a photo just because it's barely drizzling outside. #rain #drought #california #calif…  https://t.co/ALxyAsheOV,en,[],[],['https://pbs.twimg.com/media/CSv1KHtWwAE68fE.jpg'],0,0,0,"['rain', 'drought', 'california', 'calif']",[],https://twitter.com/dianasunseri/status/660891324711849984,False,,1,https://pbs.twimg.com/media/CSv1KHtWwAE68fE.jpg,,,,,,,[],,,,
660890881600417792,660890881600417792,2015-11-01 13:47:19 EST,2015-11-01,13:47:19,-0400,3091964034,solarsolnsteam,Solar Solutions Team,,RT AllanMargolin ONGOING #DROUGHT SAYS THEY NEED ONE: Could #SolarEnergy Be CA's Next Cash Crop?  https://t.co/OX6GqkoBwJ via NatGeo sejorg,en,[],['http://ow.ly/U67EC'],[],0,0,0,"['drought', 'solarenergy']",[],https://twitter.com/solarsolnsteam/status/660890881600417792,False,,0,,,,,,,,[],,,,
660889825990598656,660889825990598656,2015-11-01 13:43:07 EST,2015-11-01,13:43:07,-0400,121851102,nikkimunsie,Nikki Munsie,,Phew  - This heat is killing . . . And no significant  rainfall due in Joburg until Match next year !!!!  #drought  https://t.co/l2EoqBx0Fn,en,[],['http://ewn.co.za/2015/10/28/SA-wont-see-significant-rainfall-until-autumn-2016'],[],0,0,0,['drought'],[],https://twitter.com/NikkiMunsie/status/660889825990598656,False,,0,,,,,,,,[],,,,
660889124606451712,660889124606451712,2015-11-01 13:40:20 EST,2015-11-01,13:40:20,-0400,456865788,allanmargolin,Allan Margolin,,ONGOING #DROUGHT SAYS THEY NEED ONE: Could #SolarEnergy Be CA's Next Cash Crop?  https://t.co/vlFXMz37TH via @NatGeo @sejorg,en,"[{'screen_name': 'natgeo', 'name': 'national geographic', 'id': '17471979'}, {'screen_name': 'sejorg', 'name': 'society of environmental journalists (sej)', 'id': '59514202'}]",['http://ow.ly/U67EC'],[],0,3,0,"['drought', 'solarenergy']",[],https://twitter.com/AllanMargolin/status/660889124606451712,False,,0,,,,,,,,[],,,,
660887248091525120,660887248091525120,2015-11-01 13:32:53 EST,2015-11-01,13:32:53,-0400,1266474230,edsuom,Ed Suominen,,"An essay about snow in a world of #climatechange and #drought : ""Let it Snow.""  https://t.co/wsQihMPJlD #glaciers #Watercrisis",en,[],['http://blog.edsuom.com/2015/10/let-it-snow.html'],[],0,0,4,"['climatechange', 'drought', 'glaciers', 'watercrisis']",[],https://twitter.com/edsuom/status/660887248091525120,False,,0,,,,,,,,[],,,,
660882491830587392,660882491830587392,2015-11-01 13:13:59 EST,2015-11-01,13:13:59,-0400,33865487,who_is_anwar,Anwar Bhoja,,Please make dua for beneficial #rain #drought #gauteng #SouthAfrica @Juju_Saley @muhammedsq @ridwaan_mota1  https://t.co/LrPjcGmzOk,en,"[{'screen_name': 'juju_saley', 'name': 'junaid saley gaibie', 'id': '481136865'}, {'screen_name': 'muhammedsq', 'name': 'muhammed', 'id': '189614520'}, {'screen_name': 'ridwaan_mota1', 'name': 'ridwaan mohamed', 'id': '477229267'}]",[],['https://pbs.twimg.com/media/CSvtFgFUcAAslLZ.jpg'],0,1,0,"['rain', 'drought', 'gauteng', 'southafrica']",[],https://twitter.com/Who_is_Anwar/status/660882491830587392,False,,1,https://pbs.twimg.com/media/CSvtFgFUcAAslLZ.jpg,,,,,,,[],,,,
660880567739764736,660880567739764736,2015-11-01 13:06:20 EST,2015-11-01,13:06:20,-0400,377904401,newstruthliz,Liz Goldenberg,,"#Zimbabwe endures 48-hour #blackouts caused by #drought, which hasn't filled the dam that supplies #electricity.  https://t.co/wvTAAjnvUT",en,[],['https://twitter.com/bi_politics/status/660879773728657408'],[],0,0,0,"['zimbabwe', 'blackouts', 'drought', 'electricity']",[],https://twitter.com/newstruthliz/status/660880567739764736,False,https://twitter.com/bi_politics/status/660879773728657408,0,,,,,,,,[],,,,
660879279182487552,660879279182487552,2015-11-01 13:01:13 EST,2015-11-01,13:01:13,-0400,14712519,jayv,jayV,,The #drought is looking terrible. :(  https://t.co/RJXPfwr0vK,en,[],['https://twitter.com/esquire/status/660877227031138304'],[],0,0,0,['drought'],[],https://twitter.com/jayv/status/660879279182487552,False,https://twitter.com/esquire/status/660877227031138304,0,,,,,,,,[],,,,
660878830660247552,660878830660247552,2015-11-01 12:59:26 EST,2015-11-01,12:59:26,-0400,55967596,planet_in_peril,Jeffar Louis,,#drought threatening many areas. Will affect food availability &amp; prices.Need to treat #water as a precious resource  https://t.co/mc35RfPWM6,en,[],['http://www.nbcnews.com/business/economy/global-drought-threatens-water-food-supplies-get-used-it-n196841'],[],0,0,0,"['drought', 'water']",[],https://twitter.com/Planet_in_Peril/status/660878830660247552,False,,0,,,,,,,,[],,,,
660878530381611008,660878530381611008,2015-11-01 12:58:14 EST,2015-11-01,12:58:14,-0400,15170158,janeciab,jane ciabattari,,Rain at last! #drought  https://t.co/kxswaDzT8R,en,[],[],['https://pbs.twimg.com/media/CSvphY1UsAA-oUL.jpg'],0,0,3,['drought'],[],https://twitter.com/janeciab/status/660878530381611008,False,,1,https://pbs.twimg.com/media/CSvphY1UsAA-oUL.jpg,,,,,,,[],,,,
660876539890761728,660876539890761728,2015-11-01 12:50:20 EST,2015-11-01,12:50:20,-0400,22140082,timothylarge,Timothy Large,,New NASA data shows Brazil's drought deeper than thought #Brazil #drought  https://t.co/NmRGJNuAz7,en,[],['http://dlvr.it/CclD9S'],[],0,0,0,"['brazil', 'drought']",[],https://twitter.com/timothylarge/status/660876539890761728,False,,0,,,,,,,,[],,,,
660875924871729152,660875924871729152,2015-11-01 12:47:53 EST,2015-11-01,12:47:53,-0400,15762575,trf_stories,Thomson Reuters Foundation News,,New NASA data shows Brazil's drought deeper than thought  https://t.co/Qzy1eKxCXX #Brazil #drought,en,[],['http://www.trust.org/item/20151030184853-66fu4/'],[],0,1,1,"['brazil', 'drought']",[],https://twitter.com/TRF_Stories/status/660875924871729152,False,,0,,,,,,,,[],,,,
660875924867543040,660875924867543040,2015-11-01 12:47:53 EST,2015-11-01,12:47:53,-0400,295713773,trf,Thomson Reuters Foundation,,New NASA data shows Brazil's drought deeper than thought  https://t.co/lqm9Oaiy5m #Brazil #drought,en,[],['http://www.trust.org/item/20151030184853-66fu4/'],[],0,3,2,"['brazil', 'drought']",[],https://twitter.com/TRF/status/660875924867543040,False,,0,,,,,,,,[],,,,
660875924834017281,660875924834017281,2015-11-01 12:47:53 EST,2015-11-01,12:47:53,-0400,89711639,trf_climate,TRF Climate,,New NASA data shows Brazil's drought deeper than thought  https://t.co/iAxeqJeQSe #Brazil #drought,en,[],['http://www.trust.org/item/20151030184853-66fu4/'],[],0,2,1,"['brazil', 'drought']",[],https://twitter.com/TRF_Climate/status/660875924834017281,False,,0,,,,,,,,[],,,,
660875835881054208,660875835881054208,2015-11-01 12:47:32 EST,2015-11-01,12:47:32,-0400,55967596,planet_in_peril,Jeffar Louis,,"Another place encountering #drought. In addition, #China , like the US, choosing energy over water. #Fracking  https://t.co/GTL9eZdkpF",en,[],['http://www.nbcnews.com/science/environment/drought-worsens-chinas-long-term-water-crisis-n210736'],[],0,0,0,"['drought', 'china', 'fracking']",[],https://twitter.com/Planet_in_Peril/status/660875835881054208,False,,0,,,,,,,,[],,,,
660874461311279104,660874461311279104,2015-11-01 12:42:04 EST,2015-11-01,12:42:04,-0400,185671206,wilderutopia,WilderUtopia,,Walking #Water: #California Eastern Sierra Pilgrimage of Healing the #Drought  https://t.co/Wj95TmbWjR,en,[],['http://fb.me/4d4HU1Ofq'],[],0,0,0,"['water', 'california', 'drought']",[],https://twitter.com/WilderUtopia/status/660874461311279104,False,,0,,,,,,,,[],,,,
660873975900278784,660873975900278784,2015-11-01 12:40:08 EST,2015-11-01,12:40:08,-0400,2730333853,riserealtyca,riserealtyca,,Just found this helpful #waterwiselandscaping idea  https://t.co/RGcYXieNhw #waterwise #drought,en,[],['http://ift.tt/1PekMpv'],[],0,0,0,"['waterwiselandscaping', 'waterwise', 'drought']",[],https://twitter.com/RiseRealtyCa/status/660873975900278784,False,,0,,,,,,,,[],,,,
660872087842656257,660872087842656257,2015-11-01 12:32:38 EST,2015-11-01,12:32:38,-0400,465733280,lauforni,Laura Forni,,SEI about #California #drought in the #Sacbee. Collaborative approach needed  https://t.co/gX5XBOh31q @SEIresearch @dpurkey1 @cyoung_sei,en,"[{'screen_name': 'seiresearch', 'name': 'sei research', 'id': '63135089'}, {'screen_name': 'dpurkey1', 'name': 'david purkey', 'id': '2820230589'}, {'screen_name': 'cyoung_sei', 'name': 'charles young', 'id': '2851215037'}]",['http://sacb.ee/4Az8'],[],0,4,3,"['california', 'drought', 'sacbee']",[],https://twitter.com/LauForni/status/660872087842656257,False,,0,,,,,,,,[],,,,
660869068317003776,660869068317003776,2015-11-01 12:20:38 EST,2015-11-01,12:20:38,-0400,64815770,humortimes,Humor Times,,NASA: California Now Above Mars on Water Scarcity List  https://t.co/c0M28NmIJQ #california #drought via @humortimes,en,"[{'screen_name': 'humortimes', 'name': 'humor times', 'id': '64815770'}]",['http://is.gd/OuY0qZ'],[],0,0,0,"['california', 'drought']",[],https://twitter.com/HumorTimes/status/660869068317003776,False,,0,,,,,,,,[],,,,
660866793083428864,660866793083428864,2015-11-01 12:11:36 EST,2015-11-01,12:11:36,-0400,123862119,agchatfound,AgChat Foundation,,Thank you!! #thirstyland #droughtawareness #drought  https://t.co/rrnWF1jNtL,en,[],['https://twitter.com/ThirstyLandFilm/status/660177718248517632'],[],0,0,0,"['thirstyland', 'droughtawareness', 'drought']",[],https://twitter.com/agchatfound/status/660866793083428864,False,https://twitter.com/ThirstyLandFilm/status/660177718248517632,0,,,,,,,,[],,,,
660864187749507072,660864187749507072,2015-11-01 12:01:15 EST,2015-11-01,12:01:15,-0400,16252903,syedzafar5,Zafar Ali,,Los Angeles considers officially '#drought shaming' #water violators: City considers new…  https://t.co/Ibz7qxuJYM,en,[],['http://goo.gl/fb/mL1QzI'],[],0,0,0,"['drought', 'water']",[],https://twitter.com/syedzafar5/status/660864187749507072,False,,0,,,,,,,,[],,,,
660862768661172224,660862768661172224,2015-11-01 11:55:36 EST,2015-11-01,11:55:36,-0400,23322288,joeeigo,Joe Eigo 144 Vortex,,#california #drought #HAARP  https://t.co/mCwUlJQkZ6,und,[],['https://instagram.com/p/9jLdA6PAXG/'],[],0,0,0,"['california', 'drought', 'haarp']",[],https://twitter.com/joeeigo/status/660862768661172224,False,,0,,,,,,,,[],,,,
660854280669261824,660854280669261824,2015-11-01 11:21:53 EST,2015-11-01,11:21:53,-0400,16252903,syedzafar5,Zafar Ali,,Los Angeles considers officially '#drought shaming' #water violators: City considers new…  https://t.co/n6xkak79VI,en,[],['http://goo.gl/fb/eniGfj'],[],0,0,0,"['drought', 'water']",[],https://twitter.com/syedzafar5/status/660854280669261824,False,,0,,,,,,,,[],,,,
660854251531300864,660854251531300864,2015-11-01 11:21:46 EST,2015-11-01,11:21:46,-0400,32607564,xanxanmama,ML Manning,,New Plant Tests US Appetite for Seawater #Desalination - ABC News -  https://t.co/5BuniYopsP via @ABC #CADrought #Drought #California,en,"[{'screen_name': 'abc', 'name': 'abc news', 'id': '28785486'}]",['http://abcn.ws/1l1SjZ3'],[],0,0,0,"['desalination', 'cadrought', 'drought', 'california']",[],https://twitter.com/XanXanMama/status/660854251531300864,False,,0,,,,,,,,[],,,,
660852593837477888,660852593837477888,2015-11-01 11:15:11 EST,2015-11-01,11:15:11,-0400,24493890,tornadoquest,Tornado Quest,,"The #CAdrought continues. ""Beverly Hills among cities fined for not conserving enough water in #drought""  https://t.co/71EXNS7KeI @guardian",en,"[{'screen_name': 'guardian', 'name': 'the guardian', 'id': '87818409'}]",['http://buff.ly/1k1lRpt'],[],0,0,1,"['cadrought', 'drought']",[],https://twitter.com/TornadoQuest/status/660852593837477888,False,,0,,,,,,,,[],,,,
660850688210149376,660850688210149376,2015-11-01 11:07:36 EST,2015-11-01,11:07:36,-0400,16384688,beaudodson,Beau Dodson,,#drought Let's hope the GFS is wrong on the next 10 days of rainfall totals.  Weatherbell image.  Mostly dry.  https://t.co/z6R1N0rYMH,en,[],[],['https://pbs.twimg.com/media/CSvQLsAWEAA73Ow.png'],0,0,2,['drought'],[],https://twitter.com/BeauDodson/status/660850688210149376,False,,1,https://pbs.twimg.com/media/CSvQLsAWEAA73Ow.png,,,,,,,[],,,,
660850444076347393,660850444076347393,2015-11-01 11:06:38 EST,2015-11-01,11:06:38,-0400,1485688854,tx_win,The Texas Water Infrastructure Network (TXWIN),,New plant tests US appetite for seawater #desalination  https://t.co/ASeLvUlfeC via @mySA #txwater #cawater #drought,en,"[{'screen_name': 'mysa', 'name': 'mysa', 'id': '9830752'}]",['http://www.expressnews.com/news/us/article/New-plant-tests-US-appetite-for-seawater-6603742.php?t=f3b8b2d04d7bc20248&cmpid=twitter-premium'],[],0,1,0,"['desalination', 'txwater', 'cawater', 'drought']",[],https://twitter.com/TX_WIN/status/660850444076347393,False,,0,,,,,,,,[],,,,
660848824374722560,660848824374722560,2015-11-01 11:00:12 EST,2015-11-01,11:00:12,-0400,3301926908,gridpointwx,GridPointWeather,,Los Angeles considers officially #drought shaming water violators  https://t.co/4o4NAG0VT2,en,[],['http://bit.ly/1P4xJnt'],[],0,0,0,['drought'],[],https://twitter.com/gridpointwx/status/660848824374722560,False,,0,,,,,,,,[],,,,
660848821933592577,660848821933592577,2015-11-01 11:00:11 EST,2015-11-01,11:00:11,-0400,3111226033,timmelino,Tim Melino,,Los Angeles considers officially #drought shaming water violators  https://t.co/fUppOY4JLd,en,[],['http://bit.ly/1P4xJnt'],[],0,1,0,['drought'],[],https://twitter.com/TimMelino/status/660848821933592577,False,,0,,,,,,,,[],,,,
660848281396858880,660848281396858880,2015-11-01 10:58:02 EST,2015-11-01,10:58:02,-0400,14999130,mattbeckman,MΛTT BΞCKMΛN,,It's gonna rain! Turn off your irrigation or set a rain delay! #rainbot #drought #fb,en,[],[],[],0,0,0,"['rainbot', 'drought', 'fb']",[],https://twitter.com/mattbeckman/status/660848281396858880,False,,0,,,,,,,,[],,,,
660847939028414464,660847939028414464,2015-11-01 10:56:41 EST,2015-11-01,10:56:41,-0400,166476865,waldeksadowski,Waldek Sadowski,,#globalwarming #California #drought #climatechange  https://t.co/cAxSkOvjQI,und,[],[],['https://pbs.twimg.com/media/CSvNslGU8AQiObk.jpg'],0,0,0,"['globalwarming', 'california', 'drought', 'climatechange']",[],https://twitter.com/WaldekSadowski/status/660847939028414464,False,,1,https://pbs.twimg.com/media/CSvNslGU8AQiObk.jpg,,,,,,,[],,,,
660846439183065092,660846439183065092,2015-11-01 10:50:43 EST,2015-11-01,10:50:43,-0400,494029723,alertzaafrica,Alert South Africa,,RT @DewalddeB Why is #Msunduzi municipality dumping thousands of liters of water during a #drought #SA...  https://t.co/TrTEnvVqv4,en,"[{'screen_name': 'dewalddeb', 'name': 'sleepless in sa', 'id': '913023121'}]",['http://fb.me/47BilDlhk'],[],0,0,0,"['msunduzi', 'drought', 'sa']",[],https://twitter.com/AlertZaAfrica/status/660846439183065092,False,,0,,,,,,,,[],,,,
660844151466934272,660844151466934272,2015-11-01 10:41:38 EST,2015-11-01,10:41:38,-0400,1126133972,krobinsonsjoy,Kris Robinson,,"Really, REALLY looking forward to the rain tonight. Putting my rain catching devices out to make the most of it. #drought #california",en,[],[],[],0,0,0,"['drought', 'california']",[],https://twitter.com/KRobinsonsJoy/status/660844151466934272,False,,0,,,,,,,,[],,,,
660843088793874432,660843088793874432,2015-11-01 10:37:24 EST,2015-11-01,10:37:24,-0400,3266235260,ca_water_news,CA Water News Daily,,San Francisco removes gray #water permitting requirements  https://t.co/hKuMB5UTGk #CAdrought #drought #drought2015  https://t.co/qUecdZLmri,en,[],['http://www.californiawaternewsdaily.com/conservation/san-francisco-removes-gray-water-permitting-requirements/'],['https://pbs.twimg.com/media/CSvJSX3UwAEUeIW.jpg'],0,0,0,"['water', 'cadrought', 'drought', 'drought2015']",[],https://twitter.com/CA_Water_News/status/660843088793874432,False,,1,https://pbs.twimg.com/media/CSvJSX3UwAEUeIW.jpg,,,,,,,[],,,,
660842585330614272,660842585330614272,2015-11-01 10:35:24 EST,2015-11-01,10:35:24,-0400,16191575,mommieswithcent,mommieswithcents,,Go Green with This Weeks Tip  https://t.co/ZZdYb2cW8V   #drought #gogreen #landscaping #waterconservation,en,[],['http://bit.ly/1MQMjND'],[],0,0,0,"['drought', 'gogreen', 'landscaping', 'waterconservation']",[],https://twitter.com/mommieswithcent/status/660842585330614272,False,,0,,,,,,,,[],,,,
660841089671106560,660841089671106560,2015-11-01 10:29:28 EST,2015-11-01,10:29:28,-0400,17499394,joegarofoli,Joe Garofoli,,"""My upstairs neighbors are showering too long.""How Californians became ""water snitches""#drought  https://t.co/tr1MleuK1L via @sfchronicle",en,"[{'screen_name': 'sfchronicle', 'name': 'san francisco chronicle', 'id': '121597316'}]",['http://www.sfchronicle.com/bayarea/article/As-East-Bay-water-use-drops-snitching-is-on-the-6603148.php?t=84b5df71aa5133445b&cmpid=twitter-premium'],[],0,0,0,['drought'],[],https://twitter.com/joegarofoli/status/660841089671106560,False,,0,,,,,,,,[],,,,
660840888101310464,660840888101310464,2015-11-01 10:28:40 EST,2015-11-01,10:28:40,-0400,22794611,chuckdalldorf,Chuck Dalldorf,,"Despite a potentially wet winter, the #California #drought will continue  https://t.co/1kW7EpBIIc #capolitics #politics #cawater #water",en,[],['http://sacb.ee/4Azb'],[],0,0,0,"['california', 'drought', 'capolitics', 'politics', 'cawater', 'water']",[],https://twitter.com/ChuckDalldorf/status/660840888101310464,False,,0,,,,,,,,[],,,,
660838797060370432,660828634509242368,2015-11-01 10:20:21 EST,2015-11-01,10:20:21,-0400,171611273,doughtywench,Marina🦑fully vaxxed🐙Stern,,@thekarami @LibyaLiberty Middle East? It'd be a game changer in California. #Drought,en,"[{'screen_name': 'libyaliberty', 'name': 'hend amry', 'id': '254873869'}]",[],[],0,0,0,['drought'],[],https://twitter.com/doughtywench/status/660838797060370432,False,,0,,,,,,,,[],,,,
660837093799694336,660837093799694336,2015-11-01 10:13:35 EST,2015-11-01,10:13:35,-0400,3193095612,teamproapps,5 Star Apps,,Free #california HD Walls : #News #BusinessNews #Landscape #LosAngeles #Sunset #Yosemite #Job #Drought #Water #Home  https://t.co/ojjMvI6yD5,en,[],['https://itunes.apple.com/us/app/california-wallpapers/id1033024421?mt=8'],[],0,0,0,"['california', 'news', 'businessnews', 'landscape', 'losangeles', 'sunset', 'yosemite', 'job', 'drought', 'water', 'home']",[],https://twitter.com/TeamProApps/status/660837093799694336,False,,0,,,,,,,,[],,,,
660835316614344704,660835316614344704,2015-11-01 10:06:31 EST,2015-11-01,10:06:31,-0400,132768796,goin_native,Goin Native,,Look into planting some of these in your own garden! #CaliforniaNatives #Drought #DroughtTolerant #CANativePlants…  https://t.co/6VRQtSRTyY,en,[],['http://www.goinnative.net/popular-california-native-and-drought-tolderant-plants/'],[],0,0,0,"['californianatives', 'drought', 'droughttolerant', 'canativeplants']",[],https://twitter.com/Goin_Native/status/660835316614344704,False,,0,,,,,,,,[],,,,
660834559764930560,660834559764930560,2015-11-01 10:03:31 EST,2015-11-01,10:03:31,-0400,220450406,ibelizeit,Yaffa Lyulka,,#LatinAmericans turn to #Israel for water rehabilitation &amp; #drought.    https://t.co/Fnu1oZGZml,en,[],['http://www.israel21c.org/latin-americans-turn-to-israel-for-water-rehabilitation/'],[],0,0,0,"['latinamericans', 'israel', 'drought']",[],https://twitter.com/IBelizeit/status/660834559764930560,False,,0,,,,,,,,[],,,,
660834017835642881,660834017835642881,2015-11-01 10:01:22 EST,2015-11-01,10:01:22,-0400,167600325,venusplusx,VenusPlusX,,Support @CourageCampaign lawsuit against #Nestle unlawful siphoning off #California #water on state lands.  https://t.co/HomAAoRBr0  #drought,en,"[{'screen_name': 'couragecampaign', 'name': 'the courage campaign', 'id': '1031667746222817280'}]",['http://ow.ly/U5tST'],[],0,1,0,"['nestle', 'california', 'water', 'drought']",[],https://twitter.com/VenusPlusX/status/660834017835642881,False,,0,,,,,,,,[],,,,
660833838617255936,660833838617255936,2015-11-01 10:00:39 EST,2015-11-01,10:00:39,-0400,617239438,dezweeks,Dez Weeks,,Our last #wilderness frontier-#NewGuinea burning amid a severe #ElNino-driven #drought : satellite data-#NASA. https://t.co/TUu71kClup,en,[],['http://news.mongabay.com/2015/10/nasa-photo-shows-new-guinea-going-up-in-flames/'],[],0,0,0,"['wilderness', 'newguinea', 'elnino', 'drought', 'nasa']",[],https://twitter.com/DezWeeks/status/660833838617255936,False,,0,,,,,,,,[],,,,
660833713408770048,660833713408770048,2015-11-01 10:00:09 EST,2015-11-01,10:00:09,-0400,583214655,czcnet,Critical Zone Collaborative Network,,"#scholarsunday Follow @rbalesuc  for updates on #climatechange, #SierraNevada, #drought and @SSCZO   https://t.co/ORSZzuN01b",en,"[{'screen_name': 'rbalesuc', 'name': 'roger bales', 'id': '2898674396'}]",['https://twitter.com/rbalesuc/status/653578886240862208'],[],0,0,1,"['scholarsunday', 'climatechange', 'sierranevada', 'drought']",[],https://twitter.com/CZCNet/status/660833713408770048,False,https://twitter.com/rbalesuc/status/653578886240862208,0,,,,,,,,[],,,,
660829932046721024,660829932046721024,2015-11-01 09:45:08 EST,2015-11-01,09:45:08,-0400,187560697,imaginarylevels,nidhi,,This means save energy too people. Our energy value chain (inefficiently) uses huge amounts of water #drought   https://t.co/kNoEumCHIv,en,[],['https://twitter.com/sagovnews/status/660823594042318848'],[],0,0,1,['drought'],[],https://twitter.com/imaginarylevels/status/660829932046721024,False,https://twitter.com/sagovnews/status/660823594042318848,0,,,,,,,,[],,,,
660828216068669440,660815235159298049,2015-11-01 09:38:18 EST,2015-11-01,09:38:18,-0400,243123150,susukrimer_,A Lin,,RT @FollowNode {^◕◕^} @Icut_CuitCuit Wish You′ve Great Life! #gemini #TWEET Pak #RT #drought ⌚1/11/2015 (cont)  https://t.co/jf9gWgK7Vj,en,"[{'screen_name': 'follownode', 'name': '♥ #tweet pak #rt ♥', 'id': '59476322'}]",['http://tl.gd/n_1snp4gh'],[],0,0,0,"['gemini', 'tweet', 'rt', 'drought']",[],https://twitter.com/susukrimer_/status/660828216068669440,False,,0,,,,,,,,[],,,,
660827173406638080,660827173406638080,2015-11-01 09:34:10 EST,2015-11-01,09:34:10,-0400,22653760,bentler,Fred Bentler,,"Another warm, dry month to come after record hot October #climate #australia #drought   https://t.co/NuraQxN4Z2  https://t.co/hGDa7il4hW",en,[],['http://goo.gl/R4ZpR5'],['https://pbs.twimg.com/media/CSu6z_SUkAAmI3r.png'],1,9,2,"['climate', 'australia', 'drought']",[],https://twitter.com/Bentler/status/660827173406638080,False,,1,https://pbs.twimg.com/media/CSu6z_SUkAAmI3r.png,,,,,,,[],,,,
660826885824372736,660826885824372736,2015-11-01 09:33:01 EST,2015-11-01,09:33:01,-0400,2828876503,shawnhubler,Shawn Hubler,,"@DanielMorain: #Drought transforms Valley, right in our own backyards  https://t.co/VJ2xgCreCp",en,[],['http://sacb.ee/4Ag9'],[],0,0,0,['drought'],[],https://twitter.com/ShawnHubler/status/660826885824372736,False,,0,,,,,,,,[],,,,
660824892317806592,660824892317806592,2015-11-01 09:25:06 EST,2015-11-01,09:25:06,-0400,456865788,allanmargolin,Allan Margolin,,#ClimateChange + #Drought = CA Seeks Federal Aid as Bark Beetles Destroy Trees  https://t.co/WQLDQsPVJ2 via @AP @DrShepherd2013,en,"[{'screen_name': 'ap', 'name': 'the associated press', 'id': '51241574'}, {'screen_name': 'drshepherd2013', 'name': 'marshall shepherd', 'id': '810709142'}]",['http://ow.ly/U5XvW'],[],0,0,2,"['climatechange', 'drought']",[],https://twitter.com/AllanMargolin/status/660824892317806592,False,,0,,,,,,,,[],,,,
660817998383480832,660817998383480832,2015-11-01 08:57:42 EST,2015-11-01,08:57:42,-0400,1855550455,angrysummit,Angry Summit,,#Beverly #Hills #Fined for not #Conserving #Enough #Water in #Drought -  https://t.co/Emca1JlB1f,en,[],['http://www.angrysummit.com/beverly-hills-fined-for-not-conserving-enough-water-in-drought'],[],0,0,0,"['beverly', 'hills', 'fined', 'conserving', 'enough', 'water', 'drought']",[],https://twitter.com/AngrySummit/status/660817998383480832,False,,0,,,,,,,,[],,,,
660817541112143872,660817541112143872,2015-11-01 08:55:53 EST,2015-11-01,08:55:53,-0400,17994315,manujarvi,thinker for hire,,RT dailyabuse RT Col_Connaughton Richie Allen TV Show Episode 3  https://t.co/4wQnFC65o7 #kincora #child #abuse #water #nestle #drought #co…,en,[],['https://www.youtube.com/watch?v=uJDkV5cY23s'],[],0,0,0,"['kincora', 'child', 'abuse', 'water', 'nestle', 'drought', 'co']",[],https://twitter.com/manujarvi/status/660817541112143872,False,,0,,,,,,,,[],,,,
660815985666994176,660815985666994176,2015-11-01 08:49:43 EST,2015-11-01,08:49:43,-0400,213466282,capradionews,CapRadio News,,"#Drought dominates #California, much of west coast U.S. #CAdrought  https://t.co/4GgS4ZXANr #cawater",en,[],['http://www.capradio.org/60048'],[],0,0,2,"['drought', 'california', 'cadrought', 'cawater']",[],https://twitter.com/CapRadioNews/status/660815985666994176,False,,0,,,,,,,,[],,,,
660815235159298049,660815235159298049,2015-11-01 08:46:44 EST,2015-11-01,08:46:44,-0400,59476322,follownode,♥ #TWEET Pak #RT ♥,,{^◕◕^} @Icut_CuitCuit Wish You′ve Great Life! #gemini #TWEET Pak #RT #drought ⌚1/11/2015 20:46:40 ⌛4674  https://t.co/iM8q7icZ9w,en,[],['https://twitter.com/Icut_CuitCuit/status/660815062320287744'],[],1,0,0,"['gemini', 'tweet', 'rt', 'drought']",[],https://twitter.com/FollowNode/status/660815235159298049,False,https://twitter.com/Icut_CuitCuit/status/660815062320287744,0,,,,,,,,[],,,,
660815157216440320,660815157216440320,2015-11-01 08:46:25 EST,2015-11-01,08:46:25,-0400,914394620,economytravlr,Economy Traveller,,@Qantas's  #RetroRooLongreach - raising money for Western Queensland #Drought Appeal.  https://t.co/VrFBep8MRQ,en,[],['http://j.mp/1k1UuM5'],[],0,0,1,"['retroroolongreach', 'drought']",[],https://twitter.com/EconomyTravlr/status/660815157216440320,False,,0,,,,,,,,[],,,,
660814968120549376,660812092577030144,2015-11-01 08:45:40 EST,2015-11-01,08:45:40,-0400,55408294,camp_ben,Camp Ben,,"@ThisMorningCall Having caught the Clap, would involve having sex... so no fear! #Drought  @SW_Trains",en,"[{'screen_name': 'sw_trains', 'name': 'abcd1234 abcd1234', 'id': '892512656862695424'}]",[],[],1,0,0,['drought'],[],https://twitter.com/camp_ben/status/660814968120549376,False,,0,,,,,,,,[],,,,
660813743962652672,660813743962652672,2015-11-01 08:40:48 EST,2015-11-01,08:40:48,-0400,17994315,manujarvi,thinker for hire,,RT Col_Connaughton Richie Allen TV Show Episode 3  https://t.co/4wQnFC65o7 #kincora #child #abuse #water #nestle #drought #corruption,en,[],['https://www.youtube.com/watch?v=uJDkV5cY23s'],[],0,0,0,"['kincora', 'child', 'abuse', 'water', 'nestle', 'drought', 'corruption']",[],https://twitter.com/manujarvi/status/660813743962652672,False,,0,,,,,,,,[],,,,
660812073870483457,660812073870483457,2015-11-01 08:34:10 EST,2015-11-01,08:34:10,-0400,2863924726,dogtreatnews,Dog Treats,,RT #JJinJozi:  https://t.co/CsbyrYP2xk #Summertime #Drought #Finntimes #dogs #swimming 🐾  https://t.co/u6mFNorvbC,und,[],"['http://j.mp/1zAfMow', 'https://twitter.com/JJinJozi/status/660811314827288576/photo/1']",[],0,0,0,"['jjinjozi', 'summertime', 'drought', 'finntimes', 'dogs', 'swimming']",[],https://twitter.com/DogTreatNews/status/660812073870483457,False,,0,,,,,,,,[],,,,
660806075281608704,660806075281608704,2015-11-01 08:10:20 EST,2015-11-01,08:10:20,-0400,226301755,droughtjuice,DROUGHT,,Stomach settling &amp; anti-inflammation. #Recovery awaits. Shops open at 9am. #DROUGHT #organic…  https://t.co/SlqzbIsJby,en,[],['https://instagram.com/p/9ixq4Zxjk4/'],[],0,0,0,"['recovery', 'drought', 'organic']",[],https://twitter.com/droughtjuice/status/660806075281608704,False,,0,,,,,,,,[],,,,
660800362702577665,660799331629449216,2015-11-01 07:47:38 EST,2015-11-01,07:47:38,-0400,57399061,hurtshouse,Bryan Carr,,@KatiGMusic This is Sofia giving me my first kiss last week. Thats as good as it gets these days. #Drought  https://t.co/6hSceEI8rG,en,[],[],['https://pbs.twimg.com/media/CSuibB7UYAAa-3N.jpg'],1,1,0,['drought'],[],https://twitter.com/HurtsHouse/status/660800362702577665,False,,1,https://pbs.twimg.com/media/CSuibB7UYAAa-3N.jpg,,,,,,,[],,,,
660795177255219200,660795177255219200,2015-11-01 07:27:01 EST,2015-11-01,07:27:01,-0400,383863452,talentsmommlg,Speak Up #1A 🇺🇸🗽✝,,#NOAAgate #Drought ExtremeWeather  https://t.co/tbjHPUtFSK has been in business since 1961  https://t.co/TYpprt6uod,en,[],"['http://www.weathermodification.com', 'https://twitter.com/lalaruefrench75/status/643653142903549952']",[],0,5,0,"['noaagate', 'drought']",[],https://twitter.com/TalentsMomMLG/status/660795177255219200,False,https://twitter.com/lalaruefrench75/status/643653142903549952,0,,,,,,,,[],,,,
660794180902473728,660794180902473728,2015-11-01 07:23:04 EST,2015-11-01,07:23:04,-0400,355666246,centreenvrights,Centre for Environmental Rights,,WANTED: A water lawyer to work on protection of SA's key freshwater areas. Closing date 7 Nov. Visit  https://t.co/9RQY2vJwjO. #drought,en,[],['http://cer.org.za'],[],0,1,0,['drought'],[],https://twitter.com/CentreEnvRights/status/660794180902473728,False,,0,,,,,,,,[],,,,
660792331508064256,660792331508064256,2015-11-01 07:15:43 EST,2015-11-01,07:15:43,-0400,355666246,centreenvrights,Centre for Environmental Rights,,See the 2012 @Greenpeaceafric report Water Hungry Coal  https://t.co/7gbsN3PKbr @DWS_RSA @Earthlife_JHB @groundWorkSA #drought,en,"[{'screen_name': 'greenpeaceafric', 'name': 'greenpeace africa', 'id': '23754018'}, {'screen_name': 'dws_rsa', 'name': 'water&sanitationrsa', 'id': '2730045635'}, {'screen_name': 'earthlife_jhb', 'name': 'earthlife africa jhb', 'id': '2645305946'}, {'screen_name': 'groundworksa', 'name': 'groundwork', 'id': '501557106'}]",['http://www.greenpeace.org/africa/Global/africa/publications/coal/WaterHungryCoal.pdf'],[],0,1,0,['drought'],[],https://twitter.com/CentreEnvRights/status/660792331508064256,False,,0,,,,,,,,[],,,,
660789302528491520,660789302528491520,2015-11-01 07:03:41 EST,2015-11-01,07:03:41,-0400,118340115,djmontesse,KJ,,SA politicians stop playing politics with the #watercrisis #drought and work together,en,[],[],[],2,0,2,"['watercrisis', 'drought']",[],https://twitter.com/DJMontesse/status/660789302528491520,False,,0,,,,,,,,[],,,,
660789030519357440,660789030519357440,2015-11-01 07:02:36 EST,2015-11-01,07:02:36,-0400,184406638,gailmsellers,Gail Sellers,,Lowmead Drought Relief Country Concert was a fantastic event. Well done all! #GRCMayor #drought #lowmead #GRC  https://t.co/WlWtZzXITq,en,[],[],['https://pbs.twimg.com/media/CSuYHCEVAAAJYvP.jpg'],0,0,0,"['grcmayor', 'drought', 'lowmead', 'grc']",[],https://twitter.com/GailMSellers/status/660789030519357440,False,,1,https://pbs.twimg.com/media/CSuYHCEVAAAJYvP.jpg,,,,,,,[],,,,
660778954979053568,660778954979053568,2015-11-01 06:22:34 EST,2015-11-01,06:22:34,-0400,3193095612,teamproapps,5 Star Apps,,Free #California HD Walls : #LosAngeles #Job #Drought #RealEstate #SanDiego #Fines #Halloween #USC #Whales #Humpback  https://t.co/ojjMvI6yD5,en,[],['https://itunes.apple.com/us/app/california-wallpapers/id1033024421?mt=8'],[],0,0,1,"['california', 'losangeles', 'job', 'drought', 'realestate', 'sandiego', 'fines', 'halloween', 'usc', 'whales', 'humpback']",[],https://twitter.com/TeamProApps/status/660778954979053568,False,,0,,,,,,,,[],,,,
660777283150553089,660777283150553089,2015-11-01 06:15:55 EST,2015-11-01,06:15:55,-0400,262024404,lottaimage,Eva-Lotta Jansson,,"During #drought, effects of acid mine drainage are severe, due to lack of #water dilution #SouthAfrica  https://t.co/ynABISk2Vv  #Book VIDEO",en,[],['http://portfolio.lottaimage.com/?page_id=5'],[],0,0,0,"['drought', 'water', 'southafrica', 'book']",[],https://twitter.com/Lottaimage/status/660777283150553089,False,,0,,,,,,,,[],,,,
660776566561992704,660776566561992704,2015-11-01 06:13:04 EST,2015-11-01,06:13:04,-0400,323985276,gcmcdrought,gcmc Drought,,Peru: Humala: Hay S/. 370 millones para prevención ante El Niño en regiones  https://t.co/9Tht8d4pQK #drought,es,[],['http://bit.ly/1GUgxxW'],[],0,0,0,['drought'],[],https://twitter.com/gcmcDrought/status/660776566561992704,False,,0,,,,,,,,[],,,,
660776565752512512,660776565752512512,2015-11-01 06:13:04 EST,2015-11-01,06:13:04,-0400,323985276,gcmcdrought,gcmc Drought,,"El Salvador: El Salvador, entre los países con alto riesgo de sufrir efectos de El Niño en seguridad ...  https://t.co/Pc42i2Lpn3 #drought",es,[],['http://bit.ly/1GUgxxV'],[],0,0,0,['drought'],[],https://twitter.com/gcmcDrought/status/660776565752512512,False,,0,,,,,,,,[],,,,
660776564825583616,660776564825583616,2015-11-01 06:13:04 EST,2015-11-01,06:13:04,-0400,323985276,gcmcdrought,gcmc Drought,,Kenya: Kenya Price Bulletin October 2015  https://t.co/qSINipQnvG #drought,in,[],['http://bit.ly/1GUgxxU'],[],0,0,0,['drought'],[],https://twitter.com/gcmcDrought/status/660776564825583616,False,,0,,,,,,,,[],,,,
660776564041224192,660776564041224192,2015-11-01 06:13:04 EST,2015-11-01,06:13:04,-0400,323985276,gcmcdrought,gcmc Drought,,"Mozambique: Mozambique Price Bulletin, October 2015  https://t.co/36WyP85XMf #drought",es,[],['http://bit.ly/1N4a9kB'],[],0,0,0,['drought'],[],https://twitter.com/gcmcDrought/status/660776564041224192,False,,0,,,,,,,,[],,,,
660776563093303296,660776563093303296,2015-11-01 06:13:03 EST,2015-11-01,06:13:03,-0400,323985276,gcmcdrought,gcmc Drought,,"Zambia: Zambia Price Bulletin, October 2015  https://t.co/dpUh1ctAFZ #drought",es,[],['http://bit.ly/1GUgxhD'],[],0,0,0,['drought'],[],https://twitter.com/gcmcDrought/status/660776563093303296,False,,0,,,,,,,,[],,,,
660775810345754624,660775810345754624,2015-11-01 06:10:04 EST,2015-11-01,06:10:04,-0400,574796131,unicefethiopia,UNICEF Ethiopia,,Govt of #Ethiopia committed 4 bln Birr for the #Drought response caused by #ElNino  https://t.co/ZSuXUGsBhr  https://t.co/lRTsZiXjGm,en,[],['http://wp.me/p2KQnM-eQ'],['https://pbs.twimg.com/media/CRWuKgdWUAA0r0j.jpg'],0,3,2,"['ethiopia', 'drought', 'elnino']",[],https://twitter.com/UNICEFEthiopia/status/660775810345754624,False,,1,https://pbs.twimg.com/media/CRWuKgdWUAA0r0j.jpg,,,,,,,[],,,,
660774585701371904,660774585701371904,2015-11-01 06:05:12 EST,2015-11-01,06:05:12,-0400,262024404,lottaimage,Eva-Lotta Jansson,,Effects get worse during #drought: #photo #book re #acid #mine #water #pollution 'An Acid River Runs Through It'...  https://t.co/cXt02R0pWs,en,[],['http://fb.me/24BSqYPuW'],[],0,0,0,"['drought', 'photo', 'book', 'acid', 'mine', 'water', 'pollution']",[],https://twitter.com/Lottaimage/status/660774585701371904,False,,0,,,,,,,,[],,,,
660773226860183553,660773226860183553,2015-11-01 05:59:48 EST,2015-11-01,05:59:48,-0400,289815544,elisetempelhoff,elise tempelhoff,,#Sterkfonteindam water will be released to fill up the #Vaaldam #drought,en,[],[],[],0,3,0,"['sterkfonteindam', 'vaaldam', 'drought']",[],https://twitter.com/elisetempelhoff/status/660773226860183553,False,,0,,,,,,,,[],,,,
660771420193050626,660771420193050626,2015-11-01 05:52:37 EST,2015-11-01,05:52:37,-0400,262024404,lottaimage,Eva-Lotta Jansson,,Effects will get worse during #drought 'An Acid River Runs Through It' #photo #book re #acid #mine #water #pollution  https://t.co/kAqzVomJJN,en,[],['http://www.blurb.com/b/6427280-an-acid-river-runs-through-it'],[],0,0,0,"['drought', 'photo', 'book', 'acid', 'mine', 'water', 'pollution']",[],https://twitter.com/Lottaimage/status/660771420193050626,False,,0,,,,,,,,[],,,,
660769330381127681,660769330381127681,2015-11-01 05:44:19 EST,2015-11-01,05:44:19,-0400,26978843,angelo2711,Angelo Coppola,,This sounds like a national crisis to me #drought #WaterRestrictions,en,[],[],[],0,1,0,"['drought', 'waterrestrictions']",[],https://twitter.com/angelo2711/status/660769330381127681,False,,0,,,,,,,,[],,,,
660767091117694976,660767091117694976,2015-11-01 05:35:25 EST,2015-11-01,05:35:25,-0400,1157931182,theginkgopages,The Ginkgo Tweets,,Art.: #Ginkgo showed conservative #water use under #drought. #botany #biology #climate  https://t.co/vj0BDXFzuB #springerlink,en,[],['http://link.springer.com/article/10.1007/s00468-015-1312-2'],[],0,0,0,"['ginkgo', 'water', 'drought', 'botany', 'biology', 'climate', 'springerlink']",[],https://twitter.com/theginkgopages/status/660767091117694976,False,,0,,,,,,,,[],,,,
660764526812504064,660764526812504064,2015-11-01 05:25:14 EST,2015-11-01,05:25:14,-0400,456865788,allanmargolin,Allan Margolin,,TIME TO GET REAL: #Drought swaying opinions on #globalwarming  https://t.co/n0PS1UTOnr via @cronkitenews #climate @350BayArea,en,"[{'screen_name': 'cronkitenews', 'name': 'cronkite news', 'id': '15446773'}]",['http://ow.ly/U4CtS'],[],0,1,1,"['drought', 'globalwarming', 'climate']",[],https://twitter.com/AllanMargolin/status/660764526812504064,False,,0,,,,,,,,[],,,,
660751517251559424,660751517251559424,2015-11-01 04:33:32 EST,2015-11-01,04:33:32,-0400,323985276,gcmcdrought,gcmc Drought,,"Haiti: Haiti Price Bulletin, October 2015  https://t.co/IDBZCHDhsE #drought",ht,[],['http://bit.ly/1GU3L2x'],[],0,0,0,['drought'],[],https://twitter.com/gcmcDrought/status/660751517251559424,False,,0,,,,,,,,[],,,,
660751516341436416,660751516341436416,2015-11-01 04:33:32 EST,2015-11-01,04:33:32,-0400,323985276,gcmcdrought,gcmc Drought,,"Guatemala: Guatemala Price Bulletin, October 2015  https://t.co/56nuKIDRub #drought",es,[],['http://bit.ly/1GU3L2q'],[],0,0,0,['drought'],[],https://twitter.com/gcmcDrought/status/660751516341436416,False,,0,,,,,,,,[],,,,
660751514592391168,660751514592391168,2015-11-01 04:33:31 EST,2015-11-01,04:33:31,-0400,323985276,gcmcdrought,gcmc Drought,,"Niger: Niger Price Bulletin, October 2015  https://t.co/OJgS5nIiSn #drought",en,[],['http://bit.ly/1GU3L2o'],[],0,0,0,['drought'],[],https://twitter.com/gcmcDrought/status/660751514592391168,False,,0,,,,,,,,[],,,,
660751513514475520,660751513514475520,2015-11-01 04:33:31 EST,2015-11-01,04:33:31,-0400,323985276,gcmcdrought,gcmc Drought,,Zimbabwe: Zimbabwe Price Bulletin - October 2015  https://t.co/8LeE32IAnZ #drought,ro,[],['http://bit.ly/1GU3Jrs'],[],0,0,0,['drought'],[],https://twitter.com/gcmcDrought/status/660751513514475520,False,,0,,,,,,,,[],,,,
660751512302305280,660751512302305280,2015-11-01 04:33:31 EST,2015-11-01,04:33:31,-0400,323985276,gcmcdrought,gcmc Drought,,"Mali: Mali Price Bulletin, October 2015  https://t.co/sgfaboAbcc #drought",sl,[],['http://bit.ly/1LKihJd'],[],0,0,0,['drought'],[],https://twitter.com/gcmcDrought/status/660751512302305280,False,,0,,,,,,,,[],,,,
660750904904192000,660750904904192000,2015-11-01 04:31:06 EST,2015-11-01,04:31:06,-0400,40127904,larinjvs,Larin Sullivan,,The #drought #cawater says don't forget to brush your teeth kids #halloween2015 #water #BeverlyHills #Shameless  https://t.co/WICdMLGYjL,en,[],[],['https://pbs.twimg.com/media/CSt1cP7UYAEzvJh.jpg'],0,0,2,"['drought', 'cawater', 'halloween2015', 'water', 'beverlyhills', 'shameless']",[],https://twitter.com/larinjvs/status/660750904904192000,False,,1,https://pbs.twimg.com/media/CSt1cP7UYAEzvJh.jpg,,,,,,,[],,,,
660750833491963905,660744730045607936,2015-11-01 04:30:49 EST,2015-11-01,04:30:49,-0400,608912828,caroline_j,Caroline Jones,,@Blythe_Moore @abcnews @abcnews_qld @ABCRural Wonderful !! #Barcaldine #rain #drought @ABCRural @abclandline,en,"[{'screen_name': 'abcnews', 'name': 'abc news', 'id': '2768501'}, {'screen_name': 'abcrural', 'name': 'abc rural', 'id': '19937197'}, {'screen_name': 'abcrural', 'name': 'abc rural', 'id': '19937197'}, {'screen_name': 'abclandline', 'name': 'abc landline', 'id': '136131338'}]",[],[],0,1,2,"['barcaldine', 'rain', 'drought']",[],https://twitter.com/Caroline_J/status/660750833491963905,False,,0,,,,,,,,[],,,,
660744730045607936,660744730045607936,2015-11-01 04:06:34 EST,2015-11-01,04:06:34,-0400,563574988,blythe_moore,Blythe Moore,,"A sight for sore eyes in #Barcaldine, western #Qld. Pics by John Elliott. @abcnews @abcnews_qld #drought @ABCRural  https://t.co/vF51zGaJqy",en,"[{'screen_name': 'abcnews', 'name': 'abc news', 'id': '2768501'}, {'screen_name': 'abcrural', 'name': 'abc rural', 'id': '19937197'}]",[],"['https://pbs.twimg.com/media/CStv0cBUYAALnPa.jpg', 'https://pbs.twimg.com/media/CStv0cyUEAAwHW_.jpg', 'https://pbs.twimg.com/media/CStv0dSVAAADPBa.jpg']",3,35,25,"['barcaldine', 'qld', 'drought']",[],https://twitter.com/Blythe_Moore/status/660744730045607936,False,,1,https://pbs.twimg.com/media/CStv0cBUYAALnPa.jpg,,,,,,,[],,,,
660743356427866113,660743356427866113,2015-11-01 04:01:06 EST,2015-11-01,04:01:06,-0400,203518272,dsk2565,Dskim🇮🇳,,"OMG! The mystery for Chicken or egg, who came first is solved.  https://t.co/eM6G7195uK   https://t.co/yCZ9KexA3X  #climate, #solar #drought",en,[],['http://bit.ly/1l10apP'],['https://pbs.twimg.com/media/CSrajZmUcAAUuM6.jpg'],0,0,0,"['climate', 'solar', 'drought']",[],https://twitter.com/DSK2565/status/660743356427866113,False,,1,https://pbs.twimg.com/media/CSrajZmUcAAUuM6.jpg,,,,,,,[],,,,
660732637049303040,660732637049303040,2015-11-01 03:18:31 EST,2015-11-01,03:18:31,-0400,70210494,hightechafrica,Chika Okafor,,#Toilet to Tap' Gains Appeal in Bone-Dry West  https://t.co/B2u8vhFKyj #wastewater #recycling #drought,en,[],['http://bit.ly/1k1qQXd'],[],0,0,1,"['toilet', 'wastewater', 'recycling', 'drought']",[],https://twitter.com/hightechafrica/status/660732637049303040,False,,0,,,,,,,,[],,,,
660726409405444096,660726409405444096,2015-11-01 02:53:46 EST,2015-11-01,02:53:46,-0400,73156168,emotionalindi,Devi,,"Well #OdishaPattachitra is #trending How about #drought #situations in #Odisha?Anyone got that 10 team #bjp visit those places? #initiative",en,[],[],[],0,0,0,"['odishapattachitra', 'trending', 'drought', 'situations', 'odisha', 'bjp', 'initiative']",[],https://twitter.com/EmotionalIndi/status/660726409405444096,False,,0,,,,,,,,[],,,,
660726008216215552,660726008216215552,2015-11-01 02:52:10 EST,2015-11-01,02:52:10,-0400,913023121,dewalddeb,sleepless in SA,,Why is #Msunduzi municipality dumping thousands of liters of water during a #drought  #SA @AlertZaAfrica #waterwaste  https://t.co/CjdTMloEJ5,en,"[{'screen_name': 'alertzaafrica', 'name': 'alert south africa', 'id': '494029723'}]",[],['https://pbs.twimg.com/media/CStex4DUYAAfvBT.jpg'],0,2,0,"['msunduzi', 'drought', 'sa', 'waterwaste']",[],https://twitter.com/DewalddeB/status/660726008216215552,False,,1,https://pbs.twimg.com/media/CStex4DUYAAfvBT.jpg,,,,,,,[],,,,
660720737523642368,660697625692209152,2015-11-01 02:31:14 EST,2015-11-01,02:31:14,-0400,1115881760,celtpowell,John Powell,,@916_stevo  LOL #AUD #457 visas #drought #CSG #carmichael #Adani #GAB #GBR regional communities dying yep Barnaby_Joyce is a beauty #auspol,en,[],[],[],2,0,0,"['aud', 'drought', 'csg', 'carmichael', 'adani', 'gab', 'gbr', 'auspol']",[],https://twitter.com/CeltPowell/status/660720737523642368,False,,0,,,,,,,,[],,,,
660720335830958080,660720335830958080,2015-11-01 02:29:38 EST,2015-11-01,02:29:38,-0400,73981267,everaldatlarge,EVERALD COMPTON,,#Rain is falling in #drought stricken regions of Queensland. If ever folk needed a break those guys do. May they prosper. Cheers,en,[],[],[],0,8,7,"['rain', 'drought']",[],https://twitter.com/EVERALDATLARGE/status/660720335830958080,False,,0,,,,,,,,[],,,,
660718723569999872,660718723569999872,2015-11-01 02:23:13 EST,2015-11-01,02:23:13,-0400,256099137,danramoscomedy,Dan Ramos,,Beverly Hills 90NoMoreH2O #drought #beverlyhills #water,en,[],[],[],0,0,0,"['drought', 'beverlyhills', 'water']",[],https://twitter.com/danramoscomedy/status/660718723569999872,False,,0,,,,,,,,[],,,,
660713830029393920,660713830029393920,2015-11-01 02:03:47 EST,2015-11-01,02:03:47,-0400,1163627695,joysteffens57,Mammabearsteffs🐻 🤳🎧📻🎛 🇿🇦,,Natal and Gauteng #waterrestrictions #drought and CT has warning for severe storms - Crazeeeeeeee,en,[],[],[],0,0,0,"['waterrestrictions', 'drought']",[],https://twitter.com/joysteffens57/status/660713830029393920,False,,0,,,,,,,,[],,,,
660713230881431553,660713230881431553,2015-11-01 02:01:24 EST,2015-11-01,02:01:24,-0400,2244433928,artnazcom,Zello.one,,"#Drought in #California, Top View —  https://t.co/pSuDPzvvzW — #Nature #Photography #Places #Water  https://t.co/Z9uSxnAvBY",en,[],['http://artnaz.com/drought-california/'],['https://pbs.twimg.com/media/CStTLsaWwAEzaWX.jpg'],0,0,0,"['drought', 'california', 'nature', 'photography', 'places', 'water']",[],https://twitter.com/artnazcom/status/660713230881431553,False,,1,https://pbs.twimg.com/media/CStTLsaWwAEzaWX.jpg,,,,,,,[],,,,
660701842796482568,660699668326715393,2015-11-01 01:16:09 EST,2015-11-01,01:16:09,-0400,1008132133,tadde_m,Jawline T,,@brendasimonian #drought,und,[],[],[],0,0,0,['drought'],[],https://twitter.com/Tadde_M/status/660701842796482568,False,,0,,,,,,,,[],,,,
660701629788876804,660701629788876804,2015-11-01 01:15:18 EST,2015-11-01,01:15:18,-0400,59476322,follownode,♥ #TWEET Pak #RT ♥,,{^◕◕^} @Express3981 I #like you! Nice share! #gemini #TWEET Pak #RT #drought ⌚1/11/2015 13:15:15 ⌛369  https://t.co/DGL8VR6LH3,en,[],['https://twitter.com/Express3981/status/660701533575639040'],[],0,0,0,"['like', 'gemini', 'tweet', 'rt', 'drought']",[],https://twitter.com/FollowNode/status/660701629788876804,False,https://twitter.com/Express3981/status/660701533575639040,0,,,,,,,,[],,,,
660701372812136448,660701372812136448,2015-11-01 01:14:17 EST,2015-11-01,01:14:17,-0400,3318878493,visionsnews,Visions News,,New post: Drought Conditions In Prakasham  https://t.co/jH43yM7rnN #conditions #district #drought #in #ntv #prakasham #special #story,en,[],['http://www.visionsnews.com/drought-conditions-in-prakasham-district-special-story-ntv/'],[],0,0,0,"['conditions', 'district', 'drought', 'in', 'ntv', 'prakasham', 'special', 'story']",[],https://twitter.com/visionsnews/status/660701372812136448,False,,0,,,,,,,,[],,,,
660700266103115776,660700266103115776,2015-11-01 01:09:53 EST,2015-11-01,01:09:53,-0400,3299868667,bryankranitz,Bryan Kranitz,,California’s drought is getting farmers to consider cultivating crops that require less water #California #Drought  https://t.co/AJIChBdfez,en,[],['http://www.npr.org/sections/thesalt/2015/07/28/426886645/squeezed-by-drought-california-farmers-switch-to-less-thirsty-crops'],[],0,0,0,"['california', 'drought']",[],https://twitter.com/bryankranitz/status/660700266103115776,False,,0,,,,,,,,[],,,,
660699859469516800,660699859469516800,2015-11-01 01:08:16 EST,2015-11-01,01:08:16,-0400,3299868667,bryankranitz,Bryan Kranitz,,The villains of California’s drought story. #California #Water #Drought #Lawns #Crops #Policies  https://t.co/9hPnBewq5j,en,[],['http://www.npr.org/sections/thesalt/2015/04/12/398757250/beyond-almonds-a-rogues-gallery-of-guzzlers-in-californias-drought'],[],0,0,0,"['california', 'water', 'drought', 'lawns', 'crops', 'policies']",[],https://twitter.com/bryankranitz/status/660699859469516800,False,,0,,,,,,,,[],,,,
660699637720846336,660699637720846336,2015-11-01 01:07:23 EST,2015-11-01,01:07:23,-0400,3299868667,bryankranitz,Bryan Kranitz,,Here’s why people from California’s hard hit drought region are looking to move to other states #California #Drought  https://t.co/e1UIFqdEYf,en,[],['http://www.npr.org/2015/07/10/421738613/california-s-driest-region-finds-short-term-drought-aid'],[],0,0,0,"['california', 'drought']",[],https://twitter.com/bryankranitz/status/660699637720846336,False,,0,,,,,,,,[],,,,
660698770175225856,660698770175225856,2015-11-01 01:03:56 EST,2015-11-01,01:03:56,-0400,25267678,jeunessepark,Jeunesse Park,,Extent of South African #drought to be announced today  https://t.co/PuBcEwqUvq #WaterShortage #climatechange #ElNino Hope no watershedding!,en,[],['http://www.enca.com/south-africa/water-affairs-minister-reveal-extent-drought?utm_campaign=Echobox'],[],0,0,0,"['drought', 'watershortage', 'climatechange', 'elnino']",[],https://twitter.com/JeunessePark/status/660698770175225856,False,,0,,,,,,,,[],,,,
660694168625221632,660694168625221632,2015-11-01 01:45:39 EDT,2015-11-01,01:45:39,-0400,64815770,humortimes,Humor Times,,NASA: California Now Above Mars on Water Scarcity List  https://t.co/c0M28NmIJQ #california #drought via @humortimes,en,"[{'screen_name': 'humortimes', 'name': 'humor times', 'id': '64815770'}]",['http://is.gd/OuY0qZ'],[],0,0,0,"['california', 'drought']",[],https://twitter.com/HumorTimes/status/660694168625221632,False,,0,,,,,,,,[],,,,
660689009077788672,660689009077788672,2015-11-01 01:25:09 EDT,2015-11-01,01:25:09,-0400,456865788,allanmargolin,Allan Margolin,,#CLIMATE CONCERNS Beverly Hills Is Fined for Using Too Much Water in #Drought  https://t.co/cNkulnVWmg via @nytimes,en,"[{'screen_name': 'nytimes', 'name': 'the new york times', 'id': '807095'}]",['http://ow.ly/U4Ldz'],[],0,0,0,"['climate', 'drought']",[],https://twitter.com/AllanMargolin/status/660689009077788672,False,,0,,,,,,,,[],,,,
660687539154477057,660687539154477057,2015-11-01 01:19:18 EDT,2015-11-01,01:19:18,-0400,333077190,tha_gary_goon,Kobe G 💰🎯,,Its a #drought,en,[],[],[],0,0,0,['drought'],[],https://twitter.com/Tha_Gary_Goon/status/660687539154477057,False,,0,,,,,,,,[],,,,
660682174954213376,660682174954213376,2015-11-01 00:58:00 EDT,2015-11-01,00:58:00,-0400,22968154,agleader,Cannon Michael,,Editorial: #Salmon belong where they can thrive – not in San Joaquin River  https://t.co/dD0fnIVdxJ #cawater #SJRRP #drought,en,[],['http://www.fresnobee.com/opinion/editorials/article41954859.html'],[],0,0,1,"['salmon', 'cawater', 'sjrrp', 'drought']",[],https://twitter.com/agleader/status/660682174954213376,False,,0,,,,,,,,[],,,,
660680714715660288,633478739167416321,2015-11-01 00:52:11 EDT,2015-11-01,00:52:11,-0400,1153062074,bearski55,bearski,,@jenfromottawa we need rain! #Drought @jjstatsgirl @ShannonAlton @meRamUpadhyay @HONEYBEE0251 @diannewade18 @Dannidakota @PatriciaCalder,en,"[{'screen_name': 'jjstatsgirl', 'name': 'judy jones', 'id': '387934227'}, {'screen_name': 'shannonalton', 'name': 'shannon alton', 'id': '435917873'}, {'screen_name': 'meramupadhyay', 'name': 'ram', 'id': '509142348'}, {'screen_name': 'honeybee0251', 'name': 'honeybee025', 'id': '817164854'}, {'screen_name': 'diannewade18', 'name': 'dianne wade', 'id': '1240015225492918272'}, {'screen_name': 'dannidakota', 'name': 'danni', 'id': '22225044'}, {'screen_name': 'patriciacalder', 'name': 'patricia calderon', 'id': '49920951'}]",[],[],0,0,1,['drought'],[],https://twitter.com/bearski55/status/660680714715660288,False,,0,,,,,,,,[],,,,
660679709169164288,660679709169164288,2015-11-01 00:48:12 EDT,2015-11-01,00:48:12,-0400,344831740,csr_rt,CSR info,,RT @ We should conserve #water regardless of the current #drought in California #CAdrought #conservation #sustainability #climate #ElNino,en,[],[],[],0,0,0,"['water', 'drought', 'cadrought', 'conservation', 'sustainability', 'climate', 'elnino']",[],https://twitter.com/CSR_RT/status/660679709169164288,False,,0,,,,,,,,[],,,,
660677592366899200,660677592366899200,2015-11-01 00:39:47 EDT,2015-11-01,00:39:47,-0400,171828737,enviroedgenews,EnviroEdgeNews,,RT @SavePeaceValleyvia @Peopleriver. #drought #climate #Californiaeco #truthbomb #dams #ecocide #renewableenergy   https://t.co/HxvD6v3fRW,und,"[{'screen_name': 'peopleriver', 'name': 'peopleriver', 'id': '475796822'}]",['https://twitter.com/peopleriver/status/660471976444764160'],[],0,1,0,"['drought', 'climate', 'californiaeco', 'truthbomb', 'dams', 'ecocide', 'renewableenergy']",[],https://twitter.com/EnviroEdgeNews/status/660677592366899200,False,https://twitter.com/peopleriver/status/660471976444764160,0,,,,,,,,[],,,,
660676981823053825,660676981823053825,2015-11-01 00:37:21 EDT,2015-11-01,00:37:21,-0400,171828737,enviroedgenews,EnviroEdgeNews,,#drought #climate #Californiaeco #truthbomb #dams #ecocide  https://t.co/B7wQlcCZUY,und,[],['https://twitter.com/wendyholm/status/660433253321457664'],[],0,1,0,"['drought', 'climate', 'californiaeco', 'truthbomb', 'dams', 'ecocide']",[],https://twitter.com/EnviroEdgeNews/status/660676981823053825,False,https://twitter.com/wendyholm/status/660433253321457664,0,,,,,,,,[],,,,
660668679789629440,660668679789629440,2015-11-01 00:04:22 EDT,2015-11-01,00:04:22,-0400,576229129,talkingblogs,Talking Blogs 🎙,,"Recycled #water in Arizona staves off #drought. Reuse and #recycle, repeat...  https://t.co/gECtuBEwJE #4h2o",en,[],['http://zite.to/1jnf1b7'],[],0,0,0,"['water', 'drought', 'recycle', '4h2o']",[],https://twitter.com/talkingblogs/status/660668679789629440,False,,0,,,,,,,,[],,,,
660664338265587712,660664338265587712,2015-10-31 23:47:07 EDT,2015-10-31,23:47:07,-0400,3171055057,escqu,ESC-Qatar University,,"#BeverlyHills fined $61,000 for not conserving enough #water in #drought  https://t.co/IdESaSChMb via @Reuters  https://t.co/f3E4rFHw3r",en,"[{'screen_name': 'reuters', 'name': 'reuters', 'id': '1652541'}]",['http://www.reuters.com/article/2015/10/31/us-california-drought-fines-idUSKCN0SO2IY20151031'],['https://pbs.twimg.com/media/CSsmtrTWEAA2a5W.jpg'],0,0,0,"['beverlyhills', 'water', 'drought']",[],https://twitter.com/escqu/status/660664338265587712,False,,1,https://pbs.twimg.com/media/CSsmtrTWEAA2a5W.jpg,,,,,,,[],,,,
660664075530035200,660664075530035200,2015-10-31 23:46:04 EDT,2015-10-31,23:46:04,-0400,1315464918,merced_calif,Merced,,We should conserve #water regardless of the current #drought in California #CAdrought #conservation #sustainability #climate #ElNino,en,[],[],[],0,3,3,"['water', 'drought', 'cadrought', 'conservation', 'sustainability', 'climate', 'elnino']",[],https://twitter.com/Merced_Calif/status/660664075530035200,False,,0,,,,,,,,[],,,,
660640020949286912,660640020949286912,2015-10-31 22:10:29 EDT,2015-10-31,22:10:29,-0400,175134520,northplainsgcd,North Plains GCD,,Why a dry California will still grow a lot of food. Via @Marketplace  https://t.co/HSibBtcVpC #agriculture #drought,en,"[{'screen_name': 'marketplace', 'name': 'marketplace', 'id': '57741304'}]",['http://bit.ly/1XCNxPx'],[],0,0,0,"['agriculture', 'drought']",[],https://twitter.com/NorthPlainsGCD/status/660640020949286912,False,,0,,,,,,,,[],,,,
660637393838432256,660637393838432256,2015-10-31 22:00:03 EDT,2015-10-31,22:00:03,-0400,18419734,stevedeztv,Steve Dez 🦜🍍🔥🇵🇷 is Buying $TSLA,,The #Drought in #PuertoRico is Real..!  Esta #Cabron vivir sin #Agua #Maná -Steve Dez  https://t.co/IGcbL9mjsx  https://t.co/eKhDXniJoj,en,[],"['http://stevedez.com', 'http://fb.me/221y8lxpw']",[],0,0,0,"['drought', 'puertorico', 'cabron', 'agua', 'maná']",[],https://twitter.com/SteveDezTV/status/660637393838432256,False,,0,,,,,,,,[],,,,
660636421401759745,660636421401759745,2015-10-31 21:56:11 EDT,2015-10-31,21:56:11,-0400,38098914,calnativescapes,Rebecca S,,#californiadrought what's up #socal don't get it? #drought #turnoffthetap #gonative  https://t.co/fj4kikL5tk,en,[],['https://instagram.com/p/9hkhpnNa0h/'],[],0,0,0,"['californiadrought', 'socal', 'drought', 'turnoffthetap', 'gonative']",[],https://twitter.com/CalNativescapes/status/660636421401759745,False,,0,,,,,,,,[],,,,
660631872591015936,660631872591015936,2015-10-31 21:38:07 EDT,2015-10-31,21:38:07,-0400,1129802370,ncdjsircharles,Dj Sir Charles,,We gettin' there #drought #Charlotte it's still early #leggo #halloweenparty bout to pop👻 @ Draught…  https://t.co/vkwJpADG2g,en,[],['https://instagram.com/p/9hidUXq-Td/'],[],0,0,0,"['drought', 'charlotte', 'leggo', 'halloweenparty']",[],https://twitter.com/ncdjsircharles/status/660631872591015936,False,,0,,,,,,,,[],,,,
660628705488711680,660628705488711680,2015-10-31 21:25:31 EDT,2015-10-31,21:25:31,-0400,2319986419,themountermail,Brendan Mounter,,Was on the road with @AshOMoore this week shooting this story.. More on @abcnews_qld at 7pm tonight.. #drought   https://t.co/AEYYnQRdOA,en,"[{'screen_name': 'ashomoore', 'name': 'ash moore', 'id': '981797618'}]",['http://ab.co/1NgNxSo'],[],1,2,1,['drought'],[],https://twitter.com/TheMounterMail/status/660628705488711680,False,,0,,,,,,,,[],,,,
660628074896068608,660628074896068608,2015-10-31 21:23:01 EDT,2015-10-31,21:23:01,-0400,633525067,coldandnervous,john craig,,#BeverlyHills fined for not conserving enough water in #Drought  https://t.co/pHUz2KxI5p via @Reuters,en,"[{'screen_name': 'reuters', 'name': 'reuters', 'id': '1652541'}]",['http://reut.rs/1Hi2XPR'],[],0,0,0,"['beverlyhills', 'drought']",[],https://twitter.com/coldandnervous/status/660628074896068608,False,,0,,,,,,,,[],,,,
660627425844264961,660627425844264961,2015-10-31 21:20:26 EDT,2015-10-31,21:20:26,-0400,3732857173,mollykkeating,Molly Keating,,Interesting. Mixed feelings about #droughtshaming... Will this really stop #drought offenders? 🤔  https://t.co/AcOAfMpgo3,en,[],['https://twitter.com/nbcbayarea/status/659931255530745856'],[],0,0,1,"['droughtshaming', 'drought']",[],https://twitter.com/mollykkeating/status/660627425844264961,False,https://twitter.com/nbcbayarea/status/659931255530745856,0,,,,,,,,[],,,,
660623394975543297,660623394975543297,2015-10-31 21:04:25 EDT,2015-10-31,21:04:25,-0400,2984140421,following_job,following job 500K,,"#Drought-Caused Blackouts Batter Zambia, Zimbabwe Economies #jobs #money #work #: HARARE, Zimbabwe -- With the...  https://t.co/F9lgYIAqf1",en,[],['http://bit.ly/1KO48H0'],[],0,0,0,"['drought', 'jobs', 'money', 'work']",[],https://twitter.com/following_job/status/660623394975543297,False,,0,,,,,,,,[],,,,
660622386765647873,660622386765647873,2015-10-31 21:00:25 EDT,2015-10-31,21:00:25,-0400,262344383,niaa_comm,NIAA,,RT @AubBettencourt: Faces of the #California #drought | #FresnoBee  https://t.co/YwRjxqCuXg,en,"[{'screen_name': 'aubbettencourt', 'name': 'aubrey bettencourt', 'id': '716160726'}]",['http://ow.ly/2bw3ZD'],[],0,0,0,"['california', 'drought', 'fresnobee']",[],https://twitter.com/NIAA_Comm/status/660622386765647873,False,,0,,,,,,,,[],,,,
660617388463812608,660617388463812608,2015-10-31 20:40:33 EDT,2015-10-31,20:40:33,-0400,2257106779,zupalive,zupa live jobs,,"#Drought-Caused Blackouts Batter Zambia, Zimbabwe Economies #jobs #money #work #: HARARE, Zimbabwe -- With the...  https://t.co/aM7BQVniZm",en,[],['http://bit.ly/1GT5uVV'],[],0,0,0,"['drought', 'jobs', 'money', 'work']",[],https://twitter.com/zupalive/status/660617388463812608,False,,0,,,,,,,,[],,,,
660617031843102720,660617031843102720,2015-10-31 20:39:08 EDT,2015-10-31,20:39:08,-0400,2984140421,following_job,following job 500K,,"#Drought-Caused Blackouts Batter Zambia, Zimbabwe Economies #jobs #money #work #: HARARE, Zimbabwe -- With the...  https://t.co/DS490Hm8Nb",en,[],['http://bit.ly/1GT5ogT'],[],0,0,0,"['drought', 'jobs', 'money', 'work']",[],https://twitter.com/following_job/status/660617031843102720,False,,0,,,,,,,,[],,,,
660616089374625792,660616089374625792,2015-10-31 20:35:24 EDT,2015-10-31,20:35:24,-0400,2953266052,cachejobscom,jobsearch jobs job,,"#Drought-Caused Blackouts Batter Zambia, Zimbabwe Economies #jobs #money #work #: HARARE, Zimbabwe -- With the...  https://t.co/9LIgaRaxy7",en,[],['http://bit.ly/1Q2k7Is'],[],0,0,0,"['drought', 'jobs', 'money', 'work']",[],https://twitter.com/cachejobscom/status/660616089374625792,False,,0,,,,,,,,[],,,,
660611440773046272,660608462288789504,2015-10-31 20:16:55 EDT,2015-10-31,20:16:55,-0400,118519820,scrappycoprod,Craig Hurley,,@NBCNews Floodwater Relocation Program  https://t.co/7qZmmGC8cM #drought #solution,en,[],['http://craighurley.tv'],[],0,0,0,"['drought', 'solution']",[],https://twitter.com/ScrappyCoProd/status/660611440773046272,False,,0,,,,,,,,[],,,,
660610722641149952,660610722641149952,2015-10-31 20:14:04 EDT,2015-10-31,20:14:04,-0400,2463580141,dad2se,Xre,,#Columbia #Escapes Its Ivy #League #Drought  https://t.co/U3qQLgyawm,en,[],['http://bit.ly/1Sf8ZHp'],[],0,0,0,"['columbia', 'escapes', 'league', 'drought']",[],https://twitter.com/dad2se/status/660610722641149952,False,,0,,,,,,,,[],,,,
660610177364656128,660610177364656128,2015-10-31 20:11:54 EDT,2015-10-31,20:11:54,-0400,1346952402,headlinebuzz,Shout,,"After a Record hot October, Australia faces a record hot, dry summer #drought #bushfires #climatechange #ElNino @smh  https://t.co/Kz4MoTw5x2",en,"[{'screen_name': 'smh', 'name': 'the sydney morning herald', 'id': '16675569'}]",['http://www.smh.com.au/environment/weather/another-warm-dry-month-to-come-after-record-hot-october-for-australia-20151029-gklzgc.html'],[],0,0,0,"['drought', 'bushfires', 'climatechange', 'elnino']",[],https://twitter.com/headlinebuzz/status/660610177364656128,False,,0,,,,,,,,[],,,,
