id,conversation_id,created_at,date,time,timezone,user_id,username,name,place,tweet,language,mentions,urls,photos,replies_count,retweets_count,likes_count,hashtags,cashtags,link,retweet,quote_url,video,thumbnail,near,geo,source,user_rt_id,user_rt,retweet_id,reply_to,retweet_date,translate,trans_src,trans_dest
704093356012343296,704093356012343296,2016-02-28 18:58:32 EST,2016-02-28,18:58:32,-0400,97298204,togetherbayarea,TOGETHER Bay Area,,Rain is coming but what abt the #drought? Discuss on 3/17 at  https://t.co/C8jKWkEHlw,en,[],['http://openspacecouncil.org/community-events/'],[],0,1,0,['drought'],[],https://twitter.com/TogetherBayArea/status/704093356012343296,False,,0,,,,,,,,[],,,,
704091690882064385,704091690882064385,2016-02-28 18:51:55 EST,2016-02-28,18:51:55,-0400,323985276,gcmcdrought,gcmc Drought,,Senegal: Campagne 2016 de vaccin du Cheptel au Sénégal - plus de 7 millions de vaccins du PNUD dans l...  https://t.co/eIew47eSMn #drought,fr,[],['http://bit.ly/1n9fPUi'],[],0,0,0,['drought'],[],https://twitter.com/gcmcDrought/status/704091690882064385,False,,0,,,,,,,,[],,,,
704088217264336897,704088217264336897,2016-02-28 18:38:06 EST,2016-02-28,18:38:06,-0400,97298204,togetherbayarea,TOGETHER Bay Area,,#water and #drought on 3/17 w/ @ebmud @SFWater @thinkbluemarin @valleywater Register:  https://t.co/C8jKWkEHlw,en,"[{'screen_name': 'ebmud', 'name': 'east bay municipal utility district', 'id': '21581820'}, {'screen_name': 'sfwater', 'name': 'sfwater', 'id': '1365094168905752576'}, {'screen_name': 'valleywater', 'name': 'valleywater', 'id': '14792742'}]",['http://openspacecouncil.org/community-events/'],[],0,2,3,"['water', 'drought']",[],https://twitter.com/TogetherBayArea/status/704088217264336897,False,,0,,,,,,,,[],,,,
704083139396812800,704083139396812800,2016-02-28 18:17:56 EST,2016-02-28,18:17:56,-0400,15720918,stapf,Scott Stapf,,#California almost out of time for El Niño #drought relief  https://t.co/MT53MBXI1o #climate #weather #ElNino,en,[],['http://bit.ly/1oI0w64'],[],0,0,0,"['california', 'drought', 'climate', 'weather', 'elnino']",[],https://twitter.com/stapf/status/704083139396812800,False,,0,,,,,,,,[],,,,
704081677052567553,704081677052567553,2016-02-28 18:12:07 EST,2016-02-28,18:12:07,-0400,4302758062,danshorb_nm,"Dan Shorb, Real Estate",,#NMwater #drought #fracking Here's our view on Sandoval Fracking if you missed it  https://t.co/Qk4Cu5qkB3,en,[],['http://westsouthreport.blogspot.com/2016/02/no-fracking-in-sandoval-county.html'],[],0,0,0,"['nmwater', 'drought', 'fracking']",[],https://twitter.com/DanShorb_NM/status/704081677052567553,False,,0,,,,,,,,[],,,,
704081340157841408,704069035890253824,2016-02-28 18:10:47 EST,2016-02-28,18:10:47,-0400,63205716,richardcawdron,Richard Cawdron,,@hebbers4 yesterday I scored my first competitive goal since my one for @UiM_FC! #drought,en,"[{'screen_name': 'uim_fc', 'name': 'unity in mission fc', 'id': '382823035'}]",[],[],0,0,0,['drought'],[],https://twitter.com/richardcawdron/status/704081340157841408,False,,0,,,,,,,,[],,,,
704081243789516800,704081243789516800,2016-02-28 18:10:24 EST,2016-02-28,18:10:24,-0400,2353601323,artificialgras_,AGL,,14 Tips to Spring Gardening During Drought  https://t.co/kkqzZLMFv6 #Landscaping #HomeImprovement #Drought  https://t.co/LgJlMxC4hz,en,[],['http://buff.ly/1RXMF7y'],['https://pbs.twimg.com/media/CcVmKQ9W0AEk8Zs.jpg'],0,0,0,"['landscaping', 'homeimprovement', 'drought']",[],https://twitter.com/artificialgras_/status/704081243789516800,False,,1,https://pbs.twimg.com/media/CcVmKQ9W0AEk8Zs.jpg,,,,,,,[],,,,
704079644027330560,704062894103785472,2016-02-28 18:04:02 EST,2016-02-28,18:04:02,-0400,57125366,lizzy_harrison,Lizzy Harrison,,"@jewdyblume ehhh, not so much in CA these days... #drought #chaseemifyougotem",en,[],[],[],0,0,1,"['drought', 'chaseemifyougotem']",[],https://twitter.com/Lizzy_Harrison/status/704079644027330560,False,,0,,,,,,,,[],,,,
704078878776672257,704078878776672257,2016-02-28 18:01:00 EST,2016-02-28,18:01:00,-0400,2180347574,agrecyclers,AGR,,14 Tips to Spring Gardening During Drought  https://t.co/ObK8pyGrsO #Landscaping #HomeImprovement #Drought  https://t.co/otEHy72JJk,en,[],['http://buff.ly/1RXMCbK'],['https://pbs.twimg.com/media/CcVkAmRW0AQxL9K.jpg'],0,0,0,"['landscaping', 'homeimprovement', 'drought']",[],https://twitter.com/agrecyclers/status/704078878776672257,False,,1,https://pbs.twimg.com/media/CcVkAmRW0AQxL9K.jpg,,,,,,,[],,,,
704075812375535616,704075812375535616,2016-02-28 17:48:49 EST,2016-02-28,17:48:49,-0400,245984675,sabahlah,Postal Photography,,RT @USGS Alaska warming 2x fast from #climatechange as the rest of the US. #drought &amp; fire  https://t.co/0wYZgOm72q   https://t.co/5vVauRkDvl,en,"[{'screen_name': 'usgs', 'name': 'usgs', 'id': '14505838'}]",['http://bit.ly/1QeFcvB'],['https://pbs.twimg.com/media/Ca81LU_UkAAIZaa.jpg'],0,0,0,"['climatechange', 'drought']",[],https://twitter.com/Sabahlah/status/704075812375535616,False,,1,https://pbs.twimg.com/media/Ca81LU_UkAAIZaa.jpg,,,,,,,[],,,,
704067347766763520,704067347766763520,2016-02-28 17:15:11 EST,2016-02-28,17:15:11,-0400,39536501,susankarengale,Susan Gale,,What a despicable disgusting man Mugabe is! #drought #Mugabe,en,[],[],[],0,0,0,"['drought', 'mugabe']",[],https://twitter.com/susankarengale/status/704067347766763520,False,,0,,,,,,,,[],,,,
704062437935284225,704062437935284225,2016-02-28 16:55:40 EST,2016-02-28,16:55:40,-0400,2497157029,fish_feel,Fish Feel,,Thanks to those helping #fish stranded because of the California #drought.  https://t.co/67xuVZxbFK #BeKindtoAnimals  https://t.co/4qRVUf87CE,en,[],['http://goo.gl/QSJHN'],['https://pbs.twimg.com/media/CcVVDmeUsAE4zB5.jpg'],0,9,8,"['fish', 'drought', 'bekindtoanimals']",[],https://twitter.com/Fish_Feel/status/704062437935284225,False,,1,https://pbs.twimg.com/media/CcVVDmeUsAE4zB5.jpg,,,,,,,[],,,,
704058117655543810,704058117655543810,2016-02-28 16:38:30 EST,2016-02-28,16:38:30,-0400,16033525,yulsman,Tom Yulsman,,#California nearly out of time for #ElNiño #drought relief. Forecast not good. @DiscoverMag  https://t.co/tb2WH1jWKL  https://t.co/3VA9GbNAyH,en,"[{'screen_name': 'discovermag', 'name': 'discover magazine', 'id': '23962323'}]",['http://ow.ly/YR13b'],"['https://pbs.twimg.com/media/CcVRIH2XEAEp1DH.jpg', 'https://pbs.twimg.com/media/CcVRIIyWoAACLBH.jpg']",1,13,6,"['california', 'elniño', 'drought']",[],https://twitter.com/yulsman/status/704058117655543810,False,,1,https://pbs.twimg.com/media/CcVRIH2XEAEp1DH.jpg,,,,,,,[],,,,
704056298409558016,704056298409558016,2016-02-28 16:31:16 EST,2016-02-28,16:31:16,-0400,12705022,pppaolo,Paolo Privitera,,Maybe #SanFrancisco #fog can save California #drought? #VIDEO  https://t.co/pW00COWnrH,en,[],['http://on.fb.me/1TLuuDg'],[],0,1,1,"['sanfrancisco', 'fog', 'drought', 'video']",[],https://twitter.com/pppaolo/status/704056298409558016,False,,0,,,,,,,,[],,,,
704053419544338434,704053419544338434,2016-02-28 16:19:50 EST,2016-02-28,16:19:50,-0400,3620703915,agrifoodaid,AgriFoodAID,,"#Ethiopia is facing a devastating #drought,  and food aid may soon run out  https://t.co/6lXo9bKy6O #climatechange  https://t.co/DPKe3y4E3A",en,[],['http://www.washingtonpost.com/sf/world/2016/02/22/history-repeats-itself-in-ethiopia/'],['https://pbs.twimg.com/media/CcVM2NKXIAEoLS8.jpg'],0,42,2,"['ethiopia', 'drought', 'climatechange']",[],https://twitter.com/agrifoodaid/status/704053419544338434,False,,1,https://pbs.twimg.com/media/CcVM2NKXIAEoLS8.jpg,,,,,,,[],,,,
704051009006530561,704051009006530561,2016-02-28 16:10:15 EST,2016-02-28,16:10:15,-0400,2180347574,agrecyclers,AGR,,Thinking About Removing Your Lawn?  https://t.co/3eXr92JBDW #Landscaping #Drought #HomeImprovement  https://t.co/gFFNc53aup,en,[],['http://buff.ly/1Qu7xOv'],['https://pbs.twimg.com/media/CcVKqT1WAAAl8HP.jpg'],0,0,0,"['landscaping', 'drought', 'homeimprovement']",[],https://twitter.com/agrecyclers/status/704051009006530561,False,,1,https://pbs.twimg.com/media/CcVKqT1WAAAl8HP.jpg,,,,,,,[],,,,
704048916052971529,704048916052971529,2016-02-28 16:01:56 EST,2016-02-28,16:01:56,-0400,2502354296,abstractwallart,Danielle Nelisse,,artist paints Depleted Water Tables #climatechange #drought in #California #abstractart #fineart #daniellenelisse …  https://t.co/VTKE5feLX0,en,[],['http://ift.tt/1LuCyiS'],[],0,0,1,"['climatechange', 'drought', 'california', 'abstractart', 'fineart', 'daniellenelisse']",[],https://twitter.com/abstractwallart/status/704048916052971529,False,,0,,,,,,,,[],,,,
704048693608095744,704048693608095744,2016-02-28 16:01:03 EST,2016-02-28,16:01:03,-0400,2353601323,artificialgras_,AGL,,Ready to Remove Your Lawn?  https://t.co/C1S25F5mVQ #Landscaping #CADrought #Drought #HomeImprovement #Water  https://t.co/lwTm993raT,en,[],['http://buff.ly/1KFaVd4'],['https://pbs.twimg.com/media/CcVIjlkW0AEIN-q.jpg'],0,0,0,"['landscaping', 'cadrought', 'drought', 'homeimprovement', 'water']",[],https://twitter.com/artificialgras_/status/704048693608095744,False,,1,https://pbs.twimg.com/media/CcVIjlkW0AEIN-q.jpg,,,,,,,[],,,,
704044126270943232,704044126270943232,2016-02-28 15:42:54 EST,2016-02-28,15:42:54,-0400,3309778272,w4w_global,Warriors4Wildlife™ 🌐Ⓥ🐾,,#Drought #ElNiño #ClimateChange #Ethiopia: Food aid may soon run out &gt;  https://t.co/sfxN0Xz7Hp  https://t.co/q4JnOY61K0,en,[],['http://wapo.st/1WEyKT5'],['https://pbs.twimg.com/media/CcVEZsuVAAABkxE.jpg'],0,0,0,"['drought', 'elniño', 'climatechange', 'ethiopia']",[],https://twitter.com/W4W_Global/status/704044126270943232,False,,1,https://pbs.twimg.com/media/CcVEZsuVAAABkxE.jpg,,,,,,,[],,,,
704041497839202305,704037838044733444,2016-02-28 15:32:28 EST,2016-02-28,15:32:28,-0400,985013838,annettesteyn1,Annette Steyn,,@WandileSihlobo @andiMakinana @SureKamhunga One of the reasons for declaring #drought a#national disaster. How will poor cope with increase?,en,"[{'screen_name': 'andimakinana', 'name': 'scapegoat', 'id': '72013267'}, {'screen_name': 'surekamhunga', 'name': 'concetto campara', 'id': '826581006320795648'}]",[],[],1,0,1,['drought'],[],https://twitter.com/AnnetteSteyn1/status/704041497839202305,False,,0,,,,,,,,[],,,,
704041394789199872,704041394789199872,2016-02-28 15:32:03 EST,2016-02-28,15:32:03,-0400,323985276,gcmcdrought,gcmc Drought,,"Cameroon: Cameroon: Hundreds of Hostages Freed, 100 Boko Haram Killed  https://t.co/JnjErcYi4Y #drought",en,[],['http://bit.ly/1piySNF'],[],0,0,0,['drought'],[],https://twitter.com/gcmcDrought/status/704041394789199872,False,,0,,,,,,,,[],,,,
704033596869320705,704033596869320705,2016-02-28 15:01:04 EST,2016-02-28,15:01:04,-0400,42701492,unasandiego,UNA-USA San Diego,,"RT @care: #Ethiopia is experiencing the worst #drought in 30 years, millions of people need food aid.  https://t.co/NGLFrwvVR1...",en,"[{'screen_name': 'care', 'name': 'care (care.org)', 'id': '16834046'}]",['http://shout.lt/bspzl'],[],0,0,0,"['ethiopia', 'drought']",[],https://twitter.com/UNASanDiego/status/704033596869320705,False,,0,,,,,,,,[],,,,
704033568356507648,704033568356507648,2016-02-28 15:00:57 EST,2016-02-28,15:00:57,-0400,4821857054,lonodrop,Lonodrop,,"Humans aren't the only ones who can save water, @billybronco wants to get in the action too! #lonodrop #cpp #drought  https://t.co/PhLArEAMfj",en,"[{'screen_name': 'billybronco', 'name': 'billy bronco', 'id': '24486498'}]",[],['https://pbs.twimg.com/media/CcU6zMWWAAIcLP-.jpg'],0,1,2,"['lonodrop', 'cpp', 'drought']",[],https://twitter.com/lonodrop/status/704033568356507648,False,,1,https://pbs.twimg.com/media/CcU6zMWWAAIcLP-.jpg,,,,,,,[],,,,
704033501583167488,704033501583167488,2016-02-28 15:00:41 EST,2016-02-28,15:00:41,-0400,74474794,eurekalert,EurekAlert!,,"Nearly all US forests threatened by #drought, #climatechange  https://t.co/JJw3hxeL8f via @DukeU #EurekAlertTrending  https://t.co/wGrzrSo7ji",en,"[{'screen_name': 'dukeu', 'name': 'duke university', 'id': '23450421'}]",['http://bit.ly/1T1KDVk'],['https://pbs.twimg.com/media/CcU6u8_UYAAlhWc.jpg'],1,2,2,"['drought', 'climatechange', 'eurekalerttrending']",[],https://twitter.com/EurekAlert/status/704033501583167488,False,,1,https://pbs.twimg.com/media/CcU6u8_UYAAlhWc.jpg,,,,,,,[],,,,
704031842526109696,704031842526109696,2016-02-28 14:54:06 EST,2016-02-28,14:54:06,-0400,185234119,capecontours,Cape Contours,,14 Tips to save water in your garden! #savewater #waterwise #drought #doyourpart -  https://t.co/WHWlJ0yGbt  https://t.co/CDBByI6jDW,en,[],['http://bit.ly/1IWGkBl'],['https://pbs.twimg.com/media/Cb9uNZUWEAA_r2v.jpg'],0,0,1,"['savewater', 'waterwise', 'drought', 'doyourpart']",[],https://twitter.com/capecontours/status/704031842526109696,False,,1,https://pbs.twimg.com/media/Cb9uNZUWEAA_r2v.jpg,,,,,,,[],,,,
704031113505734656,704031113505734656,2016-02-28 14:51:12 EST,2016-02-28,14:51:12,-0400,2720680920,earthascapes,Lisa Hallett Taylor,,Drought Tolerant Landscaping: What You Need to Know  https://t.co/hHiTb0BtG3 #droughttolerant #waterwise #drought #xeriscape,en,[],['http://abt.cm/1TIsdHR'],[],0,0,1,"['droughttolerant', 'waterwise', 'drought', 'xeriscape']",[],https://twitter.com/earthascapes/status/704031113505734656,False,,0,,,,,,,,[],,,,
704028684269686784,704028684269686784,2016-02-28 14:41:33 EST,2016-02-28,14:41:33,-0400,405939361,glongenviroinc,Geelong Environment,,"#ElNino #drought to break across most of #Victoria in autumn, according to @BOM_au  https://t.co/ICJW10xWsH via @theweeklytimes",en,"[{'screen_name': 'bom_au', 'name': 'bureau of meteorology, australia', 'id': '188545143'}, {'screen_name': 'theweeklytimes', 'name': 'the weekly times', 'id': '116142622'}]",['http://www.weeklytimesnow.com.au/news/drought-to-break-across-most-of-victoria-in-autumn-according-to-bureau-of-meteorology/news-story/4b87d5092af3aca68684bf00305bd3ce'],[],0,0,0,"['elnino', 'drought', 'victoria']",[],https://twitter.com/GlongEnviroInc/status/704028684269686784,False,,0,,,,,,,,[],,,,
704027654538846208,704027654538846208,2016-02-28 14:37:27 EST,2016-02-28,14:37:27,-0400,172975617,themushashi,MUSHASHI (LIL PXRSCH),,We really started in the #Drought.,en,[],[],[],0,13,6,['drought'],[],https://twitter.com/TheMushashi/status/704027654538846208,False,,0,,,,,,,,[],,,,
704015978972225537,704015978972225537,2016-02-28 13:51:04 EST,2016-02-28,13:51:04,-0400,389819428,shiftsocial,SHIFT Social Impact,,How #coffee can save #ethiopia from the growing #drought and #climatechange.   https://t.co/MzlPtsXa47,en,[],['http://ow.ly/YQOgh'],[],0,0,2,"['coffee', 'ethiopia', 'drought', 'climatechange']",[],https://twitter.com/SHIFTSocial/status/704015978972225537,False,,0,,,,,,,,[],,,,
704015833261998082,704015833261998082,2016-02-28 13:50:29 EST,2016-02-28,13:50:29,-0400,162162551,bridgesphere,Bridgesphere,,"We're in a #bubble in the #BayArea, but we're still in a #drought...  https://t.co/zo1P9L7moZ",en,[],['https://twitter.com/weather_west/status/704014488442241024'],[],0,0,0,"['bubble', 'bayarea', 'drought']",[],https://twitter.com/Bridgesphere/status/704015833261998082,False,https://twitter.com/weather_west/status/704014488442241024,0,,,,,,,,[],,,,
704015698213756930,704015698213756930,2016-02-28 13:49:57 EST,2016-02-28,13:49:57,-0400,26089495,drowningsupport,Nancy J Rigg,,#Drought and #Wildfire go hand in hand. Prepare with Care!  https://t.co/ceJhm4MD3e,en,[],['https://twitter.com/READYColorado/status/704011795996934145'],[],0,0,1,"['drought', 'wildfire']",[],https://twitter.com/DrowningSupport/status/704015698213756930,False,https://twitter.com/READYColorado/status/704011795996934145,0,,,,,,,,[],,,,
704004551230226440,704004551230226440,2016-02-28 13:05:39 EST,2016-02-28,13:05:39,-0400,2730333853,riserealtyca,riserealtyca,,Just found this helpful #waterwiselandscaping idea  https://t.co/pbjdsJDJpA #waterwise #drought,en,[],['http://ift.tt/1TIftRo'],[],0,0,0,"['waterwiselandscaping', 'waterwise', 'drought']",[],https://twitter.com/RiseRealtyCa/status/704004551230226440,False,,0,,,,,,,,[],,,,
704003363852193792,704003363852193792,2016-02-28 13:00:56 EST,2016-02-28,13:00:56,-0400,2180347574,agrecyclers,AGR,,Ready to Remove Your Lawn?  https://t.co/0LFwi6DU2n #Landscaping #CADrought #Drought #HomeImprovement #Water  https://t.co/aDSmoIbhCL,en,[],['http://buff.ly/1KFaUWN'],['https://pbs.twimg.com/media/CcUfVCLXIAEvz_0.jpg'],0,0,0,"['landscaping', 'cadrought', 'drought', 'homeimprovement', 'water']",[],https://twitter.com/agrecyclers/status/704003363852193792,False,,1,https://pbs.twimg.com/media/CcUfVCLXIAEvz_0.jpg,,,,,,,[],,,,
704003231601438720,704003231601438720,2016-02-28 13:00:24 EST,2016-02-28,13:00:24,-0400,1329084944,rtahealth,RealTruthAboutHealth,,The California Drought's Alarming Toll On Forests  https://t.co/8W1JFvmQU2 #drought #CaliforniaDrought #forests  https://t.co/vEfJ0Uxi5D,en,[],['http://bit.ly/1RbI8tr'],['https://pbs.twimg.com/media/CcR-SkZUUAA_xpk.jpg'],0,0,1,"['drought', 'californiadrought', 'forests']",[],https://twitter.com/RTAHealth/status/704003231601438720,False,,1,https://pbs.twimg.com/media/CcR-SkZUUAA_xpk.jpg,,,,,,,[],,,,
704002273039364097,704002273039364097,2016-02-28 12:56:36 EST,2016-02-28,12:56:36,-0400,1671136236,4yoinfopeeps,SkyLie✈,,THEY ALLWAYS #CHEM #GEOENGINEERING RT OV MY HOUSE  IM FLIPPING U OFF! #USAF 3YR MANMADE #DROUGHT #GLOBALWARMING  https://t.co/siFwdh2nbv,en,[],[],['https://pbs.twimg.com/media/CcUeUhlUAAAh3IX.jpg'],0,2,2,"['chem', 'geoengineering', 'usaf', 'drought', 'globalwarming']",[],https://twitter.com/4yoinfopeeps/status/704002273039364097,False,,1,https://pbs.twimg.com/media/CcUeUhlUAAAh3IX.jpg,,,,,,,[],,,,
703998298852491264,703998298852491264,2016-02-28 12:40:48 EST,2016-02-28,12:40:48,-0400,547839306,eloycam2012,Andreas Eligium,,"Retweeted Peter Gleick (@PeterGleick):  Wonder if the #drought is over in California? No.  ""Firefighters battle...  https://t.co/gnl9CTqQbc",en,"[{'screen_name': 'petergleick', 'name': 'peter gleick 🇺🇸', 'id': '146123790'}]",['http://fb.me/2wjrUnTJ1'],[],0,0,0,['drought'],[],https://twitter.com/eloycam2012/status/703998298852491264,False,,0,,,,,,,,[],,,,
703998298105913345,703998298105913345,2016-02-28 12:40:48 EST,2016-02-28,12:40:48,-0400,547839306,eloycam2012,Andreas Eligium,,"Retweeted Peter Gleick (@PeterGleick):  Wonder if the #drought is over in California? No.  ""Firefighters battle...  https://t.co/JfyB17t8Iw",en,"[{'screen_name': 'petergleick', 'name': 'peter gleick 🇺🇸', 'id': '146123790'}]",['http://fb.me/7AWAR80r9'],[],0,0,0,['drought'],[],https://twitter.com/eloycam2012/status/703998298105913345,False,,0,,,,,,,,[],,,,
703997847830593537,703997847830593537,2016-02-28 12:39:01 EST,2016-02-28,12:39:01,-0400,16476911,shi4tech,Shi 💙 #TechForGood 💙,,AK is warming 2x fast from #climatechange as the rest of the US. Hello #drought &amp; fire  https://t.co/g9bvriqSPV  https://t.co/zOSjCYj9vM @USGS,en,"[{'screen_name': 'usgs', 'name': 'usgs', 'id': '14505838'}]",['http://bit.ly/1QeFcvB'],['https://pbs.twimg.com/media/Ca81LU_UkAAIZaa.jpg'],0,3,0,"['climatechange', 'drought']",[],https://twitter.com/Shi4Tech/status/703997847830593537,False,,1,https://pbs.twimg.com/media/Ca81LU_UkAAIZaa.jpg,,,,,,,[],,,,
703994189298671620,703994189298671620,2016-02-28 12:24:28 EST,2016-02-28,12:24:28,-0400,106994096,goumbook,Goumbook,,Powerful reporting on #Ethiopia's #drought. The world needs to not turn it's head as countries deal with the...  https://t.co/cF3WEnscK6,en,[],['http://fb.me/ZmjKqDfZ'],[],0,0,0,"['ethiopia', 'drought']",[],https://twitter.com/Goumbook/status/703994189298671620,False,,0,,,,,,,,[],,,,
703993082711318528,703993082711318528,2016-02-28 12:20:05 EST,2016-02-28,12:20:05,-0400,2353601323,artificialgras_,AGL,,Thinking About Removing Your Lawn?  https://t.co/2513Wetktt #Landscaping #Drought #HomeImprovement  https://t.co/8BO8pN9uud,en,[],['http://buff.ly/1Qu7x0X'],['https://pbs.twimg.com/media/CcUV-mpWIAEokko.jpg'],0,0,0,"['landscaping', 'drought', 'homeimprovement']",[],https://twitter.com/artificialgras_/status/703993082711318528,False,,1,https://pbs.twimg.com/media/CcUV-mpWIAEokko.jpg,,,,,,,[],,,,
703991502381318144,703991502381318144,2016-02-28 12:13:48 EST,2016-02-28,12:13:48,-0400,699810570728394752,sac_it_to_me,Sac It To Me,,We are in a drought after all in California ♡ #sundayfunday #california #drought #champagne @…  https://t.co/JBjo9gxR7k,en,[],['https://www.instagram.com/p/BCVoIYCpqx-/'],[],0,0,0,"['sundayfunday', 'california', 'drought', 'champagne']",[],https://twitter.com/sac_it_to_me/status/703991502381318144,False,,0,,,,,,,,[],,,,
703990616997433345,703990616997433345,2016-02-28 12:10:17 EST,2016-02-28,12:10:17,-0400,1374862837,aheartforafrica,heartforafrica,,#Ethiopia’s #coffee could be its salvation against growing #drought  https://t.co/QCyl2NMK1q,en,[],['http://buff.ly/1oGG05Z'],[],0,2,1,"['ethiopia', 'coffee', 'drought']",[],https://twitter.com/aheartforafrica/status/703990616997433345,False,,0,,,,,,,,[],,,,
703988176180776960,703988176180776960,2016-02-28 12:00:35 EST,2016-02-28,12:00:35,-0400,26089495,drowningsupport,Nancy J Rigg,,We can only hope! #Rain for #SoCal - never thought I would hear myself beg the universe: #RainNeeded! #Drought  https://t.co/yL0hcRiVkp,en,[],['https://twitter.com/NWSLosAngeles/status/703744434379165697'],[],0,0,0,"['rain', 'socal', 'rainneeded', 'drought']",[],https://twitter.com/DrowningSupport/status/703988176180776960,False,https://twitter.com/NWSLosAngeles/status/703744434379165697,0,,,,,,,,[],,,,
703988140386578432,703988140386578432,2016-02-28 12:00:26 EST,2016-02-28,12:00:26,-0400,15937867,marionmcgovern,Marion Mcgovern,,You know the Ca #drought is bad when they pray for rain in church...,en,[],[],[],0,0,1,['drought'],[],https://twitter.com/marionmcgovern/status/703988140386578432,False,,0,,,,,,,,[],,,,
703987295192371200,703987295192371200,2016-02-28 11:57:05 EST,2016-02-28,11:57:05,-0400,1129229316,carroll_annie,Carol lives in the desert now,,"Best water-wise shrubs for hot, dry gardens? See Master Gardener suggestions.   https://t.co/mcxQmLLcRK #drought  https://t.co/615rI95eIZ",en,[],['http://www.hotgardens.net/hedges_in_desert_climates.htm'],['https://pbs.twimg.com/media/CcUQnehWIAAohjK.jpg'],0,0,0,['drought'],[],https://twitter.com/carroll_annie/status/703987295192371200,False,,1,https://pbs.twimg.com/media/CcUQnehWIAAohjK.jpg,,,,,,,[],,,,
703987155056480257,703985689986084864,2016-02-28 11:56:31 EST,2016-02-28,11:56:31,-0400,3111257815,rukiddingme3590,🇺🇸Douglas 🇬🇧,,@NWSBayArea @flySFO When I see it then I'll believe it. #ElNinobust #drought #reservoirs #sierrasnowpack #California 😕,en,"[{'screen_name': 'flysfo', 'name': 'san francisco international airport (sfo) ✈️😷', 'id': '16408759'}]",[],[],0,0,0,"['elninobust', 'drought', 'reservoirs', 'sierrasnowpack', 'california']",[],https://twitter.com/rukiddingme3590/status/703987155056480257,False,,0,,,,,,,,[],,,,
703984377693396992,703984377693396992,2016-02-28 11:45:29 EST,2016-02-28,11:45:29,-0400,19993545,reliefweb,ReliefWeb,,#Zimbabwe smallholders confront #climatechange - @UNISDR  https://t.co/0L5VHy2l3p #drought,en,"[{'screen_name': 'unisdr', 'name': 'unisdr', 'id': '1151141593128284160'}]",['http://bit.ly/1pbZMqw'],[],0,3,1,"['zimbabwe', 'climatechange', 'drought']",[],https://twitter.com/reliefweb/status/703984377693396992,False,,0,,,,,,,,[],,,,
703983353205227520,703983353205227520,2016-02-28 11:41:25 EST,2016-02-28,11:41:25,-0400,4841946225,anwaatinclimate,Anwaatin,,"#CarbonFeedback? More northern forest fires, frequent #drought, insect outbreaks, will add #carbon emissions @NRCan  https://t.co/s4U86JaDNx",en,"[{'screen_name': 'nrcan', 'name': 'natural resources', 'id': '494134556'}]",['http://www.nrcan.gc.ca/forests/climate-change/forest-carbon/13085'],[],0,0,0,"['carbonfeedback', 'drought', 'carbon']",[],https://twitter.com/AnwaatinClimate/status/703983353205227520,False,,0,,,,,,,,[],,,,
703980114518867968,703980114518867968,2016-02-28 11:28:33 EST,2016-02-28,11:28:33,-0400,339833759,eshetebekele,Eshete Bekele,,Ethiopia’s #drought;On the edge of disaster  https://t.co/pEQaKdl9yh  https://t.co/vhWSZM8ZAc,en,[],['http://www.economist.com/news/middle-east-and-africa/21693624-governments-achievements-appear-increasingly-precarious-edge'],['https://pbs.twimg.com/media/CcUKLtEWEAAId3u.jpg'],0,1,1,['drought'],[],https://twitter.com/EsheteBekele/status/703980114518867968,False,,1,https://pbs.twimg.com/media/CcUKLtEWEAAId3u.jpg,,,,,,,[],,,,
703978299169505280,703978299169505280,2016-02-28 11:21:20 EST,2016-02-28,11:21:20,-0400,1279333308,rae13diamond,Rae Diamond,,"these poor #pines did not survive the #drought, but their #pinecones offer #renewal  https://t.co/EVyDdvoFi7",en,[],['https://www.instagram.com/p/BCViIJPQgFu/'],[],0,0,0,"['pines', 'drought', 'pinecones', 'renewal']",[],https://twitter.com/rae13diamond/status/703978299169505280,False,,0,,,,,,,,[],,,,
703976790096809988,703976790096809988,2016-02-28 11:15:20 EST,2016-02-28,11:15:20,-0400,1004431848,lawtonrebeccac,Rebecca Lawton,,Simple upgrades would end these #fish kills in the Santa Ana #river. #water #drought #endangered #species #wecandoit  https://t.co/Rkk7fYnYZl,en,[],['http://ow.ly/YPlvO'],[],0,0,0,"['fish', 'river', 'water', 'drought', 'endangered', 'species', 'wecandoit']",[],https://twitter.com/LawtonRebeccaC/status/703976790096809988,False,,0,,,,,,,,[],,,,
703971683711889408,703971683711889408,2016-02-28 10:55:03 EST,2016-02-28,10:55:03,-0400,185234119,capecontours,Cape Contours,,Tips to save water via @capecontours. #savewater #waterwise #drought #doyourpart -  https://t.co/WHWlJ0yGbt  https://t.co/I2iWJx3P8K,en,"[{'screen_name': 'capecontours', 'name': 'cape contours', 'id': '185234119'}]",['http://bit.ly/1IWGkBl'],['https://pbs.twimg.com/media/Cb9ucyrWAAEX-5d.jpg'],0,0,0,"['savewater', 'waterwise', 'drought', 'doyourpart']",[],https://twitter.com/capecontours/status/703971683711889408,False,,1,https://pbs.twimg.com/media/Cb9ucyrWAAEX-5d.jpg,,,,,,,[],,,,
703970498007293952,703970498007293952,2016-02-28 10:50:20 EST,2016-02-28,10:50:20,-0400,79094318,mwdoc,MWDOC,,"As if #drought wasn't bad enough, there's another #water threat: #quagga mussels.  https://t.co/HZ9UQc13Vn",en,[],['http://ht.ly/YOobW'],[],0,0,1,"['drought', 'water', 'quagga']",[],https://twitter.com/MWDOC/status/703970498007293952,False,,0,,,,,,,,[],,,,
703969995521454084,703969995521454084,2016-02-28 10:48:20 EST,2016-02-28,10:48:20,-0400,3355431514,allamsakr1,#Water_Security_Club,,The relationship between #bad_weather and #drought  https://t.co/1Xb2rp2vFZ,en,[],[],['https://pbs.twimg.com/media/CcUA-uNXEAATJq4.jpg'],0,0,0,"['bad_weather', 'drought']",[],https://twitter.com/allamsakr1/status/703969995521454084,False,,1,https://pbs.twimg.com/media/CcUA-uNXEAATJq4.jpg,,,,,,,[],,,,
703968798261583874,703968798261583874,2016-02-28 10:43:35 EST,2016-02-28,10:43:35,-0400,73598724,wasimsami,Wasim Abbas,,#Drought affected #Balochistan likely to receive meaningful rains this week. #Spring #March,en,[],[],[],0,0,0,"['drought', 'balochistan', 'spring', 'march']",[],https://twitter.com/WASIMSAMI/status/703968798261583874,False,,0,,,,,,,,[],,,,
703966369906229248,703966369906229248,2016-02-28 10:33:56 EST,2016-02-28,10:33:56,-0400,4202458272,pbiodiversidad,PROBiodiversidad,,"Alaska is warming 2x fast from #climatechange as the rest of the US. Hello, #drought &amp; fire  https://t.co/UHQGorZlAp  https://t.co/ZspJeh5vEo",en,[],['http://bit.ly/1QeFcvB'],['https://pbs.twimg.com/media/Ca81LU_UkAAIZaa.jpg'],0,0,0,"['climatechange', 'drought']",[],https://twitter.com/PBiodiversidad/status/703966369906229248,False,,1,https://pbs.twimg.com/media/Ca81LU_UkAAIZaa.jpg,,,,,,,[],,,,
703963545403322368,703963545403322368,2016-02-28 10:22:42 EST,2016-02-28,10:22:42,-0400,145167689,lwazistos,Lwazisto,,I was also shocked by the Editor's response. Maybe its because I'm black! @KemptonExpress #KemptonExpress #Drought   https://t.co/e6Z057hPm6,en,"[{'screen_name': 'kemptonexpress', 'name': 'kempton express', 'id': '185103713'}]",['https://twitter.com/OS_78/status/703934766601674752'],[],1,0,0,"['kemptonexpress', 'drought']",[],https://twitter.com/Lwazistos/status/703963545403322368,False,https://twitter.com/OS_78/status/703934766601674752,0,,,,,,,,[],,,,
703960086247555072,703960086247555072,2016-02-28 10:08:58 EST,2016-02-28,10:08:58,-0400,3355431514,allamsakr1,#Water_Security_Club,,When looking for #bad_climate In the whole Europe in #summer and #winter you will find #drought is the #main_reason  https://t.co/SvS8jcI2uM,en,[],[],"['https://pbs.twimg.com/media/CcT397FWIAA3NUw.jpg', 'https://pbs.twimg.com/media/CcT393DW8AE5wKk.jpg']",0,0,0,"['bad_climate', 'summer', 'winter', 'drought', 'main_reason']",[],https://twitter.com/allamsakr1/status/703960086247555072,False,,1,https://pbs.twimg.com/media/CcT397FWIAA3NUw.jpg,,,,,,,[],,,,
703957871147372545,703957871147372545,2016-02-28 10:00:10 EST,2016-02-28,10:00:10,-0400,2181803384,careglobal,CARE International,,This mother of four is preparing food with the last grains she has left. #ElNino #Drought  https://t.co/4bO6jTjXHQ  https://t.co/MYQUZ8S8hH,en,[],['http://klou.tt/1w75jukj6gesh'],['https://pbs.twimg.com/media/CcT19DWVIAENjLe.jpg'],1,1,1,"['elnino', 'drought']",[],https://twitter.com/CAREGlobal/status/703957871147372545,False,,1,https://pbs.twimg.com/media/CcT19DWVIAENjLe.jpg,,,,,,,[],,,,
703950197748076545,703950197748076545,2016-02-28 09:29:40 EST,2016-02-28,09:29:40,-0400,274261249,tkarera,Timothy Karera,,#RobertMugabe eats giant cake at birthday party in #drought zone #Zimbabwe   https://t.co/29Molxfbuf,en,[],['http://gu.com/p/4h5hp?CMP=Share_iOSApp_Other'],[],0,0,0,"['robertmugabe', 'drought', 'zimbabwe']",[],https://twitter.com/Tkarera/status/703950197748076545,False,,0,,,,,,,,[],,,,
703947393012727808,703947393012727808,2016-02-28 09:18:31 EST,2016-02-28,09:18:31,-0400,3355431514,allamsakr1,#Water_Security_Club,,"#Drought, #desertification link in #bad_weather In #summer and #winter on #neighboring_regions  https://t.co/0yQc2bzaRK",en,[],[],['https://pbs.twimg.com/media/CcTsbFIXIAAZV6p.jpg'],0,0,0,"['drought', 'desertification', 'bad_weather', 'summer', 'winter', 'neighboring_regions']",[],https://twitter.com/allamsakr1/status/703947393012727808,False,,1,https://pbs.twimg.com/media/CcTsbFIXIAAZV6p.jpg,,,,,,,[],,,,
703944900304355328,703944900304355328,2016-02-28 09:08:37 EST,2016-02-28,09:08:37,-0400,364751555,khonkonen,Krister Honkonen,,"#Climate Change Is All Too Real in #Kenya, Where #Drought and Famine Affect Millions  https://t.co/bpmiN8UD8M via @350 #climatechange",en,"[{'screen_name': '350', 'name': '350 dot org', 'id': '14266598'}]",['https://globalvoices.org/2016/02/28/climate-change-is-all-too-real-in-kenya-where-drought-and-famine-affect-millions/'],[],0,1,0,"['climate', 'kenya', 'drought', 'climatechange']",[],https://twitter.com/KHonkonen/status/703944900304355328,False,,0,,,,,,,,[],,,,
703940424323481600,703940424323481600,2016-02-28 08:50:50 EST,2016-02-28,08:50:50,-0400,484642095,pak7news,Pak7News,,تھرپارکر:مٹھی کےسول ہسپتال میں مزید 3 بچے چل بسے، رواں سال دو مہینوں میں ہلاکتوں کی تعداد195 ہو گئی  #Thar #drought  https://t.co/fWzjIPhr1W,ur,[],[],['https://pbs.twimg.com/media/CcS0OWkWAAAH4aZ.jpg'],0,0,0,"['thar', 'drought']",[],https://twitter.com/Pak7News/status/703940424323481600,False,,1,https://pbs.twimg.com/media/CcS0OWkWAAAH4aZ.jpg,,,,,,,[],,,,
703939263478439937,703939263478439937,2016-02-28 08:46:13 EST,2016-02-28,08:46:13,-0400,323985276,gcmcdrought,gcmc Drought,,"Sudan: Central Darfur, Sudan Food Security Monitoring, November 2015  https://t.co/YlHCNAmV3M #drought",in,[],['http://bit.ly/1phFlbz'],[],0,0,0,['drought'],[],https://twitter.com/gcmcDrought/status/703939263478439937,False,,0,,,,,,,,[],,,,
703939262417231872,703939262417231872,2016-02-28 08:46:13 EST,2016-02-28,08:46:13,-0400,323985276,gcmcdrought,gcmc Drought,,"Sudan: East Darfur, Sudan Food Security Monitoring, November 2015  https://t.co/sZayYZiHdq #drought",in,[],['http://bit.ly/1phFkVj'],[],0,0,0,['drought'],[],https://twitter.com/gcmcDrought/status/703939262417231872,False,,0,,,,,,,,[],,,,
703939018338258948,703928472654241792,2016-02-28 08:45:15 EST,2016-02-28,08:45:15,-0400,56109271,annewareham,Anne Wareham,,@SeeWhyGardens Terrible! It hasn't rained for at least two days here! #drought #crisis,en,[],[],[],1,0,1,"['drought', 'crisis']",[],https://twitter.com/AnneWareham/status/703939018338258948,False,,0,,,,,,,,[],,,,
703935993360084993,703935993360084993,2016-02-28 08:33:13 EST,2016-02-28,08:33:13,-0400,1274926266,citoyen_djib,Citoyen Djiboutien,,Horn of Africa: the devastating and persistent #drought in #Somalia  https://t.co/13lqjcovlI,en,[],['http://www.abc.net.au/correspondents/content/2016/s4414969.htm'],[],0,0,0,"['drought', 'somalia']",[],https://twitter.com/Citoyen_Djib/status/703935993360084993,False,,0,,,,,,,,[],,,,
703935200414150656,703935200414150656,2016-02-28 08:30:04 EST,2016-02-28,08:30:04,-0400,22166017,ejfoundation,Environmental Justice Foundation,,#SolarEnergy - great strategy during #drought as it only uses 0.03 gallons water per kWh  https://t.co/wrILxG5G2C @JessicaHrdcstle,en,"[{'screen_name': 'jessicahrdcstle', 'name': 'jessica hardcastle', 'id': '426787562'}]",['http://bit.ly/1RNdj2T'],[],0,0,1,"['solarenergy', 'drought']",[],https://twitter.com/ejfoundation/status/703935200414150656,False,,0,,,,,,,,[],,,,
703927798042378240,703927798042378240,2016-02-28 08:00:40 EST,2016-02-28,08:00:40,-0400,52119056,pablorodas,Pablo Rodas-Martini,,Who would have said a century ago: #rescue of #elephants to far away places because of a #drought.   https://t.co/0KMvHfPKnx,en,[],['https://twitter.com/guardianeco/status/703159716055101441'],[],0,3,2,"['rescue', 'elephants', 'drought']",[],https://twitter.com/pablorodas/status/703927798042378240,False,https://twitter.com/guardianeco/status/703159716055101441,0,,,,,,,,[],,,,
703918964754100225,703918964754100225,2016-02-28 07:25:34 EST,2016-02-28,07:25:34,-0400,233465425,strauchanside,Zac Fisher’s mullet,,"The total summer rainfall in #Ballarat has been 75.2mm, barely 56% of the long term average of 133.8mm. #Drought #ClimateChange",en,[],[],[],0,0,0,"['ballarat', 'drought', 'climatechange']",[],https://twitter.com/Strauchanside/status/703918964754100225,False,,0,,,,,,,,[],,,,
703916079907782656,703916079907782656,2016-02-28 07:14:06 EST,2016-02-28,07:14:06,-0400,52537609,agmagnus,Magnus Ag,,Robert Mugabe eats giant cake at birthday party in #drought zone  https://t.co/R23TLNHaI4 #Zimbabwe,en,[],['http://gu.com/p/4h5hp/stw'],[],0,3,0,"['drought', 'zimbabwe']",[],https://twitter.com/AgMagnus/status/703916079907782656,False,,0,,,,,,,,[],,,,
703914863647707137,703914863647707137,2016-02-28 07:09:16 EST,2016-02-28,07:09:16,-0400,130447367,tarun4ihm,Bahubali,,"#Mugabe eats cake, country #starves #Zimbabwe #drought   https://t.co/trsyChzokV",en,[],['http://www.cnn.com/2016/02/28/africa/mugabe-92nd-birthday/index.html'],[],0,0,0,"['mugabe', 'starves', 'zimbabwe', 'drought']",[],https://twitter.com/tarun4ihm/status/703914863647707137,False,,0,,,,,,,,[],,,,
703912121248002048,703912121248002048,2016-02-28 06:58:22 EST,2016-02-28,06:58:22,-0400,323985276,gcmcdrought,gcmc Drought,,"Sudan: North Darfur, Sudan Food Security Monitoring, November 2015  https://t.co/ZpmVklg2eG #drought",in,[],['http://bit.ly/1KUkDIP'],[],0,1,0,['drought'],[],https://twitter.com/gcmcDrought/status/703912121248002048,False,,0,,,,,,,,[],,,,
703912120497274880,703912120497274880,2016-02-28 06:58:22 EST,2016-02-28,06:58:22,-0400,323985276,gcmcdrought,gcmc Drought,,"Sudan: South Darfur, Sudan Food Security Monitoring, November 2015  https://t.co/nlLUIV2NYX #drought",in,[],['http://bit.ly/1KUkDsr'],[],0,0,0,['drought'],[],https://twitter.com/gcmcDrought/status/703912120497274880,False,,0,,,,,,,,[],,,,
703912119587090432,703912119587090432,2016-02-28 06:58:22 EST,2016-02-28,06:58:22,-0400,323985276,gcmcdrought,gcmc Drought,,"Sudan: West Darfur, Sudan Food Security Monitoring, November 2015  https://t.co/sRHzCfiIeK #drought",in,[],['http://bit.ly/1KUkDsm'],[],0,0,0,['drought'],[],https://twitter.com/gcmcDrought/status/703912119587090432,False,,0,,,,,,,,[],,,,
703904005689180160,703904005689180160,2016-02-28 06:26:07 EST,2016-02-28,06:26:07,-0400,74447139,unccd,UN Convention to Combat Desertification,,#Namibia to host #drought conference in partnership with @UNCCD.   https://t.co/Vpuo5tA61V  https://t.co/R3tW0R2njF,en,"[{'screen_name': 'unccd', 'name': 'un convention to combat desertification', 'id': '74447139'}]",['https://www.newera.com.na/2016/02/25/namibia-host-drought-conference-2/'],['https://pbs.twimg.com/media/CcDoauCW0AAE-g_.jpg'],0,6,5,"['namibia', 'drought']",[],https://twitter.com/UNCCD/status/703904005689180160,False,,1,https://pbs.twimg.com/media/CcDoauCW0AAE-g_.jpg,,,,,,,[],,,,
703903489370402816,703903489370402816,2016-02-28 06:24:04 EST,2016-02-28,06:24:04,-0400,37190292,ruwanijourno,𝚁𝚞𝚠𝚊𝚗𝚒 𝙿𝚎𝚛𝚎𝚛𝚊,,Like a pig eating from a trough while his people starve #drought #havesandhavenot  https://t.co/IdhAyuSJ48,en,[],['https://twitter.com/guardian/status/703883010253398016'],[],0,1,1,"['drought', 'havesandhavenot']",[],https://twitter.com/ruwanijourno/status/703903489370402816,False,https://twitter.com/guardian/status/703883010253398016,0,,,,,,,,[],,,,
703890058194132993,703890058194132993,2016-02-28 05:30:42 EST,2016-02-28,05:30:42,-0400,108995096,rnfrstall_uk,Rainforest Alliance UK,,"As Zambia loses the battle to save its #forests, #drought adds fuel to the fire:  https://t.co/3JNaJwnDXW by @i_amten  https://t.co/velTLCO5bW",en,"[{'screen_name': 'i_amten', 'name': 'tendai marima', 'id': '27060731'}]",['http://reut.rs/1XPwxFy'],['https://pbs.twimg.com/media/CcS4RyZWEAAvaBF.jpg'],1,7,2,"['forests', 'drought']",[],https://twitter.com/RnfrstAll_UK/status/703890058194132993,False,,1,https://pbs.twimg.com/media/CcS4RyZWEAAvaBF.jpg,,,,,,,[],,,,
703889640168656896,703889640168656896,2016-02-28 05:29:02 EST,2016-02-28,05:29:02,-0400,2418864888,cpimtelangana,cpimtelangana,,#Drought కరువు గోస -------------- కన్నెకంటి మారయ్యది(55) ఎస్సీ సామాజిక వర్గం. ఊర్లో పనుల్లేక పిల్లల్ని వదిలేసి...  https://t.co/OWetpIMwwN,te,[],['http://fb.me/10sdNo5wF'],[],0,2,0,['drought'],[],https://twitter.com/cpimtelangana/status/703889640168656896,False,,0,,,,,,,,[],,,,
703886120757628928,703886120757628928,2016-02-28 05:15:03 EST,2016-02-28,05:15:03,-0400,39790996,thelmaetim1,Thelma Etim,,#RobertMugabe eats giant cake at birthday party in #drought zone  https://t.co/pa15QLmgwO,en,[],['http://gu.com/p/4h5hp/stw'],[],0,0,0,"['robertmugabe', 'drought']",[],https://twitter.com/ThelmaEtim1/status/703886120757628928,False,,0,,,,,,,,[],,,,
703885900502147072,703885900502147072,2016-02-28 05:14:10 EST,2016-02-28,05:14:10,-0400,3301926908,gridpointwx,GridPointWeather,,Robert Mugabe eats giant cake at birthday party in #drought zone  https://t.co/XGdHSsP5Za,en,[],['http://tw4m.co/irt9b'],[],0,0,0,['drought'],[],https://twitter.com/gridpointwx/status/703885900502147072,False,,0,,,,,,,,[],,,,
703885892721713152,703885892721713152,2016-02-28 05:14:09 EST,2016-02-28,05:14:09,-0400,3111226033,timmelino,Tim Melino,,Robert Mugabe eats giant cake at birthday party in #drought zone  https://t.co/pdYnxhBpdu,en,[],['http://tw4m.co/irt9b'],[],0,0,0,['drought'],[],https://twitter.com/TimMelino/status/703885892721713152,False,,0,,,,,,,,[],,,,
703885602526257152,703885602526257152,2016-02-28 05:12:59 EST,2016-02-28,05:12:59,-0400,34893273,nawaiwaqt_,Daily Nawa-i-Waqt,,تھرپارکر:مٹھی کے سول ہسپتال میں مزید 3 بچے چل بسے، رواں سال دو مہینوں میں ہلاکتوں کی تعداد195 ہو گئی  #Thar #drought  https://t.co/k0FAfv9wIe,ur,[],[],['https://pbs.twimg.com/media/CcS0OWkWAAAH4aZ.jpg'],0,0,2,"['thar', 'drought']",[],https://twitter.com/Nawaiwaqt_/status/703885602526257152,False,,1,https://pbs.twimg.com/media/CcS0OWkWAAAH4aZ.jpg,,,,,,,[],,,,
703884370524790784,703884370524790784,2016-02-28 05:08:06 EST,2016-02-28,05:08:06,-0400,295713773,trf,Thomson Reuters Foundation,,"#Mugabe: None will starve in #drought &amp; refuses ""filthy aid"" tied to #LGBT rights  https://t.co/qeec5XumEY #Zimbabwe  https://t.co/vpCplZ7uve",en,[],['http://tmsnrt.rs/1XSnuDS'],['https://pbs.twimg.com/media/CcR8a7jUkAASuCa.jpg'],0,5,1,"['mugabe', 'drought', 'lgbt', 'zimbabwe']",[],https://twitter.com/TRF/status/703884370524790784,False,,1,https://pbs.twimg.com/media/CcR8a7jUkAASuCa.jpg,,,,,,,[],,,,
703884366003306498,703884366003306498,2016-02-28 05:08:05 EST,2016-02-28,05:08:05,-0400,15762575,trf_stories,Thomson Reuters Foundation News,,"#Mugabe: None will starve in #drought &amp; refuses ""filthy aid"" tied to #LGBT rights  https://t.co/7HkMBntKC6 #Zimbabwe  https://t.co/V4sNsnijch",en,[],['http://tmsnrt.rs/1XSnuDS'],['https://pbs.twimg.com/media/CcR8arKVIAAyM9i.jpg'],0,4,0,"['mugabe', 'drought', 'lgbt', 'zimbabwe']",[],https://twitter.com/TRF_Stories/status/703884366003306498,False,,1,https://pbs.twimg.com/media/CcR8arKVIAAyM9i.jpg,,,,,,,[],,,,
703884357665058816,703884357665058816,2016-02-28 05:08:03 EST,2016-02-28,05:08:03,-0400,89711639,trf_climate,TRF Climate,,"#Mugabe: None will starve in #drought &amp; refuses ""filthy aid"" tied to #LGBT rights  https://t.co/QLFUa8q6aN #Zimbabwe  https://t.co/AZQfZuDBun",en,[],['http://tmsnrt.rs/1XSnuDS'],['https://pbs.twimg.com/media/CcR8aw0VIAIJdrq.jpg'],0,1,0,"['mugabe', 'drought', 'lgbt', 'zimbabwe']",[],https://twitter.com/TRF_Climate/status/703884357665058816,False,,1,https://pbs.twimg.com/media/CcR8aw0VIAIJdrq.jpg,,,,,,,[],,,,
703884299393765376,703884299393765376,2016-02-28 05:07:49 EST,2016-02-28,05:07:49,-0400,2839496165,resiliencekenya,Resilience Kenya,,Ethiopia’s drought: On the edge of disaster  https://t.co/hyV8MKRGAT via @TheEconomist #Disasters #Drought #SFDRR,en,"[{'screen_name': 'theeconomist', 'name': 'the economist', 'id': '5988062'}]",['http://econ.st/1QHELQJ'],[],0,2,1,"['disasters', 'drought', 'sfdrr']",[],https://twitter.com/ResilienceKenya/status/703884299393765376,False,,0,,,,,,,,[],,,,
703881664322097152,703881664322097152,2016-02-28 04:57:20 EST,2016-02-28,04:57:20,-0400,2552806368,itsgardningtime,itsgardeningtime,,#Drought-Tolerant #Vinca Low Maintenance! #flowers  https://t.co/9tqXQoJonG #gardendc See video!  https://t.co/8yIyjItm1q,fr,[],['http://itsgardeningtime.com/?p=506'],['https://pbs.twimg.com/media/CcSwpOgUEAEvFhM.jpg'],0,0,0,"['drought', 'vinca', 'flowers', 'gardendc']",[],https://twitter.com/itsgardningtime/status/703881664322097152,False,,1,https://pbs.twimg.com/media/CcSwpOgUEAEvFhM.jpg,,,,,,,[],,,,
703873836585000960,703873836585000960,2016-02-28 04:26:14 EST,2016-02-28,04:26:14,-0400,359663498,officialsitso,SITSO,,Higuain hasn't scored in his last three games for Napoli. #Drought.,en,[],[],[],0,0,0,['drought'],[],https://twitter.com/OfficialSitso/status/703873836585000960,False,,0,,,,,,,,[],,,,
703862716126068736,703862716126068736,2016-02-28 03:42:03 EST,2016-02-28,03:42:03,-0400,2834905306,ocha_ethiopia,UN OCHA Ethiopia,,"For more information on #Ethiopia's #drought response, go to  https://t.co/GxRI09onBU  https://t.co/CM6HXVeMZV",en,[],['https://www.humanitarianresponse.info/en/operations/ethiopia'],['https://pbs.twimg.com/media/CcSfaNOUYAAfqLe.jpg'],0,4,0,"['ethiopia', 'drought']",[],https://twitter.com/OCHA_Ethiopia/status/703862716126068736,False,,1,https://pbs.twimg.com/media/CcSfaNOUYAAfqLe.jpg,,,,,,,[],,,,
703857138544685056,703857138544685056,2016-02-28 03:19:53 EST,2016-02-28,03:19:53,-0400,145167689,lwazistos,Lwazisto,,I wrote a piece on water scarcity &amp; #Drought to @KemptonExpress. This is their response. #SADrought @carteblanchetv  https://t.co/EnrDFkGsfE,en,"[{'screen_name': 'kemptonexpress', 'name': 'kempton express', 'id': '185103713'}, {'screen_name': 'carteblanchetv', 'name': 'carte blanche', 'id': '122066148'}]",[],['https://pbs.twimg.com/media/CcSaUO-UEAEIj6G.jpg'],1,1,0,"['drought', 'sadrought']",[],https://twitter.com/Lwazistos/status/703857138544685056,False,,1,https://pbs.twimg.com/media/CcSaUO-UEAEIj6G.jpg,,,,,,,[],,,,
703850655262253056,703850655262253056,2016-02-28 02:54:07 EST,2016-02-28,02:54:07,-0400,185234119,capecontours,Cape Contours,,Tips to save water via @capecontours. #savewater #waterwise #drought #doyourpart -  https://t.co/WHWlJ0yGbt  https://t.co/B0QsdzYzFr,en,"[{'screen_name': 'capecontours', 'name': 'cape contours', 'id': '185234119'}]",['http://bit.ly/1IWGkBl'],['https://pbs.twimg.com/media/Cb9uKM8WoAAmwhx.jpg'],0,0,0,"['savewater', 'waterwise', 'drought', 'doyourpart']",[],https://twitter.com/capecontours/status/703850655262253056,False,,1,https://pbs.twimg.com/media/Cb9uKM8WoAAmwhx.jpg,,,,,,,[],,,,
703846332482519044,703229723028037632,2016-02-28 02:36:57 EST,2016-02-28,02:36:57,-0400,2902468335,thechance2b,BeTheChange,,#unsustainable #population-&gt; @SuzanneYork #Drought adds fuel to #fire-#Zambia  https://t.co/uzT8qRBOph @TR_Foundation  https://t.co/xLSJPnOCu6,en,"[{'screen_name': 'suzanneyork', 'name': 'suzanne york', 'id': '306401901'}, {'screen_name': 'tr_foundation', 'name': 'teddy roosevelt foundation', 'id': '1353952904915406848'}]",['http://www.trust.org/item/20160225112928-17dzw/?source=shtw'],['https://pbs.twimg.com/media/CcSQgkvUkAE4ihk.jpg'],0,0,0,"['unsustainable', 'population', 'drought', 'fire', 'zambia']",[],https://twitter.com/thechance2b/status/703846332482519044,False,,1,https://pbs.twimg.com/media/CcSQgkvUkAE4ihk.jpg,,,,,,,[],,,,
703845188158947328,703845188158947328,2016-02-28 02:32:24 EST,2016-02-28,02:32:24,-0400,2961749113,bharattoday,Bharat Today,,ఈ ఏడాది అక్కడ పెళ్లిళ్లు జరగవు... కారణం ఏంటంటే? #majalgaon  #women #maharashtra #drought   https://t.co/pOGJaMtKbl  https://t.co/JZtKr1bXOu,te,[],['http://bit.ly/1QEvGll'],['https://pbs.twimg.com/media/CcSPd6MUcAIBq-X.jpg'],0,0,0,"['majalgaon', 'women', 'maharashtra', 'drought']",[],https://twitter.com/BharatToday/status/703845188158947328,False,,1,https://pbs.twimg.com/media/CcSPd6MUcAIBq-X.jpg,,,,,,,[],,,,
703839586007388160,703839586007388160,2016-02-28 02:10:08 EST,2016-02-28,02:10:08,-0400,3830415194,agcofca,AGC of California,,14 Tips to Spring Gardening During Drought  https://t.co/44Y6OV6qpB #Landscaping #HomeImprovement #Drought  https://t.co/GDzEgzJMAg,en,[],['http://buff.ly/1RXMCbL'],['https://pbs.twimg.com/media/CcSKX7JUAAAIyKy.jpg'],0,0,1,"['landscaping', 'homeimprovement', 'drought']",[],https://twitter.com/AGCofCA/status/703839586007388160,False,,1,https://pbs.twimg.com/media/CcSKX7JUAAAIyKy.jpg,,,,,,,[],,,,
703836349061664769,703834785886539777,2016-02-28 01:57:16 EST,2016-02-28,01:57:16,-0400,2960112965,charmskill,Fascinated Mom,,@nccourier #R102protest #drought @pigspotkzn Avoid,en,"[{'screen_name': 'pigspotkzn', 'name': 'pig spotter kzn', 'id': '177154831'}]",[],[],0,0,0,"['r102protest', 'drought']",[],https://twitter.com/charmskill/status/703836349061664769,False,,0,,,,,,,,[],,,,
703834785886539777,703834785886539777,2016-02-28 01:51:04 EST,2016-02-28,01:51:04,-0400,1076689734,nccourier,North Coast Courier,,BREAKING NEWS: R102 near Mandeni burns for water  https://t.co/W0SujQpjOR #R102protest #drought  https://t.co/lqIiyYfCio,en,[],['http://bit.ly/1XSqlNc'],['https://pbs.twimg.com/media/CcSGAYBUEAIl778.jpg'],2,5,0,"['r102protest', 'drought']",[],https://twitter.com/nccourier/status/703834785886539777,False,,1,https://pbs.twimg.com/media/CcSGAYBUEAIl778.jpg,,,,,,,[],,,,
703834472861405184,703834472861405184,2016-02-28 01:49:49 EST,2016-02-28,01:49:49,-0400,1315464918,merced_calif,Merced,,Think rain! #CAdrought #drought  https://t.co/6QRpRPoALf,en,[],[],['https://pbs.twimg.com/media/CcSFuTfVIAA1Mm0.jpg'],0,0,1,"['cadrought', 'drought']",[],https://twitter.com/Merced_Calif/status/703834472861405184,False,,1,https://pbs.twimg.com/media/CcSFuTfVIAA1Mm0.jpg,,,,,,,[],,,,
703831535032512512,703831535032512512,2016-02-28 01:38:09 EST,2016-02-28,01:38:09,-0400,16626964,rooble2009,Rooble Mohamed,,Horn of Africa: the devastating and persistent drought in Somalia  https://t.co/Wa3bc7jvfy #Somalia #drought,en,[],['http://www.abc.net.au/correspondents/content/2016/s4414969.htm'],[],0,2,2,"['somalia', 'drought']",[],https://twitter.com/Rooble2009/status/703831535032512512,False,,0,,,,,,,,[],,,,
703823042179239937,703823042179239937,2016-02-28 01:04:24 EST,2016-02-28,01:04:24,-0400,828016669,mackillopgroup,MFMG,,@SA_PIRSA is hosting workshops in the Upper SE #drought mgmnt issues #facilitate peer support among farmers.  https://t.co/9QcX2B8Q2l,en,[],['http://www.mackillopgroup.com.au/pages/posts/use-drought-workshops-125.php'],[],0,1,0,"['drought', 'facilitate']",[],https://twitter.com/MacKillopGroup/status/703823042179239937,False,,0,,,,,,,,[],,,,
703822936927395841,703822936927395841,2016-02-28 01:03:59 EST,2016-02-28,01:03:59,-0400,89711639,trf_climate,TRF Climate,,#Zimbabwe Pres #Mugabe marks his 92nd bday w/ $1mln party in #drought-stricken area  https://t.co/QLFUa8q6aN  https://t.co/uNUtu98mc7,en,[],['http://tmsnrt.rs/1XSnuDS'],['https://pbs.twimg.com/media/CcR7NR3UUAAhVDb.jpg'],0,1,1,"['zimbabwe', 'mugabe', 'drought']",[],https://twitter.com/TRF_Climate/status/703822936927395841,False,,1,https://pbs.twimg.com/media/CcR7NR3UUAAhVDb.jpg,,,,,,,[],,,,
703822936893820928,703822936893820928,2016-02-28 01:03:59 EST,2016-02-28,01:03:59,-0400,15762575,trf_stories,Thomson Reuters Foundation News,,#Zimbabwe Pres #Mugabe marks his 92nd bday w/ $1mln party in #drought-stricken area  https://t.co/7HkMBntKC6  https://t.co/lr0yjsH3yr,en,[],['http://tmsnrt.rs/1XSnuDS'],['https://pbs.twimg.com/media/CcR7M7mVIAE7-X5.jpg'],0,1,0,"['zimbabwe', 'mugabe', 'drought']",[],https://twitter.com/TRF_Stories/status/703822936893820928,False,,1,https://pbs.twimg.com/media/CcR7M7mVIAE7-X5.jpg,,,,,,,[],,,,
703822936868687872,703822936868687872,2016-02-28 01:03:59 EST,2016-02-28,01:03:59,-0400,295713773,trf,Thomson Reuters Foundation,,#Zimbabwe Pres #Mugabe marks his 92nd bday w/ $1mln party in #drought-stricken area  https://t.co/qeec5XumEY  https://t.co/aJdb01it9P,en,[],['http://tmsnrt.rs/1XSnuDS'],['https://pbs.twimg.com/media/CcR7NdDUUAAVZJ1.jpg'],0,2,0,"['zimbabwe', 'mugabe', 'drought']",[],https://twitter.com/TRF/status/703822936868687872,False,,1,https://pbs.twimg.com/media/CcR7NdDUUAAVZJ1.jpg,,,,,,,[],,,,
703821576437764097,703821576437764097,2016-02-28 00:58:34 EST,2016-02-28,00:58:34,-0400,4775248213,abbeyscott16,Abbey Scott △̶,,Already in a sensitive situation w/ #drought! #stopfracking #GoSolar @sierraclub   https://t.co/rlGUmlGvie,en,"[{'screen_name': 'sierraclub', 'name': 'sierra club', 'id': '34113439'}]",['https://twitter.com/sierraclub/status/703776650945798146'],[],0,0,0,"['drought', 'stopfracking', 'gosolar']",[],https://twitter.com/AbbeyScott16/status/703821576437764097,False,https://twitter.com/sierraclub/status/703776650945798146,0,,,,,,,,[],,,,
703821572981665792,703781173793656833,2016-02-28 00:58:34 EST,2016-02-28,00:58:34,-0400,338189421,smeintjes,Schalk Meintjes,,@kyle2lazyK  Wish that was in South Africa.  Some farmers need that extra bale.  #sadrought #rainmustfall #droughtdisasterrelief #drought,en,[],[],[],0,0,0,"['sadrought', 'rainmustfall', 'droughtdisasterrelief', 'drought']",[],https://twitter.com/SMeintjes/status/703821572981665792,False,,0,,,,,,,,[],,,,
703808763816357888,703808763816357888,2016-02-28 00:07:40 EST,2016-02-28,00:07:40,-0400,164348581,mmsfoceanbeach,Mike Murphy ☘️ 🌻 麥可飛,,Amazing how every article on #drought ignores the water cycle. Watering urban trees not a waste. Big Ag=big waster.  https://t.co/7Jxiq8sdaD,en,[],['https://twitter.com/washingtonpost/status/703806005415694339'],[],0,0,0,['drought'],[],https://twitter.com/MMSFOceanBeach/status/703808763816357888,False,https://twitter.com/washingtonpost/status/703806005415694339,0,,,,,,,,[],,,,
703802768859893760,703802768859893760,2016-02-27 23:43:50 EST,2016-02-27,23:43:50,-0400,46383081,peerjournalist,Peer Mohamed Azees Maryam,,’நாங்கள் திருமணம் செய்து கொள்ளமாட்டோம்’  https://t.co/YDx1tZ6nde  #women #marry #drought #FinancialCrisis  https://t.co/1j3W2wuf6g,ta,[],"['http://bit.ly/1T3ifBW', 'http://fb.me/2HCwbXmOW']",[],0,0,0,"['women', 'marry', 'drought', 'financialcrisis']",[],https://twitter.com/peerjournalist/status/703802768859893760,False,,0,,,,,,,,[],,,,
703802695426011136,703802695426011136,2016-02-27 23:43:33 EST,2016-02-27,23:43:33,-0400,3259569392,ippodhu,Ippodhu,,’நாங்கள் திருமணம் செய்து கொள்ளமாட்டோம்’  https://t.co/5uam6G3nJp  #women #marry #drought #FinancialCrisis,ta,[],['http://bit.ly/1T3ifBW'],[],0,0,0,"['women', 'marry', 'drought', 'financialcrisis']",[],https://twitter.com/ippodhu/status/703802695426011136,False,,0,,,,,,,,[],,,,
703802443180560384,703802443180560384,2016-02-27 23:42:33 EST,2016-02-27,23:42:33,-0400,46383081,peerjournalist,Peer Mohamed Azees Maryam,,’நாங்கள் திருமணம் செய்து கொள்ளமாட்டோம்’  https://t.co/YDx1tZ6nde #women #marry #drought #FinancialCrisis...  https://t.co/pKdYQFgXMB,ta,[],"['http://bit.ly/1T3ifBW', 'http://fb.me/7KUUoAorV']",[],0,0,0,"['women', 'marry', 'drought', 'financialcrisis']",[],https://twitter.com/peerjournalist/status/703802443180560384,False,,0,,,,,,,,[],,,,
703802383311056898,703802383311056898,2016-02-27 23:42:18 EST,2016-02-27,23:42:18,-0400,3259569392,ippodhu,Ippodhu,,’நாங்கள் திருமணம் செய்து கொள்ளமாட்டோம்’  https://t.co/5uam6G3nJp #women #marry #drought #FinancialCrisis  https://t.co/5Z8EKXP0eC,ta,[],['http://bit.ly/1T3ifBW'],['https://pbs.twimg.com/media/CcRoiXtUcAACt-b.jpg'],0,0,0,"['women', 'marry', 'drought', 'financialcrisis']",[],https://twitter.com/ippodhu/status/703802383311056898,False,,1,https://pbs.twimg.com/media/CcRoiXtUcAACt-b.jpg,,,,,,,[],,,,
703802105262383104,703802105262383104,2016-02-27 23:41:12 EST,2016-02-27,23:41:12,-0400,341562769,shastri_prasad,Prasad Shastri,,"High time, Government explores diverting overflow of various Dams to #Drought area instead of releasing it into Arabian Sea",en,[],[],[],0,0,0,['drought'],[],https://twitter.com/shastri_prasad/status/703802105262383104,False,,0,,,,,,,,[],,,,
703801579439132673,703801579439132673,2016-02-27 23:39:07 EST,2016-02-27,23:39:07,-0400,43552780,pomarjunction,Pomar Junction,,California #drought: State to increase water deliveries  https://t.co/2ymnNL3dSs #CAdrought,en,[],['http://goo.gl/1hwhHK'],[],0,0,0,"['drought', 'cadrought']",[],https://twitter.com/pomarjunction/status/703801579439132673,False,,0,,,,,,,,[],,,,
703793601701019648,703793601701019648,2016-02-27 23:07:25 EST,2016-02-27,23:07:25,-0400,2653164709,icgebnewdelhi,"ICGEB, New Delhi",,Insights into #sorghum (#चारा) #miRNAs use in improving #drought #tolerance in #cereal #crops.  https://t.co/9tJF5AGYR0 @ICGEB @DBTIndia,en,"[{'screen_name': 'icgeb', 'name': 'icgeb official', 'id': '361249278'}, {'screen_name': 'dbtindia', 'name': 'biotechindia', 'id': '1243467265'}]",['http://www.sciencedirect.com/science/article/pii/S1567133X16300011'],[],0,2,4,"['sorghum', 'चारा', 'mirnas', 'drought', 'tolerance', 'cereal', 'crops']",[],https://twitter.com/ICGEBNewDelhi/status/703793601701019648,False,,0,,,,,,,,[],,,,
703792186970640385,703792186970640385,2016-02-27 23:01:47 EST,2016-02-27,23:01:47,-0400,332115237,paragjoshiindia,Parag Joshi,,"@PMOIndia   @HMOIndia Kill #terrorists. Do not #spend #money &amp; time on #court #trials,instead give #funds to #drought affected areas.",en,"[{'screen_name': 'hmoindia', 'name': 'गृहमंत्री कार्यालय, hmo india', 'id': '2541363451'}]",[],[],0,0,0,"['terrorists', 'spend', 'money', 'court', 'trials', 'funds', 'drought']",[],https://twitter.com/ParagJoshiIndia/status/703792186970640385,False,,0,,,,,,,,[],,,,
703791573427838976,703791573427838976,2016-02-27 22:59:21 EST,2016-02-27,22:59:21,-0400,332115237,paragjoshiindia,Parag Joshi,,"@BJPRajnathSingh  @HMOIndia Kill #terrorists. Do not #spend #money &amp; time on #court #trials,instead give #funds to #drought affected areas.",en,"[{'screen_name': 'hmoindia', 'name': 'गृहमंत्री कार्यालय, hmo india', 'id': '2541363451'}]",[],[],0,0,0,"['terrorists', 'spend', 'money', 'court', 'trials', 'funds', 'drought']",[],https://twitter.com/ParagJoshiIndia/status/703791573427838976,False,,0,,,,,,,,[],,,,
703790750320840704,703790750320840704,2016-02-27 22:56:05 EST,2016-02-27,22:56:05,-0400,323985276,gcmcdrought,gcmc Drought,,Nigeria: 'Feed and Read' offers alternative to Boko Haram for Nigerian boys  https://t.co/1Jezxg5QaX #drought,en,[],['http://bit.ly/1QPbjIz'],[],0,0,1,['drought'],[],https://twitter.com/gcmcDrought/status/703790750320840704,False,,0,,,,,,,,[],,,,
703790749347778560,703790749347778560,2016-02-27 22:56:05 EST,2016-02-27,22:56:05,-0400,323985276,gcmcdrought,gcmc Drought,,Thailand: MOAC to take measures to prevent water shortages in 28 provinces  https://t.co/9qFsb3VEj3 #drought,en,[],['http://bit.ly/21Alrq7'],[],0,0,0,['drought'],[],https://twitter.com/gcmcDrought/status/703790749347778560,False,,0,,,,,,,,[],,,,
703790748261445632,703790748261445632,2016-02-27 22:56:04 EST,2016-02-27,22:56:04,-0400,323985276,gcmcdrought,gcmc Drought,,Thailand: Govt confirms enough water for consumption throughout dry season  https://t.co/sgupFO59AP #drought,en,[],['http://bit.ly/1QPbmEk'],[],0,0,0,['drought'],[],https://twitter.com/gcmcDrought/status/703790748261445632,False,,0,,,,,,,,[],,,,
703790747409977344,703790747409977344,2016-02-27 22:56:04 EST,2016-02-27,22:56:04,-0400,323985276,gcmcdrought,gcmc Drought,,Thailand: Thailand plans steps worth $285 million to help drought-hit rice farmers  https://t.co/LX9uENBoo0 #drought,en,[],['http://bit.ly/1QPbmEi'],[],0,0,0,['drought'],[],https://twitter.com/gcmcDrought/status/703790747409977344,False,,0,,,,,,,,[],,,,
703789378485805056,703789378485805056,2016-02-27 22:50:38 EST,2016-02-27,22:50:38,-0400,2730333853,riserealtyca,riserealtyca,,Just found this helpful #waterwiselandscaping idea  https://t.co/PPoBitQWfj #waterwise #drought,en,[],['http://ift.tt/1oPGIyr'],[],0,0,0,"['waterwiselandscaping', 'waterwise', 'drought']",[],https://twitter.com/RiseRealtyCa/status/703789378485805056,False,,0,,,,,,,,[],,,,
703788788544241664,703788788544241664,2016-02-27 22:48:17 EST,2016-02-27,22:48:17,-0400,1036721035,5bubles,Daisy Buble,,CA regulator asks #EPA2 allow #OilDrilling &amp;wastewater disposal in a protected aquifer near San Luis Obispo  https://t.co/RbVSemlxHA #Drought,en,[],['http://goo.gl/Hn4Myl'],[],0,0,0,"['epa2', 'oildrilling', 'drought']",[],https://twitter.com/5bubles/status/703788788544241664,False,,0,,,,,,,,[],,,,
703787827381690368,703787827381690368,2016-02-27 22:44:28 EST,2016-02-27,22:44:28,-0400,332115237,paragjoshiindia,Parag Joshi,,@Dev_Fadnavis @PMOIndia #Drought may tk toll on #animal #population&amp; disturb crucial #eco#balance.Last minute effort may not succeed.Act now,en,"[{'screen_name': 'pmoindia', 'name': 'pmo india', 'id': '471741741'}]",[],[],0,0,0,"['drought', 'animal', 'population']",[],https://twitter.com/ParagJoshiIndia/status/703787827381690368,False,,0,,,,,,,,[],,,,
703786876151296004,703786876151296004,2016-02-27 22:40:41 EST,2016-02-27,22:40:41,-0400,332115237,paragjoshiindia,Parag Joshi,,@Dev_Fadnavis @PMOIndia This #Indian #summer pl take care of #drinking #water for #animals in #jungle. #Drought very severe this year.,en,"[{'screen_name': 'pmoindia', 'name': 'pmo india', 'id': '471741741'}]",[],[],0,0,0,"['indian', 'summer', 'drinking', 'water', 'animals', 'jungle', 'drought']",[],https://twitter.com/ParagJoshiIndia/status/703786876151296004,False,,0,,,,,,,,[],,,,
703774220011044864,703774220011044864,2016-02-27 21:50:24 EST,2016-02-27,21:50:24,-0400,2730333853,riserealtyca,riserealtyca,,Just found this helpful #waterwiselandscaping idea  https://t.co/uwsZ22GQvM #waterwise #drought,en,[],['http://ift.tt/1UrnKtQ'],[],0,0,0,"['waterwiselandscaping', 'waterwise', 'drought']",[],https://twitter.com/RiseRealtyCa/status/703774220011044864,False,,0,,,,,,,,[],,,,
703773092439412736,703773092439412736,2016-02-27 21:45:55 EST,2016-02-27,21:45:55,-0400,3241885442,naijaffer,Naizam Jaffer,,How will Native Americans in the Southwest adapt to serious impacts of #ClimateChange?  https://t.co/nlpXc9fwVi #drought,en,[],['http://po.st/JC2XRB'],[],0,0,0,"['climatechange', 'drought']",[],https://twitter.com/NaiJaffer/status/703773092439412736,False,,0,,,,,,,,[],,,,
703772907302838272,703772907302838272,2016-02-27 21:45:11 EST,2016-02-27,21:45:11,-0400,15771631,mrjefferystone,Mr Jeffery Stone,,#CleanWaterWednesday  Proposal 2 swap bullet train funds 4 #drought #Water #california  https://t.co/jAwzWaolyn …  https://t.co/Aq34yMz83D,en,[],['http://www.latimes.com/local/lanow/la-me-ln-bullet-train-ballot-20160215-story.html'],['https://pbs.twimg.com/media/Cb_YR7rUAAAG4IJ.jpg'],0,0,0,"['cleanwaterwednesday', 'drought', 'water', 'california']",[],https://twitter.com/MrJefferyStone/status/703772907302838272,False,,1,https://pbs.twimg.com/media/Cb_YR7rUAAAG4IJ.jpg,,,,,,,[],,,,
703767528699359232,703749568991637504,2016-02-27 21:23:48 EST,2016-02-27,21:23:48,-0400,703421872881270784,anonprettyworld,Pretty World,,You Need To Know - #Important #Information - Excellent For Sharing #Strange #Weather #Drought &amp; #Climate #Change #Lie #Global #Ecocide #War,en,[],[],[],0,0,1,"['important', 'information', 'strange', 'weather', 'drought', 'climate', 'change', 'lie', 'global', 'ecocide', 'war']",[],https://twitter.com/AnonPrettyWorld/status/703767528699359232,False,,0,,,,,,,,[],,,,
703763526574145537,703763526574145537,2016-02-27 21:07:54 EST,2016-02-27,21:07:54,-0400,323985276,gcmcdrought,gcmc Drought,,Thailand: 28 provinces currently at risk of water shortages  https://t.co/8725DcYJoC #drought,en,[],['http://bit.ly/1Qc0L2R'],[],0,0,0,['drought'],[],https://twitter.com/gcmcDrought/status/703763526574145537,False,,0,,,,,,,,[],,,,
703763525705961472,703763525705961472,2016-02-27 21:07:54 EST,2016-02-27,21:07:54,-0400,323985276,gcmcdrought,gcmc Drought,,Thailand: Tak beefs up drought relief as water shortages worsen  https://t.co/4k69WOfpxb #drought,en,[],['http://bit.ly/1Qc0L2N'],[],0,0,0,['drought'],[],https://twitter.com/gcmcDrought/status/703763525705961472,False,,0,,,,,,,,[],,,,
703757124371767298,703757124371767298,2016-02-27 20:42:28 EST,2016-02-27,20:42:28,-0400,11379612,simplyd,Denise Garratt,,"Growing up in California - Not ""wash me"" but ""please rain"" &amp; ""we need rain"" message. #drought  https://t.co/WyMojf8zhK",en,[],[],['https://pbs.twimg.com/media/CcQ_YBhUMAEBPbV.jpg'],0,0,2,['drought'],[],https://twitter.com/SimplyD/status/703757124371767298,False,,1,https://pbs.twimg.com/media/CcQ_YBhUMAEBPbV.jpg,,,,,,,[],,,,
703757111872741376,703757111872741376,2016-02-27 20:42:25 EST,2016-02-27,20:42:25,-0400,1939133288,sho_how,Shoshanna Howard,,There has been little El Nino rainfall to relieve #drought stricken California  https://t.co/9ThyaS4hxm,en,[],['http://www.vcstar.com/news/local/no-drought-buster-but-march-april-could-bring-rain-2b5e21c4-9fff-73f6-e053-0100007fd889-369492362.html'],[],1,0,1,['drought'],[],https://twitter.com/Sho_How/status/703757111872741376,False,,0,,,,,,,,[],,,,
703740432723763201,703738389091131392,2016-02-27 19:36:08 EST,2016-02-27,19:36:08,-0400,3111257815,rukiddingme3590,🇺🇸Douglas 🇬🇧,,@NWSSacramento Not for long 😕#drought #reservoirs #California #sierrasnowpack 😕,en,[],[],[],0,0,0,"['drought', 'reservoirs', 'california', 'sierrasnowpack']",[],https://twitter.com/rukiddingme3590/status/703740432723763201,False,,0,,,,,,,,[],,,,
703738157376733186,703738157376733186,2016-02-27 19:27:06 EST,2016-02-27,19:27:06,-0400,1129229316,carroll_annie,Carol lives in the desert now,,Ripping out your lawn? What a Master Gardener suggests to plant instead.   https://t.co/IoAVdPaHZ6 #drought  https://t.co/rtkPRjAQ8D,en,[],['http://hotgardens.net/replacing_your_lawn.htm'],['https://pbs.twimg.com/media/CcOy3zRWwAA4rx1.jpg'],0,0,0,['drought'],[],https://twitter.com/carroll_annie/status/703738157376733186,False,,1,https://pbs.twimg.com/media/CcOy3zRWwAA4rx1.jpg,,,,,,,[],,,,
703736769666273280,703736769666273280,2016-02-27 19:21:35 EST,2016-02-27,19:21:35,-0400,24345008,danavardphoto,Daniel AVard,,Good morning  #Chewton #bush #farm #rust #drought #WYMTM #sky #bushfire #shadow #landscape…  https://t.co/wOdeBXfb2C  https://t.co/gih4GhLgJl,en,[],['http://ift.tt/1oPrbyH'],['https://pbs.twimg.com/media/CcQs3QOWAAAicB3.jpg'],0,0,0,"['chewton', 'bush', 'farm', 'rust', 'drought', 'wymtm', 'sky', 'bushfire', 'shadow', 'landscape']",[],https://twitter.com/danavardphoto/status/703736769666273280,False,,1,https://pbs.twimg.com/media/CcQs3QOWAAAicB3.jpg,,,,,,,[],,,,
703736165866680321,703736165866680321,2016-02-27 19:19:11 EST,2016-02-27,19:19:11,-0400,21178748,thinkley,Trevor Hinkley,,"Some jerk put alcohol in all this water… Now I’m using my body to purify it for everyone else.  You’re welcome, California. #drought #beer",en,[],[],[],0,0,8,"['drought', 'beer']",[],https://twitter.com/thinkley/status/703736165866680321,False,,0,,,,,,,,[],,,,
703732786566287360,703732786566287360,2016-02-27 19:05:45 EST,2016-02-27,19:05:45,-0400,3250039302,nodropcarwash,NoDropCarWash,,State Water Project Allocations Doubled  https://t.co/WZ6A4rQI84 #savewater #cadrought #watercrisis #waterislife #waterconservation #drought,en,[],['http://agnetwest.com/2016/02/25/water-allocations/'],[],0,0,1,"['savewater', 'cadrought', 'watercrisis', 'waterislife', 'waterconservation', 'drought']",[],https://twitter.com/NoDropCarWash/status/703732786566287360,False,,0,,,,,,,,[],,,,
703731843581890561,703731843581890561,2016-02-27 19:02:00 EST,2016-02-27,19:02:00,-0400,20212944,cimmyt,CIMMYT,,Investment in scientific research is a key to overcoming #drought #ElNino says @KropffMartin  https://t.co/ZJHDDdY91b,en,"[{'screen_name': 'kropffmartin', 'name': 'martinkropff', 'id': '2824757505'}]",['http://bit.ly/1PY4Uah'],[],0,1,2,"['drought', 'elnino']",[],https://twitter.com/CIMMYT/status/703731843581890561,False,,0,,,,,,,,[],,,,
