id,conversation_id,created_at,date,time,timezone,user_id,username,name,place,tweet,language,mentions,urls,photos,replies_count,retweets_count,likes_count,hashtags,cashtags,link,retweet,quote_url,video,thumbnail,near,geo,source,user_rt_id,user_rt,retweet_id,reply_to,retweet_date,translate,trans_src,trans_dest
1234627500019339264,1234627500019339264,2020-03-02 18:51:48 EST,2020-03-02,18:51:48,-0400,22728698,makingenvirnews,Making Enviro News,,1 new specialist #report were added to @MakingEnvirNews  today - Global #Water Supply and Demand Trends Point Towards by @FDI_org #drought #environment #ClimateChange   https://t.co/Uj0XiCkXs7  https://t.co/h6jq0A8TkO,en,"[{'screen_name': 'makingenvirnews', 'name': 'making enviro news', 'id': '22728698'}, {'screen_name': 'fdi_org', 'name': 'future directions', 'id': '1637055379'}]",['https://www.makingenvironews.com/category/specialist-reports'],['https://pbs.twimg.com/media/ESJHDVOVAAASiyY.jpg'],0,0,0,"['report', 'water', 'drought', 'environment', 'climatechange']",[],https://twitter.com/MakingEnvirNews/status/1234627500019339264,False,,1,https://pbs.twimg.com/media/ESJHDVOVAAASiyY.jpg,,,,,,,[],,,,
1234626186648506368,1234626186648506368,2020-03-02 18:46:35 EST,2020-03-02,18:46:35,-0400,904943399312154624,catherinelourey,Catherine Lourey,,This roo is loving the rain - wet at Wilcannia #drought #WelcomeRain #hope ⁦@ahmrc⁩ ⁦@crrmhnsw⁩ ⁦@ThomasBrideson⁩ ⁦@jennicampbell9⁩ ⁦@JenKRoberts⁩ ⁦@timheffo⁩ ⁦@MHCNSW⁩ ⁦@pat_dudgeon⁩ ⁦@cbpatsisp⁩ ⁦@KerryArabena⁩  https://t.co/wcK7wBYuCy,en,"[{'screen_name': 'ahmrc', 'name': 'ah&mrc of nsw', 'id': '21792846'}, {'screen_name': 'crrmhnsw', 'name': 'crrmh', 'id': '2834809458'}, {'screen_name': 'thomasbrideson', 'name': 'thomas brideson', 'id': '964789809674792960'}, {'screen_name': 'jennicampbell9', 'name': 'jenni campbell', 'id': '757830146929795072'}, {'screen_name': 'jenkroberts', 'name': 'jen roberts', 'id': '3012189961'}, {'screen_name': 'timheffo', 'name': 'tim heffernan', 'id': '74430696'}, {'screen_name': 'pat_dudgeon', 'name': 'pat dudgeon', 'id': '1327220529221177344'}, {'screen_name': 'cbpatsisp', 'name': 'centre of best practice 🖤 💛 ❤️ prevention 💙 💚', 'id': '1062233071947149313'}, {'screen_name': 'kerryarabena', 'name': 'arabenakerry', 'id': '2155831784'}]",[],['https://pbs.twimg.com/media/ESJF9yXUUAAR1eb.jpg'],2,0,10,"['drought', 'welcomerain', 'hope']",[],https://twitter.com/CatherineLourey/status/1234626186648506368,False,,1,https://pbs.twimg.com/media/ESJF9yXUUAAR1eb.jpg,,,,,,,[],,,,
1234625093193482240,1234625093193482240,2020-03-02 18:42:15 EST,2020-03-02,18:42:15,-0400,145038129,nswfarmers,NSW Farmers,,Congrats to our farmers for holding up the value of Australian agricultural production despite #bushfires and prolonged #drought. @ABARES says farm production in fiscal 2019-20 was expected to fall only slightly to $59 billion&gt; https://t.co/gFM2xPbEoL #farmrecovery2020 #ausag  https://t.co/jIwNZbLRHM,en,"[{'screen_name': 'abares', 'name': 'abares', 'id': '239162872'}]",['https://bit.ly/2vpJzXI'],['https://pbs.twimg.com/media/ESJEsbTUYAArGfP.jpg'],2,5,28,"['bushfires', 'drought', 'farmrecovery2020', 'ausag']",[],https://twitter.com/NSWFarmers/status/1234625093193482240,False,,1,https://pbs.twimg.com/media/ESJEsbTUYAArGfP.jpg,,,,,,,[],,,,
1234619303959265280,1234619303959265280,2020-03-02 18:19:14 EST,2020-03-02,18:19:14,-0400,37170550,alileonardmc,Ali Leonard,,CONSERVING WATER any things you do ? #drought,en,[],[],[],2,0,0,['drought'],[],https://twitter.com/AliLeonardMC/status/1234619303959265280,False,,0,,,,,,,,[],,,,
1234618076219371520,1234618076219371520,2020-03-02 18:14:22 EST,2020-03-02,18:14:22,-0400,1066469350066937859,talsinstitute,TALS Institute,,#TALSInstitute calls for an independent #scientific body for #RandD and #reporting on #TheAustralianLandscapeScience and #NSF. #TALS #AustralianLandscape #science #BestPractice #RuralRenewal #drought #fires  #AusGov #NSWGov @PeterAndrewsOAM @QandA  https://t.co/3SidefP61M,en,"[{'screen_name': 'peterandrewsoam', 'name': 'peter andrews', 'id': '1016472779003052038'}, {'screen_name': 'qanda', 'name': 'qanda', 'id': '16213404'}]",['https://youtu.be/VDAtxn1zj94'],[],0,2,4,"['talsinstitute', 'scientific', 'randd', 'reporting', 'theaustralianlandscapescience', 'nsf', 'tals', 'australianlandscape', 'science', 'bestpractice', 'ruralrenewal', 'drought', 'fires', 'ausgov', 'nswgov']",[],https://twitter.com/TALSInstitute/status/1234618076219371520,False,,0,,,,,,,,[],,,,
1234617231495061505,1234617231495061505,2020-03-02 18:11:00 EST,2020-03-02,18:11:00,-0400,74413659,vinniesnsw,Vinnies NSW,,"As the devastating #drought continues, Vinnies will be distributing another round of $3000 drought grants on behalf of the Federal Government, and continue to provide support for those who need it.   For drought assistance go to  https://t.co/z0iyaWJLO3   https://t.co/CjQQi6LxcZ",en,[],"['https://buff.ly/3a0zaQM', 'https://buff.ly/3c4JzfX']",[],0,1,1,['drought'],[],https://twitter.com/VinniesNSW/status/1234617231495061505,False,,0,,,,,,,,[],,,,
1234616827478601730,1234616827478601730,2020-03-02 18:09:24 EST,2020-03-02,18:09:24,-0400,29546989,wsiconfexpo,WSI Conference,,"A typical #drought is a slow-motion catastrophe. But scientists are trying to figure out a phenomenon called a flash drought, which forms in as little as two weeks.   https://t.co/4sFG3p3eYh .@mrMattSimon via .@wired",en,"[{'screen_name': 'mrmattsimon', 'name': 'matt simon', 'id': '627923679'}, {'screen_name': 'wired', 'name': 'wired', 'id': '1344951'}]",['https://www.wired.com/story/flash-droughts/?utm_source=twitter&utm_medium=social&utm_campaign=onsite-share&utm_brand=wired&utm_social-type=earned'],[],0,0,0,['drought'],[],https://twitter.com/WSIConfExpo/status/1234616827478601730,False,,0,,,,,,,,[],,,,
1234610689915768834,1234610689915768834,2020-03-02 17:45:01 EST,2020-03-02,17:45:01,-0400,134012695,palmboy4444,Rosa Parks ❤🏳️‍🌈,,#Australia #summer now twiceAs long as #winter  #ClimateChange #heatwaves #drought #bushfires #storms #cyclones #floods #Climate #ParisAgreement #emissions #renewables #energy #wind #solar #hydro #batteries #lithium #EVs #StopAdani #coal #gas #oil #auspol  https://t.co/m9nIn1fwsE,en,[],['https://www.bbc.com/news/world-australia-51697803'],[],0,0,1,"['australia', 'summer', 'winter', 'climatechange', 'heatwaves', 'drought', 'bushfires', 'storms', 'cyclones', 'floods', 'climate', 'parisagreement', 'emissions', 'renewables', 'energy', 'wind', 'solar', 'hydro', 'batteries', 'lithium', 'evs', 'stopadani', 'coal', 'gas', 'oil', 'auspol']",[],https://twitter.com/palmboy4444/status/1234610689915768834,False,,0,,,,,,,,[],,,,
1234608073995456513,1234608073995456513,2020-03-02 17:34:37 EST,2020-03-02,17:34:37,-0400,749836779830652933,wateragg,Global Water Crisis,,"People have been dealing with water crises for a long time. There's a lot we can learn from traditional indigenous cultures, including low tech that works.  https://t.co/sUZhbGlchU #Peru #Andes #drought #WaterCrisis #Quechua #glaciers #ClimateChange #engineering #indigenous",en,[],['https://www.reuters.com/article/us-climate-change-peru-water-trfn/as-glaciers-shrink-peruvian-sisters-build-sacred-reservoirs-for-city-water-idUSKBN20P10Z'],[],0,3,2,"['peru', 'andes', 'drought', 'watercrisis', 'quechua', 'glaciers', 'climatechange', 'engineering', 'indigenous']",[],https://twitter.com/WaterAgg/status/1234608073995456513,False,,0,,,,,,,,[],,,,
1234607433164541952,1234607433164541952,2020-03-02 17:32:04 EST,2020-03-02,17:32:04,-0400,1086460286704340992,jessicaworboys,Jessica Worboys,,We can only hope! #drought #rain,en,[],[],[],0,1,4,"['drought', 'rain']",[],https://twitter.com/JessicaWorboys/status/1234607433164541952,False,https://twitter.com/BOM_NSW/status/1234242422558937093,0,,,,,,,,[],,,,
1234601866459328512,1234601866459328512,2020-03-02 17:09:57 EST,2020-03-02,17:09:57,-0400,172081908,jackthelad1947,John Pratt,,Australia warming more than rest of world: BoM #ClimateEmergency Demand #ClimateAction #ZeroEmissions A #GreenNewDeal #StopAdani join the #ExtinctionRebellion #Bushfires #Bleaching #Drought  https://t.co/Ekyc08JO5h,en,[],['https://climateactionaustralia.wordpress.com/2020/03/03/australia-warming-more-than-rest-of-world-bom-climateemergency-demand-climateaction-zeroemissions-a-greennewdeal-stopadani-join-the-extinctionrebellion-bushfires-bleaching-drought/'],[],0,4,0,"['climateemergency', 'climateaction', 'zeroemissions', 'greennewdeal', 'stopadani', 'extinctionrebellion', 'bushfires', 'bleaching', 'drought']",[],https://twitter.com/Jackthelad1947/status/1234601866459328512,False,,0,,,,,,,,[],,,,
1234601242422317056,1234558726146842626,2020-03-02 17:07:28 EST,2020-03-02,17:07:28,-0400,20067398,wheatabeat,Grim Up North,,"@oafcmemories In his pocket all game, home and away, weren’t you @GaryLineker? #drought 😉",en,"[{'screen_name': 'garylineker', 'name': 'gary lineker 💙', 'id': '471287735'}]",[],[],0,0,2,['drought'],[],https://twitter.com/wheatabeat/status/1234601242422317056,False,,0,,,,,,,,"[{'screen_name': 'oafcmemories', 'name': 'OAFC Memories', 'id': '3231980405'}]",,,,
1234599068241760256,1234599068241760256,2020-03-02 16:58:50 EST,2020-03-02,16:58:50,-0400,592209984,nwsmedford,NWS Medford,,Drought is developing and is likely to expand during the month of March. #orwx #cawx #wfomfr #drought #oregon  https://t.co/PIV5SgSPWt,en,[],[],['https://pbs.twimg.com/media/ESIs4YDU0AEGWiD.jpg'],0,6,6,"['orwx', 'cawx', 'wfomfr', 'drought', 'oregon']",[],https://twitter.com/NWSMedford/status/1234599068241760256,False,,1,https://pbs.twimg.com/media/ESIs4YDU0AEGWiD.jpg,,,,,,,[],,,,
1234598499137642496,1234598499137642496,2020-03-02 16:56:34 EST,2020-03-02,16:56:34,-0400,60745428,weatherwatchnz,WeatherWatch.co.nz,,"VIDEO: An ex-cyclone moves through #Australia, remnants should reach #NewZealand  https://t.co/MmzFg2eR70 via @weatherwatchnz #weather #climate #drought",en,"[{'screen_name': 'weatherwatchnz', 'name': 'weatherwatch.co.nz', 'id': '60745428'}]",['https://www.weatherwatch.co.nz/content/video-an-ex-cyclone-moves-through-australia-remnants-should-reach-nz/'],[],0,2,3,"['australia', 'newzealand', 'weather', 'climate', 'drought']",[],https://twitter.com/WeatherWatchNZ/status/1234598499137642496,False,,0,,,,,,,,[],,,,
1234597941991469057,1234597941991469057,2020-03-02 16:54:21 EST,2020-03-02,16:54:21,-0400,305592049,balochsami,Sami Parvez,,Balochistan: Malnutrition and Child Mortality Still Rampant via @UNPOintl #HumanRights #Democracy #Selfdetermination #Balochistan #WaterCrisis #Thirst #Drought #Poverty #Malnutrition #ZeroHunger #HealthCare #Education #Illitracy #Unemployment #OnePlanet  https://t.co/dz0esCcfzu,en,"[{'screen_name': 'unpointl', 'name': 'unpo', 'id': '115425249'}]",['https://unpo.org/article/19756'],[],0,0,0,"['humanrights', 'democracy', 'selfdetermination', 'balochistan', 'watercrisis', 'thirst', 'drought', 'poverty', 'malnutrition', 'zerohunger', 'healthcare', 'education', 'illitracy', 'unemployment', 'oneplanet']",[],https://twitter.com/BalochSami/status/1234597941991469057,False,,0,,,,,,,,[],,,,
1234596761714515973,1234596761714515973,2020-03-02 16:49:40 EST,2020-03-02,16:49:40,-0400,3301926908,gridpointwx,GridPointWeather,,Dry California winter prompts #WILDFIRE and #DROUGHT concerns  https://t.co/gWhmIO60Cg,en,[],['http://gpwx.news/vozue'],[],0,0,0,"['wildfire', 'drought']",[],https://twitter.com/gridpointwx/status/1234596761714515973,False,,0,,,,,,,,[],,,,
1234596607745757184,1234596607745757184,2020-03-02 16:49:03 EST,2020-03-02,16:49:03,-0400,3111226033,timmelino,Tim Melino,,Dry California winter prompts #WILDFIRE and #DROUGHT concerns  https://t.co/QgqH0Y5cLi #GPWX,en,[],['http://gpwx.news/vozue'],[],0,0,0,"['wildfire', 'drought', 'gpwx']",[],https://twitter.com/TimMelino/status/1234596607745757184,False,,0,,,,,,,,[],,,,
1234596266459324416,1234596266459324416,2020-03-02 16:47:42 EST,2020-03-02,16:47:42,-0400,18244654,joliclown,joliclown,,Ugh: worst news for us in #California #drought #water #CAfire #CAwx #CAwater,en,[],[],[],0,1,0,"['california', 'drought', 'water', 'cafire', 'cawx', 'cawater']",[],https://twitter.com/joliclown/status/1234596266459324416,False,https://twitter.com/Weather_West/status/1234141876489347073,0,,,,,,,,[],,,,
1234585385176424449,1234585385176424449,2020-03-02 16:04:27 EST,2020-03-02,16:04:27,-0400,2204394560,helendalton22,Helen Dalton MP,,"Just to clarify: when @senbmckenzie @Barnaby_Joyce  and AFR talk about the problem of welfare dependency in the farming sector, they talking about the $300 a week farm household allowance to families right? Not this?  #drought #auspol  https://t.co/1zQbymPd2z",en,"[{'screen_name': 'senbmckenzie', 'name': 'senator the hon. bridget mckenzie', 'id': '525812268'}, {'screen_name': 'barnaby_joyce', 'name': 'barnaby joyce', 'id': '114936799'}]",['https://www.theguardian.com/australia-news/2020/feb/26/government-to-spend-millions-buying-water-from-company-it-already-paid-80m'],[],2,67,103,"['drought', 'auspol']",[],https://twitter.com/helendalton22/status/1234585385176424449,False,,0,,,,,,,,[],,,,
1234584456108920832,1234584456108920832,2020-03-02 16:00:46 EST,2020-03-02,16:00:46,-0400,2502354296,abstractwallart,Danielle Nelisse,,artist paints Depleted Water Tables #climatechange #drought in #California #abstractart #fineart #daniellenelisse #desertecosystems  https://t.co/R9e4sJBBfX,en,[],['https://ift.tt/1LuCyiS'],[],0,0,0,"['climatechange', 'drought', 'california', 'abstractart', 'fineart', 'daniellenelisse', 'desertecosystems']",[],https://twitter.com/abstractwallart/status/1234584456108920832,False,,0,,,,,,,,[],,,,
1234580614021410816,1234580614021410816,2020-03-02 15:45:30 EST,2020-03-02,15:45:30,-0400,2552806368,itsgardningtime,itsgardeningtime,,#Drought-Tolerant #Vinca is #LowMaintenance! #flower #flowers #garden  https://t.co/O1JJZ2ib35,en,[],['https://itsgardeningtime.com/?p=506&utm_source=ReviveOldPost&utm_medium=social&utm_campaign=ReviveOldPost'],[],0,0,0,"['drought', 'vinca', 'lowmaintenance', 'flower', 'flowers', 'garden']",[],https://twitter.com/itsgardningtime/status/1234580614021410816,False,,0,,,,,,,,[],,,,
1234578975697129474,1234574233684103170,2020-03-02 15:38:59 EST,2020-03-02,15:38:59,-0400,537350991,contrarymari,Contr♠️ry M♠️ry©,,@Ronniesoak @AngryExile @Mr_Trubshawe Without the water. #Drought innit,en,[],[],[],0,0,1,['drought'],[],https://twitter.com/ContraryMari/status/1234578975697129474,False,,0,,,,,,,,"[{'screen_name': 'Ronniesoak', 'name': 'Geoff the Goat', 'id': '21127241'}, {'screen_name': 'AngryExile', 'name': 'Angry Exile', 'id': '70853866'}, {'screen_name': 'Mr_Trubshawe', 'name': 'Trubs', 'id': '746634261223084032'}]",,,,
1234578842519392256,1234578842519392256,2020-03-02 15:38:28 EST,2020-03-02,15:38:28,-0400,1513531458,dahoal,David Hoffmann,,"Flash drought, a rapidly evolving and intensifying type of #drought needs more attention. And here‘s why.",en,[],[],[],0,0,0,['drought'],[],https://twitter.com/dahoal/status/1234578842519392256,False,https://twitter.com/apuffycloud/status/1234518041809031173,0,,,,,,,,[],,,,
1234569548923392001,1234569548923392001,2020-03-02 15:01:32 EST,2020-03-02,15:01:32,-0400,35174526,toppersmtnwines,MarkK,,"Correct! - 2019 was the worst year in modern history for the #NewEnglandAustralia #wine industry with #bushfires, potential smoke taint, the worst #drought in at least a century &amp; ongoing #climatechange. However,…  https://t.co/SI6NSClest",en,[],['https://www.instagram.com/p/B9PnFw_H79b/?igshid=1nmyud5zka3zn'],[],0,0,1,"['newenglandaustralia', 'wine', 'bushfires', 'drought', 'climatechange']",[],https://twitter.com/ToppersMtnWines/status/1234569548923392001,False,,0,,,,,,,,[],,,,
1234568021353435136,1234568021353435136,2020-03-02 14:55:28 EST,2020-03-02,14:55:28,-0400,60185444,llanover,Marg,,"Hello Tuesday.  Dribbling water on the invisible grass. #drought  the rain was wonderful, unfortunately land so dry it just soaked it down .  https://t.co/0BhLQl8XJ2",en,[],[],['https://pbs.twimg.com/media/ESIREKJUUAAnGBo.jpg'],0,0,3,['drought'],[],https://twitter.com/llanover/status/1234568021353435136,False,,1,https://pbs.twimg.com/media/ESIREKJUUAAnGBo.jpg,,,,,,,[],,,,
1234567960145977344,1234567960145977344,2020-03-02 14:55:13 EST,2020-03-02,14:55:13,-0400,258857757,mikeniccoabc7,Mike Nicco,,Nice work! Incredible difference from Feb 2019 to this year.  #drought,en,[],[],[],0,0,3,['drought'],[],https://twitter.com/MikeNiccoABC7/status/1234567960145977344,False,https://twitter.com/NWSBayArea/status/1234567324578902017,0,,,,,,,,[],,,,
1234561368159924225,1234561368159924225,2020-03-02 14:29:01 EST,2020-03-02,14:29:01,-0400,402968652,aaronbh2o,Aaron Burton,,This story from NZ sounds very familiar - #drought comms work but meters would definitely support further #waterefficiency - Water meters: the 'third rail' of council politics  https://t.co/AgzXzK3EeQ  https://t.co/iiKlLrlHXQ,en,[],['https://buff.ly/2wpAZbf'],['https://pbs.twimg.com/media/ESILBYUXkAIrydH.png'],0,0,0,"['drought', 'waterefficiency']",[],https://twitter.com/AaronBH2O/status/1234561368159924225,False,,1,https://pbs.twimg.com/media/ESILBYUXkAIrydH.png,,,,,,,[],,,,
1234560226113679362,1234560226113679362,2020-03-02 14:24:29 EST,2020-03-02,14:24:29,-0400,809883380070289408,carmelscotsnews,Writestuff,,"#drought, #flood, quirky characters and an author's tongue firmly placed in cheek.  Take yourself to #outback #Australia in 1957 and sit at the bar with a #serialkiller.   https://t.co/1lPvwiX3wC  https://t.co/TiMNT7EZ0F",en,[],['https://www.amazon.com/dp/B07ZTY54RL'],['https://pbs.twimg.com/tweet_video_thumb/ESIJ3tnU8AEcRQ9.jpg'],0,2,0,"['drought', 'flood', 'outback', 'australia', 'serialkiller']",[],https://twitter.com/CarmelScotsNews/status/1234560226113679362,False,,1,https://pbs.twimg.com/tweet_video_thumb/ESIJ3tnU8AEcRQ9.jpg,,,,,,,[],,,,
1234555297915494400,1234555297915494400,2020-03-02 14:04:54 EST,2020-03-02,14:04:54,-0400,60745428,weatherwatchnz,WeatherWatch.co.nz,,#NewZealand #RainWatch: Tracking #rain totals next 36 hours &amp; 7 days (+4 Maps) Full Details...  https://t.co/5dfpHLUBjr via @weatherwatchnz #weather #climate #drought,en,"[{'screen_name': 'weatherwatchnz', 'name': 'weatherwatch.co.nz', 'id': '60745428'}]",['https://www.weatherwatch.co.nz/content/rainwatch-tracking-rain-totals-next-36-hours-7-days-4-maps'],[],2,0,5,"['newzealand', 'rainwatch', 'rain', 'weather', 'climate', 'drought']",[],https://twitter.com/WeatherWatchNZ/status/1234555297915494400,False,,0,,,,,,,,[],,,,
1234555112749555714,1234555112749555714,2020-03-02 14:04:10 EST,2020-03-02,14:04:10,-0400,60745428,weatherwatchnz,WeatherWatch.co.nz,,"#Australia: Just look at those rainfall totals in central Aussie between now and Friday (ex cyclone). May break some records through desert areas. Alice Springs annual rainfall is 286mm.  #NewZealand - we get the leftovers, mostly for the West Coast. #weather #climate #drought  https://t.co/6eRwRjYae9",en,[],[],['https://pbs.twimg.com/media/ESIE_IuUUAAksjC.jpg'],0,1,9,"['australia', 'newzealand', 'weather', 'climate', 'drought']",[],https://twitter.com/WeatherWatchNZ/status/1234555112749555714,False,,1,https://pbs.twimg.com/media/ESIE_IuUUAAksjC.jpg,,,,,,,[],,,,
1234554186165104641,1234554186165104641,2020-03-02 14:00:29 EST,2020-03-02,14:00:29,-0400,57914321,patrickrockey,Patrick Rockey WTKR,,RAIN FORECAST: 7-day rain forecast from the Weather Prediction Center. Check radar--&gt;  https://t.co/rJpa708eNn #rain #flood #drought #rainfall #showers #thunderstorm #flooding  https://t.co/4fada06fvu,en,[],['https://ift.tt/2vsWBAZ'],['https://pbs.twimg.com/media/ESIEfZKXkAA23lQ.jpg'],0,1,0,"['rain', 'flood', 'drought', 'rainfall', 'showers', 'thunderstorm', 'flooding']",[],https://twitter.com/PatrickRockey/status/1234554186165104641,False,,1,https://pbs.twimg.com/media/ESIEfZKXkAA23lQ.jpg,,,,,,,[],,,,
1234553814100987904,1234553814100987904,2020-03-02 13:59:00 EST,2020-03-02,13:59:00,-0400,859872877830713344,fruitsafrica,Fruit South Africa,,#drought #rainfall,und,[],[],[],0,0,2,"['drought', 'rainfall']",[],https://twitter.com/FruitSAfrica/status/1234553814100987904,False,https://twitter.com/ReenvalSA/status/1234127022651211778,0,,,,,,,,[],,,,
1234546515051307008,1234546515051307008,2020-03-02 13:30:00 EST,2020-03-02,13:30:00,-0400,839143573471789056,esaapplications,Ecological Applications,,#New in @ESAApplications with #OpenData from @figshare  Solar-induced #chlorophyll fluorescence and short-term photosynthetic response to #drought  #photosynthesis #remotesensing   https://t.co/EhS0QNba8l  https://t.co/9eQSgStsYV,en,"[{'screen_name': 'esaapplications', 'name': 'ecological applications', 'id': '839143573471789056'}, {'screen_name': 'figshare', 'name': 'figshare', 'id': '224631899'}]",['https://esajournals.onlinelibrary.wiley.com/doi/abs/10.1002/eap.2101'],['https://pbs.twimg.com/media/ERyra7zXkAEbURd.jpg'],0,1,0,"['new', 'opendata', 'chlorophyll', 'drought', 'photosynthesis', 'remotesensing']",[],https://twitter.com/ESAApplications/status/1234546515051307008,False,,1,https://pbs.twimg.com/media/ERyra7zXkAEbURd.jpg,,,,,,,[],,,,
1234544082355179520,1234544082355179520,2020-03-02 13:20:20 EST,2020-03-02,13:20:20,-0400,3301926908,gridpointwx,GridPointWeather,,Could a big storm end snow #DROUGHT in the Northeast this winter?  https://t.co/TjX3SxoxPC,en,[],['http://gpwx.news/nzocr'],[],0,0,0,['drought'],[],https://twitter.com/gridpointwx/status/1234544082355179520,False,,0,,,,,,,,[],,,,
1234544057503932416,1234544057503932416,2020-03-02 13:20:14 EST,2020-03-02,13:20:14,-0400,3301926908,gridpointwx,GridPointWeather,,Could a big storm end this winters snow #DROUGHT in the Northeast?  https://t.co/SHG9rFSNny,en,[],['http://gpwx.news/f03xl'],[],0,0,0,['drought'],[],https://twitter.com/gridpointwx/status/1234544057503932416,False,,0,,,,,,,,[],,,,
1234543906618036230,1234543906618036230,2020-03-02 13:19:38 EST,2020-03-02,13:19:38,-0400,3111226033,timmelino,Tim Melino,,Could a big storm end snow #DROUGHT in the Northeast this winter?  https://t.co/ViIoURcveG #GPWX,en,[],['http://gpwx.news/nzocr'],[],0,0,0,"['drought', 'gpwx']",[],https://twitter.com/TimMelino/status/1234543906618036230,False,,0,,,,,,,,[],,,,
1234543881229938689,1234543881229938689,2020-03-02 13:19:32 EST,2020-03-02,13:19:32,-0400,3111226033,timmelino,Tim Melino,,Could a big storm end this winters snow #DROUGHT in the Northeast?  https://t.co/LCzt8wAT3G #GPWX,en,[],['http://gpwx.news/f03xl'],[],0,0,0,"['drought', 'gpwx']",[],https://twitter.com/TimMelino/status/1234543881229938689,False,,0,,,,,,,,[],,,,
1234542968536735744,1234542968536735744,2020-03-02 13:15:55 EST,2020-03-02,13:15:55,-0400,726951074,droughtgov,NIDIS Drought.gov,,"This Perspective in @NatureClimate, by @NCAR_Science, @NOAA, @DroughtCenter, @DroughtGov  and over 10 other organizations discusses how flash #drought presents a new challenge for subseasonal-to-seasonal prediction.  https://t.co/0DTW0KbHNm @CIRESnews @UCIrvine @Livermore_Lab  https://t.co/AYSyImVuKM",en,"[{'screen_name': 'natureclimate', 'name': 'natureclimate', 'id': '163844242'}, {'screen_name': 'ncar_science', 'name': 'ncar science', 'id': '30028674'}, {'screen_name': 'noaa', 'name': 'noaa', 'id': '14342564'}, {'screen_name': 'droughtcenter', 'name': 'drought center', 'id': '587639522'}, {'screen_name': 'droughtgov', 'name': 'nidis drought.gov', 'id': '726951074'}, {'screen_name': 'ciresnews', 'name': 'cires communication', 'id': '64786050'}, {'screen_name': 'ucirvine', 'name': 'uc irvine', 'id': '19669207'}, {'screen_name': 'livermore_lab', 'name': 'llnl', 'id': '41806795'}]",['https://www.nature.com/articles/s41558-020-0709-0'],['https://pbs.twimg.com/media/ESH4o_AWkAsQs6A.jpg'],0,8,13,['drought'],[],https://twitter.com/DroughtGov/status/1234542968536735744,False,,1,https://pbs.twimg.com/media/ESH4o_AWkAsQs6A.jpg,,,,,,,[],,,,
1234534120564224000,1234534120564224000,2020-03-02 12:40:45 EST,2020-03-02,12:40:45,-0400,24167293,kaskadia,Kaskadia,,"'#Yosemite 'firefall' slows to a trickle amid #drought'? ""this year the #waterfall slowed to a trickle. NewsHour Weekend's Christopher Booker spoke with University of California Berkeley #climate scientist Patrick Gonzalez to learn more."" |@NewsHour  https://t.co/7ExBYT7gXh #water",en,"[{'screen_name': 'newshour', 'name': 'pbs newshour', 'id': '14437914'}]",['https://www.youtube.com/watch?v=Omp1LhV0zFA'],[],0,0,1,"['yosemite', 'drought', 'waterfall', 'climate', 'water']",[],https://twitter.com/kaskadia/status/1234534120564224000,False,,0,,,,,,,,[],,,,
1234533434241929222,1234533434241929222,2020-03-02 12:38:01 EST,2020-03-02,12:38:01,-0400,3176911243,disturbeddendro,Dr. Jodi Axelson,,"Our #CA #drought #mortality #collaborative *free* workshop on #science, #policy and #management of #CA #forests in one week! Register today!! @ucanr @ESPM_Berkeley @calnatresources @CAL_FIRE @usfs_psw @usfs_r5 @YosemiteNPS @SequoiaKingsNPS",en,"[{'screen_name': 'ucanr', 'name': 'ag&natural resources', 'id': '14957366'}, {'screen_name': 'espm_berkeley', 'name': 'espm uc berkeley', 'id': '293767483'}, {'screen_name': 'calnatresources', 'name': 'california natural resources agency', 'id': '3272272291'}, {'screen_name': 'cal_fire', 'name': 'cal fire', 'id': '21249970'}, {'screen_name': 'usfs_psw', 'name': 'pacific sw research', 'id': '80247224'}, {'screen_name': 'usfs_r5', 'name': 'forest service, pacific southwest region', 'id': '16349715'}, {'screen_name': 'yosemitenps', 'name': 'yosemite national park', 'id': '18726942'}, {'screen_name': 'sequoiakingsnps', 'name': 'sequoia & kings cyn', 'id': '45854669'}]",[],[],0,4,10,"['ca', 'drought', 'mortality', 'collaborative', 'science', 'policy', 'management', 'ca', 'forests']",[],https://twitter.com/DisturbedDendro/status/1234533434241929222,False,https://twitter.com/evilanova/status/1230612005674835968,0,,,,,,,,[],,,,
1234530546312712192,1234530546312712192,2020-03-02 12:26:33 EST,2020-03-02,12:26:33,-0400,46686983,goboksu,Woonsup Choi (he/him),,Another interesting paper about the drought in the US Midwest in 2012 #drought,en,[],[],[],0,1,0,['drought'],[],https://twitter.com/goboksu/status/1234530546312712192,False,https://twitter.com/apuffycloud/status/1234518041809031173,0,,,,,,,,[],,,,
1234528478143352832,1234528478143352832,2020-03-02 12:18:20 EST,2020-03-02,12:18:20,-0400,531723906,monicahone,Monica Hone 🍃💚🍃💙,,The most probable (reason for collapse of Mayan Civilisation)... argue the University of #Cambridge and University of Florida scientists... is #drought So what are we doing? Over abstracting our aquifer @Cambswater @camcitco @Cambridge_Uni @EnvAgency   https://t.co/32Fev9ZuHS,en,"[{'screen_name': 'cambswater', 'name': 'cambridge water 🚰', 'id': '202573288'}, {'screen_name': 'camcitco', 'name': 'cambridge city council', 'id': '102659539'}, {'screen_name': 'cambridge_uni', 'name': 'cambridge university', 'id': '33474655'}, {'screen_name': 'envagency', 'name': 'environment agency', 'id': '47331384'}]",['https://getpocket.com/explore/item/ancient-mud-reveals-an-explanation-for-sudden-collapse-of-the-mayan-empire?utm_source=pocket-newtab'],[],1,2,2,"['cambridge', 'drought']",[],https://twitter.com/MonicaHone/status/1234528478143352832,False,,0,,,,,,,,[],,,,
1234527550426226688,1234527550426226688,2020-03-02 12:14:39 EST,2020-03-02,12:14:39,-0400,3301770607,mattbergphd,Dr. Matthew Berg,,Threat of #earthquake-induced #flooding shakes up #california #water #infrastructure plans   #drought #cawater #riskmanagement #risk #watersecurity   https://t.co/nLuHp4aO82,en,[],['https://www.usatoday.com/story/news/nation/2020/02/25/anderson-reservoir-california-draining-ongoing-drought/4873725002/'],[],0,0,0,"['earthquake', 'flooding', 'california', 'water', 'infrastructure', 'drought', 'cawater', 'riskmanagement', 'risk', 'watersecurity']",[],https://twitter.com/MattBergPhD/status/1234527550426226688,False,,0,,,,,,,,[],,,,
1234524701692768256,1234524701692768256,2020-03-02 12:03:19 EST,2020-03-02,12:03:19,-0400,165803705,texaswheat,Texas Wheat,,Signups for #drought and excessive moisture assistance through WHIP+ will open on March 23. More details are available at  https://t.co/wlxkSnopbN.  https://t.co/S0pBtxnmUj,en,[],"['http://farmers.gov', 'http://ow.ly/oCzP50yAuDj']",[],0,0,0,['drought'],[],https://twitter.com/TexasWheat/status/1234524701692768256,False,,0,,,,,,,,[],,,,
1234516375755984896,1234516375755984896,2020-03-02 11:30:14 EST,2020-03-02,11:30:14,-0400,94105842,fertilizernews,International Fertilizer Association,,Fertigation is the process whereby fertilizer is added to #irrigation 💦 . This helps #farmers to produce more #crops in areas with water scarcity or #drought.   Learn more about #PrecisionAg in our infographic:  https://t.co/FlDI7y9Ogp  https://t.co/pvFwASsjPi,en,[],['http://bit.ly/2Prci5e'],['https://pbs.twimg.com/media/ESHiGduWAAAcZnh.png'],0,1,1,"['irrigation', 'farmers', 'crops', 'drought', 'precisionag']",[],https://twitter.com/FertilizerNews/status/1234516375755984896,False,,1,https://pbs.twimg.com/media/ESHiGduWAAAcZnh.png,,,,,,,[],,,,
1234513728223285250,1234513728223285250,2020-03-02 11:19:43 EST,2020-03-02,11:19:43,-0400,517876210,bennythekite,David the Republican,,"@pkforca36 When I discovered that #California had #drought, I wondered why.  Your state's western neighbor is the world's largest ocean.  I thought there had to be a way to bring a small portion of this water inland.  This page has #science principles.   https://t.co/GtN5ACIYqu .  https://t.co/zqxlCoBxPa",en,[],['http://conservingthenation.blogspot.com/2014/12/water-economics-part-2.html'],['https://pbs.twimg.com/media/ESHfgA7WkAAr9QE.jpg'],0,0,1,"['california', 'drought', 'science']",[],https://twitter.com/BennytheKite/status/1234513728223285250,False,,1,https://pbs.twimg.com/media/ESHfgA7WkAAr9QE.jpg,,,,,,,[],,,,
1234507628086099969,1234507628086099969,2020-03-02 10:55:29 EST,2020-03-02,10:55:29,-0400,258857757,mikeniccoabc7,Mike Nicco,,Welcome to our 35th consecutive day without rain. Our 4th longest middle winter dry spell.  The next threshold is 42 days &amp; we have a chance to match it. #drought  https://t.co/XidRte6n4v,en,[],[],[],2,6,13,['drought'],[],https://twitter.com/MikeNiccoABC7/status/1234507628086099969,False,,1,https://pbs.twimg.com/ext_tw_video_thumb/1234506908855193600/pu/img/iJtjNUcQeto4s222.jpg,,,,,,,[],,,,
1234502848584572942,1233056895910457345,2020-03-02 10:36:29 EST,2020-03-02,10:36:29,-0400,22776169,care_nederland,CARE Nederland,,"@DutchMFA @IGG_NL @PfRglobal CARE, with @PfR, trained Kediga and her community in Ethiopia in irrigation &amp; crop production which helped them adapt to #climatechange and withstand drought.  For them, #resilience means being prepared to face #drought — together 👉  https://t.co/689SOJk4oo  https://t.co/jpV11cfytd",en,"[{'screen_name': 'pfr', 'name': 'phil fox rose', 'id': '14379328'}]",['http://www.youtube.com/watch?v=mrgP6Jh6g9E'],['https://pbs.twimg.com/media/ESHVwNYXUAMNTEF.jpg'],1,1,2,"['climatechange', 'resilience', 'drought']",[],https://twitter.com/CARE_Nederland/status/1234502848584572942,False,,1,https://pbs.twimg.com/media/ESHVwNYXUAMNTEF.jpg,,,,,,,"[{'screen_name': 'DutchMFA', 'name': 'Dutch Ministry of Foreign Affairs 🇳🇱', 'id': '98853413'}, {'screen_name': 'IGG_NL', 'name': 'NL Global Issues', 'id': '1112586439'}, {'screen_name': 'PfRglobal', 'name': 'Partners for Resilience', 'id': '2148901735'}]",,,,
1234500009892229120,1234500009892229120,2020-03-02 10:25:12 EST,2020-03-02,10:25:12,-0400,989036125,agamurawska,Agnieszka Murawska,,"#Drought issues, preference for local #food, few words about #flower sector in #Poland and the Sunday ban in our latest #Agrinews:  https://t.co/rFIxtgJ3f9  https://t.co/Vogl2FXlnh",en,[],"['http://shorturl.at/hzGRS', 'https://lnkd.in/dZEmbJz']",[],0,0,1,"['drought', 'food', 'flower', 'poland', 'agrinews']",[],https://twitter.com/AgaMurawska/status/1234500009892229120,False,,0,,,,,,,,[],,,,
1234494620987510786,1234494620987510786,2020-03-02 10:03:48 EST,2020-03-02,10:03:48,-0400,144703320,bewickwren,🇵🇹Common Raven🇺🇸,,Evidence suggests Maya’s success may have increased their vulnerability and lowered their ability to deal with the fallout from #drought #Maya world was known to be very #densely #populated — possibly too much so.  https://t.co/CApJFw4ZW8,en,[],['https://news.harvard.edu/gazette/story/2020/02/new-clues-about-how-and-why-the-maya-culture-collapsed/'],[],0,2,1,"['drought', 'maya', 'densely', 'populated']",[],https://twitter.com/Bewickwren/status/1234494620987510786,False,,0,,,,,,,,[],,,,
1234487282377412608,1234487282377412608,2020-03-02 09:34:38 EST,2020-03-02,09:34:38,-0400,3301926908,gridpointwx,GridPointWeather,,The Cloud Talent #DROUGHT Continues (And Is Even Larger Than You Thought)  https://t.co/nsEUAbGt6u,en,[],['http://gpwx.news/lzt3b'],[],0,0,0,['drought'],[],https://twitter.com/gridpointwx/status/1234487282377412608,False,,0,,,,,,,,[],,,,
1234487136969199616,1234487136969199616,2020-03-02 09:34:03 EST,2020-03-02,09:34:03,-0400,3111226033,timmelino,Tim Melino,,The Cloud Talent #DROUGHT Continues (And Is Even Larger Than You Thought)  https://t.co/DalGMeai8O #GPWX,en,[],['http://gpwx.news/lzt3b'],[],0,1,0,"['drought', 'gpwx']",[],https://twitter.com/TimMelino/status/1234487136969199616,False,,0,,,,,,,,[],,,,
1234482057386057730,1234482057386057730,2020-03-02 09:13:52 EST,2020-03-02,09:13:52,-0400,2870953361,windycom,Windy.com,,"🇮🇹 #Weather in #Italy: #Rain comes to #Palermo, stops the #drought 👉  https://t.co/lIn69QrHcy  https://t.co/fnC4ZvsSIr",en,[],['http://bit.ly/32JN6wg'],"['https://pbs.twimg.com/media/ESHC13sX0AAh-N-.jpg', 'https://pbs.twimg.com/media/ESHC2PDWAAA4RAi.png']",0,2,8,"['weather', 'italy', 'rain', 'palermo', 'drought']",[],https://twitter.com/Windycom/status/1234482057386057730,False,,1,https://pbs.twimg.com/media/ESHC13sX0AAh-N-.jpg,,,,,,,[],,,,
1234463337297039360,1234463337297039360,2020-03-02 07:59:29 EST,2020-03-02,07:59:29,-0400,2608740770,peterwmurphy1,Peter Murphy,,"As the Morrison Govt holds onto the funds for #drought relief, #bushfire recovery and #NDIS funding, I expect we're all supposed to applaud when Frydenberg delivers a #surplus. 😡#auspol",en,[],[],[],0,7,8,"['drought', 'bushfire', 'ndis', 'surplus', 'auspol']",[],https://twitter.com/PeterWMurphy1/status/1234463337297039360,False,,0,,,,,,,,[],,,,
1234459498678554625,1234459498678554625,2020-03-02 07:44:14 EST,2020-03-02,07:44:14,-0400,3016815024,unccdlibrary,UNCCD LIBRARY,,📚From @UNCCDLibrary Check out resources on #LDN #SDG15 #landtenure #drought #landdegradation #gender #watersecurity #migration #urbanization #education #SDGs&gt; https://t.co/l5gDWqeDRD   @UNLibrary @landportal @LandPKS @auggwi @UNDPAfrica @africa_ci  https://t.co/oiDftCZ5CM,en,"[{'screen_name': 'unccdlibrary', 'name': 'unccd library', 'id': '3016815024'}, {'screen_name': 'unlibrary', 'name': 'un library', 'id': '109720244'}, {'screen_name': 'landportal', 'name': 'land portal', 'id': '229021298'}, {'screen_name': 'landpks', 'name': 'land potential knowledge system (landpks)', 'id': '1849014109'}, {'screen_name': 'auggwi', 'name': 'africa union great green wall initiative', 'id': '1047562742113226752'}, {'screen_name': 'undpafrica', 'name': 'undp africa', 'id': '377946810'}, {'screen_name': 'africa_ci', 'name': 'conservation intl.-africa', 'id': '900072242171793408'}]",['http://bit.ly/2PDlbbZ'],['https://pbs.twimg.com/media/ESGrs_cWkAEAK8e.jpg'],0,0,2,"['ldn', 'sdg15', 'landtenure', 'drought', 'landdegradation', 'gender', 'watersecurity', 'migration', 'urbanization', 'education', 'sdgs']",[],https://twitter.com/UNCCDLibrary/status/1234459498678554625,False,,1,https://pbs.twimg.com/media/ESGrs_cWkAEAK8e.jpg,,,,,,,[],,,,
1234445246303326209,1234443801302691846,2020-03-02 06:47:36 EST,2020-03-02,06:47:36,-0400,2182437770,ljp4abetteroz,LJP,,Now let's see how good is @ScottMorrisonMP in a crises. Not a good track record so far. #ClimateEmergency #bushfires #drought #auspoI,en,"[{'screen_name': 'scottmorrisonmp', 'name': 'scott morrison', 'id': '34116377'}]",[],[],0,0,0,"['climateemergency', 'bushfires', 'drought', 'auspoi']",[],https://twitter.com/LJP4abetterOz/status/1234445246303326209,False,,0,,,,,,,,[],,,,
1234444703963242498,1234444703963242498,2020-03-02 06:45:26 EST,2020-03-02,06:45:26,-0400,1477668158,nazli_karakoc,Nazli Karakoc,,💧🚫 #California #Rainfall #Drought #February #SanFrancisco #ClimateChangeIsReal #ClimateChange #ClimateCrisis #ActOnClimate #ClimateEmergency #ClimateActionNow #TakeAction,und,[],[],[],0,0,0,"['california', 'rainfall', 'drought', 'february', 'sanfrancisco', 'climatechangeisreal', 'climatechange', 'climatecrisis', 'actonclimate', 'climateemergency', 'climateactionnow', 'takeaction']",[],https://twitter.com/nazli_karakoc/status/1234444703963242498,False,https://twitter.com/bbcweather/status/1234274427703111681,0,,,,,,,,[],,,,
1234443046118477825,1234443046118477825,2020-03-02 06:38:51 EST,2020-03-02,06:38:51,-0400,57236544,iwmi_,IWMI,,DYK that soil moisture helps assess agricultural #drought? A new study finds that satellite soil moisture data may help to improve the efficiency of agricultural and #irrigation management practices 👉🏾  https://t.co/CBXVGXWlp6  Based on a study by IWMI and others @AmarnathGiriraj  https://t.co/frNEHV9qJf,en,"[{'screen_name': 'amarnathgiriraj', 'name': 'climate and water risks', 'id': '1073113077741207553'}]",['http://bit.ly/38gD3zC'],['https://pbs.twimg.com/media/ESGaD89XkAIY_V4.jpg'],0,5,9,"['drought', 'irrigation']",[],https://twitter.com/IWMI_/status/1234443046118477825,False,,1,https://pbs.twimg.com/media/ESGaD89XkAIY_V4.jpg,,,,,,,[],,,,
1234438187805822976,1234438187805822976,2020-03-02 06:19:33 EST,2020-03-02,06:19:33,-0400,432605509,iwra_water,IWRA,,📚Access today @IWRA_water #WaterInternational's recommended article of the week on:  ➡️Non-conventional resources for the coming #drought: the development of #rainwater harvesting systems in a #Mediterranean suburban area  👉Enjoy your reading here:  https://t.co/xjBLvUGewS  https://t.co/Lff974uTaN,en,"[{'screen_name': 'iwra_water', 'name': 'iwra', 'id': '432605509'}]",['https://bit.ly/32HG9eR'],['https://pbs.twimg.com/media/ESGZI6FWkAAvk8Y.jpg'],0,1,4,"['waterinternational', 'drought', 'rainwater', 'mediterranean']",[],https://twitter.com/iwra_water/status/1234438187805822976,False,,1,https://pbs.twimg.com/media/ESGZI6FWkAAvk8Y.jpg,,,,,,,[],,,,
1234433380743290880,1234433380743290880,2020-03-02 06:00:27 EST,2020-03-02,06:00:27,-0400,844944194867224576,cgiarnutrition,CGIAR Nutrition,,#PearlMillet is positioned as one of the crops of the future because it is #drought tolerant and amenable to #biofortification.  Learn more:  https://t.co/fpmFfdJyql  @ICRISAT @HarvestPlus @GLDC_CGIAR  https://t.co/uJvHAKW95c,en,"[{'screen_name': 'icrisat', 'name': 'icrisat', 'id': '102661215'}, {'screen_name': 'harvestplus', 'name': 'harvestplus', 'id': '70454992'}, {'screen_name': 'gldc_cgiar', 'name': 'grain legumes and dryland cereals (gldc)', 'id': '943403709039484929'}]",['https://on.cgiar.org/2I305j6'],['https://pbs.twimg.com/media/ESGWni1WAAIF6tV.jpg'],0,11,25,"['pearlmillet', 'drought', 'biofortification']",[],https://twitter.com/CGIARnutrition/status/1234433380743290880,False,,1,https://pbs.twimg.com/media/ESGWni1WAAIF6tV.jpg,,,,,,,[],,,,
1234431270030938112,1234431270030938112,2020-03-02 05:52:04 EST,2020-03-02,05:52:04,-0400,134012695,palmboy4444,Rosa Parks ❤🏳️‍🌈,,"#Australia heading toward #Climate #disaster, as government still backs #coal #gas #CSG #FossilFuels  #Renewables #energy #wind #solar #hydro #ParisAgreement #emissions #StopAdani #ClimateChange #EV #EVs #batteries #drought #storms #bushfires #cyclones #floods #heatwaves #auspol",en,[],[],[],0,0,0,"['australia', 'climate', 'disaster', 'coal', 'gas', 'csg', 'fossilfuels', 'renewables', 'energy', 'wind', 'solar', 'hydro', 'parisagreement', 'emissions', 'stopadani', 'climatechange', 'ev', 'evs', 'batteries', 'drought', 'storms', 'bushfires', 'cyclones', 'floods', 'heatwaves', 'auspol']",[],https://twitter.com/palmboy4444/status/1234431270030938112,False,https://twitter.com/AdamBandt/status/1234385683101315074,0,,,,,,,,[],,,,
1234426216763006976,1234426216763006976,2020-03-02 05:31:59 EST,2020-03-02,05:31:59,-0400,1284066660,polyconundrum,Social & Political,,Using Language To Fight Dirty Fossil Fuels #climate #drought #climatesolutions #climatecrisis  https://t.co/zFZXHH4IGj  https://t.co/brZj6DG45Y,en,[],['http://tinyurl.com/y65glb6o'],['https://pbs.twimg.com/media/ESGQGk6WsAEB6zJ.jpg'],0,0,1,"['climate', 'drought', 'climatesolutions', 'climatecrisis']",[],https://twitter.com/PolyConundrum/status/1234426216763006976,False,,1,https://pbs.twimg.com/media/ESGQGk6WsAEB6zJ.jpg,,,,,,,[],,,,
1234418171546873856,1234418171546873856,2020-03-02 05:00:01 EST,2020-03-02,05:00:01,-0400,988170011436027905,sgkplanet,SGK-PLANET-en,,Who owns the #Amazon #Rainforest? -Article-   https://t.co/oc6o9fr2Lt SGK-PLANET #ClimateChange #GlobalWarming #ClimateEmergency #ClimateCrisis #Environment #Sustainability #ClimateAction #Wood #ForestFire #Erosion #Drought #Soja #PalmaOil #Timber #Deforestation  https://t.co/ngEzmA4pgt,en,[],['https://sgerendask.com/en/ask-in-the-forest-day-who-owns-the-amazon-rainforest/'],['https://pbs.twimg.com/media/ESEmul_XYAEE8u1.jpg'],0,0,1,"['amazon', 'rainforest', 'climatechange', 'globalwarming', 'climateemergency', 'climatecrisis', 'environment', 'sustainability', 'climateaction', 'wood', 'forestfire', 'erosion', 'drought', 'soja', 'palmaoil', 'timber', 'deforestation']",[],https://twitter.com/SgkPlanet/status/1234418171546873856,False,,1,https://pbs.twimg.com/media/ESEmul_XYAEE8u1.jpg,,,,,,,[],,,,
1234417433445728256,1234417433445728256,2020-03-02 04:57:05 EST,2020-03-02,04:57:05,-0400,20583561,bangkokpostnews,Bangkok Post,,"Off-season rice, sugarcane and cassava will be hit the hardest by #drought that will reduce the income of the farmers, according to the @scb_thailand Economic Intelligence Center.  #SCB_EIC #BangkokPost #Thailand  https://t.co/gA84lacGgY",en,"[{'screen_name': 'scb_thailand', 'name': 'scb thailand', 'id': '68999311'}]",[],['https://pbs.twimg.com/media/ESGIG3-VUAIxWRh.jpg'],0,2,1,"['drought', 'scb_eic', 'bangkokpost', 'thailand']",[],https://twitter.com/BangkokPostNews/status/1234417433445728256,False,,1,https://pbs.twimg.com/media/ESGIG3-VUAIxWRh.jpg,,,,,,,[],,,,
1234412412083802112,1234412412083802112,2020-03-02 04:37:07 EST,2020-03-02,04:37:07,-0400,1284066660,polyconundrum,Social & Political,,Deadly #Heat Stress Could Threaten Hundreds Of Millions Even If #Climate Targets Reached #drought #climatechange...  https://t.co/eDuGrEnWBR  https://t.co/EJ8QsJ2IRE,en,[],['http://tinyurl.com/y3kysj4e'],['https://pbs.twimg.com/media/ESGDjCbXsAAJ6d1.jpg'],0,0,0,"['heat', 'climate', 'drought', 'climatechange']",[],https://twitter.com/PolyConundrum/status/1234412412083802112,False,,1,https://pbs.twimg.com/media/ESGDjCbXsAAJ6d1.jpg,,,,,,,[],,,,
1234411650456879113,1234411650456879113,2020-03-02 04:34:06 EST,2020-03-02,04:34:06,-0400,1284066660,polyconundrum,Social & Political,,How #Israel Became A Leader In #Water Use In The #MiddleEast #climate #drought #climatechange #climatecrisis  https://t.co/kIJ9AFYPCr  https://t.co/1ybpnFhzIG,en,[],['http://tinyurl.com/y2y7k8xj'],['https://pbs.twimg.com/media/ESGC2tDXkAAut4D.jpg'],0,1,0,"['israel', 'water', 'middleeast', 'climate', 'drought', 'climatechange', 'climatecrisis']",[],https://twitter.com/PolyConundrum/status/1234411650456879113,False,,1,https://pbs.twimg.com/media/ESGC2tDXkAAut4D.jpg,,,,,,,[],,,,
1234404903935758336,1234404903935758336,2020-03-02 04:07:17 EST,2020-03-02,04:07:17,-0400,149531849,wle_cgiar,WaterLandEcosystems,,"Historically a rural hazard, #drought is also becoming an urban hazard. But the situation is not as hopeless as it seems!   📖Book chapter outlines drought risk management challenges &amp; opportunities in low-income countries. @IWMI_  https://t.co/BFsY5jfXWv  https://t.co/m6Gv7UV3bB",en,"[{'screen_name': 'iwmi_', 'name': 'iwmi', 'id': '57236544'}]","['http://bit.ly/3cr6TVI', 'http://bit.ly/2TbOrZt']",[],0,7,14,['drought'],[],https://twitter.com/WLE_CGIAR/status/1234404903935758336,False,,0,,,,,,,,[],,,,
1234399552414928897,1234399552414928897,2020-03-02 03:46:01 EST,2020-03-02,03:46:01,-0400,2402174308,tuwilica_,Tuwilica-J Kahuika,,If greener pastures was a person! #rain #farming #drought #Namibia #beef  https://t.co/Be8mE8qjL3,en,[],[],[],1,0,3,"['rain', 'farming', 'drought', 'namibia', 'beef']",[],https://twitter.com/Tuwilica_/status/1234399552414928897,False,,1,https://pbs.twimg.com/ext_tw_video_thumb/1234399502540398592/pu/img/iwVaq6LFl4i-EeXQ.jpg,,,,,,,[],,,,
1234395935565926402,1234395935565926402,2020-03-02 03:31:39 EST,2020-03-02,03:31:39,-0400,2899606858,altair_conseil,Altair_Conseil,,"Risques climatiques : les changements climatiques mettent en péril l’environnement au Moyen-Orient : inondation) Djedda, ...), submersion (Alexandrie, ...) sécheresse (Jourdain, ...). #ClimateChange #ClimateEmergency #TransitionEcologique #flood #drought #MiddleEast  @wef",fr,"[{'screen_name': 'wef', 'name': 'world economic forum', 'id': '5120691'}]",[],[],0,0,0,"['climatechange', 'climateemergency', 'transitionecologique', 'flood', 'drought', 'middleeast']",[],https://twitter.com/Altair_Conseil/status/1234395935565926402,False,https://twitter.com/Planetary_Sec/status/1234391312243228672,0,,,,,,,,[],,,,
1234394382977028097,1234393674357727232,2020-03-02 03:25:29 EST,2020-03-02,03:25:29,-0400,20083292,lke73_historian,The Plodding Historian📚,,"@BlytheByName I know. I had more silliness today. Laughing hysterically, because compared to the endless season of #drought #fires #floods my fellow Australians are suffering, my #CarChaos and #worktroubles are silly in comparison. #Solidarity #BestWishes #ClimateEmergency #LookAfterEachOther",en,[],[],[],0,0,1,"['drought', 'fires', 'floods', 'carchaos', 'worktroubles', 'solidarity', 'bestwishes', 'climateemergency', 'lookaftereachother']",[],https://twitter.com/lke73_historian/status/1234394382977028097,False,,0,,,,,,,,"[{'screen_name': 'BlytheByName', 'name': 'Kaitlyn Blythe (half-vaxxed)', 'id': '1105339309085712384'}]",,,,
1234391312243228672,1234391312243228672,2020-03-02 03:13:17 EST,2020-03-02,03:13:17,-0400,3435192275,planetary_sec,Planetary Security🌍,,🌍   Three scary ways climate change and human exploitation are changing the Middle East’s environment.   #climatechange #climateemergency #drought #sdg6 #floods #sealevelrise #climatechaos2020 #sdgs via @wef    https://t.co/puWJRl7WKr,en,"[{'screen_name': 'wef', 'name': 'world economic forum', 'id': '5120691'}]",[],[],5,124,109,"['climatechange', 'climateemergency', 'drought', 'sdg6', 'floods', 'sealevelrise', 'climatechaos2020', 'sdgs']",[],https://twitter.com/Planetary_Sec/status/1234391312243228672,False,,1,https://pbs.twimg.com/amplify_video_thumb/1190299363689607171/img/EZYLh4JfejxQllu_.jpg,,,,,,,[],,,,
1234386207011987456,1234386207011987456,2020-03-02 02:53:00 EST,2020-03-02,02:53:00,-0400,235748760,birdsnestscoop,Jo,,Welcome to autumn in Auckland where it’s 21 degrees at 6am. At least it’s a degree cooler tonight. #latergram #sunrise #climatecrisis #drought #autumn #Auckland #TāmakiMakaurau  https://t.co/0Od6JnWMiP,en,[],['https://www.instagram.com/p/B9OTt5ApSTZ/?igshid=xkhlx07dsii7'],[],0,0,1,"['latergram', 'sunrise', 'climatecrisis', 'drought', 'autumn', 'auckland', 'tāmakimakaurau']",[],https://twitter.com/birdsnestscoop/status/1234386207011987456,False,,0,,,,,,,,[],,,,
1234379176569950211,1234379176569950211,2020-03-02 02:25:04 EST,2020-03-02,02:25:04,-0400,73880751,newphyt,New Phytologist,,#Brachypodium distachyon MAP20 functions in metaxylem pit development and contributes to #drought recovery 🌱 https://t.co/v5vQr8Wd9s  https://t.co/jrXAjBXd3g,en,[],['https://nph.onlinelibrary.wiley.com/doi/10.1111/nph.16383'],['https://pbs.twimg.com/media/ESFlUZ6XUAQTtqG.jpg'],0,9,21,"['brachypodium', 'drought']",[],https://twitter.com/NewPhyt/status/1234379176569950211,False,,1,https://pbs.twimg.com/media/ESFlUZ6XUAQTtqG.jpg,,,,,,,[],,,,
1234378240640389121,1234027772999356417,2020-03-02 02:21:20 EST,2020-03-02,02:21:20,-0400,2314937901,desiree_laverne,Desiree_Laverne,,@ArshadArsalan57 @Andre_Ronin Food hampers for our farmers that are struggling to survive... Due to #Drought and other causes...,en,[],[],[],1,1,2,['drought'],[],https://twitter.com/Desiree_Laverne/status/1234378240640389121,False,,0,,,,,,,,"[{'screen_name': 'ArshadArsalan57', 'name': 'ARSHAD', 'id': '163905858'}, {'screen_name': 'Andre_Ronin', 'name': 'A҉N҉D҉R҉É҉ Onrehabiliteerbare Afrikaner©™', 'id': '276163867'}]",,,,
1234376669680537600,1234376669680537600,2020-03-02 02:15:06 EST,2020-03-02,02:15:06,-0400,85251917,adpcnet,ADPC,,#SERVIRMekong met with @NASA Applied Science Team Members to use technology to improve land cover mapping #drought #flood forecasting and agricultural planning in the #LowerMekong  https://t.co/9w8asERSC1 @USAIDAsia @NASA_Marshall @SERVIRGlobal  https://t.co/8kwVEpBBTZ,en,"[{'screen_name': 'nasa', 'name': 'nasa', 'id': '11348282'}, {'screen_name': 'usaidasia', 'name': 'usaid asia', 'id': '300684172'}, {'screen_name': 'nasa_marshall', 'name': 'nasa marshall', 'id': '28184452'}, {'screen_name': 'servirglobal', 'name': 'servir global', 'id': '432703511'}]",['https://buff.ly/2TbOu7E'],['https://pbs.twimg.com/media/ESFjCi2WkAA5R1r.jpg'],0,11,15,"['servirmekong', 'drought', 'flood', 'lowermekong']",[],https://twitter.com/ADPCnet/status/1234376669680537600,False,,1,https://pbs.twimg.com/media/ESFjCi2WkAA5R1r.jpg,,,,,,,[],,,,
1234362895116333056,1234362895116333056,2020-03-02 01:20:22 EST,2020-03-02,01:20:22,-0400,3355323974,karenthompsonnz,Karen Thompson,,Lake Ohinewai 30 Oct 2019 (top) 2 March 2020 (bottom) 'tides out' Freshwater mussels are not loving this found a bucket full in 2cm of water #WheresTheRain #Waikato #Drought  https://t.co/IWZswiEDeH,en,[],[],['https://pbs.twimg.com/media/ESFWfkkUEAA5JS-.jpg'],2,0,11,"['wherestherain', 'waikato', 'drought']",[],https://twitter.com/karenthompsonnz/status/1234362895116333056,False,,1,https://pbs.twimg.com/media/ESFWfkkUEAA5JS-.jpg,,,,,,,[],,,,
1234362879979196417,1234362879979196417,2020-03-02 01:20:18 EST,2020-03-02,01:20:18,-0400,1341578780,mubiruhumble,Mubiru Humble,,One Voice! One society! One Universe💚🌿🕊️🌳 demanding #ClimateActionNow #SaveCongoForest_Flora_Fauna #CaliforniaonFire #AustraliaOnFire #LocustInvasion #Landslide2020 #FloodingUniverse #drought #hunger inspired by @vanessa_vash @KaoHua3 @redmayne_robert @ElmGrace @GretaThunberg  https://t.co/iqu9GVOaLi,en,"[{'screen_name': 'vanessa_vash', 'name': 'vanessa nakate', 'id': '1134059457191776257'}, {'screen_name': 'kaohua3', 'name': '🇵🇸kaossara sani #stopshell', 'id': '1087723402226487297'}, {'screen_name': 'redmayne_robert', 'name': 'robert redmayne hosking', 'id': '952636350158819328'}, {'screen_name': 'elmgrace', 'name': 'grace *pre-order tomorrow is too late!*', 'id': '1113846771158061057'}, {'screen_name': 'gretathunberg', 'name': 'greta thunberg', 'id': '1006419421244678144'}]",[],['https://pbs.twimg.com/media/ESFT_K0WsAEB03E.jpg'],1,5,12,"['climateactionnow', 'savecongoforest_flora_fauna', 'californiaonfire', 'australiaonfire', 'locustinvasion', 'landslide2020', 'floodinguniverse', 'drought', 'hunger']",[],https://twitter.com/MubiruHumble/status/1234362879979196417,False,,1,https://pbs.twimg.com/media/ESFT_K0WsAEB03E.jpg,,,,,,,[],,,,
1234362098676723713,1234362098676723713,2020-03-02 01:17:12 EST,2020-03-02,01:17:12,-0400,355868241,sandrairo,sandra ireson,,Who else is getting excited/nervous about the rain forecast?Those of us North &amp; West of Hay are wondering how accurate is this colouring in is &amp; the choice of texta colours!! There is a LOT riding on the difference between red &amp; blue! 🙏🤞⛈ #drought #agchatoz  https://t.co/fNLh6JdjTm,en,[],[],['https://pbs.twimg.com/media/ESFVw1HU0AA7iQL.jpg'],8,3,59,"['drought', 'agchatoz']",[],https://twitter.com/sandrairo/status/1234362098676723713,False,,1,https://pbs.twimg.com/media/ESFVw1HU0AA7iQL.jpg,,,,,,,[],,,,
1234356864009129986,1234356864009129986,2020-03-02 00:56:24 EST,2020-03-02,00:56:24,-0400,2864943037,helmutduerrast,Helmut Duerrast,,#Drought #ThaiDrought in most parts of #Thailand  Not over yet - at least one more month to go,en,[],[],[],0,1,0,"['drought', 'thaidrought', 'thailand']",[],https://twitter.com/HelmutDuerrast/status/1234356864009129986,False,https://twitter.com/TNAMCOT/status/1234356308637171717,0,,,,,,,,[],,,,
1234350476440698881,1234315361421385729,2020-03-02 00:31:01 EST,2020-03-02,00:31:01,-0400,852207218,scottlambkin,scott8970,,@BradfieldThe Why can't it be put back into the underground #water supply @ScottMorrisonMP @AlboMP @AdamBandt @PaulineHansonOz @RealBobKatter @AnnastaciaMP @GladysB @MarkMcGowanMP water going out to sea is wasteful #auspol #ausbiz #drought #farmers #economy,en,"[{'screen_name': 'scottmorrisonmp', 'name': 'scott morrison', 'id': '34116377'}, {'screen_name': 'albomp', 'name': 'anthony albanese', 'id': '254515782'}, {'screen_name': 'adambandt', 'name': 'adam bandt', 'id': '25960714'}, {'screen_name': 'paulinehansonoz', 'name': 'pauline hanson 🇦🇺', 'id': '1471232930'}, {'screen_name': 'realbobkatter', 'name': 'hon bob katter mp', 'id': '310726037'}, {'screen_name': 'annastaciamp', 'name': 'annastacia palaszczuk', 'id': '256833444'}, {'screen_name': 'gladysb', 'name': 'gladys berejiklian', 'id': '704882735815401472'}, {'screen_name': 'markmcgowanmp', 'name': 'mark mcgowan', 'id': '430452224'}]",[],[],0,0,2,"['water', 'auspol', 'ausbiz', 'drought', 'farmers', 'economy']",[],https://twitter.com/scottlambkin/status/1234350476440698881,False,,0,,,,,,,,"[{'screen_name': 'BradfieldThe', 'name': 'The Bradfield Party', 'id': '1171254067193974784'}]",,,,
1234347881097764864,1234347881097764864,2020-03-02 00:20:42 EST,2020-03-02,00:20:42,-0400,420698990,frrr_oz,FRRR,,NEWS | ‘May The Force Be With Us’: Australia Is Getting A Star Wars Festival via @10Daily:  https://t.co/KD1yeXZOtF #TTTT #grantsinaction #drought #TheBigDry,en,"[{'screen_name': '10daily', 'name': '10 daily', 'id': '794424389454340096'}]",['http://ow.ly/lP5Q50yzXqS'],[],0,2,1,"['tttt', 'grantsinaction', 'drought', 'thebigdry']",[],https://twitter.com/FRRR_Oz/status/1234347881097764864,False,,0,,,,,,,,[],,,,
1234337876332040192,1234337876332040192,2020-03-01 23:40:57 EST,2020-03-01,23:40:57,-0400,2700058788,comicjohnnycorn,Johnny Corn,,#ClimateCrisis is real and I live here in #California and I am concerned. We have not had rain. I fear a #drought and we just gout out of one! I do hope @GavinNewsom takes heed. We need to address this and be proactive.  Lucky for us #Sonoma is   https://t.co/RBnZycPMrX,en,"[{'screen_name': 'gavinnewsom', 'name': 'gavin newsom', 'id': '11347122'}]",['http://www.ktvu.com/news/sonoma-county-water-agency-inflating-rubber-dam-early-due-to-lack-of-rain'],[],0,0,0,"['climatecrisis', 'california', 'drought', 'sonoma']",[],https://twitter.com/ComicJohnnyCorn/status/1234337876332040192,False,,0,,,,,,,,[],,,,
1234336972539416576,1234336972539416576,2020-03-01 23:37:21 EST,2020-03-01,23:37:21,-0400,4753450935,jwadesmith1,John Wade-Smith,,A town to be “decommissioned” because of #ClimateChange - with all the stories of #drought and #floods a reminder of the slow burn impact which will affect coastal communities globally #COP26 #ClimateAction     The UK’s first climate change refugees?  https://t.co/h8OdptEGX5,en,[],['https://www.bbc.co.uk/news/uk-51667018'],[],0,1,0,"['climatechange', 'drought', 'floods', 'cop26', 'climateaction']",[],https://twitter.com/jwadesmith1/status/1234336972539416576,False,,0,,,,,,,,[],,,,
1234336655638548480,1234336655638548480,2020-03-01 23:36:06 EST,2020-03-01,23:36:06,-0400,47417216,karimhamdy4444,KARIM HAMDY,,Main basse sur l’eau : la nouvelle guerre a déjà commencé. #Water #Drought #FAO   https://t.co/XnjR7wbXac,fr,[],['https://lareleveetlapeste.fr/main-basse-sur-leau-la-nouvelle-guerre-a-deja-commence/'],[],0,0,0,"['water', 'drought', 'fao']",[],https://twitter.com/karimhamdy4444/status/1234336655638548480,False,,0,,,,,,,,[],,,,
1234335905927835648,1234335905927835648,2020-03-01 23:33:07 EST,2020-03-01,23:33:07,-0400,1033001794362920960,lspongeluppe,Leo Pongeluppe,,"Great 🇲🇼🇬🇧 movie showing how #education can actually #changelives in the context of #drought and farming in #Malawi. Based on the true story of @wkamkwamba. #resourcescarcity, #innovation, #technology, and #development. #LeoMovieList  https://t.co/WcuQARKSlf",en,"[{'screen_name': 'wkamkwamba', 'name': 'william kamkwamba', 'id': '21469694'}]",['https://www.imdb.com/title/tt7533152/'],[],0,0,0,"['education', 'changelives', 'drought', 'malawi', 'resourcescarcity', 'innovation', 'technology', 'development', 'leomovielist']",[],https://twitter.com/LSPongeluppe/status/1234335905927835648,False,,0,,,,,,,,[],,,,
1234327799592255489,1234327799592255489,2020-03-01 23:00:54 EST,2020-03-01,23:00:54,-0400,874479000436879361,hightopcustoms,HightopCustomsOfficial,,Drought In #California Seems Inevitable. But #Experts Say Don’t Panic.                                      A comparison of the level in #drought in Calfornia from January 7 to .....read more.  https://t.co/3aNf0pkjSL #dont #esuitenews  https://t.co/lVVF58k3jx,en,[],['http://www.enterprisersuite.com/drought-in-california-seems-inevitable-but-experts-say-dont-panic/?utm_source=twitter&utm_medium=social+to+Twitter&utm_campaign=ReviveOldPostTwitter'],['https://pbs.twimg.com/media/ESE2l1UXsAEjo9d.jpg'],0,0,0,"['california', 'experts', 'drought', 'dont', 'esuitenews']",[],https://twitter.com/HightopCustoms/status/1234327799592255489,False,,1,https://pbs.twimg.com/media/ESE2l1UXsAEjo9d.jpg,,,,,,,[],,,,
1234325748472635397,1234325748472635397,2020-03-01 22:52:45 EST,2020-03-01,22:52:45,-0400,554720963,annavidot,Anna Vidot,,"Please understand that when I say 'we have no comprehensive national drought policy' and people say 'well where do we start?' and I say 'how bout we agree on a definition of #drought?' and people say 'wait, we don't even have *that*?'  Please understand.... I am not exaggerating.",en,[],[],[],2,23,61,['drought'],[],https://twitter.com/AnnaVidot/status/1234325748472635397,False,https://twitter.com/KathSully/status/1234323597302190086,0,,,,,,,,[],,,,
1234325269025964033,1234242231092969472,2020-03-01 22:50:51 EST,2020-03-01,22:50:51,-0400,349565851,ambermountney,* Amber *,,"@sunriseon7 @MileyCyrus What about the Australian #farmers? They are shooting their animals, before they shoot themselves because of the #drought. Least those affected by the fires have insurance, the farmers have nothing! The government won't even help them! #helpthefarmers",en,[],[],[],0,0,1,"['farmers', 'drought', 'helpthefarmers']",[],https://twitter.com/AmberMountney/status/1234325269025964033,False,,0,,,,,,,,"[{'screen_name': 'sunriseon7', 'name': 'Sunrise', 'id': '18753424'}, {'screen_name': 'MileyCyrus', 'name': 'Miley Ray Cyrus', 'id': '268414482'}]",,,,
1234318208368283649,1234318208368283649,2020-03-01 22:22:48 EST,2020-03-01,22:22:48,-0400,2834886343,ramhpnsw,Rural Adversity Mental Health Program,,#FarmHub has had a refresh! The updated site features new drought preparedness resources. Visit FarmHub to search the largest directory of assistance for farmers.   https://t.co/LyCLJENiCZ #drought #mentalhealth,en,[],['https://buff.ly/2Rv8uht'],[],0,0,2,"['farmhub', 'drought', 'mentalhealth']",[],https://twitter.com/ramhpnsw/status/1234318208368283649,False,,0,,,,,,,,[],,,,
1234311755754401792,1234311755754401792,2020-03-01 21:57:09 EST,2020-03-01,21:57:09,-0400,3277172780,rmgaustad,Robert Gaustad,,Can we have some of that ice sent to California? We’ll take any precipitation you’ve got. Thanks. #drought  #WeNeedRain   https://t.co/yE5AOnxLwc,en,[],['https://www.cnn.com/2020/03/01/us/lake-erie-ice-houses-frozen-trnd/index.html'],[],2,0,2,"['drought', 'weneedrain']",[],https://twitter.com/RMGaustad/status/1234311755754401792,False,,0,,,,,,,,[],,,,
1234305749175562240,1234305749175562240,2020-03-01 21:33:17 EST,2020-03-01,21:33:17,-0400,1141516332640296960,horttake,The Hort Take,,Then and now. Stanthorpe and the Granite Belt are green and back on their feet but far from out of the woods. Here today to talk mutual insurance with @applesnpearsAU and local growers #ausag #qldhort #drought #bushfires @jessvanvonderen @abcbrisbane  https://t.co/CHrpL7FD3l,en,"[{'screen_name': 'applesnpearsau', 'name': 'apal', 'id': '744798283'}, {'screen_name': 'jessvanvonderen', 'name': 'jessica van vonderen', 'id': '41228887'}, {'screen_name': 'abcbrisbane', 'name': 'abc brisbane', 'id': '16213124'}]",[],"['https://pbs.twimg.com/media/ESEih1oVUAAvi3k.jpg', 'https://pbs.twimg.com/media/ESEih1oVAAAY2WS.jpg']",0,2,1,"['ausag', 'qldhort', 'drought', 'bushfires']",[],https://twitter.com/HortTake/status/1234305749175562240,False,,1,https://pbs.twimg.com/media/ESEih1oVUAAvi3k.jpg,,,,,,,[],,,,
1234301341167583233,1234218299187064832,2020-03-01 21:15:46 EST,2020-03-01,21:15:46,-0400,205959901,vacuousness,💧 Vacuous Fair Dinkum Covfefe _Au Pair,,"@btckr @KerryWitch @annaclarity1 @knarfnamduh There was never going to be a budget surplus, but now with #drought, #fires, #floods and now #CoronaVirus - they have perfect storm to blame... instead of admitting they (@LiberalAus @The_Nationals) lied to begin with #auspol",en,"[{'screen_name': 'liberalaus', 'name': 'liberal party', 'id': '28739612'}, {'screen_name': 'the_nationals', 'name': 'the nationals', 'id': '192716522'}]",[],[],0,1,1,"['drought', 'fires', 'floods', 'coronavirus', 'auspol']",[],https://twitter.com/VacuousNess/status/1234301341167583233,False,,0,,,,,,,,"[{'screen_name': 'btckr', 'name': 'Barry Tucker', 'id': '300510416'}, {'screen_name': 'KerryWitch', 'name': 'Valerie deBritt', 'id': '143750506'}, {'screen_name': 'annaclarity1', 'name': 'Laminzi', 'id': '1196953104370978816'}, {'screen_name': 'knarfnamduh', 'name': 'John H aka Corvus coronoides', 'id': '95718878'}]",,,,
1234300005093003264,1234300005093003264,2020-03-01 21:10:28 EST,2020-03-01,21:10:28,-0400,612498975,aussieace_,💧Angry Peasant 🌏🌲🐳🐢🌊🔥,,"wtf?  LGA #drought grant guidelines unfinished prior to grants given, then written on the fly to match grants justification.  #estimates",en,[],[],[],0,1,1,"['drought', 'estimates']",[],https://twitter.com/AussieAce_/status/1234300005093003264,False,,0,,,,,,,,[],,,,
1234296664694747136,1234296664694747136,2020-03-01 20:57:11 EST,2020-03-01,20:57:11,-0400,22728698,makingenvirnews,Making Enviro News,,2nd most pop #news item appearing in last issue of @MakingEnvirNews by @doylesweather via @abcnews #weather @BOM_au #ClimateChange #extremeweather #drought #rainfall   https://t.co/SKBhsfdZWv,en,"[{'screen_name': 'makingenvirnews', 'name': 'making enviro news', 'id': '22728698'}, {'screen_name': 'doylesweather', 'name': 'kate doyle', 'id': '917151780357627904'}, {'screen_name': 'abcnews', 'name': 'abc news', 'id': '2768501'}, {'screen_name': 'bom_au', 'name': 'bureau of meteorology, australia', 'id': '188545143'}]",['https://www.abc.net.au/news/2020-02-27/bom-autumn-outlook-forecasts-generally-drier-north-wetter-south/12005560'],[],0,0,0,"['news', 'weather', 'climatechange', 'extremeweather', 'drought', 'rainfall']",[],https://twitter.com/MakingEnvirNews/status/1234296664694747136,False,,0,,,,,,,,[],,,,
1234288314758377472,1234288314758377472,2020-03-01 20:24:00 EST,2020-03-01,20:24:00,-0400,948014469044678656,igor_os777,Igor Os,,Ancient Mud Reveals an Explanation for Sudden Collapse of the Mayan Empire.  https://t.co/GLx7fcHgUm The empire took thousands of years to build and just 100 years to collapse.... #UniversityofCambridge #drought #dryness,en,[],['http://url.igoros.com/1fh'],[],0,0,1,"['universityofcambridge', 'drought', 'dryness']",[],https://twitter.com/igor_os777/status/1234288314758377472,False,,0,,,,,,,,[],,,,
1234283893026508803,1234283893026508803,2020-03-01 20:06:26 EST,2020-03-01,20:06:26,-0400,85550213,scottie_bourne,Scott Bourne,,"Key #health measures - from farmer health programs to the installation of a defibrillator, highlight this month's @GannawarraShire #drought projects update.",en,"[{'screen_name': 'gannawarrashire', 'name': 'gannawarrashire', 'id': '2328172892'}]",[],[],0,0,0,"['health', 'drought']",[],https://twitter.com/scottie_bourne/status/1234283893026508803,False,https://twitter.com/GannawarraShire/status/1234283593364426752,0,,,,,,,,[],,,,
1234281332269895680,1234281332269895680,2020-03-01 19:56:16 EST,2020-03-01,19:56:16,-0400,774421592591912960,sanjosevoice,San Jose Community NETWORK,,#Drought or dangerous #flooding? Research aims to tame atmospheric river risks — save #California’s #rain #sanjose #siliconvalley #santaclaravalley #SanFranciscoBayArea #sanjosecommunity #siliconvalleycommunity via  https://t.co/10uQOII8Mj  https://t.co/QI0HsPgQIS,en,[],"['http://www.SanJoseCommunity.com', 'https://sanjosecommunity.home.blog/2020/03/01/drought-or-dangerous-flooding-research-aims-to-tame-atmospheric-river-risks-save-californias-rain/']",[],0,0,0,"['drought', 'flooding', 'california', 'rain', 'sanjose', 'siliconvalley', 'santaclaravalley', 'sanfranciscobayarea', 'sanjosecommunity', 'siliconvalleycommunity']",[],https://twitter.com/SanJoseVoice/status/1234281332269895680,False,,0,,,,,,,,[],,,,
1234280355114319872,1234280355114319872,2020-03-01 19:52:23 EST,2020-03-01,19:52:23,-0400,923020867403096064,ballancesci,Ballance Science Extension,,When #forage #crops are precious during the #drought double fencing makes sense. 👏 🌱 Well done @OwlFarmNZ Waikato.  @BallanceNZ are a partner in this Demonstration Farm.  https://t.co/gwwPZa3yyq,en,"[{'screen_name': 'owlfarmnz', 'name': 'owlfarmnz', 'id': '4480656373'}, {'screen_name': 'ballancenz', 'name': 'ballance agri-nutrients', 'id': '1002296413798084608'}]",[],['https://pbs.twimg.com/media/ESELbWiUwAAkbiP.jpg'],0,1,4,"['forage', 'crops', 'drought']",[],https://twitter.com/BallanceSci/status/1234280355114319872,False,,1,https://pbs.twimg.com/media/ESELbWiUwAAkbiP.jpg,,,,,,,[],,,,
1234276795152814085,1234276795152814085,2020-03-01 19:38:14 EST,2020-03-01,19:38:14,-0400,468517832,tomniziol,Tom Niziol,,"The SWE has essentially ""flat-lined"" in The Sierra at a time when we should be seeing the greatest ""deposits into that Savings Bank"" for Spring and Summer withdrawals""/runoff.  #cawx #winter #drought  https://t.co/3y1DPn7UbJ",en,[],[],['https://pbs.twimg.com/media/ESEHx8MWAAEuZ96.jpg'],1,2,6,"['cawx', 'winter', 'drought']",[],https://twitter.com/TomNiziol/status/1234276795152814085,False,,1,https://pbs.twimg.com/media/ESEHx8MWAAEuZ96.jpg,,,,,,,[],,,,
