id,conversation_id,created_at,date,time,timezone,user_id,username,name,place,tweet,language,mentions,urls,photos,replies_count,retweets_count,likes_count,hashtags,cashtags,link,retweet,quote_url,video,thumbnail,near,geo,source,user_rt_id,user_rt,retweet_id,reply_to,retweet_date,translate,trans_src,trans_dest
780194923173863424,780194923173863424,2016-09-25 19:58:59 EDT,2016-09-25,19:58:59,-0400,29567408,chefbeezus,The Mastermind,,#Drought,und,[],[],[],1,0,0,['drought'],[],https://twitter.com/ChefBeezus/status/780194923173863424,False,,0,,,,,,,,[],,,,
780186052216487940,780186052216487940,2016-09-25 19:23:44 EDT,2016-09-25,19:23:44,-0400,1079230958,vatoloco722,Brown Pride ✊🏽,,Rams &amp; Bucs game being held cus thunder and lighting Cali ppl are like what's thunder and lighting #Drought,en,[],[],[],0,0,0,['drought'],[],https://twitter.com/VatoLoco722/status/780186052216487940,False,,0,,,,,,,,[],,,,
780184983776354308,780184983776354308,2016-09-25 19:19:29 EDT,2016-09-25,19:19:29,-0400,231223987,marc_hay_bfmtv,Marc Hay,,"Crazy #heat wave in #LosAngeles and severe #drought. 102 F tomorrow, 39 C. Vague de chaleur en Californie. 39 degrés demain. @BFMTV  https://t.co/dNIQICxUnj",fr,"[{'screen_name': 'bfmtv', 'name': 'bfmtv', 'id': '133663801'}]",[],['https://pbs.twimg.com/media/CtPGGqqVIAAxR6Z.jpg'],1,2,7,"['heat', 'losangeles', 'drought']",[],https://twitter.com/Marc_Hay_BFMTV/status/780184983776354308,False,,1,https://pbs.twimg.com/media/CtPGGqqVIAAxR6Z.jpg,,,,,,,[],,,,
780179413090443267,780179413090443267,2016-09-25 18:57:21 EDT,2016-09-25,18:57:21,-0400,2919938316,protectceqa,ProtectCeqa,,California farmers drilling wells as groundwater limits loom  https://t.co/OiCfe2qPc7 @SFGate #water #Drought #globalwarming #wells,en,"[{'screen_name': 'sfgate', 'name': 'sfgate', 'id': '36511031'}]",['http://m.sfgate.com/news/article/California-farmers-drilling-wells-as-groundwater-9283613.php'],[],0,0,1,"['water', 'drought', 'globalwarming', 'wells']",[],https://twitter.com/ProtectCEQA/status/780179413090443267,False,,0,,,,,,,,[],,,,
780179403598761984,780170659972251648,2016-09-25 18:57:19 EDT,2016-09-25,18:57:19,-0400,1215791515,carriehkelly,Carrie Kelly,,"@marnoch4 Floodplain I refer to is in San Juan Capistrano, CA; has not flooded for 150 yrs. It is technically overdue. #California #drought",en,[],[],[],0,0,0,"['california', 'drought']",[],https://twitter.com/CarrieHKelly/status/780179403598761984,False,,0,,,,,,,,"[{'screen_name': 'Marnoch4', 'name': 'Marnoch', 'id': '1005945512187449346'}]",,,,
780177916130762752,780177916130762752,2016-09-25 18:51:24 EDT,2016-09-25,18:51:24,-0400,15544979,witteeme,lobo☮.....,,@chefgigi Your rain is coming soon.. I hope. Fingers crossed for it to be there like I remembered! #Drought  https://t.co/Dq7m0trVCJ,en,[],['https://twitter.com/KRWikstrom/status/780169408861704193'],[],1,0,1,['drought'],[],https://twitter.com/witteeme/status/780177916130762752,False,https://twitter.com/KRWikstrom/status/780169408861704193,0,,,,,,,,[],,,,
780169639691100160,780169639691100160,2016-09-25 18:18:31 EDT,2016-09-25,18:18:31,-0400,315394640,stevenlhess,水無 灯里味方,,@JerryBrownGov start seeding clouds already. We won't survive a 100 year drought. #Drought,en,[],[],[],0,0,0,['drought'],[],https://twitter.com/StevenLHess/status/780169639691100160,False,,0,,,,,,,,[],,,,
780165517113827328,780165517113827328,2016-09-25 18:02:08 EDT,2016-09-25,18:02:08,-0400,195625324,raynirisher,Rayni Risher,,I just read that 2.5 million acres of land has burned in wildfires in CA between 2000-2015. Wow. #California #wildfires #drought,en,[],[],[],0,0,0,"['california', 'wildfires', 'drought']",[],https://twitter.com/raynirisher/status/780165517113827328,False,,0,,,,,,,,[],,,,
780165492334034945,780165492334034945,2016-09-25 18:02:02 EDT,2016-09-25,18:02:02,-0400,748959303957147648,kilifinews,Kilifi News,,"Alarm in #Ganze over persistent #Drought:  https://t.co/k9R3jOlPYy,  https://t.co/SCe96KCor9  https://t.co/bsR2HHag9T",en,[],"['http://www.mambolook.com/kilifi', 'http://www.mambolook.com/link/5175884']",['https://pbs.twimg.com/media/CtO0YSGWAAEEqR8.jpg'],0,0,0,"['ganze', 'drought']",[],https://twitter.com/KilifiNews/status/780165492334034945,False,,1,https://pbs.twimg.com/media/CtO0YSGWAAEEqR8.jpg,,,,,,,[],,,,
780164041805180928,780164041805180928,2016-09-25 17:56:16 EDT,2016-09-25,17:56:16,-0400,18304956,spacefish69,Spacefish69,,#lakecasitas #beforeandafter #needrain #drought #gotwater  https://t.co/R22UCPmglO,und,[],[],['https://pbs.twimg.com/media/CtOzDNzUMAA2-JD.jpg'],0,0,1,"['lakecasitas', 'beforeandafter', 'needrain', 'drought', 'gotwater']",[],https://twitter.com/Spacefish69/status/780164041805180928,False,,1,https://pbs.twimg.com/media/CtOzDNzUMAA2-JD.jpg,,,,,,,[],,,,
780162306202271744,780162306202271744,2016-09-25 17:49:23 EDT,2016-09-25,17:49:23,-0400,552066959,delawarepublic,DelawarePublicMedia,,The lack of rain may be catching up with NCCo where a drought watch could be coming.  https://t.co/Sdr5bk6Vnm #NetDE #Drought #Delaware,en,[],['http://delawarepublic.org/post/water-panel-reconsider-possible-drought-watch-amid-outlook-more-dry-weather'],[],0,1,0,"['netde', 'drought', 'delaware']",[],https://twitter.com/DelawarePublic/status/780162306202271744,False,,0,,,,,,,,[],,,,
780160860375384064,780160860375384064,2016-09-25 17:43:38 EDT,2016-09-25,17:43:38,-0400,268432127,weathersullivan,Brian K. Sullivan,,Charles River in Massachusetts reduced to a trickle. #drought  https://t.co/YTFfyp4P2w,en,[],[],['https://pbs.twimg.com/media/CtOwJe6XEAAUIHd.jpg'],0,0,1,['drought'],[],https://twitter.com/WeatherSullivan/status/780160860375384064,False,,1,https://pbs.twimg.com/media/CtOwJe6XEAAUIHd.jpg,,,,,,,[],,,,
780159591287959552,780159591287959552,2016-09-25 17:38:35 EDT,2016-09-25,17:38:35,-0400,1539408224,otaymark,Water Mark 🚰,,Fountains 💦 flowing again after #drought restrictions dropped from Level 2 to Level 1  https://t.co/1BOlIGKpfw by @RogerShowley via @SDUT  https://t.co/nv40NcWCor,en,"[{'screen_name': 'rogershowley', 'name': 'roger showley', 'id': '18879335'}, {'screen_name': 'sdut', 'name': 'san diego union-tribune', 'id': '14148802'}]",['http://fw.to/iH3K1RK'],['https://pbs.twimg.com/media/CtOuiAqUEAA7Js-.jpg'],0,0,1,['drought'],[],https://twitter.com/OtayMark/status/780159591287959552,False,,1,https://pbs.twimg.com/media/CtOuiAqUEAA7Js-.jpg,,,,,,,[],,,,
780152581410660352,780152581410660352,2016-09-25 17:10:44 EDT,2016-09-25,17:10:44,-0400,585210849,bwebb121290,brandon webb,,If I don't get some rain my water bill is gonna be more than my mortgage #drought,en,[],[],[],0,0,1,['drought'],[],https://twitter.com/bwebb121290/status/780152581410660352,False,,0,,,,,,,,[],,,,
780150578961870848,780150578961870848,2016-09-25 17:02:47 EDT,2016-09-25,17:02:47,-0400,22543731,bryce_ward,BRYCE WARD,,"#toCONSIDER #Drought leaves 237,000 people thirsty in Central China  https://t.co/VcDmlLyDSQ …  https://t.co/WD13Ljuku7",en,[],"['http://ow.ly/HF0p304xBig', 'https://twitter.com/ChinaDailyUSA/status/780150007991263232']",[],0,0,1,"['toconsider', 'drought']",[],https://twitter.com/BRYCE_WARD/status/780150578961870848,False,https://twitter.com/ChinaDailyUSA/status/780150007991263232,0,,,,,,,,[],,,,
780150219921063936,780150219921063936,2016-09-25 17:01:21 EDT,2016-09-25,17:01:21,-0400,703715517798998017,rissasgarden,Rissa's Garden,,"Gardeners, save your #plants in this #drought without violating #WaterRestrictions! Learn how:  https://t.co/kjf1r3U8P3",en,[],['http://bit.ly/PGftRoU01'],[],0,0,0,"['plants', 'drought', 'waterrestrictions']",[],https://twitter.com/RissasGarden/status/780150219921063936,False,,0,,,,,,,,[],,,,
780150007991263232,780150007991263232,2016-09-25 17:00:31 EDT,2016-09-25,17:00:31,-0400,87775422,chinadaily,China Daily,,"#Drought leaves 237,000 people thirsty in Central China  https://t.co/Rpk2grqeAc  https://t.co/2efQ8wNhnB",en,[],['http://ow.ly/HF0p304xBig'],['https://pbs.twimg.com/media/CtOmTACWEAAqjME.jpg'],3,6,14,['drought'],[],https://twitter.com/ChinaDaily/status/780150007991263232,False,,1,https://pbs.twimg.com/media/CtOmTACWEAAqjME.jpg,,,,,,,[],,,,
780148933506899969,780148933506899969,2016-09-25 16:56:14 EDT,2016-09-25,16:56:14,-0400,364751555,khonkonen,Krister Honkonen,,5 #Innovations for Tackling 5 Years of #California #Drought -  https://t.co/Kn9dkTCqxv,en,[],['http://klou.tt/focwwobxa8qo'],[],0,0,0,"['innovations', 'california', 'drought']",[],https://twitter.com/KHonkonen/status/780148933506899969,False,,0,,,,,,,,[],,,,
780147840009904128,780147840009904128,2016-09-25 16:51:54 EDT,2016-09-25,16:51:54,-0400,749836779830652933,wateragg,Global Water Crisis,,"17,000 + families without drinking water in region of Sri Lanka:  https://t.co/PjT6RrFGZ2 #SriLanka #drought #watercrisis",en,[],['http://newsfirst.lk/english/2016/09/tears-rannas-drought-stricken-residents-water-supply-halted/149625'],[],0,0,0,"['srilanka', 'drought', 'watercrisis']",[],https://twitter.com/WaterAgg/status/780147840009904128,False,,0,,,,,,,,[],,,,
780147567078375424,780147567078375424,2016-09-25 16:50:49 EDT,2016-09-25,16:50:49,-0400,268432127,weathersullivan,Brian K. Sullivan,,#drought Millennium Park West Roxbury. (Boston)  https://t.co/A6e59avOx6,cy,[],[],['https://pbs.twimg.com/media/CtOkCOoW8AA8kLF.jpg'],0,0,0,['drought'],[],https://twitter.com/WeatherSullivan/status/780147567078375424,False,,1,https://pbs.twimg.com/media/CtOkCOoW8AA8kLF.jpg,,,,,,,[],,,,
780146557119234048,780146557119234048,2016-09-25 16:46:48 EDT,2016-09-25,16:46:48,-0400,268432127,weathersullivan,Brian K. Sullivan,,There is supposed to be water here #drought #massachusetts  https://t.co/Sapsd7YrcK,en,[],[],['https://pbs.twimg.com/media/CtOjHePWYAEOWFi.jpg'],0,0,0,"['drought', 'massachusetts']",[],https://twitter.com/WeatherSullivan/status/780146557119234048,False,,1,https://pbs.twimg.com/media/CtOjHePWYAEOWFi.jpg,,,,,,,[],,,,
780145658120511488,780145658120511488,2016-09-25 16:43:13 EDT,2016-09-25,16:43:13,-0400,30833130,mindofmo,ImplausibleEndeavors,,Chronic #drought in Southwest; CA #wildfires. Chronic #flooding in Southeast. #Israel has WATER expertise. @realDonaldTrump #Infrastructure,en,"[{'screen_name': 'realdonaldtrump', 'name': 'donald j. trump', 'id': '25073877'}]",[],[],0,1,0,"['drought', 'wildfires', 'flooding', 'israel', 'infrastructure']",[],https://twitter.com/MindOfMo/status/780145658120511488,False,,0,,,,,,,,[],,,,
780144346037223424,780144253636714496,2016-09-25 16:38:01 EDT,2016-09-25,16:38:01,-0400,4119446079,a_human_crisis,A Human Crisis,,.@WaterAgg human being influx compounds water shortage in Jordan: #watercrisis #Jordan #drought #Syria #HumanCrisis,en,"[{'screen_name': 'wateragg', 'name': 'global water crisis', 'id': '749836779830652933'}]",[],[],0,0,0,"['watercrisis', 'jordan', 'drought', 'syria', 'humancrisis']",[],https://twitter.com/A_Human_Crisis/status/780144346037223424,False,,0,,,,,,,,[],,,,
780144253636714496,780144253636714496,2016-09-25 16:37:39 EDT,2016-09-25,16:37:39,-0400,749836779830652933,wateragg,Global Water Crisis,,Refugee influx compounds water shortage in Jordan:  https://t.co/FEGtvlPhdG #watercrisis #Jordan #drought #Syria,en,[],['http://www.petra.gov.jo/Public_News/Nws_NewsDetails.aspx?Site_Id=1&lang=2&NewsID=270130&CatID=13&Type=Home&GType=1'],[],1,0,0,"['watercrisis', 'jordan', 'drought', 'syria']",[],https://twitter.com/WaterAgg/status/780144253636714496,False,,0,,,,,,,,[],,,,
780143139902283776,780143139902283776,2016-09-25 16:33:13 EDT,2016-09-25,16:33:13,-0400,749836779830652933,wateragg,Global Water Crisis,,India: planning for ongoing water crisis  https://t.co/422aIEkrDk #India #drought #watercrisis #climatechange,en,[],['http://indianexpress.com/article/explained/how-india-sees-the-coming-crisis-of-water-and-is-preparing-for-it-3049950/'],[],0,0,0,"['india', 'drought', 'watercrisis', 'climatechange']",[],https://twitter.com/WaterAgg/status/780143139902283776,False,,0,,,,,,,,[],,,,
780142471212834816,780142471212834816,2016-09-25 16:30:34 EDT,2016-09-25,16:30:34,-0400,3065699171,climatekatie,Katie Theoharides,,"Great day at @CarlsonOrchards with grandad and Grammy Kay #fall #buylocal apples are very sweet, despite #drought  https://t.co/0LAa6n9AxN",en,"[{'screen_name': 'carlsonorchards', 'name': 'carlson orchards', 'id': '426050334'}]",[],['https://pbs.twimg.com/media/CtOfbsJW8AAx0GB.jpg'],0,0,4,"['fall', 'buylocal', 'drought']",[],https://twitter.com/ClimateKatie/status/780142471212834816,False,,1,https://pbs.twimg.com/media/CtOfbsJW8AAx0GB.jpg,,,,,,,[],,,,
780139884115730432,780139884115730432,2016-09-25 16:20:17 EDT,2016-09-25,16:20:17,-0400,55617786,mecardenas,M. E. Cardenas,"{'type': 'Point', 'coordinates': [37.0679, -121.081]}",The reservoir. 😔 #drought #california #prayforrain @ San Luis Reservoir  https://t.co/UmPRxkXyBd,fr,[],['https://www.instagram.com/p/BKysaF7hZMC/'],[],4,0,0,"['drought', 'california', 'prayforrain']",[],https://twitter.com/MECardenas/status/780139884115730432,False,,0,,,,,,,,[],,,,
780137616058486791,780137616058486791,2016-09-25 16:11:16 EDT,2016-09-25,16:11:16,-0400,587296873,africainsights,Africa Insights,,"#Africa bears its burden of #CivilWar, #FailedStates, #Conflict, #EconomicMigrants, #Drought. #Refugees  https://t.co/wJFlsOOdtV",en,[],['https://twitter.com/BrookingsGlobal/status/780134809238548481'],[],0,0,1,"['africa', 'civilwar', 'failedstates', 'conflict', 'economicmigrants', 'drought', 'refugees']",[],https://twitter.com/AfricaInsights/status/780137616058486791,False,https://twitter.com/BrookingsGlobal/status/780134809238548481,0,,,,,,,,[],,,,
780137344099819520,780137344099819520,2016-09-25 16:10:11 EDT,2016-09-25,16:10:11,-0400,531339283,yourclminfo,Rafael Velazco,,So proud to be part of this project at #GraniteHillsHighSchool. #HighDesert #OC #LA #IE #SoCA #landscape #drought   https://t.co/dCGcsZcpwU,en,[],['http://ow.ly/hDTC302Xzd8'],[],0,0,0,"['granitehillshighschool', 'highdesert', 'oc', 'la', 'ie', 'soca', 'landscape', 'drought']",[],https://twitter.com/yourclminfo/status/780137344099819520,False,,0,,,,,,,,[],,,,
780136323625709569,780136323625709569,2016-09-25 16:06:08 EDT,2016-09-25,16:06:08,-0400,49581410,luciadesouza,"Lúcia de Souza, Ph.D",,'We are thirsty' say Tunisians as #drought creates tensions  https://t.co/n55ni0fMZu  https://t.co/GhiN8KIshh,en,[],['http://dailym.ai/2dfFafP'],['https://pbs.twimg.com/media/CtOZ2e6WEAAYk7D.jpg'],0,0,0,['drought'],[],https://twitter.com/luciadesouza/status/780136323625709569,False,,1,https://pbs.twimg.com/media/CtOZ2e6WEAAYk7D.jpg,,,,,,,[],,,,
780135684162007040,780135684162007040,2016-09-25 16:03:35 EDT,2016-09-25,16:03:35,-0400,703421872881270784,anonprettyworld,Pretty World,,#Airplanes #Travel #Vacation #Drought #WeirdWeather #Sky #AirPollution Watch Planes Spray Poison on your #Children!  https://t.co/nLwgG3ySef,en,[],['https://youtu.be/TiZpHnaqNXA'],[],0,11,10,"['airplanes', 'travel', 'vacation', 'drought', 'weirdweather', 'sky', 'airpollution', 'children']",[],https://twitter.com/AnonPrettyWorld/status/780135684162007040,False,,0,,,,,,,,[],,,,
780134980441739264,780134980441739264,2016-09-25 16:00:48 EDT,2016-09-25,16:00:48,-0400,2502354296,abstractwallart,Danielle Nelisse,,artist paints Depleted Water Tables #climatechange #drought in #California #abstractart #fineart #daniellenelisse …  https://t.co/VTKE5feLX0,en,[],['http://ift.tt/1LuCyiS'],[],0,0,0,"['climatechange', 'drought', 'california', 'abstractart', 'fineart', 'daniellenelisse']",[],https://twitter.com/abstractwallart/status/780134980441739264,False,,0,,,,,,,,[],,,,
780134706327138305,780134706327138305,2016-09-25 15:59:42 EDT,2016-09-25,15:59:42,-0400,749836779830652933,wateragg,Global Water Crisis,,Stakeholders in California not working together. The makings of a water disaster:  https://t.co/5ZskfLg0lV #watercrisis #drought #California,en,[],['http://www.sacbee.com/news/state/california/water-and-drought/article103987631.html'],[],0,0,0,"['watercrisis', 'drought', 'california']",[],https://twitter.com/WaterAgg/status/780134706327138305,False,,0,,,,,,,,[],,,,
780130161673011200,780130161673011200,2016-09-25 15:41:39 EDT,2016-09-25,15:41:39,-0400,29154113,futurewateres,FutureWater | ES,,"#Jucar and #Segura: the 2 officially most #drought-prone basins of Spain, ongoing work this week at the #ImprexGA @iiama_upv @imprex_eu  https://t.co/6Fd8Z3xlgA",en,"[{'screen_name': 'iiama_upv', 'name': 'instituto de ingeniería del agua y medio ambiente', 'id': '3375343523'}, {'screen_name': 'imprex_eu', 'name': 'imprex☔️', 'id': '4105860747'}]",['https://twitter.com/desdelamoncloa/status/779313616424169472'],[],0,3,0,"['jucar', 'segura', 'drought', 'imprexga']",[],https://twitter.com/FutureWaterES/status/780130161673011200,False,https://twitter.com/desdelamoncloa/status/779313616424169472,0,,,,,,,,[],,,,
780129255791403008,780129255791403008,2016-09-25 15:38:03 EDT,2016-09-25,15:38:03,-0400,11838422,cryssloves,Crystal Porter,,I never thought that I would be so happy to see a possible week of rain in the forecast. #drought #NovaScotia #drywell,en,[],[],[],0,0,0,"['drought', 'novascotia', 'drywell']",[],https://twitter.com/cryssloves/status/780129255791403008,False,,0,,,,,,,,[],,,,
780128716013928448,780128716013928448,2016-09-25 15:35:54 EDT,2016-09-25,15:35:54,-0400,411023941,chrisgnbcboston,Chris Gloninger NBC10 Boston,,"Potential rain for #Tuesday! Don't get caught up in numbers, but we ARE expecting 1/3"" to localized 1"" amounts. #EveryDropHelps #Drought  https://t.co/ALWrbrx48z",en,[],[],['https://pbs.twimg.com/media/CtOSm9JXEAAq2s9.jpg'],0,0,2,"['tuesday', 'everydrophelps', 'drought']",[],https://twitter.com/ChrisGNBCBoston/status/780128716013928448,False,,1,https://pbs.twimg.com/media/CtOSm9JXEAAq2s9.jpg,,,,,,,[],,,,
780126015116943362,780126015116943362,2016-09-25 15:25:10 EDT,2016-09-25,15:25:10,-0400,2858511997,watertrends,Water News Global,,CANADA NOVA SCOTIA #DROUGHT: Municipality of Chester sets up program to combat lack of #DrinkingWater - CBC News  https://t.co/fXa5TCbz2x,en,[],['http://www.cbc.ca/news/canada/nova-scotia/municipality-chester-drought-water-wells-bottled-water-1.3778123'],[],0,2,0,"['drought', 'drinkingwater']",[],https://twitter.com/WaterTrends/status/780126015116943362,False,,0,,,,,,,,[],,,,
780119704476143616,780119704476143616,2016-09-25 15:00:06 EDT,2016-09-25,15:00:06,-0400,310587360,editndesign,Bonnie Britt,,"As #BigAg drills deep to extract #water from aquifer in #drought, farm workers' tap water runs dry.  https://t.co/FK0knhSui6 @sacbee_news",en,"[{'screen_name': 'sacbee_news', 'name': 'the sacramento bee', 'id': '14411304'}]",['https://goo.gl/qHB4ea'],[],0,0,0,"['bigag', 'water', 'drought']",[],https://twitter.com/editndesign/status/780119704476143616,False,,0,,,,,,,,[],,,,
780119621882023936,780119621882023936,2016-09-25 14:59:46 EDT,2016-09-25,14:59:46,-0400,100267047,susie_pickle,"For Pete's sake, Wash Your Hands!",,Where #yosemite #falls usually is #dry #drought…  https://t.co/TaR8NsDvmb,en,[],['https://www.instagram.com/p/BKyjMe7gqM0mZScioCSsDkobRZqP2StRlpRj1s0/'],[],0,0,0,"['yosemite', 'falls', 'dry', 'drought']",[],https://twitter.com/Susie_Pickle/status/780119621882023936,False,,0,,,,,,,,[],,,,
780117988217327616,780117988217327616,2016-09-25 14:53:16 EDT,2016-09-25,14:53:16,-0400,319559280,kosie01,Kosie Kloete,,#N25 gave 102t/ha. Good #irrigation during #drought  https://t.co/NQf0iGuUAa,en,[],[],['https://pbs.twimg.com/media/CtOJJjmWYAAdrc1.jpg'],0,0,0,"['n25', 'irrigation', 'drought']",[],https://twitter.com/Kosie01/status/780117988217327616,False,,1,https://pbs.twimg.com/media/CtOJJjmWYAAdrc1.jpg,,,,,,,[],,,,
780106010367320064,780106010367320064,2016-09-25 14:05:41 EDT,2016-09-25,14:05:41,-0400,3400613434,sustain_atl_ga,SustainAtlanta,,Here's everything you need to know to get up to speed on Georgia's Water Wars  https://t.co/yBNFJOdOWO  #atl #atlanta #gapol #water #drought,en,[],['https://sustainableatlantaga.com/2014/12/11/tri-state-water-wars-showdown-in-the-us-supreme-court-part-1-of-3/'],[],0,0,1,"['atl', 'atlanta', 'gapol', 'water', 'drought']",[],https://twitter.com/sustain_atl_ga/status/780106010367320064,False,,0,,,,,,,,[],,,,
780096839118888961,780096839118888961,2016-09-25 13:29:14 EDT,2016-09-25,13:29:14,-0400,758049516,ppt_search,PPT Search,,drought effects on cattle mexican Powerpoint Presentations -  https://t.co/JCQqf18hdN  #drought #effects #on #cattle #mexican,en,[],['http://www.ppthunter.com/drought-effects-on-cattle-mexican.htm'],[],0,0,0,"['drought', 'effects', 'on', 'cattle', 'mexican']",[],https://twitter.com/PPT_Search/status/780096839118888961,False,,0,,,,,,,,[],,,,
780094269281411072,780094269281411072,2016-09-25 13:19:01 EDT,2016-09-25,13:19:01,-0400,726700931920842752,fractal_curve,FractalCurve,,RT @Alessiana Hot Blob returns :( #GlobalWarming #climatechange #drought  https://t.co/NWyxwN409X  https://t.co/L8h16Q5rSk,en,"[{'screen_name': 'alessiana', 'name': 'alessiana 💜 🌎🚀 🦄🕊️', 'id': '16487286'}]",['http://buff.ly/2cTMCuO'],['https://pbs.twimg.com/media/CtNzmmZWIAAL4zP.jpg'],0,0,1,"['globalwarming', 'climatechange', 'drought']",[],https://twitter.com/Fractal_Curve/status/780094269281411072,False,,1,https://pbs.twimg.com/media/CtNzmmZWIAAL4zP.jpg,,,,,,,[],,,,
780086703012900864,780086703012900864,2016-09-25 12:48:57 EDT,2016-09-25,12:48:57,-0400,2858511997,watertrends,Water News Global,,TUNISIA: ‘We are thirsty. Give us water’ say Tunisians as #Drought creates tensions  https://t.co/0cp5bsqZZY #MENA #WaterScarcity,en,[],['http://www.therecord.com/news-story/6876783--we-are-thirsty-give-us-water-say-tunisians-as-drought-creates-tensions/'],[],0,1,0,"['drought', 'mena', 'waterscarcity']",[],https://twitter.com/WaterTrends/status/780086703012900864,False,,0,,,,,,,,[],,,,
780082992840486912,780082992840486912,2016-09-25 12:34:13 EDT,2016-09-25,12:34:13,-0400,2360260813,miriampawel,Miriam Pawel,,Very sobering story about #drought impact:well drilling hits record levels in San Joaquin Valley  https://t.co/ulgTkyhMBl,en,[],['http://sacb.ee/7uXj'],[],1,6,1,['drought'],[],https://twitter.com/miriampawel/status/780082992840486912,False,,0,,,,,,,,[],,,,
780077379108483072,780077379108483072,2016-09-25 12:11:54 EDT,2016-09-25,12:11:54,-0400,1342605168,care_pathways,CARE Pathways,,"""The only thing we have to eat until May is sweet potatoes...If those fail we will have nothing.""  https://t.co/RZISDF5mij … #drought #Malawi  https://t.co/vkEvpbtX6m",en,[],['http://www.carepathwaystoempowerment.org/malawians-struggle-drought-2nd-year-running/'],['https://pbs.twimg.com/media/CtNkLF8VMAARl3Y.png'],0,0,0,"['drought', 'malawi']",[],https://twitter.com/CARE_Pathways/status/780077379108483072,False,,1,https://pbs.twimg.com/media/CtNkLF8VMAARl3Y.png,,,,,,,[],,,,
780074896256663552,780074896256663552,2016-09-25 12:02:03 EDT,2016-09-25,12:02:03,-0400,2858511997,watertrends,Water News Global,,CANADA NOVA SCOTIA: River Imagery in time of #Drought | Niume Posts  https://t.co/qdyVbQwgYl #WorldRiversDay,en,[],['https://niume.com/pages/post/?postID=105587'],[],0,1,0,"['drought', 'worldriversday']",[],https://twitter.com/WaterTrends/status/780074896256663552,False,,0,,,,,,,,[],,,,
780072870986805248,780072870986805248,2016-09-25 11:54:00 EDT,2016-09-25,11:54:00,-0400,16487286,alessiana,Alessiana 💜 🌎🚀 🦄🕊️,,Hot Blob returns :(  #GlobalWarming #climatechange #drought    https://t.co/z5s2x1ARr2,en,[],['https://robertscribbler.com/2016/09/23/la-nina-fizzles-pacific-hot-blob-returns-record-global-heat-likely-to-remain/'],[],1,1,0,"['globalwarming', 'climatechange', 'drought']",[],https://twitter.com/Alessiana/status/780072870986805248,False,,0,,,,,,,,[],,,,
780069726881927169,780065391653507078,2016-09-25 11:41:30 EDT,2016-09-25,11:41:30,-0400,752261531090300928,wildfirepi,Wildfire Prevention,,@sacbee_news #California has not been in a 5 year #drought and I have rain records to prove it.  https://t.co/6BHaWORCzA #yellowjournalism,en,[],['http://tinyurl.com/hah9t3u'],[],0,0,0,"['california', 'drought', 'yellowjournalism']",[],https://twitter.com/WildfirePI/status/780069726881927169,False,,0,,,,,,,,"[{'screen_name': 'sacbee_news', 'name': 'The Sacramento Bee', 'id': '14411304'}]",,,,
780069460115857408,780069460115857408,2016-09-25 11:40:26 EDT,2016-09-25,11:40:26,-0400,21769315,temwauk,Temwa Charity,,"In neighbouring #Zambia, food prices are on the rise due to the #drought.  https://t.co/h1N18qX2Jv #reuters #southernafrica #famine #food  https://t.co/Xbgjsqh9R7",en,[],['http://ow.ly/pb4T304nCHG'],['https://pbs.twimg.com/media/CtNdCgpW8AANgUg.jpg'],0,0,0,"['zambia', 'drought', 'reuters', 'southernafrica', 'famine', 'food']",[],https://twitter.com/TemwaUK/status/780069460115857408,False,,1,https://pbs.twimg.com/media/CtNdCgpW8AANgUg.jpg,,,,,,,[],,,,
780065336230109185,780065336230109185,2016-09-25 11:24:03 EDT,2016-09-25,11:24:03,-0400,22193474,alimagill,Alison Magill,,4 #Drought Tolerant Plants That Repel #Mosquitoes - @JainsUSA @H2oTrends  https://t.co/KKGqEh5noh  https://t.co/yY0Ma9csHo,en,"[{'screen_name': 'jainsusa', 'name': 'jain irrigation usa', 'id': '205773074'}, {'screen_name': 'h2otrends', 'name': 'richard restuccia', 'id': '35238047'}]",['http://buff.ly/2dfXAgL'],['https://pbs.twimg.com/media/CtNZSWJXYAE-0Zy.jpg'],0,0,0,"['drought', 'mosquitoes']",[],https://twitter.com/alimagill/status/780065336230109185,False,,1,https://pbs.twimg.com/media/CtNZSWJXYAE-0Zy.jpg,,,,,,,[],,,,
780061882606583808,780059565022904320,2016-09-25 11:10:20 EDT,2016-09-25,11:10:20,-0400,143183331,mrscatcouch,Carla H,,@DavidCOJ102 thanks for the feedback. Hope they can get it fixed quick #drought   @JHBWater @CityofJoburgZA @BCA_2010,en,"[{'screen_name': 'jhbwater', 'name': 'johannesburg water', 'id': '244959564'}, {'screen_name': 'cityofjoburgza', 'name': 'city of joburg', 'id': '517306957'}]",[],[],0,0,0,['drought'],[],https://twitter.com/MrsCatcouch/status/780061882606583808,False,,0,,,,,,,,"[{'screen_name': 'DavidCOJ102', 'name': 'David Potter', 'id': '126916463'}]",,,,
780060064937828354,780060064937828354,2016-09-25 11:03:06 EDT,2016-09-25,11:03:06,-0400,76791711,southcoastwater,South Coast Water District,,Think California’s current #drought is bad? Past incarnations have lasted hundreds of years.  https://t.co/RA8bZnWFe9,en,[],['http://trib.al/l1CWA19'],[],0,4,1,['drought'],[],https://twitter.com/southcoastwater/status/780060064937828354,False,,0,,,,,,,,[],,,,
780059767922360320,780059767922360320,2016-09-25 11:01:56 EDT,2016-09-25,11:01:56,-0400,239356646,calfuman1,Adolfo Vercellone,,Los colectores de niebla. Una solución a la escasez de agua?  https://t.co/8xOhsgRRhI ... #watersecurity #drought  https://t.co/p487eedLUh,es,[],"['http://www.triplepundit.com/2016/03/harvesting-water-fog-solution-water-scarcity/', 'https://twitter.com/CECHR_UoD/status/713361270255263744']",[],0,0,2,"['watersecurity', 'drought']",[],https://twitter.com/Calfuman1/status/780059767922360320,False,https://twitter.com/CECHR_UoD/status/713361270255263744,0,,,,,,,,[],,,,
780059757306576896,780059757306576896,2016-09-25 11:01:53 EDT,2016-09-25,11:01:53,-0400,703715517798998017,rissasgarden,Rissa's Garden,,Problem: your #garden is suffering with this #drought and #WaterRestrictions. Solution:  https://t.co/kjf1r3U8P3,en,[],['http://bit.ly/PGftRoU01'],[],0,0,0,"['garden', 'drought', 'waterrestrictions']",[],https://twitter.com/RissasGarden/status/780059757306576896,False,,0,,,,,,,,[],,,,
780054300596793344,780054300596793344,2016-09-25 10:40:12 EDT,2016-09-25,10:40:12,-0400,711596227960434693,sciencetopnews,Science News,,"#Drought Drains Reservoirs, #Forces Statewide #Water:  https://t.co/74TabaSwMt,  https://t.co/U6bNPoo7Mk  https://t.co/qN2tJzFp41",en,[],"['http://www.mambolook.com/environment/water', 'http://www.mambolook.com/link/5170156']",['https://pbs.twimg.com/media/CtNPQH8XYAEACJ5.jpg'],0,0,0,"['drought', 'forces', 'water']",[],https://twitter.com/ScienceTopNews/status/780054300596793344,False,,1,https://pbs.twimg.com/media/CtNPQH8XYAEACJ5.jpg,,,,,,,[],,,,
780048937994620928,780048937994620928,2016-09-25 10:18:54 EDT,2016-09-25,10:18:54,-0400,4117744473,unearthex,Unearth Experience,,Looks like rain... Smells like rain... No rain 😔 #limpopo #drought #prayforrain #unearthexperience #kruger  https://t.co/iRv42ddzqV,en,[],[],['https://pbs.twimg.com/media/CtNKVM6XYAATs8-.jpg'],0,1,1,"['limpopo', 'drought', 'prayforrain', 'unearthexperience', 'kruger']",[],https://twitter.com/unEarthex/status/780048937994620928,False,,1,https://pbs.twimg.com/media/CtNKVM6XYAATs8-.jpg,,,,,,,[],,,,
780044268463353856,780044268463353856,2016-09-25 10:00:20 EDT,2016-09-25,10:00:20,-0400,716703795351265284,environmenteye,Our Environment,,"#Drought Drains Reservoirs, #Forces Statewide #Water:  https://t.co/iEbSh8hOpt,  https://t.co/QBUJ6FNlkJ  https://t.co/lDo5Kz5dTg",en,[],"['http://www.mambolook.com/environment/water', 'http://www.mambolook.com/link/5170156']",['https://pbs.twimg.com/media/CtNGIGUWEAE3TTL.jpg'],0,0,0,"['drought', 'forces', 'water']",[],https://twitter.com/EnvironmentEye/status/780044268463353856,False,,1,https://pbs.twimg.com/media/CtNGIGUWEAE3TTL.jpg,,,,,,,[],,,,
780031765788450817,780031765788450817,2016-09-25 09:10:39 EDT,2016-09-25,09:10:39,-0400,2858511997,watertrends,Water News Global,,ZAMBIA: Social disruption due to #Drought: La sequía incrementa la prostitución entre las mujeres agricultoras iAgua  https://t.co/pcrZi4NQWz,es,[],['http://www.iagua.es/noticias/zambia/ep/16/09/12/sequia-incrementa-prostitucion-mujeres-agricultoras-zambia'],[],0,1,3,['drought'],[],https://twitter.com/WaterTrends/status/780031765788450817,False,,0,,,,,,,,[],,,,
780029583320047617,780029583320047617,2016-09-25 09:01:59 EDT,2016-09-25,09:01:59,-0400,727865330,sharedvalueca,SharedValueCA,,#Nestle buys more #groundwater as #drought rages on in Southern #Ontario  https://t.co/HKXAFmfWuN  https://t.co/LqHUFMNZdj,en,[],['http://canadians.org/blog/nestle-buys-more-groundwater-drought-rages-southern-ontario'],['https://pbs.twimg.com/media/CtM4wzjXEAApTQj.jpg'],0,2,0,"['nestle', 'groundwater', 'drought', 'ontario']",[],https://twitter.com/SharedValueCA/status/780029583320047617,False,,1,https://pbs.twimg.com/media/CtM4wzjXEAApTQj.jpg,,,,,,,[],,,,
780026984092925953,780026984092925953,2016-09-25 08:51:39 EDT,2016-09-25,08:51:39,-0400,2149867910,ahemmathagama,Ashwin Hemmathagama,,#lka #drought continues. Many #SriLankans in distress. Hundreds walk miles to get #water @IWMI_ @UN  https://t.co/DMqAIz0rLZ,en,"[{'screen_name': 'iwmi_', 'name': 'iwmi', 'id': '57236544'}, {'screen_name': 'un', 'name': 'united nations', 'id': '14159148'}]",[],['https://pbs.twimg.com/media/CtM2YP2VYAAoAdc.jpg'],0,10,4,"['lka', 'drought', 'srilankans', 'water']",[],https://twitter.com/AHemmathagama/status/780026984092925953,False,,1,https://pbs.twimg.com/media/CtM2YP2VYAAoAdc.jpg,,,,,,,[],,,,
780026408684826630,780026408684826630,2016-09-25 08:49:22 EDT,2016-09-25,08:49:22,-0400,2552806368,itsgardningtime,itsgardeningtime,,#Drought-Tolerant #Vinca Low Maintenance! #flowers  https://t.co/9tqXQoJonG #gardendc See video!  https://t.co/K8wVGIsWZj,fr,[],['http://itsgardeningtime.com/?p=506'],['https://pbs.twimg.com/media/CtM14mGVMAAYBXG.jpg'],0,0,0,"['drought', 'vinca', 'flowers', 'gardendc']",[],https://twitter.com/itsgardningtime/status/780026408684826630,False,,1,https://pbs.twimg.com/media/CtM14mGVMAAYBXG.jpg,,,,,,,[],,,,
780024088815210497,780024088815210497,2016-09-25 08:40:09 EDT,2016-09-25,08:40:09,-0400,154019997,tunisnewz,Tunis Daily News,,#Tunisians battle water crisis that brings #drought   https://t.co/wwxAaVm2pp,en,[],['http://bit.ly/2dqUDWN'],[],0,0,0,"['tunisians', 'drought']",[],https://twitter.com/TunisNewz/status/780024088815210497,False,,0,,,,,,,,[],,,,
780017816124751874,780017816124751874,2016-09-25 08:15:14 EDT,2016-09-25,08:15:14,-0400,308245641,yearsofliving,The YEARS Project,,Climate change could extend California’s drought  https://t.co/6LYwexTwPB Learn about #drought:  https://t.co/eTCmr3mpnK  https://t.co/FZki7lh3qX,en,[],"['http://ow.ly/Kp1I304wYIM', 'http://yearsoflivingdangerously.com/topic/drought/']",['https://pbs.twimg.com/media/CtMuEasXEAA7GaL.jpg'],0,8,8,['drought'],[],https://twitter.com/YEARSofLIVING/status/780017816124751874,False,,1,https://pbs.twimg.com/media/CtMuEasXEAA7GaL.jpg,,,,,,,[],,,,
780014320075808768,780014320075808768,2016-09-25 08:01:20 EDT,2016-09-25,08:01:20,-0400,342485485,letourse,Serge Létourneau,,Summer of Hell and High Water Shows #ClimateChange Is Here  https://t.co/Q49ECjokJM via @RollingStone #wildfires #drought,en,"[{'screen_name': 'rollingstone', 'name': 'rolling stone', 'id': '14780915'}]",['http://rol.st/2cr6iI9'],[],0,0,0,"['climatechange', 'wildfires', 'drought']",[],https://twitter.com/letourse/status/780014320075808768,False,,0,,,,,,,,[],,,,
780011082899480578,780011082899480578,2016-09-25 07:48:28 EDT,2016-09-25,07:48:28,-0400,3329190951,s_aba_h,Sabah Siddiqui,,"""each year the intensity &amp; size of floods are increasing. What is also new is that this year, #floods are happening in the time of #drought""",en,[],[],[],0,0,2,"['floods', 'drought']",[],https://twitter.com/s_aba_h/status/780011082899480578,False,,0,,,,,,,,[],,,,
780006482213343232,780006482213343232,2016-09-25 07:30:11 EDT,2016-09-25,07:30:11,-0400,17185168,indiawater,India Water Portal,,Impact of #drought on #farmers and their livestock? Hear expert Sajal Kulkarni's views  https://t.co/8SXjbBq8KP @PSainath_org @journohardy  https://t.co/4GY7qGBZNr,en,"[{'screen_name': 'psainath_org', 'name': 'p. sainath', 'id': '2475872178'}, {'screen_name': 'journohardy', 'name': 'jaideep hardikar', 'id': '34009240'}]",['http://bit.ly/2cAM1ON'],['https://pbs.twimg.com/media/CtHVIR4UEAAnIy_.jpg'],0,2,2,"['drought', 'farmers']",[],https://twitter.com/indiawater/status/780006482213343232,False,,1,https://pbs.twimg.com/media/CtHVIR4UEAAnIy_.jpg,,,,,,,[],,,,
780001169217196032,780001169217196032,2016-09-25 07:09:05 EDT,2016-09-25,07:09:05,-0400,323985276,gcmcdrought,gcmc Drought,,"South Sudan: WFP South Sudan Situation Report #145, 24 September 2016  https://t.co/r6Ja4QqiD8 #drought",in,[],['http://bit.ly/2d9ryOD'],[],0,0,0,['drought'],[],https://twitter.com/gcmcDrought/status/780001169217196032,False,,0,,,,,,,,[],,,,
779994917464526848,779994917464526848,2016-09-25 06:44:14 EDT,2016-09-25,06:44:14,-0400,595854486,nwshanford,NWS Hanford,,Dry forecast for the next 7 days. #cawx #cadrought #drought  https://t.co/yLDUqmC36V,en,[],[],['https://pbs.twimg.com/media/CtMZF6bXYAAq4Dd.jpg'],0,2,3,"['cawx', 'cadrought', 'drought']",[],https://twitter.com/NWSHanford/status/779994917464526848,False,,1,https://pbs.twimg.com/media/CtMZF6bXYAAq4Dd.jpg,,,,,,,[],,,,
779984087117365248,779984087117365248,2016-09-25 06:01:12 EDT,2016-09-25,06:01:12,-0400,703715517798998017,rissasgarden,Rissa's Garden,,Be a leader in your neighbourhood during this #drought with these savvy #WaterWise #garden tips:  https://t.co/kjf1r3U8P3,en,[],['http://bit.ly/PGftRoU01'],[],0,0,0,"['drought', 'waterwise', 'garden']",[],https://twitter.com/RissasGarden/status/779984087117365248,False,,0,,,,,,,,[],,,,
779964700918423552,779964700918423552,2016-09-25 04:44:10 EDT,2016-09-25,04:44:10,-0400,36414339,cineversitytv,Pi-Qui Baltink,,#Tunesia 'We Are Thirsty' Say Tunisians as #Drought Creates Tensions | @scoopit  https://t.co/oLh563PqA4,en,"[{'screen_name': 'scoopit', 'name': 'scoop.it', 'id': '209484168'}]",['http://sco.lt/9Hi2IT'],[],0,0,0,"['tunesia', 'drought']",[],https://twitter.com/CineversityTV/status/779964700918423552,False,,0,,,,,,,,[],,,,
779957422735646720,779957422735646720,2016-09-25 04:15:15 EDT,2016-09-25,04:15:15,-0400,288955950,susfoodtrust,SusFoodTrust,,Soil acts like a giant sponge that absorbs water during floods and provides it to plants in times of #drought  https://t.co/1A00GlEeSz,en,[],['http://bit.ly/2cIZuBx'],[],0,5,5,['drought'],[],https://twitter.com/SusFoodTrust/status/779957422735646720,False,,0,,,,,,,,[],,,,
779919323154354176,779919323154354176,2016-09-25 01:43:51 EDT,2016-09-25,01:43:51,-0400,323985276,gcmcdrought,gcmc Drought,,Nigeria: Boko Haram leaves Nigeria a lifetime of mental trauma  https://t.co/Z7XpoTJJDR #drought,en,[],['http://bit.ly/2cWuIL1'],[],0,0,0,['drought'],[],https://twitter.com/gcmcDrought/status/779919323154354176,False,,0,,,,,,,,[],,,,
779903451119493121,779903451119493121,2016-09-25 00:40:47 EDT,2016-09-25,00:40:47,-0400,323985276,gcmcdrought,gcmc Drought,,Nigeria: What next for Nigeria’s children?  https://t.co/pcpPwn8MA1 #drought,en,[],['http://bit.ly/2cWqrqR'],[],0,0,0,['drought'],[],https://twitter.com/gcmcDrought/status/779903451119493121,False,,0,,,,,,,,[],,,,
779893391127609344,779893391127609344,2016-09-25 00:00:48 EDT,2016-09-25,00:00:48,-0400,2291636846,cbwcd,CBWaterConservDist,,"Give your trees some love! Check soil 6-8 inches below surface. If dry and crumbly, give tree roots a good soaking. #drought #saveourtrees",en,[],[],[],0,0,0,"['drought', 'saveourtrees']",[],https://twitter.com/CBWCD/status/779893391127609344,False,,0,,,,,,,,[],,,,
779893375382261760,779893375382261760,2016-09-25 00:00:45 EDT,2016-09-25,00:00:45,-0400,703715517798998017,rissasgarden,Rissa's Garden,,Show your friends how to be #WaterWise in the #garden during this #drought. Here's how:  https://t.co/kjf1r3U8P3,en,[],['http://bit.ly/PGftRoU01'],[],0,0,0,"['waterwise', 'garden', 'drought']",[],https://twitter.com/RissasGarden/status/779893375382261760,False,,0,,,,,,,,[],,,,
779884262199730176,779884262199730176,2016-09-24 23:24:32 EDT,2016-09-24,23:24:32,-0400,3304574767,catamount2112,Catamount Mayhugh,,#Microbes help plants survive in severe #drought:  https://t.co/6I9t8IRfn6,en,[],['http://phys.org/news/2016-09-microbes-survive-severe-drought.html'],[],0,0,0,"['microbes', 'drought']",[],https://twitter.com/Catamount2112/status/779884262199730176,False,,0,,,,,,,,[],,,,
779878152206102528,779878152206102528,2016-09-24 23:00:15 EDT,2016-09-24,23:00:15,-0400,704398119446958080,newsography1,Donald Leung 🌐,,"Tamil Nadu has 55 tmcft in Mettur dam for Samba crop, CM tells House  https://t.co/wGxRTQyVwl #india #drought #breakingnews",en,[],['http://www.newsography.com'],[],0,0,1,"['india', 'drought', 'breakingnews']",[],https://twitter.com/newsography1/status/779878152206102528,False,,0,,,,,,,,[],,,,
779877879781863424,779877879781863424,2016-09-24 22:59:10 EDT,2016-09-24,22:59:10,-0400,2839725788,pjotnar,digitalgraffiti,,Live data #tasmania #renewableenergy #Hydro 554W #Wind 236MW #Solar *MW Gas 0MW #politas #climate  #drought   https://t.co/pzwXf4TNmi,ht,[],['http://reneweconomy.com.au/nem-watch'],[],0,1,0,"['tasmania', 'renewableenergy', 'hydro', 'wind', 'solar', 'politas', 'climate', 'drought']",[],https://twitter.com/PJotnar/status/779877879781863424,False,,0,,,,,,,,[],,,,
779870647912697857,779870647912697857,2016-09-24 22:30:26 EDT,2016-09-24,22:30:26,-0400,50295201,sandraelleni,(((Sandra))),,#Nestle products to boycott cause they are taking our ground water #Ontario #Canada #BoycottNestle #water #environment #drought,en,[],[],[],0,0,0,"['nestle', 'ontario', 'canada', 'boycottnestle', 'water', 'environment', 'drought']",[],https://twitter.com/sandraelleni/status/779870647912697857,False,,0,,,,,,,,[],,,,
779870447366090752,779870447366090752,2016-09-24 22:29:38 EDT,2016-09-24,22:29:38,-0400,362033482,anturafarfura,Luke,,Resorting to giving my bike a #spongebath thanks to the #drought.  https://t.co/qajRbgfj7p,en,[],['https://www.instagram.com/p/BKwx4e4BMf8/'],[],0,0,0,"['spongebath', 'drought']",[],https://twitter.com/anturafarfura/status/779870447366090752,False,,0,,,,,,,,[],,,,
779866021230481408,779866021230481408,2016-09-24 22:12:03 EDT,2016-09-24,22:12:03,-0400,309927561,thehumanosphere,Humanosphere,,"More than 4 out of 10 people in #Somalia do not have enough to eat due to #drought and conflict, among others  https://t.co/FzTFT2ARCa  https://t.co/3rQDg38qQB",en,[],['http://buff.ly/2dgm718'],['https://pbs.twimg.com/media/CtKkArNW8AA-X7G.jpg'],0,1,0,"['somalia', 'drought']",[],https://twitter.com/TheHumanosphere/status/779866021230481408,False,,1,https://pbs.twimg.com/media/CtKkArNW8AA-X7G.jpg,,,,,,,[],,,,
779865913076097024,779865913076097024,2016-09-24 22:11:37 EDT,2016-09-24,22:11:37,-0400,749030813375737857,biostandups,Biostandups,,#Agriculture #Endophytes #Plants #Protection #Drought #Zareen Khan  Microbes help plants survive in severe drought -  https://t.co/4TSqxe5oSX,en,[],['http://www.biostandups.com/agricultural/microbes-help-plants-survive-severe-drought/'],[],0,0,2,"['agriculture', 'endophytes', 'plants', 'protection', 'drought', 'zareen']",[],https://twitter.com/biostandups/status/779865913076097024,False,,0,,,,,,,,[],,,,
779855313356853248,779855313356853248,2016-09-24 21:29:30 EDT,2016-09-24,21:29:30,-0400,171828737,enviroedgenews,EnviroEdgeNews,,"US-#NewEngland’s wells are coming up empty amid #drought, @BostonDotCom  https://t.co/5wBM8guOsW #water #newenglandliving #climate",en,"[{'screen_name': 'bostondotcom', 'name': 'boston.com', 'id': '14602259'}]",['http://j.mp/2cvrzQV'],[],0,0,0,"['newengland', 'drought', 'water', 'newenglandliving', 'climate']",[],https://twitter.com/EnviroEdgeNews/status/779855313356853248,False,,0,,,,,,,,[],,,,
779849636982956032,779849636982956032,2016-09-24 21:06:57 EDT,2016-09-24,21:06:57,-0400,90217995,mysstownsend,Myss Townsend,,Drought humor! Lol. #drought #nunlife  https://t.co/sseoRQU9So,en,[],['https://www.instagram.com/p/BKwoa6UAFBp/'],[],0,0,0,"['drought', 'nunlife']",[],https://twitter.com/Mysstownsend/status/779849636982956032,False,,0,,,,,,,,[],,,,
779848083786129408,779848083786129408,2016-09-24 21:00:46 EDT,2016-09-24,21:00:46,-0400,179459971,down2earthindia,Down To Earth,,From #drought to deluge: impact of #monsoon flooding across #Asia     #infographics  https://t.co/POIEBEuFgc,en,[],['http://ow.ly/hUep304waoI'],[],1,4,3,"['drought', 'monsoon', 'asia', 'infographics']",[],https://twitter.com/down2earthindia/status/779848083786129408,False,,0,,,,,,,,[],,,,
779839650617761792,779839650617761792,2016-09-24 20:27:16 EDT,2016-09-24,20:27:16,-0400,57375272,lincolnalves,Lincoln Alves,,Estiagens tendem a se prolongar  https://t.co/Ryz9kR77lj' #drought #climatechange #Northeast #Brazil #CCST #INPE,pt,[],['http://diariodonordeste.verdesmares.com.br/cadernos/cidadeestiagens-tendem-a-se-prolongar-1.1622433'],[],0,0,0,"['drought', 'climatechange', 'northeast', 'brazil', 'ccst', 'inpe']",[],https://twitter.com/lincolnalves/status/779839650617761792,False,,0,,,,,,,,[],,,,
779836001938276353,779836001938276353,2016-09-24 20:12:46 EDT,2016-09-24,20:12:46,-0400,15225487,davidaugust,David August,,"Source, root, foundation, origin. 💦 . . #wet #water #resevoir #drought #nature #power #lines #infrastructure #natur…  https://t.co/XzKjO3q9NG",en,[],[],['https://pbs.twimg.com/media/CtKItbZWcAEKNIG.jpg'],0,1,2,"['wet', 'water', 'resevoir', 'drought', 'nature', 'power', 'lines', 'infrastructure', 'natur']",[],https://twitter.com/DavidAugust/status/779836001938276353,False,,1,https://pbs.twimg.com/media/CtKItbZWcAEKNIG.jpg,,,,,,,[],,,,
