id,conversation_id,created_at,date,time,timezone,user_id,username,name,place,tweet,language,mentions,urls,photos,replies_count,retweets_count,likes_count,hashtags,cashtags,link,retweet,quote_url,video,thumbnail,near,geo,source,user_rt_id,user_rt,retweet_id,reply_to,retweet_date,translate,trans_src,trans_dest
1002329957572362240,1002329957572362240,2018-05-31 19:24:18 EDT,2018-05-31,19:24:18,-0400,792921727567224832,farmingforever,Farmers for Climate Action,,"“NSW and south-east Queensland have basically run out of commercial supplies of fodder, with most fodder being brought in from Victoria and South Australia” - @thelandnews  https://t.co/6nMJJ40zC7 #drought #ClimateChange  https://t.co/159yqNTorx",en,"[{'screen_name': 'thelandnews', 'name': 'the land', 'id': '111463443'}]",['https://www.theland.com.au/story/5439972/fodder-data-push-as-supplies-hit-rock-bottom/?src=rss'],['https://pbs.twimg.com/media/Dej9yHEUwAE6fFR.jpg'],1,7,4,"['drought', 'climatechange']",[],https://twitter.com/farmingforever/status/1002329957572362240,False,,1,https://pbs.twimg.com/media/Dej9yHEUwAE6fFR.jpg,,,,,,,[],,,,
1002329490394148865,1002329490394148865,2018-05-31 19:22:27 EDT,2018-05-31,19:22:27,-0400,17008226,ewingirrigation,Ewing Irrigation & Landscape Supply,,Contractors in dry and #drought stressed regions should take special note of this trend:  https://t.co/6s9oaYfZ95,en,[],['http://ow.ly/xoba50hvzTY'],[],0,2,4,['drought'],[],https://twitter.com/EwingIrrigation/status/1002329490394148865,False,,0,,,,,,,,[],,,,
1002326837677023232,1002326837677023232,2018-05-31 19:11:55 EDT,2018-05-31,19:11:55,-0400,2326141454,nathannpage,Nathan Page,,"Arizona #drought continues to get worse. You can see those in extreme drought rose slightly. Interestingly enough, AZ itself makes up for about 14% of the drought in the entire nation. #Monsoon season will need to bring a great deal of rain to mitigate this.  https://t.co/5Jr2oaUIQ5",en,[],[],"['https://pbs.twimg.com/media/Dej68iYVAAEvCM8.jpg', 'https://pbs.twimg.com/media/Dej68koVAAAINJj.jpg']",1,2,1,"['drought', 'monsoon']",[],https://twitter.com/NathanNPage/status/1002326837677023232,False,,1,https://pbs.twimg.com/media/Dej68iYVAAEvCM8.jpg,,,,,,,[],,,,
1002320835321856000,1002320835321856000,2018-05-31 18:48:04 EDT,2018-05-31,18:48:04,-0400,36582188,hellskunk,stone,,Hello weekend!  Ci vediamo ancora  *--* #weekend #heatwave #drought #wintogether,it,[],[],[],0,0,0,"['weekend', 'heatwave', 'drought', 'wintogether']",[],https://twitter.com/hellskunk/status/1002320835321856000,False,,0,,,,,,,,[],,,,
1002320657613348864,1002320657613348864,2018-05-31 18:47:21 EDT,2018-05-31,18:47:21,-0400,14468916,cityofmonterey,City of Monterey,,#Drought or no drought: @JerryBrownGov sets permanent #waterconservation rules for Californians  https://t.co/J6nx4RLWLL via @mercnews #CaliforniaDrought,en,"[{'screen_name': 'jerrybrowngov', 'name': 'jerry brown', 'id': '19418459'}, {'screen_name': 'mercnews', 'name': 'mercury news', 'id': '10433782'}]",['https://bayareane.ws/2JjWwXS'],[],0,3,5,"['drought', 'waterconservation', 'californiadrought']",[],https://twitter.com/CityofMonterey/status/1002320657613348864,False,,0,,,,,,,,[],,,,
1002318774370959360,1002318774370959360,2018-05-31 18:39:52 EDT,2018-05-31,18:39:52,-0400,740580648461602820,usgs_texas,USGS Texas,,"Of the over 6️⃣0️⃣0️⃣ real-time streamflow sites in #Texas, only 3️⃣ currently “above normal” for-this-day compared to historical conditions. Bookmark🗺 https://t.co/EaHhcGE6in to stay current during  #flood and #drought. #txwater #txwx  https://t.co/AfOS69MRYe",en,[],['http://txpub.usgs.gov/txwaterdashboard/'],['https://pbs.twimg.com/media/Dejzm8dUYAYGQOW.jpg'],0,7,5,"['texas', 'flood', 'drought', 'txwater', 'txwx']",[],https://twitter.com/USGS_Texas/status/1002318774370959360,False,,1,https://pbs.twimg.com/media/Dejzm8dUYAYGQOW.jpg,,,,,,,[],,,,
1002317826789699585,1002317826789699585,2018-05-31 18:36:06 EDT,2018-05-31,18:36:06,-0400,723026275183415297,jrileywx,Jacob Riley,,"This May has unofficially been the 4th driest on record for Shreveport, LA. Shreveport only received 0.68” for the entire month. #LAwx #Drought",en,[],[],[],0,0,1,"['lawx', 'drought']",[],https://twitter.com/jrileywx/status/1002317826789699585,False,,0,,,,,,,,[],,,,
1002317080354435072,1002178142985949184,2018-05-31 18:33:08 EDT,2018-05-31,18:33:08,-0400,708097949822156800,piothanhn,Thanh Nguyen,,"@LakesideFire @FireMedic1307 Sadly for us in CA, my ST bag never gets unpacked. #Drought reality.",en,[],[],[],1,0,3,['drought'],[],https://twitter.com/PIOthanhn/status/1002317080354435072,False,,0,,,,,,,,"[{'screen_name': 'LakesideFire', 'name': 'Lakeside Fire (LKS)', 'id': '44191869'}, {'screen_name': 'FireMedic1307', 'name': 'Heather Roth (Helm)', 'id': '470522372'}]",,,,
1002314073407741952,1002314073407741952,2018-05-31 18:21:11 EDT,2018-05-31,18:21:11,-0400,3286805792,wxrules,Greg Rule,,Not good... #drought #cowx #conservewater  https://t.co/uhm6mPHaKN,en,[],[],['https://pbs.twimg.com/media/DejvVlrW0AMeNLN.jpg'],2,3,1,"['drought', 'cowx', 'conservewater']",[],https://twitter.com/WXRules/status/1002314073407741952,False,,1,https://pbs.twimg.com/media/DejvVlrW0AMeNLN.jpg,,,,,,,[],,,,
1002312067515277312,1002312067515277312,2018-05-31 18:13:13 EDT,2018-05-31,18:13:13,-0400,2927156436,ucrturfdrought,Matteo Serena,,"Giving a try to the new @RainBirdCorp nozzles, hope for great uniformity for the #NTEP #USGA warm season #drought trial. Plots will be tilled and level next week.  https://t.co/W2w7M0aNcx",en,"[{'screen_name': 'rainbirdcorp', 'name': 'rainbirdcorp', 'id': '16609189'}]",[],"['https://pbs.twimg.com/media/DejtgpzUYAAFCL1.jpg', 'https://pbs.twimg.com/media/Dejtgp1VAAEb5SL.jpg']",0,0,2,"['ntep', 'usga', 'drought']",[],https://twitter.com/UCRturfdrought/status/1002312067515277312,False,,1,https://pbs.twimg.com/media/DejtgpzUYAAFCL1.jpg,,,,,,,[],,,,
1002311020428308480,1002311020428308480,2018-05-31 18:09:03 EDT,2018-05-31,18:09:03,-0400,1915015002,freesenotiswx,Freese-Notis Weather,,"Major #drought continues in S #Plains, but all #dryness is gone across the #SouthEast with only some abnormally #dry conditions in #Louisiana. Dry pockets in SW #Midwest will need to be watched over the next few weeks. #AGwx #corn #soybeans  https://t.co/z9DcUImrCG",en,[],[],['https://pbs.twimg.com/media/DejsHGDW4AACiEs.jpg'],0,0,0,"['drought', 'plains', 'dryness', 'southeast', 'dry', 'louisiana', 'midwest', 'agwx', 'corn', 'soybeans']",[],https://twitter.com/FreeseNotisWx/status/1002311020428308480,False,,1,https://pbs.twimg.com/media/DejsHGDW4AACiEs.jpg,,,,,,,[],,,,
1002303717641801729,1002303717641801729,2018-05-31 17:40:02 EDT,2018-05-31,17:40:02,-0400,144703320,bewickwren,🇵🇹Common Raven🇺🇸,,"State parks to close on Monday: Hyde Park, Fenton Lake, Morphy Lake.  #NMFire #nmwx #drought   https://t.co/FZUboy2I5M",en,[],['https://nmfireinfo.com/2018/05/31/fenton-lake-hyde-memorial-and-morphy-lake-state-parks-to-close-due-to-extreme-fire-danger-on-june-4-2018/'],[],0,0,1,"['nmfire', 'nmwx', 'drought']",[],https://twitter.com/Bewickwren/status/1002303717641801729,False,,0,,,,,,,,[],,,,
1002302450349506561,1002302450349506561,2018-05-31 17:35:00 EDT,2018-05-31,17:35:00,-0400,548945484,combyneag,Combyne Ag Trading Network,,"Veteran forecaster ""amazed"" at this summer's #weatherforecast so far:  https://t.co/rPUCzFMkiS  Is your yield protected from potential #drought? We break down three important factors to protect your crop:  https://t.co/89QquWSulr  #agtwitter #forecast #CdnAg",en,[],"['https://www.producer.com/2018/05/weather-continues-to-amaze-veteran-forecaster/', 'https://farmlead.com/blog/insights/what-will-the-weather-bring-this-summer-for-farmers/']",[],0,0,0,"['weatherforecast', 'drought', 'agtwitter', 'forecast', 'cdnag']",[],https://twitter.com/CombyneAg/status/1002302450349506561,False,,0,,,,,,,,[],,,,
1002302132530233344,1002302132530233344,2018-05-31 17:33:44 EDT,2018-05-31,17:33:44,-0400,976626354,peterdgardner,Peter Gardner,,#Bairnsdale: Autumn temps highest on record rainfall lowest on record  https://t.co/F0IEo1hZTf via @ConversationEDU #ExtremeWeather #gippsnews #ClimateAction #drought,en,"[{'screen_name': 'conversationedu', 'name': 'the conversation', 'id': '224495471'}]",['http://theconversation.com/winter-is-coming-and-its-looking-mighty-mild-97466?utm_source=twitter&utm_medium=twitterbutton'],[],0,4,3,"['bairnsdale', 'extremeweather', 'gippsnews', 'climateaction', 'drought']",[],https://twitter.com/PeterDGardner/status/1002302132530233344,False,,0,,,,,,,,[],,,,
1002298841209679872,1002298841209679872,2018-05-31 17:20:40 EDT,2018-05-31,17:20:40,-0400,104277809,un_news_centre,UN News,,"#News in Brief #31May: •Rising concern over besieged city in eastern #Libya •@FAOnews: #Sweden pledges $9.9 million in aid for #drought-stricken #Sahel families •#UN voices concern over well-being of 130,000 #displacedpersons from #Syria’s #Afrin 🔊  https://t.co/rFNW6vkv2x  https://t.co/SKgdWkicQs",en,"[{'screen_name': 'faonews', 'name': 'fao newsroom', 'id': '994571434382053376'}]",['https://news.un.org/en/audio/2018/05/1011101'],['https://pbs.twimg.com/media/DejhU8uXcAA7jWw.jpg'],0,3,5,"['news', '31may', 'libya', 'sweden', 'drought', 'sahel', 'un', 'displacedpersons', 'syria', 'afrin']",[],https://twitter.com/UN_News_Centre/status/1002298841209679872,False,,1,https://pbs.twimg.com/media/DejhU8uXcAA7jWw.jpg,,,,,,,[],,,,
1002297077337116674,1002297077337116674,2018-05-31 17:13:39 EDT,2018-05-31,17:13:39,-0400,222879759,waterfdweather,Waterford Weather,,An incredibly dry last 20 days in May with just 5.2mm of rain recorded at our station #drought #may #ireland,en,[],[],[],1,0,4,"['drought', 'may', 'ireland']",[],https://twitter.com/waterfdweather/status/1002297077337116674,False,,0,,,,,,,,[],,,,
1002293882464407552,1002293882464407552,2018-05-31 17:00:57 EDT,2018-05-31,17:00:57,-0400,23780100,bcwaternews,BC Water News,,"Bees are most diverse in arid environments, suggesting their persistence during past eras of #drought @undarkmag @svannotes  https://t.co/Fl5nc5jXab",en,"[{'screen_name': 'undarkmag', 'name': 'undark magazine', 'id': '3883416257'}, {'screen_name': 'svannotes', 'name': 'sara van note', 'id': '2912759307'}]",['http://ow.ly/S19030kbJBd'],[],0,0,0,['drought'],[],https://twitter.com/BCWaterNews/status/1002293882464407552,False,,0,,,,,,,,[],,,,
1002293649517006849,1002293649517006849,2018-05-31 17:00:02 EDT,2018-05-31,17:00:02,-0400,927570759274377216,nexter_org,Nexter.org,,Shocking photos of a horrific drought in Arizona killed nearly 200 feral horses 😢 #Arizona #drought  https://t.co/vfP9aRuRUq,en,[],[],[],0,0,0,"['arizona', 'drought']",[],https://twitter.com/Nexter_org/status/1002293649517006849,False,,1,https://pbs.twimg.com/media/DebnyiVWAAANqjb.jpg,,,,,,,[],,,,
1002292560230993920,1002292560230993920,2018-05-31 16:55:42 EDT,2018-05-31,16:55:42,-0400,3738956839,kirstenjames_ca,Kirsten James,,"CA now more prepared for future #drought, with new ""Guidelines for efficient water use"" signed into law today by @JerryBrownGov w/ #ConnectTheDrops biz support  https://t.co/TEnLdOwRZ1",en,"[{'screen_name': 'jerrybrowngov', 'name': 'jerry brown', 'id': '19418459'}]",['https://www.gov.ca.gov/2018/05/31/governor-brown-signs-legislation-establishing-statewide-water-efficiency-goals/'],[],0,2,7,"['drought', 'connectthedrops']",[],https://twitter.com/kirstenjames_CA/status/1002292560230993920,False,,0,,,,,,,,[],,,,
1002290605106614272,1002290605106614272,2018-05-31 16:47:56 EDT,2018-05-31,16:47:56,-0400,38483313,ceresnews,Ceres,,"CA now more prepared for future #drought, with new ""Guidelines for efficient water use"" signed into law today by @JerryBrownGov w/ #ConnectTheDrops biz support  https://t.co/r4SZhySHFx",en,"[{'screen_name': 'jerrybrowngov', 'name': 'jerry brown', 'id': '19418459'}]",['https://www.gov.ca.gov/2018/05/31/governor-brown-signs-legislation-establishing-statewide-water-efficiency-goals/'],[],0,0,1,"['drought', 'connectthedrops']",[],https://twitter.com/CeresNews/status/1002290605106614272,False,,0,,,,,,,,[],,,,
1002287267577192449,1002287267577192449,2018-05-31 16:34:40 EDT,2018-05-31,16:34:40,-0400,749836779830652933,wateragg,Global Water Crisis,,Iran: drought threatens wildlife  https://t.co/H7XxXRGH8i #Iran #drought #WaterCrisis #wildlife #climate #ecology,en,[],['http://www.tehrantimes.com/news/424110/Drought-threatens-wildlife-in-central-Iran'],[],0,0,0,"['iran', 'drought', 'watercrisis', 'wildlife', 'climate', 'ecology']",[],https://twitter.com/WaterAgg/status/1002287267577192449,False,,0,,,,,,,,[],,,,
1002286202479939585,1002286202479939585,2018-05-31 16:30:26 EDT,2018-05-31,16:30:26,-0400,24493890,tornadoquest,Tornado Quest,,"The latest update: RT @DroughtCenter: US #Drought Monitor 5 31 18: Incremental changes from North Dakota to Texas show some areas better, others worse. Drought down slightly, now covering 26% of Lower 48 states.  https://t.co/PeVudGecET",en,"[{'screen_name': 'droughtcenter', 'name': 'drought center', 'id': '587639522'}]",[],['https://pbs.twimg.com/media/DehwRi5WAAAI12f.jpg'],0,2,1,['drought'],[],https://twitter.com/TornadoQuest/status/1002286202479939585,False,,1,https://pbs.twimg.com/media/DehwRi5WAAAI12f.jpg,,,,,,,[],,,,
1002281314886676480,1002281314886676480,2018-05-31 16:11:01 EDT,2018-05-31,16:11:01,-0400,237853117,fezandmario,Black Mtn Landscape Design,,#sustainabledersign #drought #california #waterconservation #landscapedesign #blackmountainlandscapedesign #sandiego  https://t.co/AtmrtEiouI,und,[],['https://twitter.com/fezandmario/status/983509945361616896'],[],0,1,0,"['sustainabledersign', 'drought', 'california', 'waterconservation', 'landscapedesign', 'blackmountainlandscapedesign', 'sandiego']",[],https://twitter.com/fezandmario/status/1002281314886676480,False,https://twitter.com/fezandmario/status/983509945361616896,0,,,,,,,,[],,,,
1002280956344991744,1002280956344991744,2018-05-31 16:09:36 EDT,2018-05-31,16:09:36,-0400,550865565,shan101010,Shantanu Kumar,,Planning Water Proof City #floods #drought  https://t.co/5L44cOJlgq @narendramodi @amitabhk87,en,"[{'screen_name': 'narendramodi', 'name': 'narendra modi', 'id': '18839785'}, {'screen_name': 'amitabhk87', 'name': 'amitabh kant', 'id': '75237089'}]",['https://bit.ly/2IICK8R'],[],0,0,0,"['floods', 'drought']",[],https://twitter.com/shan101010/status/1002280956344991744,False,,0,,,,,,,,[],,,,
1002278896983781376,1002278896983781376,2018-05-31 16:01:25 EDT,2018-05-31,16:01:25,-0400,531585179,ultimatecitrus,Chet Townsend,,"#Florida is now completely #drought free, from the Panhandle to the Keys.  https://t.co/REHwuwtDoA",en,[],[],['https://pbs.twimg.com/media/DejPWEsXkAAYZ7Z.jpg'],0,0,1,"['florida', 'drought']",[],https://twitter.com/UltimateCitrus/status/1002278896983781376,False,,1,https://pbs.twimg.com/media/DejPWEsXkAAYZ7Z.jpg,,,,,,,[],,,,
1002278661402382337,1002278661402382337,2018-05-31 16:00:28 EDT,2018-05-31,16:00:28,-0400,2502354296,abstractwallart,Danielle Nelisse,,artist paints Depleted Water Tables #climatechange #drought in #California #abstractart #fineart #daniellenelisse #desertecosystems  https://t.co/R9e4sJBBfX,en,[],['https://ift.tt/1LuCyiS'],[],0,0,0,"['climatechange', 'drought', 'california', 'abstractart', 'fineart', 'daniellenelisse', 'desertecosystems']",[],https://twitter.com/abstractwallart/status/1002278661402382337,False,,0,,,,,,,,[],,,,
1002266621342253056,1002266621342253056,2018-05-31 15:12:38 EDT,2018-05-31,15:12:38,-0400,601981724,nwscpc,NWS Climate Prediction Center,,Development of #drought is forecast across much of the Central and Southern Plains during June due to existing precipitation deficits and mid-level ridging forecast during the month helping to shift the storm track away from the region.  https://t.co/uvDvOR3Qkq  https://t.co/qzQJz1utHZ,en,[],['http://www.cpc.ncep.noaa.gov/products/expert_assessment/mdo_summary.php'],['https://pbs.twimg.com/media/DejD1UQW4AUtmXl.jpg'],0,9,11,['drought'],[],https://twitter.com/NWSCPC/status/1002266621342253056,False,,1,https://pbs.twimg.com/media/DejD1UQW4AUtmXl.jpg,,,,,,,[],,,,
1002266018335592450,1002266018335592450,2018-05-31 15:10:14 EDT,2018-05-31,15:10:14,-0400,24493890,tornadoquest,Tornado Quest,,"Considering the ongoing #drought &amp; heatwave, this is some important fire weather info: RT @NWS: Understand Fire Weather Watches and Warnings by visiting  https://t.co/F47azSJdcM #WildfireSafety  https://t.co/UitFurY6lT #FireWx  https://t.co/qY0mRzVCfl",en,"[{'screen_name': 'nws', 'name': 'national weather service', 'id': '454313925'}]",['http://weather.gov/safety/fire-ww'],"['https://pbs.twimg.com/media/DejDoakVMAAM2mp.jpg', 'https://pbs.twimg.com/media/DehRXWNVQAAWafG.jpg']",0,1,1,"['drought', 'wildfiresafety', 'firewx']",[],https://twitter.com/TornadoQuest/status/1002266018335592450,False,,1,https://pbs.twimg.com/media/DejDoakVMAAM2mp.jpg,,,,,,,[],,,,
1002263782352195585,1002263782352195585,2018-05-31 15:01:21 EDT,2018-05-31,15:01:21,-0400,19655830,wxschnack,Schnack,,The latest #Drought Monitor has not changed much from last week. Abnormally dry to moderate drought conditions across southern Iowa continue.  #iawx  https://t.co/tbg1psbBvO,en,[],[],['https://pbs.twimg.com/media/DejBYJyXUAAYwU5.jpg'],0,0,0,"['drought', 'iawx']",[],https://twitter.com/WXSchnack/status/1002263782352195585,False,,1,https://pbs.twimg.com/media/DejBYJyXUAAYwU5.jpg,,,,,,,[],,,,
1002263404898344965,1002263404898344965,2018-05-31 14:59:51 EDT,2018-05-31,14:59:51,-0400,1472840491,africanewshub,Africa News Hub,,Sweden supports #drought-#stricken farmers and herders in the Sahel  https://t.co/vmEonrJqYM,en,[],['https://www.africanewshub.com/short/51r'],[],0,0,0,"['drought', 'stricken']",[],https://twitter.com/africanewshub/status/1002263404898344965,False,,0,,,,,,,,[],,,,
1002262177401753600,1002262177401753600,2018-05-31 14:54:58 EDT,2018-05-31,14:54:58,-0400,274673203,oceanly,Lily H,,#StopKM @JustinTrudeau #UNDRIP #WashingtonState #SanJuanIslands #bcpoli #vanpoli #vicpoli #ableg #abpoli #Edmonton #skpoli #mbpoli #onpoli #qcpoli #peipoli #Ottawa #nbpoli #Cdnpoli #ClimateChange #SeaLevelRise #Floods #Wildfires #Drought #Hurricanes #NoDAPL #NoKXL #Renewables  https://t.co/WyQktKBqeE,und,"[{'screen_name': 'justintrudeau', 'name': 'justin trudeau', 'id': '14260960'}]",['https://twitter.com/GovInslee/status/1001853673847205888'],[],0,0,0,"['stopkm', 'undrip', 'washingtonstate', 'sanjuanislands', 'bcpoli', 'vanpoli', 'vicpoli', 'ableg', 'abpoli', 'edmonton', 'skpoli', 'mbpoli', 'onpoli', 'qcpoli', 'peipoli', 'ottawa', 'nbpoli', 'cdnpoli', 'climatechange', 'sealevelrise', 'floods', 'wildfires', 'drought', 'hurricanes', 'nodapl', 'nokxl', 'renewables']",[],https://twitter.com/oceanly/status/1002262177401753600,False,https://twitter.com/GovInslee/status/1001853673847205888,0,,,,,,,,[],,,,
1002260531606994944,1002260531606994944,2018-05-31 14:48:26 EDT,2018-05-31,14:48:26,-0400,773634376408109056,v_matzek,Virginia Matzek,,"White oak (Q. garryana), one of my favorite species, looking fairly resilient to warmer and drier climate on the North Coast.  #drought #California #climatechange  https://t.co/0bxJAHcOaB",en,[],['https://twitter.com/ESAEcosphere/status/999706147727790080'],[],0,0,2,"['drought', 'california', 'climatechange']",[],https://twitter.com/v_matzek/status/1002260531606994944,False,https://twitter.com/ESAEcosphere/status/999706147727790080,0,,,,,,,,[],,,,
1002258412632068096,1002258412632068096,2018-05-31 14:40:01 EDT,2018-05-31,14:40:01,-0400,18082262,smogranch,Daniel Milnor,,"The West is facing an epic drought, still. More proof, and this hits very close to home for me. Was scheduled to hike Baldy on Saturday. Not anymore.  https://t.co/vyZfnx2X8w  #drought",en,[],['http://www.santafenewmexican.com/news/local_news/officials-expected-to-close-access-to-santa-fe-national-forest/article_234e226d-41c1-5f75-b0d6-dabb0a9dfbf8.html'],[],1,2,2,['drought'],[],https://twitter.com/Smogranch/status/1002258412632068096,False,,0,,,,,,,,[],,,,
1002257022161641473,1002257022161641473,2018-05-31 14:34:29 EDT,2018-05-31,14:34:29,-0400,2860740950,klanierca,klanierca,,#Drinkingwater in #India’s #Himalayan city of #Shimla has become so scarce that the town is “begging tourists to say away”. They’ve had no water since May 20th due to severe #drought.   https://t.co/DoeNQByM1o,en,[],['https://www.theguardian.com/world/2018/may/31/tourist-told-to-stay-away-from-indian-city-shimla-water-crisis'],[],0,0,0,"['drinkingwater', 'india', 'himalayan', 'shimla', 'drought']",[],https://twitter.com/klanierca/status/1002257022161641473,False,,0,,,,,,,,[],,,,
1002256321096372225,1002256321096372225,2018-05-31 14:31:42 EDT,2018-05-31,14:31:42,-0400,83889597,kbtxshel,Shel Winkley,,"As 90° days &amp; a lack of rain take over, this week's #Drought Monitor shows ABNORMALLY DRY conditions have slipped back in from Hwy 21 north for Lee, Burleson, Brazos, Milam, Robertson, Madison, &amp; Leon Counties.   Small sliver of MODERATE DROUGHT across far NW Milam Co.  https://t.co/x8HnyW1ZG2",en,[],[],['https://pbs.twimg.com/media/Dei6zbmW4AAR_L_.jpg'],0,1,1,['drought'],[],https://twitter.com/KBTXShel/status/1002256321096372225,False,,1,https://pbs.twimg.com/media/Dei6zbmW4AAR_L_.jpg,,,,,,,[],,,,
1002254981779591169,1002254981779591169,2018-05-31 14:26:23 EDT,2018-05-31,14:26:23,-0400,1451214062,waterjpi,Water JPI,,Day 2 training #workshop on #flood and #drought #project writing and #climatic #fund raising started in @GWP_CAf  headoffice in Yaounde. @UNESCO presenting #Water and #Climate #Research #Fellowships #ActOnSDG6 #Youthengagement @Water4life3  @GWP_CAf @UNESCO  https://t.co/FiEOeV0n46,en,"[{'screen_name': 'gwp_caf', 'name': 'gwp-caf', 'id': '2910720958'}, {'screen_name': 'unesco', 'name': 'unesco 🏛️ #education #sciences #culture 🇺🇳😷', 'id': '20646711'}, {'screen_name': 'water4life3', 'name': 'water4life', 'id': '3916281695'}, {'screen_name': 'gwp_caf', 'name': 'gwp-caf', 'id': '2910720958'}, {'screen_name': 'unesco', 'name': 'unesco 🏛️ #education #sciences #culture 🇺🇳😷', 'id': '20646711'}]",['https://twitter.com/GWP_CAf/status/1002137799238275072'],[],0,0,0,"['workshop', 'flood', 'drought', 'project', 'climatic', 'fund', 'water', 'climate', 'research', 'fellowships', 'actonsdg6', 'youthengagement']",[],https://twitter.com/WaterJPI/status/1002254981779591169,False,https://twitter.com/GWP_CAf/status/1002137799238275072,0,,,,,,,,[],,,,
1002251514423988224,1002251514423988224,2018-05-31 14:12:36 EDT,2018-05-31,14:12:36,-0400,2831587762,climatemolly,Molly Woloszyn,,What a fantastic group of partners we’ve had in Champaign the last two days for the #MidwestDEWS Communications Workshop! So many great ideas we can move forward on to improve #drought communication and early warning in the #Midwest! #MidwestDrought @DroughtGov @MidwestClimate  https://t.co/j23nPbC6I9,en,"[{'screen_name': 'droughtgov', 'name': 'nidis drought.gov', 'id': '726951074'}, {'screen_name': 'midwestclimate', 'name': 'mrcc', 'id': '534649806'}]",[],['https://pbs.twimg.com/media/Dei2b6TW0AAR6Fn.jpg'],0,2,13,"['midwestdews', 'drought', 'midwest', 'midwestdrought']",[],https://twitter.com/ClimateMolly/status/1002251514423988224,False,,1,https://pbs.twimg.com/media/Dei2b6TW0AAR6Fn.jpg,,,,,,,[],,,,
1002249098332966912,1002249098332966912,2018-05-31 14:03:00 EDT,2018-05-31,14:03:00,-0400,233774775,henrygass,Henry Gass,,"""If you’re taking dollar bills out and putting pennies in, there’s an end of the road at some point in time""  https://t.co/6dsKdsGeci @csmonitor #drought #Ogallala",en,"[{'screen_name': 'csmonitor', 'name': 'the christian science monitor', 'id': '14857525'}]",['https://www.csmonitor.com/Environment/2018/0530/Amid-drought-in-Texas-Panhandle-farmers-scratch-crops-from-dust'],[],0,1,0,"['drought', 'ogallala']",[],https://twitter.com/henrygass/status/1002249098332966912,False,,0,,,,,,,,[],,,,
1002248878014517248,1002248878014517248,2018-05-31 14:02:08 EDT,2018-05-31,14:02:08,-0400,15888710,akmaldawi,Akmal Dawi,,UN jacks up call for aid to drought in Afghanistan by 27%. It now asks for US$547 million to assist 4.2 million most vulnerable Afghans. #drought,en,[],[],[],0,0,0,['drought'],[],https://twitter.com/akmaldawi/status/1002248878014517248,False,,0,,,,,,,,[],,,,
1002248623005097984,1002248623005097984,2018-05-31 14:01:07 EDT,2018-05-31,14:01:07,-0400,824380421295210497,zilient,Zilient.org,,"#Drought in #Afghanistan has already forced 21,000 people to leave their homes and settle on the outskirts of the western city of Herat, according to @OCHAAfg.  @tobylanzer #hunger #conflict | @jaredferrie reports   https://t.co/GQPPdIOZk4",en,"[{'screen_name': 'ochaafg', 'name': 'ocha afghanistan', 'id': '620775713'}, {'screen_name': 'tobylanzer', 'name': 'toby lanzer', 'id': '48784644'}, {'screen_name': 'jaredferrie', 'name': 'jared ferrie', 'id': '1322328182'}]",['https://www.zilient.org/article/drought-threatens-millions-afghans-hunger-un'],[],0,0,1,"['drought', 'afghanistan', 'hunger', 'conflict']",[],https://twitter.com/Zilient/status/1002248623005097984,False,,0,,,,,,,,[],,,,
1002248487327715329,1002248487327715329,2018-05-31 14:00:34 EDT,2018-05-31,14:00:34,-0400,295713773,trf,Thomson Reuters Foundation,,"#Drought in #Afghanistan has already forced 21,000 people to leave their homes and settle on the outskirts of the western city of Herat, according to @OCHAAfg.  @tobylanzer #hunger #conflict | @jaredferrie reports   https://t.co/r9XEYdBz42",en,"[{'screen_name': 'ochaafg', 'name': 'ocha afghanistan', 'id': '620775713'}, {'screen_name': 'tobylanzer', 'name': 'toby lanzer', 'id': '48784644'}, {'screen_name': 'jaredferrie', 'name': 'jared ferrie', 'id': '1322328182'}]",['https://www.zilient.org/article/drought-threatens-millions-afghans-hunger-un'],[],0,0,1,"['drought', 'afghanistan', 'hunger', 'conflict']",[],https://twitter.com/TRF/status/1002248487327715329,False,,0,,,,,,,,[],,,,
1002245271315763201,1002245271315763201,2018-05-31 13:47:48 EDT,2018-05-31,13:47:48,-0400,599283881,nwsserfc,SERFC,,"From a drought perspective, conditions have improved significantly across the Southeast.   #Drought  https://t.co/9PyQ6M2oDv",en,[],[],['https://pbs.twimg.com/media/DeiwcjtUwAAn83M.jpg'],0,4,5,['drought'],[],https://twitter.com/NWSSERFC/status/1002245271315763201,False,,1,https://pbs.twimg.com/media/DeiwcjtUwAAn83M.jpg,,,,,,,[],,,,
1002243329956999168,1002243329956999168,2018-05-31 13:40:05 EDT,2018-05-31,13:40:05,-0400,144703320,bewickwren,🇵🇹Common Raven🇺🇸,,"Personnel 520  #BuzzardFire Size 21,957  Acres Contained 34%  Fire actively burning in mixed conifer and ponderosa pine. #Drought-stressed trees + very dry + warm conditions allowed for very active backing + flanking fire behavior. #NMFire   https://t.co/aDE4xAjfLg",en,[],['http://ow.ly/t8Xo30khaFE'],[],0,1,0,"['buzzardfire', 'drought', 'nmfire']",[],https://twitter.com/Bewickwren/status/1002243329956999168,False,,0,,,,,,,,[],,,,
1002242368446267392,1002242368446267392,2018-05-31 13:36:16 EDT,2018-05-31,13:36:16,-0400,549878521,vinpro_za,Vinpro,,"We are so grateful for every drop! And some more rain &amp; cold forecast in the next week, just at the right time for grapevines to build up the much needed reserves towards #wine #Harvest2019 #blessed #drought @RicoBasson @WineEconomist @DippenaarLeon @WineLandSA @Wandawyn  https://t.co/ln7I27IRIt",en,"[{'screen_name': 'ricobasson', 'name': 'rico basson', 'id': '456436227'}, {'screen_name': 'wineeconomist', 'name': 'pieter van niekerk', 'id': '742997509'}, {'screen_name': 'dippenaarleon', 'name': 'leon dippenaar', 'id': '1558918452'}, {'screen_name': 'winelandsa', 'name': 'winelandsa', 'id': '326044828'}, {'screen_name': 'wandawyn', 'name': 'wanda', 'id': '41557947'}]",['https://twitter.com/WesternCapeGov/status/1002129811370926080'],[],0,0,1,"['wine', 'harvest2019', 'blessed', 'drought']",[],https://twitter.com/Vinpro_za/status/1002242368446267392,False,https://twitter.com/WesternCapeGov/status/1002129811370926080,0,,,,,,,,[],,,,
1002242251555262464,1002242251555262464,2018-05-31 13:35:48 EDT,2018-05-31,13:35:48,-0400,1319337792,mikebehrenswx,Meteorologist Michael Behrens,,A remarkable lack of rainfall in the month of May has helped to erase earlier above normal rainfall totals and bring #Drought conditions back to #EastTexas. See the latest from...  https://t.co/zqWQz8Tdh9,en,[],['https://www.cbs19.tv/article/news/local/drought-conditions-return-to-east-texas/501-560274112'],[],0,2,2,"['drought', 'easttexas']",[],https://twitter.com/MikeBehrensWX/status/1002242251555262464,False,,0,,,,,,,,[],,,,
1002240320233328641,1002240320233328641,2018-05-31 13:28:07 EDT,2018-05-31,13:28:07,-0400,29546989,wsiconfexpo,WSI Conference,,"St. George, #Utah, enacts daytime watering ban   https://t.co/FMfefpHqPz #drought news by @MoriKessler via @STGnews",en,"[{'screen_name': 'morikessler', 'name': 'mori kessler', 'id': '430363443'}, {'screen_name': 'stgnews', 'name': 'st. george news', 'id': '192788396'}]",['https://www.stgeorgeutah.com/news/archive/2018/05/25/mgk-st-george-enacts-daytime-watering-ban/#.WxATTN2S_9d.twitter'],[],0,1,1,"['utah', 'drought']",[],https://twitter.com/WSIConfExpo/status/1002240320233328641,False,,0,,,,,,,,[],,,,
1002240038825021440,1002240038825021440,2018-05-31 13:27:00 EDT,2018-05-31,13:27:00,-0400,806253116182188032,esaecosphere,Ecosphere,,"#Permafrost, #drought &amp; warming on the Tibetan Plateau. #climatechange #primaryproductivity   https://t.co/mpI47wBDD8  https://t.co/uUcz4huMdE",en,[],['https://esajournals.onlinelibrary.wiley.com/doi/10.1002/ecs2.2233'],['https://pbs.twimg.com/media/DeiOUcaX0AEZR4d.jpg'],0,3,2,"['permafrost', 'drought', 'climatechange', 'primaryproductivity']",[],https://twitter.com/ESAEcosphere/status/1002240038825021440,False,,1,https://pbs.twimg.com/media/DeiOUcaX0AEZR4d.jpg,,,,,,,[],,,,
1002237608410394624,1002237608410394624,2018-05-31 13:17:21 EDT,2018-05-31,13:17:21,-0400,2498871378,greenbeltsal,Arcticfox 🍃💚🍃,,@BBCSpringwatch #Flooded parts of the #Fields now cracking due to #Drought  @Farmland_Nature  Evidence of #RoeDeer  @ChrisGPackham what does the hip bone belong 2 ??  https://t.co/hp7YKDtlnJ,en,"[{'screen_name': 'farmland_nature', 'name': 'farmland nature', 'id': '801473755780358146'}, {'screen_name': 'chrisgpackham', 'name': 'chris packham', 'id': '78905469'}]",[],"['https://pbs.twimg.com/media/DeiooUsWsAM-0zA.jpg', 'https://pbs.twimg.com/media/DeionqSWsAADFvW.jpg', 'https://pbs.twimg.com/media/DeionrZXkAE0u56.jpg', 'https://pbs.twimg.com/media/DeipjIiW4AI7BFc.jpg']",0,2,1,"['flooded', 'fields', 'drought', 'roedeer']",[],https://twitter.com/greenbeltsal/status/1002237608410394624,False,,1,https://pbs.twimg.com/media/DeiooUsWsAM-0zA.jpg,,,,,,,[],,,,
1002236649571475456,1002236649571475456,2018-05-31 13:13:32 EDT,2018-05-31,13:13:32,-0400,237853117,fezandmario,Black Mtn Landscape Design,,#waterconservation #landscape #easyways #sevenways #california #drought #sandiego #blackmountainlandscapedesign  https://t.co/iYyxMVKmIu,und,[],['https://twitter.com/fezandmario/status/1000157386307338240'],[],0,1,0,"['waterconservation', 'landscape', 'easyways', 'sevenways', 'california', 'drought', 'sandiego', 'blackmountainlandscapedesign']",[],https://twitter.com/fezandmario/status/1002236649571475456,False,https://twitter.com/fezandmario/status/1000157386307338240,0,,,,,,,,[],,,,
1002232376464900099,1002232376464900099,2018-05-31 12:56:33 EDT,2018-05-31,12:56:33,-0400,620775713,ochaafg,OCHA Afghanistan,,The #humanitarian community in #Afghanistan calls for $117 million more in the revised Humanitarian Response Plan (HRP) due to the ongoing #drought that has gripped two thirds of the country.   More here:  https://t.co/DNGmAMDP57  https://t.co/7gg16rNOMQ,en,[],['https://goo.gl/wxnQhB'],['https://pbs.twimg.com/media/Deik9RmWAAAnMJB.jpg'],0,12,11,"['humanitarian', 'afghanistan', 'drought']",[],https://twitter.com/OCHAAfg/status/1002232376464900099,False,,1,https://pbs.twimg.com/media/Deik9RmWAAAnMJB.jpg,,,,,,,[],,,,
1002231283890745350,1002231283890745350,2018-05-31 12:52:13 EDT,2018-05-31,12:52:13,-0400,997469076292358144,efarmn,Efarm News Ar,,"#Argentina #Main #Data #Exports, Corn and Meat have increased during 2018 and #Soybean has been hit by the #drought. To be first to know key news about #Argentina and #Latin #America in #agriculture. Please Visit:  https://t.co/atOa9iNdOr  https://t.co/zrrqyUBeGM",en,[],['https://efarmnewsar.com/'],['https://pbs.twimg.com/tweet_video_thumb/DeijY9gXcAA44_R.jpg'],0,0,0,"['argentina', 'main', 'data', 'exports', 'soybean', 'drought', 'argentina', 'latin', 'america', 'agriculture']",[],https://twitter.com/EfarmN/status/1002231283890745350,False,,1,https://pbs.twimg.com/tweet_video_thumb/DeijY9gXcAA44_R.jpg,,,,,,,[],,,,
1002229217252315140,1002229217252315140,2018-05-31 12:44:00 EDT,2018-05-31,12:44:00,-0400,3817209492,ricebizwisdom,Rice Business Wisdom,,"“If [water will run out] in 15 years, it’s a good idea to cut down half the state’s almond groves — but if those almond trees are still putting $ in your pockets, that wouldn’t make sense until the killer #drought hits,” writes @SavorTooth.   https://t.co/VbYC4P5lX0",en,"[{'screen_name': 'savortooth', 'name': 'nathanael johnson', 'id': '130906331'}]",['https://grist.org/article/whatll-we-eat-in-2050-california-farmers-are-placing-bets/?src=longreads'],[],0,0,0,['drought'],[],https://twitter.com/RiceBizWisdom/status/1002229217252315140,False,,0,,,,,,,,[],,,,
1002223296371396608,1002223296371396608,2018-05-31 12:20:28 EDT,2018-05-31,12:20:28,-0400,198419080,27_mashiyi,Siyabulela Mashiyi,,Retweeted DEC (@decappeal):  Mante works in the communities affected by the #drought in southern #Ethiopia and has seen the difference DEC funding has made first-hand.  Find out more on our website:  https://t.co/SCwTAVCX8l  https://t.co/OgRGV0Sfca,en,"[{'screen_name': 'decappeal', 'name': 'dec', 'id': '25488827'}]",['http://bit.ly/2sekQRh'],[],0,0,0,"['drought', 'ethiopia']",[],https://twitter.com/27_mashiyi/status/1002223296371396608,False,,1,https://pbs.twimg.com/ext_tw_video_thumb/1001873375558488064/pu/img/kLhhmUbL5hZr_cOD.jpg,,,,,,,[],,,,
1002221315309342721,1002221315309342721,2018-05-31 12:12:36 EDT,2018-05-31,12:12:36,-0400,64748159,farmfutures,Farm Futures,,Drought’s current footprint – covering 42.6% of the U.S. – sits at the lowest level since late November.  https://t.co/7zcFgDYw73 #drought  https://t.co/daiJYtGHtk,en,[],['http://www.farmfutures.com/weather/drought-narrative-takes-plot-twist'],['https://pbs.twimg.com/media/Deia-Y4WsAA1ba8.jpg'],0,0,0,['drought'],[],https://twitter.com/FarmFutures/status/1002221315309342721,False,,1,https://pbs.twimg.com/media/Deia-Y4WsAA1ba8.jpg,,,,,,,[],,,,
1002221124518891521,1002221124518891521,2018-05-31 12:11:51 EDT,2018-05-31,12:11:51,-0400,274673203,oceanly,Lily H,,#StopKM @PMJTrudeau #UNDRIP #WashingtonState #Seattle #bcpoli #vanpoli #vicpoli #ableg #abpoli #Calgary #skpoli #mbpoli #onpoli #qcpoli #peipoli #Cdnpoli #ClimateChange #SeaLevelRise #Floods #Wildfires #Drought #Hurricanes #OilFreeSalishSea #WaterIsLife #Solar #WeDontHaveTime  https://t.co/WyQktKBqeE,und,"[{'screen_name': 'pmjtrudeau', 'name': 'pm justin trudeau', 'id': '2744781905'}]",['https://twitter.com/GovInslee/status/1001853673847205888'],[],0,0,0,"['stopkm', 'undrip', 'washingtonstate', 'seattle', 'bcpoli', 'vanpoli', 'vicpoli', 'ableg', 'abpoli', 'calgary', 'skpoli', 'mbpoli', 'onpoli', 'qcpoli', 'peipoli', 'cdnpoli', 'climatechange', 'sealevelrise', 'floods', 'wildfires', 'drought', 'hurricanes', 'oilfreesalishsea', 'waterislife', 'solar', 'wedonthavetime']",[],https://twitter.com/oceanly/status/1002221124518891521,False,https://twitter.com/GovInslee/status/1001853673847205888,0,,,,,,,,[],,,,
1002219066579456001,1002219066579456001,2018-05-31 12:03:40 EDT,2018-05-31,12:03:40,-0400,3301770607,mattbergphd,Dr. Matthew Berg,,Mix of recent #rainfall and soaring #summertime #temperature readings means fewer places with driest readings but increasing trend toward #drought overall. #txwater #climate #txwx  https://t.co/hGbsCbsYwy,en,[],[],['https://pbs.twimg.com/media/DeiY7NWU0AACuzv.jpg'],0,0,1,"['rainfall', 'summertime', 'temperature', 'drought', 'txwater', 'climate', 'txwx']",[],https://twitter.com/MattBergPhD/status/1002219066579456001,False,,1,https://pbs.twimg.com/media/DeiY7NWU0AACuzv.jpg,,,,,,,[],,,,
1002218255002501121,1002218255002501121,2018-05-31 12:00:26 EDT,2018-05-31,12:00:26,-0400,87227715,necornboard,Nebraska Corn Board,,5.4% of #Nebraska is experiencing moderate #drought. Last year at this time: 0% drought. @DroughtCenter  https://t.co/RueZ7NNrND 📷 @_michaelbogart_ - Palmyra FFA  https://t.co/y5dAIWAdlt,en,"[{'screen_name': 'droughtcenter', 'name': 'drought center', 'id': '587639522'}, {'screen_name': '_michaelbogart_', 'name': 'michael bogart', 'id': '840002678168145920'}]",['http://droughtmonitor.unl.edu'],['https://pbs.twimg.com/media/DeiXPzgVwAAVVlU.jpg'],2,0,4,"['nebraska', 'drought']",[],https://twitter.com/NECornBoard/status/1002218255002501121,False,,1,https://pbs.twimg.com/media/DeiXPzgVwAAVVlU.jpg,,,,,,,[],,,,
1002218005978406912,1002218005978406912,2018-05-31 11:59:27 EDT,2018-05-31,11:59:27,-0400,85412404,weathertalk,WeatherTalk,,#Drought update:  #AZdrought #NMdrought  https://t.co/awkCCFxdn1,en,[],['https://twitter.com/SeverePlains/status/1002217508697444352'],[],0,0,0,"['drought', 'azdrought', 'nmdrought']",[],https://twitter.com/WeatherTalk/status/1002218005978406912,False,https://twitter.com/SeverePlains/status/1002217508697444352,0,,,,,,,,[],,,,
1002217840089419776,1002217840089419776,2018-05-31 11:58:48 EDT,2018-05-31,11:58:48,-0400,3397402769,_cfew,CentreFor EarthWorks,,Q3. @AmponsemJoshua “why should we pay attention to plastic pollution in relation to our Climate  #Drought #Desertification #Youth4Land? @UNCCD @JoyNature1 @UNEnvironment @Dzennypha @HabitatThursday @UNDP4Youth @LotKaduma @UNFCCC @ClimaticMind @TabiJoda1 @Wangechi_Kiongo @UNESCO,en,"[{'screen_name': 'amponsemjoshua', 'name': 'joshua amponsem', 'id': '609146175'}, {'screen_name': 'unccd', 'name': 'un convention to combat desertification', 'id': '74447139'}, {'screen_name': 'dzennypha', 'name': 'jennifer olachi uchendu', 'id': '2497051527'}, {'screen_name': 'habitatthursday', 'name': 'habitatthursday', 'id': '932219671230799872'}, {'screen_name': 'undp4youth', 'name': 'undp youth', 'id': '3291441743'}, {'screen_name': 'lotkaduma', 'name': 'lot kaduma - #construction_4.0', 'id': '536257550'}, {'screen_name': 'unfccc', 'name': 'un climate change', 'id': '17463923'}, {'screen_name': 'climaticmind', 'name': 'abdurasaq a. adesokan', 'id': '250779320'}, {'screen_name': 'tabijoda1', 'name': 'tabi joda - #ecosystems revivalist', 'id': '1907157894'}, {'screen_name': 'wangechi_kiongo', 'name': 'wangechi kiongo', 'id': '2152625154'}, {'screen_name': 'unesco', 'name': 'unesco 🏛️ #education #sciences #culture 🇺🇳😷', 'id': '20646711'}]",[],[],6,3,6,"['drought', 'desertification', 'youth4land']",[],https://twitter.com/_CFEW/status/1002217840089419776,False,,0,,,,,,,,[],,,,
1002217508697444352,1002217508697444352,2018-05-31 11:57:29 EDT,2018-05-31,11:57:29,-0400,87113558,severeplains,Jayson Prentice,,"Updated #drought monitor and the changes in classification from last week. A mix of improvement and degradation, but extreme to exceptional drought continues over Southwest &amp; parts of Plains.  https://t.co/JyAQ9ieBza",en,[],[],"['https://pbs.twimg.com/media/DeiXgkMVQAEv89Z.jpg', 'https://pbs.twimg.com/media/DeiXgsXUwAE3XqH.jpg']",0,1,0,['drought'],[],https://twitter.com/SeverePlains/status/1002217508697444352,False,,1,https://pbs.twimg.com/media/DeiXgkMVQAEv89Z.jpg,,,,,,,[],,,,
1002217219819032578,1002217219819032578,2018-05-31 11:56:20 EDT,2018-05-31,11:56:20,-0400,2910720958,gwp_caf,GWP-CAf,,Happening now : the Regional Coordinator of GWP CAf presenting #Financing #opportunities and mechanisms for access to #climate #finance at the #workshop on #flood and #drought #project writing and #climatic #fund raising started in @GWP_CAf headoffice in Yaounde. #ActOnSDG6  https://t.co/XlxJx6bXPU,en,"[{'screen_name': 'gwp_caf', 'name': 'gwp-caf', 'id': '2910720958'}]",[],"['https://pbs.twimg.com/media/DeiWsNdX4AAdkJY.jpg', 'https://pbs.twimg.com/media/DeiWvR2W4AA4_wX.jpg', 'https://pbs.twimg.com/media/DeiWvI8WkAA2Eqj.jpg']",0,1,2,"['financing', 'opportunities', 'climate', 'finance', 'workshop', 'flood', 'drought', 'project', 'climatic', 'fund', 'actonsdg6']",[],https://twitter.com/GWP_CAf/status/1002217219819032578,False,,1,https://pbs.twimg.com/media/DeiWsNdX4AAdkJY.jpg,,,,,,,[],,,,
1002215621508071425,1002215621508071425,2018-05-31 11:49:59 EDT,2018-05-31,11:49:59,-0400,67361787,apgsensors,APG Sensors,,"RT. @NOAA #Drought in Contiguous US improves from 29% to ~26.5% coverage, thanks to heavy #Rain east of the Mississippi. Four Corners+, though...    https://t.co/Iuc9n3Tvve",en,"[{'screen_name': 'noaa', 'name': 'noaa', 'id': '14342564'}]",['https://twitter.com/NOAA/status/1002209191984058369'],[],0,0,2,"['drought', 'rain']",[],https://twitter.com/apgsensors/status/1002215621508071425,False,https://twitter.com/NOAA/status/1002209191984058369,0,,,,,,,,[],,,,
1002214873491701761,1002214873491701761,2018-05-31 11:47:00 EDT,2018-05-31,11:47:00,-0400,233774775,henrygass,Henry Gass,,"""I’ve always thought if I’m doing what’s right for my grandkids in the decisions I make here, that’s probably the right decision""  https://t.co/6dsKdsGeci #drought #Ogallala @csmonitor  https://t.co/Nsndd3KCjK",en,"[{'screen_name': 'csmonitor', 'name': 'the christian science monitor', 'id': '14857525'}]",['https://www.csmonitor.com/Environment/2018/0530/Amid-drought-in-Texas-Panhandle-farmers-scratch-crops-from-dust'],['https://pbs.twimg.com/media/DeenIxtXkAA8fus.jpg'],0,1,1,"['drought', 'ogallala']",[],https://twitter.com/henrygass/status/1002214873491701761,False,,1,https://pbs.twimg.com/media/DeenIxtXkAA8fus.jpg,,,,,,,[],,,,
1002213931996385283,1002213931996385283,2018-05-31 11:43:16 EDT,2018-05-31,11:43:16,-0400,1681704248,kannbwx,Karen Braun,,"#Drought has retreated somewhat in the Plains within the past month. 15% of Kansas is drought-free, the most since Dec. 5. But the forecast looks hot and dry through at least mid-June, so further relief will have to wait. #agwx  https://t.co/orJevkMmjK",en,[],[],"['https://pbs.twimg.com/media/DeiTD4sUQAEvBwv.jpg', 'https://pbs.twimg.com/media/DeiTkREV4AAXLk8.jpg', 'https://pbs.twimg.com/media/DeiTnxsU8AAou1i.jpg']",0,10,16,"['drought', 'agwx']",[],https://twitter.com/kannbwx/status/1002213931996385283,False,,1,https://pbs.twimg.com/media/DeiTD4sUQAEvBwv.jpg,,,,,,,[],,,,
1002211680917565441,1002211680917565441,2018-05-31 11:34:19 EDT,2018-05-31,11:34:19,-0400,3397402769,_cfew,CentreFor EarthWorks,,Q2. @AmponsemJoshua What is the impact of Plastic pollution on terrestrial and Marine biodiversity #Youth4Land #LDNTargets #LoveLand4Climate SLM #Land #LDNtargets #WED2018 #CleanSeas #BeatPlasticPollution #PlasticFree  #Drought @UNCCD @UNEnvironment @UN_Water @Mr_Galadima,en,"[{'screen_name': 'amponsemjoshua', 'name': 'joshua amponsem', 'id': '609146175'}, {'screen_name': 'unccd', 'name': 'un convention to combat desertification', 'id': '74447139'}, {'screen_name': 'un_water', 'name': 'un-water', 'id': '216356915'}, {'screen_name': 'mr_galadima', 'name': 'justice', 'id': '611600783'}]",[],[],0,5,5,"['youth4land', 'ldntargets', 'loveland4climate', 'land', 'ldntargets', 'wed2018', 'cleanseas', 'beatplasticpollution', 'plasticfree', 'drought']",[],https://twitter.com/_CFEW/status/1002211680917565441,False,,0,,,,,,,,[],,,,
1002211558716465153,1002211558716465153,2018-05-31 11:33:50 EDT,2018-05-31,11:33:50,-0400,38833974,farmpolicy,Farm Policy,,#Argentina - 2018 #Drought Devastated #Soybean Crop Forecast to Recover  https://t.co/iIwVmXcVof @USDAForeignAg  https://t.co/MJav4DhNrh,en,"[{'screen_name': 'usdaforeignag', 'name': 'foreign ag service', 'id': '84387689'}]",['https://goo.gl/hXdPku'],['https://pbs.twimg.com/media/DeiSGJdXUAUeqF3.jpg'],0,1,1,"['argentina', 'drought', 'soybean']",[],https://twitter.com/FarmPolicy/status/1002211558716465153,False,,1,https://pbs.twimg.com/media/DeiSGJdXUAUeqF3.jpg,,,,,,,[],,,,
1002209824036347904,1002209824036347904,2018-05-31 11:26:56 EDT,2018-05-31,11:26:56,-0400,144703320,bewickwren,🇵🇹Common Raven🇺🇸,,"RT @NOAA: Drought Monitor 5/29: Heavy rains, incl. Alberto’s, eliminated #drought E. of Mississippi. Temps in 90s arrived on Gulf Coast &amp; Plains. SW US continues to bake with peak fire season just weeks away.  https://t.co/2eziJpPv8n  https://t.co/VkycrrGaWS",en,"[{'screen_name': 'noaa', 'name': 'noaa', 'id': '14342564'}]",['http://Drought.gov'],['https://pbs.twimg.com/media/DeiQRR3WsAEKPPH.jpg'],1,0,1,['drought'],[],https://twitter.com/Bewickwren/status/1002209824036347904,False,,1,https://pbs.twimg.com/media/DeiQRR3WsAEKPPH.jpg,,,,,,,[],,,,
1002209754838654976,1002209754838654976,2018-05-31 11:26:40 EDT,2018-05-31,11:26:40,-0400,38833974,farmpolicy,Farm Policy,,"""#Argentina’s #Drought Leads to the Purchase of U.S. #Soybeans,""  https://t.co/V2Kb49DcO1 @USDAForeignAg  https://t.co/sYmJS6GieV",en,"[{'screen_name': 'usdaforeignag', 'name': 'foreign ag service', 'id': '84387689'}]",['https://goo.gl/eNjUAS'],['https://pbs.twimg.com/media/DeiQcbDX4AAAhOx.jpg'],0,2,2,"['argentina', 'drought', 'soybeans']",[],https://twitter.com/FarmPolicy/status/1002209754838654976,False,,1,https://pbs.twimg.com/media/DeiQcbDX4AAAhOx.jpg,,,,,,,[],,,,
1002207868454567938,1002207868454567938,2018-05-31 11:19:10 EDT,2018-05-31,11:19:10,-0400,24187549,isciences,"ISCIENCES, LLC",,#Drought threatens millions of #Afghans with #hunger: U.N.  https://t.co/W5VO10F18H,en,[],['https://reut.rs/2xl7Iik'],[],0,0,0,"['drought', 'afghans', 'hunger']",[],https://twitter.com/isciences/status/1002207868454567938,False,,0,,,,,,,,[],,,,
1002206893606100993,1002206893606100993,2018-05-31 11:15:18 EDT,2018-05-31,11:15:18,-0400,23690214,bugwood,Center for Invasive Species and Ecosystem Health,,"Trees from the family Leguminosae are #drought tolerant and fix #nitrogen from the air, making them a key species in restoring degraded and deforested #tropical lands.   https://t.co/wHePATnIZO Image: fruits of the Egyptian thorn, W. Cranshaw, CO State Univ, #Bugwood  https://t.co/VUgxbrCo8f",en,[],['http://ow.ly/CEw730kgJZ7'],['https://pbs.twimg.com/media/DeiN28PWAAABftW.jpg'],0,3,2,"['drought', 'nitrogen', 'tropical', 'bugwood']",[],https://twitter.com/Bugwood/status/1002206893606100993,False,,1,https://pbs.twimg.com/media/DeiN28PWAAABftW.jpg,,,,,,,[],,,,
1002204624898674689,1002204624898674689,2018-05-31 11:06:17 EDT,2018-05-31,11:06:17,-0400,1576865491,javerriaawan,Javeria Awan,,"Pakistan will run out of water by 2025. Do you know that? Please, save water.   #Pakistan #travel #climatechange #water #drought #Awareness  https://t.co/0egERXACux",en,[],[],['https://pbs.twimg.com/media/DeiLhnvWkAAIThD.jpg'],1,9,14,"['pakistan', 'travel', 'climatechange', 'water', 'drought', 'awareness']",[],https://twitter.com/javerriaawan/status/1002204624898674689,False,,1,https://pbs.twimg.com/media/DeiLhnvWkAAIThD.jpg,,,,,,,[],,,,
1002203636808798208,1002203636808798208,2018-05-31 11:02:21 EDT,2018-05-31,11:02:21,-0400,45301030,swomamo,Steven Were Omamo,,In the #drought stricken #Sahel @WFP is helping #villages like this one turn deserts into gardens.  https://t.co/nXzYWbyTlr,en,"[{'screen_name': 'wfp', 'name': 'world food programme', 'id': '27830610'}]",[],[],1,7,16,"['drought', 'sahel', 'villages']",[],https://twitter.com/swomamo/status/1002203636808798208,False,,1,https://pbs.twimg.com/ext_tw_video_thumb/1002203596065267712/pu/img/IJclm90BMEDTFp9h.jpg,,,,,,,[],,,,
1002203046036701186,1002203046036701186,2018-05-31 11:00:00 EDT,2018-05-31,11:00:00,-0400,249125763,severewxchaser,Chris Whited,,Here is the weekly drought update for the state of Texas as reported by the U.S. Drought Monitor:  https://t.co/fbtfjyyo1Q  #txwx #drought,en,[],['http://bit.ly/17sRWJJ'],[],0,0,0,"['txwx', 'drought']",[],https://twitter.com/severewxchaser/status/1002203046036701186,False,,0,,,,,,,,[],,,,
1002200877283926016,1002200877283926016,2018-05-31 10:51:23 EDT,2018-05-31,10:51:23,-0400,25778345,anazotta,Ana Zotta,,Early responses to dehydration in contrasting wild Arachis species #arachis #drought  https://t.co/XKIxYYG3gn,en,[],['http://dx.plos.org/10.1371/journal.pone.0198191'],[],0,2,4,"['arachis', 'drought']",[],https://twitter.com/anazotta/status/1002200877283926016,False,,0,,,,,,,,[],,,,
1002199818733793280,1002199818733793280,2018-05-31 10:47:11 EDT,2018-05-31,10:47:11,-0400,125921273,gwpcee,GWP CEE,,"With the approaching summer, #drought is already affecting some countries in the #Danube region. Read the latest Newsletter to find out what #DriDanube is doing to improve the drought management in the region.  https://t.co/7hV6AVOxBw  https://t.co/8fXrH7GDGl",en,[],['https://bit.ly/2IZZoK8'],['https://pbs.twimg.com/media/DeiF4GHWkAAqC7C.jpg'],0,6,5,"['drought', 'danube', 'dridanube']",[],https://twitter.com/GWPCEE/status/1002199818733793280,False,,1,https://pbs.twimg.com/media/DeiF4GHWkAAqC7C.jpg,,,,,,,[],,,,
1002196040441847811,1002196040441847811,2018-05-31 10:32:10 EDT,2018-05-31,10:32:10,-0400,1392993968,utrwd,Upper Trinity Water,,"Moderate #drought has returned to #Denton County. With roasting temperatures and little rain in the forecast, please consider your water usage and be more efficient.  Find tips at  https://t.co/vJBmDLrdmT #txwater #UTRWD  https://t.co/L09d4Dtm4V",en,[],['http://www.utrwd.com/conservation.html'],['https://pbs.twimg.com/media/DeiDfu2VwAANBR-.jpg'],0,2,2,"['drought', 'denton', 'txwater', 'utrwd']",[],https://twitter.com/UTRWD/status/1002196040441847811,False,,1,https://pbs.twimg.com/media/DeiDfu2VwAANBR-.jpg,,,,,,,[],,,,
1002191423649673217,1002191423649673217,2018-05-31 10:13:49 EDT,2018-05-31,10:13:49,-0400,87000098,asfmra,ASFMRA,,No Easing Of #Southwest #Drought:  https://t.co/8vaD0ct271,en,[],['https://bit.ly/2H8cBuz'],[],0,0,0,"['southwest', 'drought']",[],https://twitter.com/ASFMRA/status/1002191423649673217,False,,0,,,,,,,,[],,,,
1002190586886217728,1002190586886217728,2018-05-31 10:10:30 EDT,2018-05-31,10:10:30,-0400,24187549,isciences,"ISCIENCES, LLC",,"#Cyprus. Despite #drought, no domestic #water cuts for this year. Water for #irrigation will be cut 30 per cent.  https://t.co/PURO2FBTF1",en,[],['https://cyprus-mail.com/2018/05/30/despite-drought-no-domestic-water-cuts-for-this-year/'],[],0,0,0,"['cyprus', 'drought', 'water', 'irrigation']",[],https://twitter.com/isciences/status/1002190586886217728,False,,0,,,,,,,,[],,,,
1002189712990318592,1002189712990318592,2018-05-31 10:07:02 EDT,2018-05-31,10:07:02,-0400,2278302711,yak_mary,Yakity Yak,,U R DISGUSTING ....calling 4 assassination of our @POTUS is a crime! CC @SecretService @FBI  #ThursdayThoughts James Comey #Sears #drought  https://t.co/RZdPBwg2iE,en,"[{'screen_name': 'potus', 'name': 'president biden', 'id': '1349149096909668363'}, {'screen_name': 'secretservice', 'name': 'u.s. secret service', 'id': '115749048'}, {'screen_name': 'fbi', 'name': 'fbi', 'id': '17629860'}]",['https://twitter.com/imaaniiiiii/status/1002008880828862465'],[],0,0,0,"['thursdaythoughts', 'sears', 'drought']",[],https://twitter.com/yak_mary/status/1002189712990318592,False,0,0,,,,,,,,[],,,,
1002189511206436864,1002189511206436864,2018-05-31 10:06:13 EDT,2018-05-31,10:06:13,-0400,1270264778,se_casc,Southeast CASC,,"Appreciating this great group of experts discussing issues and #adaptations related to #drought in Puerto Rico and USVI. Thanks for hosting us, @CaribeHub!  https://t.co/nZMdO6Jvpr",en,"[{'screen_name': 'caribehub', 'name': 'caribbean climatehub', 'id': '2871374209'}]",['https://twitter.com/CaribeHub/status/1001883556115877888'],[],0,0,0,"['adaptations', 'drought']",[],https://twitter.com/se_casc/status/1002189511206436864,False,https://twitter.com/CaribeHub/status/1001883556115877888,0,,,,,,,,[],,,,
1002188960632856577,1002188960632856577,2018-05-31 10:04:02 EDT,2018-05-31,10:04:02,-0400,853876284073459712,polifacts_lk,🇱🇰 Policy Stats,,#lka #drought conditions in 2016 affected nearly 1 in 5 (18.8%) residents of the Moneragala district,en,[],[],[],0,0,0,"['lka', 'drought']",[],https://twitter.com/polifacts_lk/status/1002188960632856577,False,,0,,,,,,,,[],,,,
1002188387149901824,1002188387149901824,2018-05-31 10:01:45 EDT,2018-05-31,10:01:45,-0400,556287570,pnwvost,PNW VOST,,US #drought report for 29 May 18:  https://t.co/A8uvzmxV10 #ORfire #ORwx #WAfire #WAwx ^MARH  https://t.co/TjjFR3M7PH,en,[],['http://droughtmonitor.unl.edu'],['https://pbs.twimg.com/media/Deh9BpnWAAAZ3Hb.jpg'],0,0,1,"['drought', 'orfire', 'orwx', 'wafire', 'wawx']",[],https://twitter.com/pnwvost/status/1002188387149901824,False,,1,https://pbs.twimg.com/media/Deh9BpnWAAAZ3Hb.jpg,,,,,,,[],,,,
1002187913030000641,1002187913030000641,2018-05-31 09:59:52 EDT,2018-05-31,09:59:52,-0400,116060531,emcampnm,EM Camp NM,,US #drought report for 29 May 2018:  https://t.co/y06nciGe5a #NMfire #NMwx ^MARH  https://t.co/On0gSYU0HY,en,[],['http://droughtmonitor.unl.edu'],['https://pbs.twimg.com/media/Deh8mD6WAAAg9D0.jpg'],0,0,0,"['drought', 'nmfire', 'nmwx']",[],https://twitter.com/emcampnm/status/1002187913030000641,False,,1,https://pbs.twimg.com/media/Deh8mD6WAAAg9D0.jpg,,,,,,,[],,,,
1002187238438993920,1002187238438993920,2018-05-31 09:57:12 EDT,2018-05-31,09:57:12,-0400,2417873527,lalerookh,Lalerukh,,Hunger in Afghanistan #drought in #Afghanistan  60pc decrease in the wheat harvest in some areas   https://t.co/zMHGK9Wi8b,en,[],['https://www.dawn.com/news/1411124'],[],0,0,0,"['drought', 'afghanistan']",[],https://twitter.com/LaleRookh/status/1002187238438993920,False,,0,,,,,,,,[],,,,
1002186791502450688,1002186791502450688,2018-05-31 09:55:25 EDT,2018-05-31,09:55:25,-0400,270313622,met_khinz,Kirk 🌽 Hinz | BAM Weather,,Latest short-term #drought analysis shows growing concern for expansion across portions of the Midwest and Ohio Valley via continued dryness...given forecasted warmth ahead I think we need to watch this threat very closely #IAwx #MOwx #ILwx #INwx #OHwx #AGwx #OATT  https://t.co/3g08HTxAwQ,en,[],[],['https://pbs.twimg.com/media/Deh7CwdVwAAbT3G.jpg'],0,9,11,"['drought', 'iawx', 'mowx', 'ilwx', 'inwx', 'ohwx', 'agwx', 'oatt']",[],https://twitter.com/Met_khinz/status/1002186791502450688,False,,1,https://pbs.twimg.com/media/Deh7CwdVwAAbT3G.jpg,,,,,,,[],,,,
1002186706194485250,1002186706194485250,2018-05-31 09:55:05 EDT,2018-05-31,09:55:05,-0400,18454808,westgov,Western Govs Assoc.,,Disaster designations for 7 Colorado counties paint a picture of how the #drought of 2018 has so far affected nearly half of #Colorado  https://t.co/HA8ri2nAiO via @DailySentinelGJ,en,"[{'screen_name': 'dailysentinelgj', 'name': 'the daily sentinel', 'id': '19594500'}]",['http://ow.ly/FDrA30kfSaM'],[],0,1,0,"['drought', 'colorado']",[],https://twitter.com/westgov/status/1002186706194485250,False,,0,,,,,,,,[],,,,
1002186686330232832,1002186686330232832,2018-05-31 09:55:00 EDT,2018-05-31,09:55:00,-0400,106776691,highplainsjrnl,High Plains Journal,,Flint Hills Rancher Bill Sproul tells how he manages his pastures in times of drought #KsAg #Drought #Ag #flinthills  @newsfromkla  https://t.co/rhoJ7fuTlu,en,"[{'screen_name': 'newsfromkla', 'name': 'kansaslivestockassn.', 'id': '74559550'}]",['http://www.hpj.com/bickel/flint-hills-rancher-remains-flexible-as-drought-persists/article_62c07674-61bf-11e8-8e95-9bc19458841e.html'],[],0,1,2,"['ksag', 'drought', 'ag', 'flinthills']",[],https://twitter.com/HighPlainsJrnl/status/1002186686330232832,False,,0,,,,,,,,[],,,,
1002186024271929344,1002186024271929344,2018-05-31 09:52:22 EDT,2018-05-31,09:52:22,-0400,323985276,gcmcdrought,gcmc Drought,,"Burkina Faso: La Suède soutient les agriculteurs et éleveurs frappés par la sécheresse au Sahel, see  https://t.co/8mc72La6wk #drought",fr,[],['https://ift.tt/2Lcb9d3'],[],0,0,0,['drought'],[],https://twitter.com/gcmcDrought/status/1002186024271929344,False,,0,,,,,,,,[],,,,
1002185236153806848,1002185236153806848,2018-05-31 09:49:14 EDT,2018-05-31,09:49:14,-0400,2156676889,mshulski3,Martha Shulski,,"Another week of moderate #drought expansion in southeast #Nebraska. D1 now covers 5.4% of state, 13% abnormally dry (D0).  https://t.co/dHoah7848z",en,[],[],['https://pbs.twimg.com/media/Deh5yi9UQAAfH9c.jpg'],0,10,5,"['drought', 'nebraska']",[],https://twitter.com/mshulski3/status/1002185236153806848,False,,1,https://pbs.twimg.com/media/Deh5yi9UQAAfH9c.jpg,,,,,,,[],,,,
1002184169584189440,1002184169584189440,2018-05-31 09:45:00 EDT,2018-05-31,09:45:00,-0400,233774775,henrygass,Henry Gass,,"Spoke w/ @PanhandleGCD, @MaceatMeadows, @agrilife, and @TeeterIrrigate about #drought, the #Ogallala and Ag adaptation in the TX Panhandle:  https://t.co/6dsKdsXP3Q  https://t.co/EqC2owF61g",en,"[{'screen_name': 'panhandlegcd', 'name': 'panhandle gcd', 'id': '64482363'}, {'screen_name': 'maceatmeadows', 'name': 'robert mace', 'id': '3330199797'}, {'screen_name': 'agrilife', 'name': 'texas a&m agrilife', 'id': '179784414'}, {'screen_name': 'teeterirrigate', 'name': 'teeter irrigation', 'id': '394093577'}]",['https://www.csmonitor.com/Environment/2018/0530/Amid-drought-in-Texas-Panhandle-farmers-scratch-crops-from-dust'],['https://pbs.twimg.com/media/Deem8oNWkAEV6a_.jpg'],1,1,3,"['drought', 'ogallala']",[],https://twitter.com/henrygass/status/1002184169584189440,False,,1,https://pbs.twimg.com/media/Deem8oNWkAEV6a_.jpg,,,,,,,[],,,,
1002183983516606467,1002183983516606467,2018-05-31 09:44:16 EDT,2018-05-31,09:44:16,-0400,1321580400,edvalleewx,Ed Vallee | Empire Weather LLC,,"Some incredible rains have fallen in the last week across the ""exceptional"" drought areas of KS and NW OK. In the last three days alone, anywhere from 2-6"" has fallen over a large area. #drought #Oatt #wheat  https://t.co/3cuYgtZD0P",en,[],[],['https://pbs.twimg.com/media/Deh41omW4AAH613.jpg'],0,1,5,"['drought', 'oatt', 'wheat']",[],https://twitter.com/EdValleeWx/status/1002183983516606467,False,,1,https://pbs.twimg.com/media/Deh41omW4AAH613.jpg,,,,,,,[],,,,
1002180051776000000,1002180051776000000,2018-05-31 09:28:38 EDT,2018-05-31,09:28:38,-0400,726951074,droughtgov,NIDIS Drought.gov,,"This week's US #DroughtMonitor change map shows all of the changes in #drought &amp; dry conditions since last week - take note of the the changes across the Northern Plains &amp; in Texas, as well as the widespread improvement in the Southeast thanks to all the precip from #Alberto  https://t.co/8KICJHdm2g",en,[],[],['https://pbs.twimg.com/media/Deh1cPsUwAA65eg.jpg'],0,5,4,"['droughtmonitor', 'drought', 'alberto']",[],https://twitter.com/DroughtGov/status/1002180051776000000,False,,1,https://pbs.twimg.com/media/Deh1cPsUwAA65eg.jpg,,,,,,,[],,,,
1002179031738052608,1002179031738052608,2018-05-31 09:24:35 EDT,2018-05-31,09:24:35,-0400,494089454,l_higham,Laura Higham,,"#Mauritania 's nomadic herders seek safe passage through #drought: ""Giving up the herd is the worst thing that can happen to a pastoralist....#livestock is so important for herders that community life revolves around the animals.""  https://t.co/tKBLCk5KKV @Reuters",en,"[{'screen_name': 'reuters', 'name': 'reuters', 'id': '1652541'}]",['https://reut.rs/2GZ47FX'],[],0,1,3,"['mauritania', 'drought', 'livestock']",[],https://twitter.com/L_Higham/status/1002179031738052608,False,,0,,,,,,,,[],,,,
1002178323936661505,1002178323936661505,2018-05-31 09:21:46 EDT,2018-05-31,09:21:46,-0400,795200935,christinerappwx,Christine Rapp,,No major changes to this week's #Drought monitor - abnormally dry conditions (yellow) now dropped from the #Denver metro.  #COwx  https://t.co/Cx2XXhQlAx,en,[],[],['https://pbs.twimg.com/media/DehztnaV0AEIk9Z.jpg'],0,3,1,"['drought', 'denver', 'cowx']",[],https://twitter.com/christinerappwx/status/1002178323936661505,False,,1,https://pbs.twimg.com/media/DehztnaV0AEIk9Z.jpg,,,,,,,[],,,,
1002177384349622272,1002177384349622272,2018-05-31 09:18:02 EDT,2018-05-31,09:18:02,-0400,726951074,droughtgov,NIDIS Drought.gov,,"Today's US #DroughtMonitor reflects pockets of precip &amp; high temps across the country w/ almost equal #drought improvement &amp; degradation. Quite a bit of change across Texas, the Northern Plains &amp; Southeast. Abnormal dryness emerged in Hawaii &amp; severe drought appeared in Missouri.  https://t.co/XsvlCa1EhD",en,[],[],['https://pbs.twimg.com/media/DehuHn6VQAAiO9P.jpg'],0,9,11,"['droughtmonitor', 'drought']",[],https://twitter.com/DroughtGov/status/1002177384349622272,False,,1,https://pbs.twimg.com/media/DehuHn6VQAAiO9P.jpg,,,,,,,[],,,,
1002176477721378816,1002176477721378816,2018-05-31 09:14:26 EDT,2018-05-31,09:14:26,-0400,587639522,droughtcenter,Drought Center,,"US #Drought Monitor para mayo 31, 2018 |  https://t.co/WQTTB0aN8L  https://t.co/1cmvvNWWTK",tl,[],['http://droughtmonitor.unl.edu/es/MapaActual.aspx'],['https://pbs.twimg.com/media/Dehx-giWsAIDOon.jpg'],0,5,1,['drought'],[],https://twitter.com/DroughtCenter/status/1002176477721378816,False,,1,https://pbs.twimg.com/media/Dehx-giWsAIDOon.jpg,,,,,,,[],,,,
1002175849376964608,1002175849376964608,2018-05-31 09:11:56 EDT,2018-05-31,09:11:56,-0400,291161196,shelbywx,Shelby Hays,,"DROUGHT IMPROVEMENT! We still need a lot more rain, but we did see some improvement with this week's drought monitor in NW OK. 5% of the EXCEPTIONAL drought was removed &amp; 2% of the EXTREME drought removed. We'll take it! #okwx #drought #rain #weneedmore  https://t.co/8tSlISMVMf",en,[],[],['https://pbs.twimg.com/media/Dehxn6lXcAAbBb3.jpg'],0,1,3,"['okwx', 'drought', 'rain', 'weneedmore']",[],https://twitter.com/ShelbyWx/status/1002175849376964608,False,,1,https://pbs.twimg.com/media/Dehxn6lXcAAbBb3.jpg,,,,,,,[],,,,
1002175024671875072,1002175024671875072,2018-05-31 09:08:40 EDT,2018-05-31,09:08:40,-0400,587639522,droughtcenter,Drought Center,,"US #Drought Monitor 5 31 18: Incremental changes from North Dakota to Texas show some areas better, others worse. Drought down slightly, now covering 26% of Lower 48 states.  https://t.co/6ZMNZz9gNB",en,[],[],['https://pbs.twimg.com/media/DehwRi5WAAAI12f.jpg'],0,40,17,['drought'],[],https://twitter.com/DroughtCenter/status/1002175024671875072,False,,1,https://pbs.twimg.com/media/DehwRi5WAAAI12f.jpg,,,,,,,[],,,,
1002174696090210304,1002174696090210304,2018-05-31 09:07:21 EDT,2018-05-31,09:07:21,-0400,28152109,13oyswx,13 On Your Side Weather,,How are soil and #drought conditions in your area of #Michigan? #miwx #wmiwx @wzzm13wx  https://t.co/9swBIuwCNt  https://t.co/umRoZQPa74,en,[],['http://wzzm13.com/weather'],['https://pbs.twimg.com/media/Dehwks9X0AIZR9v.jpg'],0,0,0,"['drought', 'michigan', 'miwx', 'wmiwx']",[],https://twitter.com/13OYSwx/status/1002174696090210304,False,,1,https://pbs.twimg.com/media/Dehwks9X0AIZR9v.jpg,,,,,,,[],,,,
1002174675244535808,1002174675244535808,2018-05-31 09:07:16 EDT,2018-05-31,09:07:16,-0400,21525749,glessens,George Lessens,,How are soil and #drought conditions in your area of #Michigan? #miwx #wmiwx @wzzm13wx  https://t.co/uAf5CMghBi  https://t.co/toUlgVOi5L,en,[],['http://wzzm13.com/weather'],['https://pbs.twimg.com/media/Dehwjf5XkAA7Sxr.jpg'],0,0,0,"['drought', 'michigan', 'miwx', 'wmiwx']",[],https://twitter.com/glessens/status/1002174675244535808,False,,1,https://pbs.twimg.com/media/Dehwjf5XkAA7Sxr.jpg,,,,,,,[],,,,
1002174660824518658,1002174660824518658,2018-05-31 09:07:13 EDT,2018-05-31,09:07:13,-0400,15917758,wzzm13,13 On Your Side,,How are soil and #drought conditions in your area of #Michigan? #miwx #wmiwx @wzzm13wx  https://t.co/9R9glrukgC  https://t.co/LeTS2HieIg,en,[],['http://wzzm13.com/weather'],['https://pbs.twimg.com/media/DehwirJWAAAu5e_.jpg'],0,1,1,"['drought', 'michigan', 'miwx', 'wmiwx']",[],https://twitter.com/wzzm13/status/1002174660824518658,False,,1,https://pbs.twimg.com/media/DehwirJWAAAu5e_.jpg,,,,,,,[],,,,
1002173286938218497,1002173286938218497,2018-05-31 09:01:45 EDT,2018-05-31,09:01:45,-0400,404179445,ubk86,Umar,,"We need Dams, not Roads  #KalabaghDam #Pakistan #WaterCrisis #Drought",en,[],[],[],0,0,0,"['kalabaghdam', 'pakistan', 'watercrisis', 'drought']",[],https://twitter.com/UBK86/status/1002173286938218497,False,,0,,,,,,,,[],,,,
1002172698305449984,1002172698305449984,2018-05-31 08:59:25 EDT,2018-05-31,08:59:25,-0400,250402748,coyotegulch,John Orr,,#Drought news: Improvement eastward from W of #Denver through Kit Carson and Cheyenne Counties near the #Kansas border  https://t.co/7rGFphMqLt  https://t.co/njKqTgE58Z,en,[],['http://coyotegulch.blog/2018/05/31/drought-news-improvement-eastward-from-w-of-denver-through-kit-carson-and-cheyenne-counties-near-the-kansas-border/'],['https://pbs.twimg.com/media/DehuwfKU8AA2FqR.jpg'],0,0,0,"['drought', 'denver', 'kansas']",[],https://twitter.com/CoyoteGulch/status/1002172698305449984,False,,1,https://pbs.twimg.com/media/DehuwfKU8AA2FqR.jpg,,,,,,,[],,,,
1002172148025356288,1002172148025356288,2018-05-31 08:57:14 EDT,2018-05-31,08:57:14,-0400,998669974838370306,agriperil,AgriPeril Insurance and Risk Management,,"This gif shows how the U.S. Drought Monitor has changed over the past 6 weeks (4/24/2018-5/29/2018).  The most notable changes that took place in the Great Plains and Midwest would be in NW Missouri, Kansas, and the Dakotas.  #drought #AgriPerilAdvantage  https://t.co/x17iGLCYeG",en,[],[],['https://pbs.twimg.com/tweet_video_thumb/DehuDaoVAAIO796.jpg'],0,0,1,"['drought', 'agriperiladvantage']",[],https://twitter.com/agriperil/status/1002172148025356288,False,,1,https://pbs.twimg.com/tweet_video_thumb/DehuDaoVAAIO796.jpg,,,,,,,[],,,,
1002171637343641600,1002171637343641600,2018-05-31 08:55:12 EDT,2018-05-31,08:55:12,-0400,119370954,laurenopv,Lauren - Lorena - Litha 🌎❤️🌎,,"#ClimateChange already effects #foodsecurity, #nutrition &amp; #livelihoods: ""Kenya's Maasai herders swap to goats as #drought fells cattle"" @bebraced  https://t.co/ffNfYzgtFV #climaterisk #economicdevelopment",en,"[{'screen_name': 'bebraced', 'name': '@braced', 'id': '1001498713288781824'}]",['http://ow.ly/5xYo30kcHXR'],[],0,2,1,"['climatechange', 'foodsecurity', 'nutrition', 'livelihoods', 'drought', 'climaterisk', 'economicdevelopment']",[],https://twitter.com/LaurenOPV/status/1002171637343641600,False,,0,,,,,,,,[],,,,
1002171535770243073,1002171535770243073,2018-05-31 08:54:48 EDT,2018-05-31,08:54:48,-0400,601981724,nwscpc,NWS Climate Prediction Center,,The latest US #drought monitor shows some improvement in conditions across the Central and Southern Plains during the last week. Many parts of the Southeast are also no longer considered abnormally dry.  https://t.co/Dr7bStwLvm  https://t.co/4FoziN02FM,en,[],['http://www.cpc.ncep.noaa.gov/products/Drought/'],"['https://pbs.twimg.com/media/Dehs5lqXUAE_2Gv.jpg', 'https://pbs.twimg.com/media/Dehs90VW0AU8BUj.jpg']",0,13,14,['drought'],[],https://twitter.com/NWSCPC/status/1002171535770243073,False,,1,https://pbs.twimg.com/media/Dehs5lqXUAE_2Gv.jpg,,,,,,,[],,,,
1002170231748546560,1002170231748546560,2018-05-31 08:49:37 EDT,2018-05-31,08:49:37,-0400,38833974,farmpolicy,Farm Policy,,"#Drought Monitor- South: Recent rain in parts of western #Oklahoma favored small-scale improvements in the core drought region, while the lack of significant rain in parts of eastern Oklahoma warranted one-category deterioration @DroughtCenter  https://t.co/oTwYRFIR7M",en,"[{'screen_name': 'droughtcenter', 'name': 'drought center', 'id': '587639522'}]",[],['https://pbs.twimg.com/media/DehsgXFW0AE_Z6k.jpg'],0,0,0,"['drought', 'oklahoma']",[],https://twitter.com/FarmPolicy/status/1002170231748546560,False,,1,https://pbs.twimg.com/media/DehsgXFW0AE_Z6k.jpg,,,,,,,[],,,,
1002169660299726848,1002169660299726848,2018-05-31 08:47:21 EDT,2018-05-31,08:47:21,-0400,38833974,farmpolicy,Farm Policy,,"#Drought Monitor- High Plains: In south-central &amp; southeastern #Nebraska, recent triple-digit heat &amp; dryness has been an issue, especially for pastures &amp; #alfalfa; Across northwest #Kansas, widespread heavy rain warranted a one-category improvement in the depiction @DroughtCenter  https://t.co/Rk9rSXGuYy",en,"[{'screen_name': 'droughtcenter', 'name': 'drought center', 'id': '587639522'}]",[],['https://pbs.twimg.com/media/Dehr-2PW4AAjaa5.jpg'],0,0,0,"['drought', 'nebraska', 'alfalfa', 'kansas']",[],https://twitter.com/FarmPolicy/status/1002169660299726848,False,,1,https://pbs.twimg.com/media/Dehr-2PW4AAjaa5.jpg,,,,,,,[],,,,
1002169145444720641,1002169145444720641,2018-05-31 08:45:18 EDT,2018-05-31,08:45:18,-0400,295713773,trf,Thomson Reuters Foundation,,"Temperatures recorded during the peak summer months June and July about eight years ago are now being recorded in March, according to the #Pakistan Meteorological Department.  @WMO #climatechange #drought   https://t.co/6jcik9SNeh",en,"[{'screen_name': 'wmo', 'name': 'world meteorological organization', 'id': '113062227'}]",['https://www.zilient.org/article/pakistans-shocking-spring-heat-drives-water-use-health-risks'],[],0,3,1,"['pakistan', 'climatechange', 'drought']",[],https://twitter.com/TRF/status/1002169145444720641,False,,0,,,,,,,,[],,,,
1002168888765898752,1002168888765898752,2018-05-31 08:44:17 EDT,2018-05-31,08:44:17,-0400,824380421295210497,zilient,Zilient.org,,"Temperatures recorded during the peak summer months June and July about eight years ago are now being recorded in March, according to the #Pakistan Meteorological Department.  @WMO #climatechange #drought   https://t.co/zrtlx4svtf",en,"[{'screen_name': 'wmo', 'name': 'world meteorological organization', 'id': '113062227'}]",['https://www.zilient.org/article/pakistans-shocking-spring-heat-drives-water-use-health-risks'],[],0,15,9,"['pakistan', 'climatechange', 'drought']",[],https://twitter.com/Zilient/status/1002168888765898752,False,,0,,,,,,,,[],,,,
1002168843387768832,1002168843387768832,2018-05-31 08:44:06 EDT,2018-05-31,08:44:06,-0400,38833974,farmpolicy,Farm Policy,,"#Drought Monitor- Midwest:  Dryness and moderate drought across northern #Missouri have resulted in a wide array of impacts; including low subsoil moisture levels, and some reports of #corn starting to roll up to protect itself from the heat and drought @DroughtCenter  https://t.co/kczL9CZhRq",en,"[{'screen_name': 'droughtcenter', 'name': 'drought center', 'id': '587639522'}]",[],['https://pbs.twimg.com/media/DehrP2TX0AEVNXO.jpg'],0,1,0,"['drought', 'missouri', 'corn']",[],https://twitter.com/FarmPolicy/status/1002168843387768832,False,,1,https://pbs.twimg.com/media/DehrP2TX0AEVNXO.jpg,,,,,,,[],,,,
1002168063255564288,1002168063255564288,2018-05-31 08:41:00 EDT,2018-05-31,08:41:00,-0400,19036725,texasfarmbureau,Texas Farm Bureau,,41% of #Texas is experiencing #drought conditions (via @twdb)  https://t.co/nhcYd98p3S,en,"[{'screen_name': 'twdb', 'name': 'tx water dev board', 'id': '916814792'}]",[],['https://pbs.twimg.com/media/DehnwXAV4AAR0GP.jpg'],0,8,6,"['texas', 'drought']",[],https://twitter.com/TexasFarmBureau/status/1002168063255564288,False,,1,https://pbs.twimg.com/media/DehnwXAV4AAR0GP.jpg,,,,,,,[],,,,
1002167915817271296,1002167915817271296,2018-05-31 08:40:25 EDT,2018-05-31,08:40:25,-0400,973516905884667904,rdt_anantapur,Rural Development Trust (RDT),,"""With the sale of milk, we can send our sons and daughters to school.""   Anitha owns a buffalo distributed by RDT to help families in Anantapur become more resilient to chronic #drought in the district.  https://t.co/FmWltvM69U",en,[],[],['https://pbs.twimg.com/media/DehqEwtVwAAy96U.jpg'],0,5,11,['drought'],[],https://twitter.com/RDT_anantapur/status/1002167915817271296,False,,1,https://pbs.twimg.com/media/DehqEwtVwAAy96U.jpg,,,,,,,[],,,,
1002167667741151233,1002167667741151233,2018-05-31 08:39:26 EDT,2018-05-31,08:39:26,-0400,998669974838370306,agriperil,AgriPeril Insurance and Risk Management,,This is the most recent drought monitor map released this morning. It appears not much has changed since last week's report. #drought #AgriPerilAdvantage  https://t.co/ZrAxWvJElo,en,[],[],['https://pbs.twimg.com/media/DehqJh7VQAY7idN.jpg'],0,1,0,"['drought', 'agriperiladvantage']",[],https://twitter.com/agriperil/status/1002167667741151233,False,,1,https://pbs.twimg.com/media/DehqJh7VQAY7idN.jpg,,,,,,,[],,,,
1002166460918255616,1002166460918255616,2018-05-31 08:34:38 EDT,2018-05-31,08:34:38,-0400,113062227,wmo,World Meteorological Organization,,"Despite the hazards, this is good news for the Cape Town #drought.  https://t.co/dbYuWjdDJC",en,[],['https://twitter.com/SAWeatherServic/status/1002162879691481088'],[],0,7,21,['drought'],[],https://twitter.com/WMO/status/1002166460918255616,False,https://twitter.com/SAWeatherServic/status/1002162879691481088,0,,,,,,,,[],,,,
1002163608355262464,1002163608355262464,2018-05-31 08:23:18 EDT,2018-05-31,08:23:18,-0400,470313940,pinetreeweather,Mike Haggett,,"While not technically in #drought, much of the northeast continues to run at deep rainfall deficit over the past three years.  https://t.co/YgsQJ8JlnA",en,[],[],['https://pbs.twimg.com/media/DehmMUYWkAIuq2V.jpg'],3,5,10,['drought'],[],https://twitter.com/PineTreeWeather/status/1002163608355262464,False,,1,https://pbs.twimg.com/media/DehmMUYWkAIuq2V.jpg,,,,,,,[],,,,
1002157515663126528,1002157515663126528,2018-05-31 07:59:05 EDT,2018-05-31,07:59:05,-0400,1296023419,ariestaal,Arie Staal,,"""Forest-rainfall cascades buffer against #drought across the #Amazon"" is our new paper in @NatureClimate. Read it for free here:  https://t.co/x1I0ecMpzn #climatechange #deforestation #regimeshift #resilience #Amazonia #tropics",en,"[{'screen_name': 'natureclimate', 'name': 'natureclimate', 'id': '163844242'}]",['https://www.nature.com/articles/s41558-018-0177-y.epdf?author_access_token=UHyTe-Ct6NkVNXWV5MwR9dRgN0jAjWel9jnR3ZoTv0NCDH8PCiBjz_pbNvb8wcW7rytjdYFJ0stOF1WpoUVMXpovIFJClpG1jYJxSJYpNxtepiCQ0BZLxJCvaEUF5DcW-sfeUtTXK6-xVo17O2hGog%3D%3D'],[],2,4,13,"['drought', 'amazon', 'climatechange', 'deforestation', 'regimeshift', 'resilience', 'amazonia', 'tropics']",[],https://twitter.com/ArieStaal/status/1002157515663126528,False,,0,,,,,,,,[],,,,
1002140938284740608,1002140938284740608,2018-05-31 06:53:13 EDT,2018-05-31,06:53:13,-0400,1669429382,ambrijmohan,Annamaria Brijmohan,,"RT impakterdotcom ""How #land restoration is key to achieving #sustainability by Ina Neuberger Wilkie, Snr Project Manager Good_Policies -  https://t.co/8OMMZZYkvt #agriculture #Health #SDGs #drought #environment  https://t.co/2rbiq8BXvo""",en,[],['https://buff.ly/2so2PPM'],['https://pbs.twimg.com/media/DehRZCVX0AEmidv.jpg'],0,0,0,"['land', 'sustainability', 'agriculture', 'health', 'sdgs', 'drought', 'environment']",[],https://twitter.com/ambrijmohan/status/1002140938284740608,False,,1,https://pbs.twimg.com/media/DehRZCVX0AEmidv.jpg,,,,,,,[],,,,
1002140652694581248,1002140652694581248,2018-05-31 06:52:05 EDT,2018-05-31,06:52:05,-0400,323985276,gcmcdrought,gcmc Drought,,"Burkina Faso: Sweden supports drought-stricken farmers and herders in the Sahel, see  https://t.co/hheVL0CyhF #drought",en,[],['https://ift.tt/2kBzb60'],[],0,0,0,['drought'],[],https://twitter.com/gcmcDrought/status/1002140652694581248,False,,0,,,,,,,,[],,,,
1002140409324359680,1002140409324359680,2018-05-31 06:51:07 EDT,2018-05-31,06:51:07,-0400,2507144761,impakterdotcom,impakterdotcom,,"How #land restoration is key to achieving #sustainability by Ina Neuberger Wilkie, Snr Project Manager @Good_Policies -  https://t.co/CTQ0PqtLoa #agriculture #Health #SDGs #drought #environment  https://t.co/He5b7Msezj",en,"[{'screen_name': 'good_policies', 'name': 'world future council', 'id': '52775514'}]",['https://buff.ly/2so2PPM'],['https://pbs.twimg.com/media/DehRZCVX0AEmidv.jpg'],0,0,0,"['land', 'sustainability', 'agriculture', 'health', 'sdgs', 'drought', 'environment']",[],https://twitter.com/impakterdotcom/status/1002140409324359680,False,,1,https://pbs.twimg.com/media/DehRZCVX0AEmidv.jpg,,,,,,,[],,,,
1002138174301376513,1002138174301376513,2018-05-31 06:42:14 EDT,2018-05-31,06:42:14,-0400,323985276,gcmcdrought,gcmc Drought,,"South Sudan: South Sudan: Thousands of men, women and children caught between the frontlines are unable to reach essential food, water and healthcare, see  https://t.co/IRLFLHH4LU #drought",en,[],['https://ift.tt/2LItGPb'],[],0,0,0,['drought'],[],https://twitter.com/gcmcDrought/status/1002138174301376513,False,,0,,,,,,,,[],,,,
1002137799238275072,1002137799238275072,2018-05-31 06:40:44 EDT,2018-05-31,06:40:44,-0400,2910720958,gwp_caf,GWP-CAf,,Day 2 training #workshop on #flood and #drought #project writing and #climatic #fund raising started in @GWP_CAf  headoffice in Yaounde. @UNESCO presenting #Water and #Climate #Research #Fellowships #ActOnSDG6 #Youthengagement @Water4life3  @GWP_CAf @UNESCO  https://t.co/F4goolBE4v,en,"[{'screen_name': 'gwp_caf', 'name': 'gwp-caf', 'id': '2910720958'}, {'screen_name': 'unesco', 'name': 'unesco 🏛️ #education #sciences #culture 🇺🇳😷', 'id': '20646711'}, {'screen_name': 'water4life3', 'name': 'water4life', 'id': '3916281695'}, {'screen_name': 'gwp_caf', 'name': 'gwp-caf', 'id': '2910720958'}, {'screen_name': 'unesco', 'name': 'unesco 🏛️ #education #sciences #culture 🇺🇳😷', 'id': '20646711'}]",[],"['https://pbs.twimg.com/media/DehOxDbWkAEJxnO.jpg', 'https://pbs.twimg.com/media/DehOxuyW4AUVyTg.jpg']",0,7,9,"['workshop', 'flood', 'drought', 'project', 'climatic', 'fund', 'water', 'climate', 'research', 'fellowships', 'actonsdg6', 'youthengagement']",[],https://twitter.com/GWP_CAf/status/1002137799238275072,False,,1,https://pbs.twimg.com/media/DehOxDbWkAEJxnO.jpg,,,,,,,[],,,,
1002087281153511425,1002087281153511425,2018-05-31 03:20:00 EDT,2018-05-31,03:20:00,-0400,993431145479065601,suntimesdaily,Sunday Times Daily,,The Western Cape could face a #drought every 10 years  https://t.co/EVNqgn9Q4s,en,[],['http://ow.ly/dAKG30kgsIs'],[],0,1,0,['drought'],[],https://twitter.com/SunTimesDaily/status/1002087281153511425,False,,0,,,,,,,,[],,,,
1002075792002564097,1002075792002564097,2018-05-31 02:34:21 EDT,2018-05-31,02:34:21,-0400,2552806368,itsgardningtime,itsgardeningtime,,#Drought-Tolerant #Vinca is #LowMaintenance! #flower #flowers  https://t.co/9tqXQoJonG #garden See video!  https://t.co/h31rPg7aut,en,[],['http://itsgardeningtime.com/?p=506'],['https://pbs.twimg.com/media/DegWn0wUQAAXag-.jpg'],0,0,0,"['drought', 'vinca', 'lowmaintenance', 'flower', 'flowers', 'garden']",[],https://twitter.com/itsgardningtime/status/1002075792002564097,False,,1,https://pbs.twimg.com/media/DegWn0wUQAAXag-.jpg,,,,,,,[],,,,
1002074698841128960,1002074698841128960,2018-05-31 02:30:00 EDT,2018-05-31,02:30:00,-0400,993431145479065601,suntimesdaily,Sunday Times Daily,,The Western Cape could face a #drought every 10 years  https://t.co/EVNqgmSeFS,en,[],['http://ow.ly/dAKG30kgsIs'],[],0,0,0,['drought'],[],https://twitter.com/SunTimesDaily/status/1002074698841128960,False,,0,,,,,,,,[],,,,
1002072038624854016,1002072038624854016,2018-05-31 02:19:26 EDT,2018-05-31,02:19:26,-0400,274673203,oceanly,Lily H,,#StopKM @PMJTrudeau #UNDRIP #WashingtonState #Seattle #bcpoli #vanpoli #vicpoli #ableg #abpoli #Calgary #Edmonton #skpoli #mbpoli #onpoli #qcpoli #Cdnpoli #ClimateChange #SeaLevelRise #Floods #Wildfires #Drought #Hurricanes #OilFreeSalishSea #WaterIsLife #Solar #WeDontHaveTime  https://t.co/WyQktKBqeE,und,"[{'screen_name': 'pmjtrudeau', 'name': 'pm justin trudeau', 'id': '2744781905'}]",['https://twitter.com/GovInslee/status/1001853673847205888'],[],0,0,0,"['stopkm', 'undrip', 'washingtonstate', 'seattle', 'bcpoli', 'vanpoli', 'vicpoli', 'ableg', 'abpoli', 'calgary', 'edmonton', 'skpoli', 'mbpoli', 'onpoli', 'qcpoli', 'cdnpoli', 'climatechange', 'sealevelrise', 'floods', 'wildfires', 'drought', 'hurricanes', 'oilfreesalishsea', 'waterislife', 'solar', 'wedonthavetime']",[],https://twitter.com/oceanly/status/1002072038624854016,False,https://twitter.com/GovInslee/status/1001853673847205888,0,,,,,,,,[],,,,
1002071578065166336,1002071578065166336,2018-05-31 02:17:36 EDT,2018-05-31,02:17:36,-0400,2208785814,mfulchiron,Manuel Fulchiron,,News from the JRC on #drought risks   https://t.co/y8Q9ELPBD0,en,[],['https://www.linkedin.com/feed/update/urn:li:activity:6407153501675282432'],[],0,0,0,['drought'],[],https://twitter.com/MFulchiron/status/1002071578065166336,False,,0,,,,,,,,[],,,,
1002068422929387520,1002068422929387520,2018-05-31 02:05:04 EDT,2018-05-31,02:05:04,-0400,3575566642,fowanetwork,Forests & Water,,"Tweeting about #forests, #water, #drought and related issues? Use  #ForestH2O. @FAOForestry, @FoWaNetwork others follow it.  https://t.co/y9LZqOHftq",en,"[{'screen_name': 'faoforestry', 'name': 'fao forestry', 'id': '859444603'}, {'screen_name': 'fowanetwork', 'name': 'forests & water', 'id': '3575566642'}]",[],['https://pbs.twimg.com/media/DegP64pWkAA-Ftb.jpg'],0,2,0,"['forests', 'water', 'drought', 'foresth2o']",[],https://twitter.com/FoWaNetwork/status/1002068422929387520,False,,1,https://pbs.twimg.com/media/DegP64pWkAA-Ftb.jpg,,,,,,,[],,,,
1002056641099939840,1002056641099939840,2018-05-31 01:18:15 EDT,2018-05-31,01:18:15,-0400,493632195,graingrowersltd,@GrainGrowersLtd,,Manage your seasonal risk. GrainGrowers' MPCI report will help guide you through Australia’s crop insurance products. Read our report at  https://t.co/WgAu7YiWLk    #drought #risk #insurance #grain #farm  https://t.co/Q4zkodUq4F,en,[],['https://bit.ly/2xCFKOr'],['https://pbs.twimg.com/media/DegAiXRV0AAuprD.jpg'],0,10,14,"['drought', 'risk', 'insurance', 'grain', 'farm']",[],https://twitter.com/GrainGrowersLtd/status/1002056641099939840,False,,1,https://pbs.twimg.com/media/DegAiXRV0AAuprD.jpg,,,,,,,[],,,,
1002053319639162881,1002053319639162881,2018-05-31 01:05:03 EDT,2018-05-31,01:05:03,-0400,4869498147,thoughtfactoryq,"Camaren Peter (PhD), Assoc Prof AGCVL, GSB, UCT",,#WaterCrisis: Why sustainability matters to all citizens Cape Argus #SouthAfrica #drought Δ7  https://t.co/tDhm49fTOO,en,[],['http://ow.ly/aZHK30kfov4'],[],0,0,0,"['watercrisis', 'southafrica', 'drought']",[],https://twitter.com/ThoughtFactoryQ/status/1002053319639162881,False,,0,,,,,,,,[],,,,
1002050230852845570,1002050230852845570,2018-05-31 00:52:46 EDT,2018-05-31,00:52:46,-0400,2927156436,ucrturfdrought,Matteo Serena,,Future home of the warm season #NTEP #USGA #drought study. Almost ready to receive plant material @kmorris_NTEP  https://t.co/WIQApp3ug9,en,"[{'screen_name': 'kmorris_ntep', 'name': 'kevin morris', 'id': '269989099'}]",[],"['https://pbs.twimg.com/media/Def_XJrV4AEJO1k.jpg', 'https://pbs.twimg.com/media/Def_XJpVQAAUCl2.jpg']",0,1,17,"['ntep', 'usga', 'drought']",[],https://twitter.com/UCRturfdrought/status/1002050230852845570,False,,1,https://pbs.twimg.com/media/Def_XJrV4AEJO1k.jpg,,,,,,,[],,,,
1002047678384148480,1002047596846899200,2018-05-31 00:42:38 EDT,2018-05-31,00:42:38,-0400,113897359,the__himanish,Himanish Prabhakar®,,"#Decision you need to make is now! What you wanna choose? You want #air or #poison? #Tree or #drought? #animals/#plants or nothing? Better ecological system can be restored back but for that every #human being need to make some efforts from there own end without thinking, why me?",en,[],[],[],1,0,1,"['decision', 'air', 'poison', 'tree', 'drought', 'animals', 'plants', 'human']",[],https://twitter.com/the__himanish/status/1002047678384148480,False,,0,,,,,,,,[],,,,
1002043745674575872,1002037554684878850,2018-05-31 00:27:00 EDT,2018-05-31,00:27:00,-0400,16447968,softkittywarm,Dame Kittness,,@VINNYGUADAGNINO global warming is the wrong kind of t-shirt time #drought,en,[],[],[],0,0,0,['drought'],[],https://twitter.com/SoftKittyWarm/status/1002043745674575872,False,,0,,,,,,,,"[{'screen_name': 'VINNYGUADAGNINO', 'name': 'Vinny Guadagnino', 'id': '95515846'}]",,,,
1002021864850501634,1002021864850501634,2018-05-30 23:00:03 EDT,2018-05-30,23:00:03,-0400,48464759,ediblesb,Edible Santa Barbara,,The #water war that will decide the fate of 1 in 8 Americans  https://t.co/rI3iSRibij  (via @Grist)  An especially dismal snowpack this past winter has raised tensions over water rights in the Southwest.    #ColoradoRiver #Drought  https://t.co/7Q0QIuzVlC,en,"[{'screen_name': 'grist', 'name': 'grist', 'id': '7215512'}]",['https://buff.ly/2KxG5VI'],['https://pbs.twimg.com/media/Deflk1dXcAAJD5q.jpg'],0,1,2,"['water', 'coloradoriver', 'drought']",[],https://twitter.com/EdibleSB/status/1002021864850501634,False,,1,https://pbs.twimg.com/media/Deflk1dXcAAJD5q.jpg,,,,,,,[],,,,
1002021496116695042,1002021496116695042,2018-05-30 22:58:35 EDT,2018-05-30,22:58:35,-0400,361421404,plasmabn,plasmaborne4rel,,The latest Good Godless Living!  https://t.co/VwpMlPTnZm #ethiopia #drought,en,[],['https://paper.li/plasmaborne4rel/1324868347?edition_id=80aa9540-647e-11e8-a98e-002590a5ba2d'],[],0,0,0,"['ethiopia', 'drought']",[],https://twitter.com/plasmaBn/status/1002021496116695042,False,,0,,,,,,,,[],,,,
1002021034122334208,1002021034122334208,2018-05-30 22:56:45 EDT,2018-05-30,22:56:45,-0400,3243967945,sajadish,S.H Sajadi,,"Again '#Pakistan may have no water by 2025: PCRWR study' frm last winter. Considering #Afghanistan #drought, this possible upcoming #water crisis in Pak will worsen #Durand dispute and so the whole Kabul-Islamabad relations in total; already full of tensions &amp; complicated enough.  https://t.co/zuXcG7f442",en,[],['https://twitter.com/randomjabeen/status/1001868435725352962'],[],0,3,1,"['pakistan', 'afghanistan', 'drought', 'water', 'durand']",[],https://twitter.com/SajadiSH/status/1002021034122334208,False,https://twitter.com/randomjabeen/status/1001868435725352962,0,,,,,,,,[],,,,
1002017952672120832,1002017952672120832,2018-05-30 22:44:31 EDT,2018-05-30,22:44:31,-0400,805816062197514240,bestweatherinc,James Roemer,,100 degree heat will again hit Plains #wheat and @TexasCotton_ next week as #drought conditions resume for crops @KansasWheat @ReutersAg #weather @commoditieslon @BNCommodities  https://t.co/ZPXLnARJ49,en,"[{'screen_name': 'texascotton_', 'name': 'texas cotton', 'id': '1620448272'}, {'screen_name': 'kansaswheat', 'name': 'kansaswheat', 'id': '44715382'}, {'screen_name': 'reutersag', 'name': 'reuters ag news', 'id': '58113278'}, {'screen_name': 'commoditieslon', 'name': 'commodities london', 'id': '898170641379201025'}, {'screen_name': 'bncommodities', 'name': 'bn commodities', 'id': '804556370'}]",[],['https://pbs.twimg.com/media/DefhlrAV4AEY0pR.jpg'],0,0,2,"['wheat', 'drought', 'weather']",[],https://twitter.com/bestweatherinc/status/1002017952672120832,False,,1,https://pbs.twimg.com/media/DefhlrAV4AEY0pR.jpg,,,,,,,[],,,,
1002014345101041664,1002014345101041664,2018-05-30 22:30:11 EDT,2018-05-30,22:30:11,-0400,791335035714404352,wokeonwater,Woke on Water,,Eyes on Water Levels After Recent #Drought  https://t.co/GZolbitZV3 #Texas #WokeOnWater,en,[],['https://buff.ly/2stM8T9'],[],0,1,0,"['drought', 'texas', 'wokeonwater']",[],https://twitter.com/WokeOnWater/status/1002014345101041664,False,,0,,,,,,,,[],,,,
1002011832389795841,1001898553323778053,2018-05-30 22:20:11 EDT,2018-05-30,22:20:11,-0400,77947213,raayar,Chandrasekar Rao,,"@EcologyCenter @guardianeco Will #GlobalGoals #Agenda2030 be affected by #Climatechange &amp; #drought #wildfires #floods Early signs of #climate #disasters #californiafarmers Need to be appreciated for taking on, unprecedented challenges",en,[],[],[],0,0,1,"['globalgoals', 'agenda2030', 'climatechange', 'drought', 'wildfires', 'floods', 'climate', 'disasters', 'californiafarmers']",[],https://twitter.com/raayar/status/1002011832389795841,False,,0,,,,,,,,"[{'screen_name': 'EcologyCenter', 'name': 'Ecology Center', 'id': '102616213'}, {'screen_name': 'guardianeco', 'name': 'Guardian Environment', 'id': '20582958'}]",,,,
1002008737429639168,1002008737429639168,2018-05-30 22:07:54 EDT,2018-05-30,22:07:54,-0400,155944753,ericpirooz,Eric Pirooz,,Can we just stop with the labeling of horrific weather as a “thousand year storm” or “hundred year flood” when it happens twice in 2 years and acknowledge that it IS #GlobalWarming? #WAKEUP #ScienceIsReal #tornado #hurricane #flooding #drought,en,[],[],[],0,0,1,"['globalwarming', 'wakeup', 'scienceisreal', 'tornado', 'hurricane', 'flooding', 'drought']",[],https://twitter.com/ericpirooz/status/1002008737429639168,False,,0,,,,,,,,[],,,,
1001996809529683968,1001996809529683968,2018-05-30 21:20:30 EDT,2018-05-30,21:20:30,-0400,164932283,rtennantwood,𝚁𝚘𝚋𝚒𝚗 𝚃𝚎𝚗𝚗𝚊𝚗𝚝-𝚆𝚘𝚘𝚍 𝙿𝚑𝙳 🌏,,Me on rural climate change denying in the face of drought:  https://t.co/6JoCDHIQZm #climatechange #drought #ruralNSW #idiots,en,[],['http://www.rtennantwood.com.au/blog'],[],0,1,0,"['climatechange', 'drought', 'ruralnsw', 'idiots']",[],https://twitter.com/rtennantwood/status/1001996809529683968,False,,0,,,,,,,,[],,,,
1001995281364332544,1001995281364332544,2018-05-30 21:14:25 EDT,2018-05-30,21:14:25,-0400,176468814,ambersullins,Amber Sullins,,Most of #Arizona is in extreme or exceptional drought and the #drought monitor release tomorrow will likely be worse.   BUT....this 8-14 day outlook is interesting! Perhaps some rain chances in our future? That's definitely something I'll be watching for you.   #abc15wx #azwx  https://t.co/zasPUDVXyW,en,[],[],"['https://pbs.twimg.com/media/DefIWm9W0AMODV0.jpg', 'https://pbs.twimg.com/media/DefIXqrXUAM7wZo.jpg']",3,8,29,"['arizona', 'drought', 'abc15wx', 'azwx']",[],https://twitter.com/AmberSullins/status/1001995281364332544,False,,1,https://pbs.twimg.com/media/DefIWm9W0AMODV0.jpg,,,,,,,[],,,,
