id,conversation_id,created_at,date,time,timezone,user_id,username,name,place,tweet,language,mentions,urls,photos,replies_count,retweets_count,likes_count,hashtags,cashtags,link,retweet,quote_url,video,thumbnail,near,geo,source,user_rt_id,user_rt,retweet_id,reply_to,retweet_date,translate,trans_src,trans_dest
418168068372578305,418168068372578305,2013-12-31 18:53:31 EST,2013-12-31,18:53:31,-0400,1656890989,_chinabre_,ChinaBreanna ; GTG,,#drought,und,[],[],[],0,0,0,['drought'],[],https://twitter.com/_chinabre_/status/418168068372578305,False,,0,,,,,,,,[],,,,
418161211469885440,418161211469885440,2013-12-31 18:26:16 EST,2013-12-31,18:26:16,-0400,595854486,nwshanford,NWS Hanford,,Climo and #drought update webisode:  http://t.co/aqiW2YeU7Y #cawx,en,[],['http://youtu.be/9jAsjyPBLiM'],[],0,0,0,"['drought', 'cawx']",[],https://twitter.com/NWSHanford/status/418161211469885440,False,,0,,,,,,,,[],,,,
418160433803960320,418160433803960320,2013-12-31 18:23:11 EST,2013-12-31,18:23:11,-0400,15081378,iamgreenbean,Green Bean,,California #drought deepens as another year's rains stay away  http://t.co/pDXVW44bhh #climatechangeD,en,[],['http://www.mercurynews.com/science/ci_24812749/california-drought-deepens-another-years-rains-stay-away'],[],0,5,0,"['drought', 'climatechanged']",[],https://twitter.com/iamgreenbean/status/418160433803960320,False,,0,,,,,,,,[],,,,
418145089009893376,418145089009893376,2013-12-31 17:22:12 EST,2013-12-31,17:22:12,-0400,857015840,dbalawej,Daniel Balawejder,,"Of course we are losing, most of our players from our last cup winning team have passed #drought #AlumniShowdown",en,[],[],[],0,0,1,"['drought', 'alumnishowdown']",[],https://twitter.com/dbalawej/status/418145089009893376,False,,0,,,,,,,,[],,,,
418128028305076224,418128028305076224,2013-12-31 16:14:25 EST,2013-12-31,16:14:25,-0400,495703283,bommamoles7,Bomma Moles,,Can't remember the last time chicken rode a winner? #drought @BartHealy #roddynumber1 @MichaelRodd2,en,"[{'screen_name': 'barthealy', 'name': 'bartholomew t', 'id': '765128172'}, {'screen_name': 'michaelrodd2', 'name': 'michael rodd', 'id': '556775313'}]",[],[],0,0,0,"['drought', 'roddynumber1']",[],https://twitter.com/BommaMoles7/status/418128028305076224,False,,0,,,,,,,,[],,,,
418121653973831680,418121653973831680,2013-12-31 15:49:05 EST,2013-12-31,15:49:05,-0400,269958757,biobabbler,Samantha Biobabbler,,"Hen took dust bath today, made me happy. Husb pointed out, ""DUST."" #theDword #drought #December ={",en,[],[],[],0,0,0,"['thedword', 'drought', 'december']",[],https://twitter.com/biobabbler/status/418121653973831680,False,,0,,,,,,,,[],,,,
418118563568685056,418118563568685056,2013-12-31 15:36:48 EST,2013-12-31,15:36:48,-0400,764278843,guadcoalition,Guadalupe Coalition,,Edwards Aquifer ends 2013 in Stage 3 drought in East (SATX) &amp; Stage 5 in West. Outlook through March: dry. #txwater #drought #satx,en,[],[],[],0,2,0,"['txwater', 'drought', 'satx']",[],https://twitter.com/GuadCoalition/status/418118563568685056,False,,0,,,,,,,,[],,,,
418118308924125184,418118308924125184,2013-12-31 15:35:47 EST,2013-12-31,15:35:47,-0400,19113622,h2owonk,Todd Votteler,,"Texas reservoirs end 2013 at 64% full. NOAA forecast: dry through March for western half TX, where shortages loom. #txwater #drought #Texas",en,[],[],[],0,1,1,"['txwater', 'drought', 'texas']",[],https://twitter.com/H2OWonk/status/418118308924125184,False,,0,,,,,,,,[],,,,
418116704573476864,418116704573476864,2013-12-31 15:29:25 EST,2013-12-31,15:29:25,-0400,312217697,fabuloustahoe,Jack Durst,,Record dry year for Lake #Tahoe Basin  http://t.co/7ynTWCkkFy via @LakeTahoe_News #CAWater #drought,en,"[{'screen_name': 'laketahoe_news', 'name': 'lake tahoe news', 'id': '119643883'}]",['http://www.laketahoenews.net/2013/12/record-dry-year-lake-tahoe-basin/'],[],0,0,0,"['tahoe', 'cawater', 'drought']",[],https://twitter.com/FabulousTahoe/status/418116704573476864,False,,0,,,,,,,,[],,,,
418116291799437312,418116291799437312,2013-12-31 15:27:46 EST,2013-12-31,15:27:46,-0400,372027725,greenlocal175,greenlocal175,,Rim #fire damage to #environment &amp; property to hit $ 1. 8 billion.  http://t.co/FqUwi5DZ1W #greenlocal175 #eco #drought #nature,en,[],['http://www.greenlocal175.com/urgenews.html'],[],0,0,0,"['fire', 'environment', 'greenlocal175', 'eco', 'drought', 'nature']",[],https://twitter.com/greenlocal175/status/418116291799437312,False,,0,,,,,,,,[],,,,
418113689506422784,418113689506422784,2013-12-31 15:17:26 EST,2013-12-31,15:17:26,-0400,1357494181,sbpizza,Scoreboards Pizza,,Another sunny day in Roseville #drought,en,[],[],[],0,0,0,['drought'],[],https://twitter.com/SBPizza/status/418113689506422784,False,,0,,,,,,,,[],,,,
418112217259573248,418112217259573248,2013-12-31 15:11:35 EST,2013-12-31,15:11:35,-0400,323985276,gcmcdrought,gcmc Drought,,"Kenya: Climate Prediction Center’s Africa Hazards Outlook January 2 – January 8, 2014  http://t.co/FTBPgP9mpn #drought",en,[],['http://bit.ly/1k4VAUU'],[],0,0,0,['drought'],[],https://twitter.com/gcmcDrought/status/418112217259573248,False,,0,,,,,,,,[],,,,
418111920026042369,418111920026042369,2013-12-31 15:10:24 EST,2013-12-31,15:10:24,-0400,488825466,bakoeditor,BakoEditor,,RT @matt_weiser: New 14-day weather outlook still dry for CA and the West.  http://t.co/sU4XedTZuV #cawater #drought #westwater,en,"[{'screen_name': 'matt_weiser', 'name': 'matt weiser 🐳', 'id': '18029055'}]",['http://ht.ly/sb9MW'],[],0,0,0,"['cawater', 'drought', 'westwater']",[],https://twitter.com/BakoEditor/status/418111920026042369,False,,0,,,,,,,,[],,,,
418107505487536128,418107505487536128,2013-12-31 14:52:52 EST,2013-12-31,14:52:52,-0400,153803758,lcgrassfed,LeftCoast GrassFed,,#California #drought deepens as another year's rains stay away - San Jose Mercury News  http://t.co/y0fckzR7q0 @MercNews - Indeed,en,"[{'screen_name': 'mercnews', 'name': 'mercury news', 'id': '10433782'}]",['http://www.mercurynews.com/science/ci_24812749/california-drought-deepens-another-years-rains-stay-away'],[],0,0,0,"['california', 'drought']",[],https://twitter.com/LCGrassfed/status/418107505487536128,False,,0,,,,,,,,[],,,,
418105892546961408,418105892546961408,2013-12-31 14:46:27 EST,2013-12-31,14:46:27,-0400,570948722,510jason,Jason Sutton,,Brown hills from Bay Area to Sierra foothills #drought,en,[],[],[],0,0,0,['drought'],[],https://twitter.com/510Jason/status/418105892546961408,False,,0,,,,,,,,[],,,,
418103677694783488,418103677694783488,2013-12-31 14:37:39 EST,2013-12-31,14:37:39,-0400,18029055,matt_weiser,Matt Weiser 🐳,,First #Sierra snow survey of the winter is Friday. You can imagine what it will look like.  http://t.co/Z0VIJJpt8I #cawater #drought,en,[],['http://ht.ly/sbbOD'],[],3,1,0,"['sierra', 'cawater', 'drought']",[],https://twitter.com/matt_weiser/status/418103677694783488,False,,0,,,,,,,,[],,,,
418103197249449984,418089069130706944,2013-12-31 14:35:44 EST,2013-12-31,14:35:44,-0400,325862777,iveyjanette_207,Ivey McClelland(she/her)🌈🌈🌈,"{'type': 'Point', 'coordinates': [35.0585503, -106.5763176]}","@edwardswxwxyz OK. Have family in Monroe. But that snow will be crazy. Here in NM,no snow,50 and sunny. Still in #drought mode. #miwx #nmwx",en,[],[],[],0,0,0,"['drought', 'miwx', 'nmwx']",[],https://twitter.com/iveyjanette_207/status/418103197249449984,False,,0,,,,,,,,[],,,,
418099285469966336,418099285469966336,2013-12-31 14:20:12 EST,2013-12-31,14:20:12,-0400,18255506,newsfletch,Ed Fletcher,,RT @matt_weiser: #Drought brings water rationing orders to #Sacramento area.  http://t.co/LcJDvmflDC #cawater,en,"[{'screen_name': 'matt_weiser', 'name': 'matt weiser 🐳', 'id': '18029055'}]",['http://sacb.ee/18RoAe3'],[],0,1,0,"['drought', 'sacramento', 'cawater']",[],https://twitter.com/NewsFletch/status/418099285469966336,False,,0,,,,,,,,[],,,,
418098650305138688,418098650305138688,2013-12-31 14:17:40 EST,2013-12-31,14:17:40,-0400,18029055,matt_weiser,Matt Weiser 🐳,,#Drought brings water rationing orders to #Sacramento area.  http://t.co/JIva2qHQzR #cawater,en,[],['http://sacb.ee/18RoAe3'],[],1,0,0,"['drought', 'sacramento', 'cawater']",[],https://twitter.com/matt_weiser/status/418098650305138688,False,,0,,,,,,,,[],,,,
418096657431920640,418096657431920640,2013-12-31 14:09:45 EST,2013-12-31,14:09:45,-0400,1315464918,merced_calif,Merced,,"In a large part of California, 2013 is closing out as the driest year on record  http://t.co/mwTgiY4riM #drought #water",en,[],['http://nyti.ms/1hd3v0k'],[],0,0,0,"['drought', 'water']",[],https://twitter.com/Merced_Calif/status/418096657431920640,False,,0,,,,,,,,[],,,,
418096606932897792,418096606932897792,2013-12-31 14:09:33 EST,2013-12-31,14:09:33,-0400,18029055,matt_weiser,Matt Weiser 🐳,,New 14-day weather outlook still dry for CA and the West.  http://t.co/B2Sr2Gzc8H #cawater #drought #westwater,en,[],['http://ht.ly/sb9MW'],[],0,1,0,"['cawater', 'drought', 'westwater']",[],https://twitter.com/matt_weiser/status/418096606932897792,False,,0,,,,,,,,[],,,,
418095657967050752,418095657967050752,2013-12-31 14:05:47 EST,2013-12-31,14:05:47,-0400,323985276,gcmcdrought,gcmc Drought,,Burkina Faso: Broom-wielding refugee sweeps away the cobwebs in Burkina Faso camp  http://t.co/HBf5iTvgko #drought,en,[],['http://bit.ly/1alSVwp'],[],0,0,0,['drought'],[],https://twitter.com/gcmcDrought/status/418095657967050752,False,,0,,,,,,,,[],,,,
418094399826837504,418094399826837504,2013-12-31 14:00:47 EST,2013-12-31,14:00:47,-0400,1397326362,top_ukhotdeals,»» Deals Princess »»,,iPhone 5 to an iPhone 5s Contract 4 Deals  http://t.co/Ouy43NW2vY  #Buckfastleigh #Crewe #BradleyStoke #Chorley #drought,en,[],['http://faj.we.bs/iphone/Y02vZHgD'],[],0,0,0,"['buckfastleigh', 'crewe', 'bradleystoke', 'chorley', 'drought']",[],https://twitter.com/top_ukhotdeals/status/418094399826837504,False,,0,,,,,,,,[],,,,
418091331336953857,418091331336953857,2013-12-31 13:48:35 EST,2013-12-31,13:48:35,-0400,172623484,ricothedonn,donnie,,aye though wheres my nigga @YaBoyLegit been at on soundcloud lol its a #drought,en,"[{'screen_name': 'yaboylegit', 'name': 'jets 4 the win', 'id': '3578700981'}]",[],[],1,0,0,['drought'],[],https://twitter.com/RICOtheDONN/status/418091331336953857,False,,0,,,,,,,,[],,,,
418091217885212673,418091217885212673,2013-12-31 13:48:08 EST,2013-12-31,13:48:08,-0400,372470311,ameeraljallad,أمير الجلاد,,Jesus peace be upon him  http://t.co/NqB7VcLD62  #CNNChile #globalwarming #drought #love  #iphone #iphonegames #ipad #app,en,[],['http://www.youtube.com/watch?v=pWWDl3WdStU'],[],0,0,0,"['cnnchile', 'globalwarming', 'drought', 'love', 'iphone', 'iphonegames', 'ipad', 'app']",[],https://twitter.com/ameeraljallad/status/418091217885212673,False,,0,,,,,,,,[],,,,
418088782101880832,418088782101880832,2013-12-31 13:38:28 EST,2013-12-31,13:38:28,-0400,279136688,usweatherexpert,Mike Smith,,Mike Smith Enterprises Blog: The Weather of 2013  http://t.co/Sp1hSA9EJU #uswx #tornado #drought #flood,en,[],['http://meteorologicalmusings.blogspot.com/2013/12/the-weather-of-2013.html?spref=tw'],[],0,0,0,"['uswx', 'tornado', 'drought', 'flood']",[],https://twitter.com/USWeatherExpert/status/418088782101880832,False,,0,,,,,,,,[],,,,
418084357908484096,418084357908484096,2013-12-31 13:20:53 EST,2013-12-31,13:20:53,-0400,456864723,climatenexus,Climate Nexus,,#Extremeweather is extremely expensive: 2013's Yosemite #wildfire losses could reach $2 billion.  http://t.co/WMG8Sd5uxh #drought,en,[],['http://ow.ly/saEmy'],[],0,1,0,"['extremeweather', 'wildfire', 'drought']",[],https://twitter.com/ClimateNexus/status/418084357908484096,False,,0,,,,,,,,[],,,,
418081301686534144,418081301686534144,2013-12-31 13:08:44 EST,2013-12-31,13:08:44,-0400,15081378,iamgreenbean,Green Bean,,Climate change is already impacting #California  http://t.co/EF4qRLT9LP #wildfires #oceanacidification #drought,en,[],['http://bigstory.ap.org/article/report-climate-change-impacting-california'],[],0,0,0,"['california', 'wildfires', 'oceanacidification', 'drought']",[],https://twitter.com/iamgreenbean/status/418081301686534144,False,,0,,,,,,,,[],,,,
418075696431636481,418075696431636481,2013-12-31 12:46:28 EST,2013-12-31,12:46:28,-0400,2249212374,envirointel,Ria Safiolea,,RT @MySAWS: Folsom Lake dry spell reveals submerged gold rush town via @kcranews #drought #txwater  http://t.co/VWRXw3WseV,en,"[{'screen_name': 'mysaws', 'name': '𝐒𝐀𝐖𝐒 🧼+💧+🤲🏼', 'id': '87967768'}, {'screen_name': 'kcranews', 'name': 'kcranews', 'id': '14749520'}]",['http://ow.ly/sb3mZ'],[],0,0,0,"['drought', 'txwater']",[],https://twitter.com/EnviroIntel/status/418075696431636481,False,,0,,,,,,,,[],,,,
418075521105551360,418075521105551360,2013-12-31 12:45:46 EST,2013-12-31,12:45:46,-0400,220795490,usgswaterca,California Water | USGS,,Current #drought conditions in California - what do the numbers say about drought conditions in your region?  http://t.co/AniUPcmNEA,en,[],['http://go.usa.gov/ZUCk'],[],0,1,0,['drought'],[],https://twitter.com/USGSwaterCA/status/418075521105551360,False,,0,,,,,,,,[],,,,
418073026484121600,418073026484121600,2013-12-31 12:35:51 EST,2013-12-31,12:35:51,-0400,1046262092,weatheric,Eric Jeansonne,,#WichitaFalls finishes 2013 with a rainfall deficit of 7.59 inches. 3rd year in row below normal.  #texomawx #drought  http://t.co/xeH4gmo0Qp,en,[],[],['https://pbs.twimg.com/media/Bc1LM9qCMAAJygr.jpg'],0,3,1,"['wichitafalls', 'texomawx', 'drought']",[],https://twitter.com/Weatheric/status/418073026484121600,False,,1,https://pbs.twimg.com/media/Bc1LM9qCMAAJygr.jpg,,,,,,,[],,,,
418072977453117440,418072977453117440,2013-12-31 12:35:39 EST,2013-12-31,12:35:39,-0400,58341833,storyroute,Cathryn Wellner,,Burning cows: Extreme weather and America’s perilous food supply  http://t.co/FU7pwJsFbf #drought #foodsecurity,en,[],['http://ow.ly/sb2oo'],[],0,0,0,"['drought', 'foodsecurity']",[],https://twitter.com/StoryRoute/status/418072977453117440,False,,0,,,,,,,,[],,,,
418072976844926979,418072976844926979,2013-12-31 12:35:39 EST,2013-12-31,12:35:39,-0400,985175203,bcfoodsecurity,BCFoodSecGateway,,Burning cows: Extreme weather and America’s perilous food supply  http://t.co/H8MXyQ188p #drought #foodsecurity,en,[],['http://ow.ly/sb2mi'],[],0,1,0,"['drought', 'foodsecurity']",[],https://twitter.com/BCFoodSecurity/status/418072976844926979,False,,0,,,,,,,,[],,,,
418066608847089664,418066608847089664,2013-12-31 12:10:21 EST,2013-12-31,12:10:21,-0400,87967768,mysaws,𝐒𝐀𝐖𝐒 🧼+💧+🤲🏼,,Wyomingites want dams and reservoirs -- so does Gov. Matt Mead  http://t.co/IPxW1bt6sP via @billingsgazette #txwater #drought,en,"[{'screen_name': 'billingsgazette', 'name': 'billings gazette', 'id': '21243049'}]",['http://ow.ly/s9i0c'],[],0,0,0,"['txwater', 'drought']",[],https://twitter.com/MySAWS/status/418066608847089664,False,,0,,,,,,,,[],,,,
418061706318053376,418034323208413184,2013-12-31 11:50:52 EST,2013-12-31,11:50:52,-0400,18029055,matt_weiser,Matt Weiser 🐳,,RT @NWSSacramento: 2013 calendar year driest in #Sacramento since at least 1877! #sacwx #drought  http://t.co/8whp2rrHuY #cawater,en,"[{'screen_name': 'nwssacramento', 'name': 'nws sacramento', 'id': '596964216'}]",[],['https://pbs.twimg.com/media/Bc0oAItCIAA33tX.png'],0,3,0,"['sacramento', 'sacwx', 'drought', 'cawater']",[],https://twitter.com/matt_weiser/status/418061706318053376,False,,1,https://pbs.twimg.com/media/Bc0oAItCIAA33tX.png,,,,,,,[],,,,
418059711846445056,418059711846445056,2013-12-31 11:42:57 EST,2013-12-31,11:42:57,-0400,15897414,david108tx,David Sanor,,RT @H2OWonk: Highland Lakes storage ends 2013 at 38%. TX Colorado River in hydrologic drought. Spring outlook is dry. #txwater #ATX #drought,en,"[{'screen_name': 'h2owonk', 'name': 'todd votteler', 'id': '19113622'}]",[],[],0,0,0,"['txwater', 'atx', 'drought']",[],https://twitter.com/david108tx/status/418059711846445056,False,,0,,,,,,,,[],,,,
418056113200721920,418056113200721920,2013-12-31 11:28:39 EST,2013-12-31,11:28:39,-0400,323985276,gcmcdrought,gcmc Drought,,Lesotho: Helping hungry families in Lesotho  http://t.co/c5pbGHg0cM #drought,en,[],['http://bit.ly/1d6DKYM'],[],0,0,0,['drought'],[],https://twitter.com/gcmcDrought/status/418056113200721920,False,,0,,,,,,,,[],,,,
418055097168318464,418052137478660097,2013-12-31 11:24:36 EST,2013-12-31,11:24:36,-0400,354242975,beardedmagician,Marshad,,#Drought,und,[],[],[],0,0,0,['drought'],[],https://twitter.com/BeardedMagician/status/418055097168318464,False,,0,,,,,,,,[],,,,
418054859032494080,418054859032494080,2013-12-31 11:23:40 EST,2013-12-31,11:23:40,-0400,19113622,h2owonk,Todd Votteler,,Texas reservoirs end 2013 at 64% full. NOAA forecasts dry Jan-Feb-Mar for western half TX with looming shortages. #txwater #drought #Texas,en,[],[],[],0,7,1,"['txwater', 'drought', 'texas']",[],https://twitter.com/H2OWonk/status/418054859032494080,False,,0,,,,,,,,[],,,,
418052097511522304,418052097511522304,2013-12-31 11:12:41 EST,2013-12-31,11:12:41,-0400,39935614,edibleprayers,Jim PathFinder Ewing,,#California faces catastrophic #drought in #2014 based on current trends via Quartz -  #eco #climate  http://t.co/6zQe2stWlz,en,[],['http://pinterest.com/pin/221520875395696808/'],[],0,0,0,"['california', 'drought', 'eco', 'climate']",[],https://twitter.com/EdiblePrayers/status/418052097511522304,False,,0,,,,,,,,[],,,,
418049901927215104,418049901927215104,2013-12-31 11:03:58 EST,2013-12-31,11:03:58,-0400,2250230010,armpitactivist,Armpit Activist,,"Solving the water crisis, one Samba dance at a time. #Karnataka #drought #FightTheStench  http://t.co/5HAXw7F8vR",en,[],[],['https://pbs.twimg.com/media/Bc02K79CMAAtBc4.jpg'],0,0,1,"['karnataka', 'drought', 'fightthestench']",[],https://twitter.com/ArmpitActivist/status/418049901927215104,False,,1,https://pbs.twimg.com/media/Bc02K79CMAAtBc4.jpg,,,,,,,[],,,,
418049796419506177,418049796419506177,2013-12-31 11:03:33 EST,2013-12-31,11:03:33,-0400,764278843,guadcoalition,Guadalupe Coalition,,Edwards Aquifer ends 2013 in Stage 3 drought in East (SATX) &amp; Stage 5 in West. Outlook for spring: dry. #txwater #drought #satx #folloback,en,[],[],[],0,2,1,"['txwater', 'drought', 'satx', 'folloback']",[],https://twitter.com/GuadCoalition/status/418049796419506177,False,,0,,,,,,,,[],,,,
418048810321838080,418048810321838080,2013-12-31 10:59:38 EST,2013-12-31,10:59:38,-0400,193458094,organicwriter,Jim Ewing,,#California faces a catastrophic #drought next year  http://t.co/OLu2koHXaY via @qz #ag #eco #climate,en,"[{'screen_name': 'qz', 'name': 'quartz', 'id': '573918122'}]",['http://qz.com/161935'],[],0,0,0,"['california', 'drought', 'ag', 'eco', 'climate']",[],https://twitter.com/OrganicWriter/status/418048810321838080,False,,0,,,,,,,,[],,,,
418047812882812930,418047812882812930,2013-12-31 10:55:40 EST,2013-12-31,10:55:40,-0400,19113622,h2owonk,Todd Votteler,,Highland Lakes storage ends 2013 at 38%. TX Colorado River in hydrologic drought. Spring outlook is dry. #txwater #ATX #drought #folloback,en,[],[],[],0,2,1,"['txwater', 'atx', 'drought', 'folloback']",[],https://twitter.com/H2OWonk/status/418047812882812930,False,,0,,,,,,,,[],,,,
418035441406050305,418035441406050305,2013-12-31 10:06:30 EST,2013-12-31,10:06:30,-0400,87967768,mysaws,𝐒𝐀𝐖𝐒 🧼+💧+🤲🏼,,Wichita Falls Lake Levels Decline Slightly As #Drought Persists  http://t.co/YqQphZhZ8y via @newstalk1290 #txwater,en,"[{'screen_name': 'newstalk1290', 'name': 'newstalk 1290', 'id': '213438656'}]",['http://ow.ly/s9hN2'],[],0,0,0,"['drought', 'txwater']",[],https://twitter.com/MySAWS/status/418035441406050305,False,,0,,,,,,,,[],,,,
418032594689994752,418022794795184128,2013-12-31 09:55:11 EST,2013-12-31,09:55:11,-0400,1623438330,therealtemplew,Temple Williamson,,“@MySAWS: Is the West’s dry spell really a megadrought?  http://t.co/8IqPJF0g3f via @sacbee_news #txwater #drought” Interesting Read,en,"[{'screen_name': 'mysaws', 'name': '𝐒𝐀𝐖𝐒 🧼+💧+🤲🏼', 'id': '87967768'}, {'screen_name': 'sacbee_news', 'name': 'the sacramento bee', 'id': '14411304'}]",['http://ow.ly/s9hC3'],[],0,0,0,"['txwater', 'drought']",[],https://twitter.com/TheRealTempleW/status/418032594689994752,False,,0,,,,,,,,[],,,,
418022794795184128,418022794795184128,2013-12-31 09:16:15 EST,2013-12-31,09:16:15,-0400,87967768,mysaws,𝐒𝐀𝐖𝐒 🧼+💧+🤲🏼,,Is the West’s dry spell really a megadrought?  http://t.co/GzggaxzKtU via @sacbee_news #txwater #drought,en,"[{'screen_name': 'sacbee_news', 'name': 'the sacramento bee', 'id': '14411304'}]",['http://ow.ly/s9hC3'],[],1,0,0,"['txwater', 'drought']",[],https://twitter.com/MySAWS/status/418022794795184128,False,,0,,,,,,,,[],,,,
418011100987133952,418011100987133952,2013-12-31 08:29:47 EST,2013-12-31,08:29:47,-0400,323985276,gcmcdrought,gcmc Drought,,"Mali: Mali : 3W Présence opérationelle et programme - Qui fait, Quoi, Où (31 décembre 2013)  http://t.co/fGwUP6qjAz #drought",fr,[],['http://bit.ly/1al71Ow'],[],0,0,0,['drought'],[],https://twitter.com/gcmcDrought/status/418011100987133952,False,,0,,,,,,,,[],,,,
418011100060217344,418011100060217344,2013-12-31 08:29:47 EST,2013-12-31,08:29:47,-0400,323985276,gcmcdrought,gcmc Drought,,Niger: CAP Niger 2013 – Aperçu des financements du CAP 2013  au 31-Déc-2013  http://t.co/9sACoaG8v0 #drought,fr,[],['http://bit.ly/1al71Oo'],[],0,0,0,['drought'],[],https://twitter.com/gcmcDrought/status/418011100060217344,False,,0,,,,,,,,[],,,,
418003977255387137,418003977255387137,2013-12-31 08:01:28 EST,2013-12-31,08:01:28,-0400,1507165327,islamitweets,Islami Tweets,,"If u have not paid #Zakat over last 12 months, go pay now. @IslamicRelief can distribute it for u. #Charity #Poor #Homeless #Famine #Drought",en,"[{'screen_name': 'islamicrelief', 'name': 'islamic relief usa', 'id': '18338630'}]",[],[],0,0,0,"['zakat', 'charity', 'poor', 'homeless', 'famine', 'drought']",[],https://twitter.com/IslamiTweets/status/418003977255387137,False,,0,,,,,,,,[],,,,
418002786668666880,418002786668666880,2013-12-31 07:56:45 EST,2013-12-31,07:56:45,-0400,160937490,iamgilbreto,404 Error,,"#Drought""@UberFotbalFacts: No Chelsea striker scored an away Premier League goal throughout 2013.""",en,"[{'screen_name': 'uberfotbalfacts', 'name': 'uber football facts', 'id': '2366842418'}]",[],[],0,0,0,['drought'],[],https://twitter.com/Iamgilbreto/status/418002786668666880,False,,0,,,,,,,,[],,,,
417995122186272768,417995122186272768,2013-12-31 07:26:17 EST,2013-12-31,07:26:17,-0400,456865788,allanmargolin,Allan Margolin,,"CA Finishes Driest Year on Record: Reservoirs Shrivel &amp; #Wildfire Risks Rise, With Little Relief in Sight.  http://t.co/uNR5a6sxk8 #drought",en,[],['http://ow.ly/sazT7'],[],0,0,0,"['wildfire', 'drought']",[],https://twitter.com/AllanMargolin/status/417995122186272768,False,,0,,,,,,,,[],,,,
417992396421742592,417992396421742592,2013-12-31 07:15:27 EST,2013-12-31,07:15:27,-0400,456864723,climatenexus,Climate Nexus,,"CA Finishes Driest Year on Record: Reservoirs Shrivel &amp; #Wildfire Risks Rise, With Little Relief in Sight.  http://t.co/yv6auWjyMD #drought",en,[],['http://ow.ly/sazT7'],[],0,1,0,"['wildfire', 'drought']",[],https://twitter.com/ClimateNexus/status/417992396421742592,False,,0,,,,,,,,[],,,,
417971711108468736,417971711108468736,2013-12-31 05:53:16 EST,2013-12-31,05:53:16,-0400,249023456,guy_rozn,Rief,,🍆✌️💣 for da #Drought 😩,en,[],[],[],0,0,1,['drought'],[],https://twitter.com/Guy_RoZn/status/417971711108468736,False,,0,,,,,,,,[],,,,
417924684647116800,417917471945797632,2013-12-31 02:46:24 EST,2013-12-31,02:46:24,-0400,21481785,jeffranieri,Jeff Ranieri,,@alikat747 agreed! Hasn't been this dry in #SF ever! So ready for rain in 2014 #drought,en,[],[],[],1,0,0,"['sf', 'drought']",[],https://twitter.com/JeffRanieri/status/417924684647116800,False,,0,,,,,,,,[],,,,
417917628796006400,417917628796006400,2013-12-31 02:18:21 EST,2013-12-31,02:18:21,-0400,1461649975,financial_orbit,Chris Bailey,,"Final day year charts covering #drought, #gold, the active vs passive debate, west-to-east shift and '14 optimism  http://t.co/YZsixx3KFM",en,[],['http://financialorbit.blogspot.com/2013/12/some-charts-that-caught-my-eye-on-last.html'],[],0,0,0,"['drought', 'gold']",[],https://twitter.com/Financial_Orbit/status/417917628796006400,False,,0,,,,,,,,[],,,,
417917192366084097,417917192366084097,2013-12-31 02:16:37 EST,2013-12-31,02:16:37,-0400,280471426,thunderyskye,Chris Richardson ☀☈,"{'type': 'Point', 'coordinates': [37.626013, -122.4142541]}","So, the GFS has been consistent with a decent rain storm on 1/8, but now has the ridge quickly returning thereafter. Ugh. #CAwx #drought",en,[],[],[],0,0,0,"['cawx', 'drought']",[],https://twitter.com/ThunderySkye/status/417917192366084097,False,,0,,,,,,,,[],,,,
417907410305429505,417907410305429505,2013-12-31 01:37:45 EST,2013-12-31,01:37:45,-0400,55793434,pramodthomas84,Pramod Thomas,,Wells Dry Up as Drought Hits Early #drought #ernakulam   http://t.co/xFKbc4cCgI,en,[],['http://epaper.newindianexpress.com/c/2144622'],[],0,0,0,"['drought', 'ernakulam']",[],https://twitter.com/pramodthomas84/status/417907410305429505,False,,0,,,,,,,,[],,,,
417895037892956160,417895037892956160,2013-12-31 00:48:35 EST,2013-12-31,00:48:35,-0400,479985705,briannacalix,brianna calix,,Why isn't #prayforrain a thing in California yet?? Ummm #drought,en,[],[],[],0,2,4,"['prayforrain', 'drought']",[],https://twitter.com/BriannaCalix/status/417895037892956160,False,,0,,,,,,,,[],,,,
417885557721538560,417885557721538560,2013-12-31 00:10:55 EST,2013-12-31,00:10:55,-0400,392154917,brice_patterson,Brice Patterson,,Some chicks are so thirsty a flood couldn't fix them. #drought,en,[],[],[],0,0,0,['drought'],[],https://twitter.com/brice_patterson/status/417885557721538560,False,,0,,,,,,,,[],,,,
417881669249404928,417881669249404928,2013-12-30 23:55:28 EST,2013-12-30,23:55:28,-0400,323985276,gcmcdrought,gcmc Drought,,Papua New Guinea: Help on the way for PNG's drought-stricken Madang Province  http://t.co/lyR0ecFaWi #drought,en,[],['http://bit.ly/1haYk0Y'],[],0,0,0,['drought'],[],https://twitter.com/gcmcDrought/status/417881669249404928,False,,0,,,,,,,,[],,,,
417876063964786688,417876063964786688,2013-12-30 23:33:12 EST,2013-12-30,23:33:12,-0400,404334121,utzaake,Cary Moy,,Devastating #Drought Continues to Plague #California | NationofChange  http://t.co/SWmYqqb2jj via @nationofchange,en,"[{'screen_name': 'nationofchange', 'name': 'nationofchange', 'id': '245539132'}]",['http://www.nationofchange.org/devastating-drought-continues-plague-california-1388417526'],[],0,0,0,"['drought', 'california']",[],https://twitter.com/UTZAAKE/status/417876063964786688,False,,0,,,,,,,,[],,,,
417872511762583552,417872511762583552,2013-12-30 23:19:05 EST,2013-12-30,23:19:05,-0400,233405589,afbaldwin,Uncle Rico,,I'm a have people call me Wayne if this #Drought don't end soon.  Corny? Yes.  Judge your mother.,en,[],[],[],0,0,0,['drought'],[],https://twitter.com/AFBaldwin/status/417872511762583552,False,,0,,,,,,,,[],,,,
417859678266081281,417859678266081281,2013-12-30 22:28:05 EST,2013-12-30,22:28:05,-0400,38815320,iamracman,RacManChristianRadio,,On RacManChristianRadio Tonight! #Drought by @Alex_Masters 24 hours a day!  http://t.co/7VvXIXGnTH,en,"[{'screen_name': 'alex_masters', 'name': 'alex masters', 'id': '26938378'}]",['http://www.racmanchristianradio.com/tune-in'],[],0,0,0,['drought'],[],https://twitter.com/IamRacMan/status/417859678266081281,False,,0,,,,,,,,[],,,,
417858962609164288,417858962609164288,2013-12-30 22:25:14 EST,2013-12-30,22:25:14,-0400,985175203,bcfoodsecurity,BCFoodSecGateway,,#California #drought deepens as another year's rains stay away  http://t.co/dIFT6tLfLR #foodsecurity,en,[],['http://ow.ly/s9qkY'],[],0,0,0,"['california', 'drought', 'foodsecurity']",[],https://twitter.com/BCFoodSecurity/status/417858962609164288,False,,0,,,,,,,,[],,,,
417858935820148736,417858935820148736,2013-12-30 22:25:08 EST,2013-12-30,22:25:08,-0400,58341833,storyroute,Cathryn Wellner,,#California #drought deepens as another year's rains stay away  http://t.co/gFcDu6ahqq #foodsecurity,en,[],['http://ow.ly/s9ql2'],[],0,0,0,"['california', 'drought', 'foodsecurity']",[],https://twitter.com/StoryRoute/status/417858935820148736,False,,0,,,,,,,,[],,,,
417858289804668928,417858289804668928,2013-12-30 22:22:34 EST,2013-12-30,22:22:34,-0400,323985276,gcmcdrought,gcmc Drought,,"Mali: La MINUSMA et la force SERVAL neutralisent 5,7 tonnes d'explosifs dans le nord du Mali  http://t.co/127ugdAVkG #drought",fr,[],['http://bit.ly/1ak660G'],[],0,0,0,['drought'],[],https://twitter.com/gcmcDrought/status/417858289804668928,False,,0,,,,,,,,[],,,,
417858288802213888,417858288802213888,2013-12-30 22:22:34 EST,2013-12-30,22:22:34,-0400,323985276,gcmcdrought,gcmc Drought,,Mali: Mali on the Mend as Reforms Resume after Security Crisis  http://t.co/GCdDQTzDXZ #drought,en,[],['http://bit.ly/1k27Llw'],[],0,0,0,['drought'],[],https://twitter.com/gcmcDrought/status/417858288802213888,False,,0,,,,,,,,[],,,,
417858287984340992,417858287984340992,2013-12-30 22:22:33 EST,2013-12-30,22:22:33,-0400,323985276,gcmcdrought,gcmc Drought,,Mali: Le Mali se redresse et renoue avec les réformes au sortir de la crise sécuritaire  http://t.co/KuqbYslEHx #drought,fr,[],['http://bit.ly/1k27Llr'],[],0,0,0,['drought'],[],https://twitter.com/gcmcDrought/status/417858287984340992,False,,0,,,,,,,,[],,,,
417856479526658048,417856479526658048,2013-12-30 22:15:22 EST,2013-12-30,22:15:22,-0400,87967768,mysaws,𝐒𝐀𝐖𝐒 🧼+💧+🤲🏼,,Folsom Lake dry spell reveals submerged gold rush town  http://t.co/2z9Pop1UIZ via @kcranews #drought #txwater,en,"[{'screen_name': 'kcranews', 'name': 'kcranews', 'id': '14749520'}]",['http://ow.ly/s9hjB'],[],0,0,0,"['drought', 'txwater']",[],https://twitter.com/MySAWS/status/417856479526658048,False,,0,,,,,,,,[],,,,
417853038632505345,417853038632505345,2013-12-30 22:01:42 EST,2013-12-30,22:01:42,-0400,1078062650,another__george,Γιώργος Μπουτσέλης,,Bengals haven't won a playoff game since 1991. #drought,en,[],[],[],0,0,0,['drought'],[],https://twitter.com/another__George/status/417853038632505345,False,,0,,,,,,,,[],,,,
417852180138188801,417852180138188801,2013-12-30 21:58:17 EST,2013-12-30,21:58:17,-0400,270082267,dpriceizryte,Dusty Price,"{'type': 'Point', 'coordinates': [37.319785, -79.9780717]}",Get Money. No fuckin for me... #drought #NoLove #WhereThaLaptopAt,en,[],[],[],0,0,0,"['drought', 'nolove', 'wherethalaptopat']",[],https://twitter.com/DPriceizRyte/status/417852180138188801,False,,0,,,,,,,,[],,,,
417842990200008704,417842990200008704,2013-12-30 21:21:46 EST,2013-12-30,21:21:46,-0400,93117854,bluealienz,BLuEALiENz,,11.13 Inches Deficit in Rain/Fall this Year in Los Angeles!!!! #Drought #2014 #LosAngeles,en,[],[],[],0,0,0,"['drought', 'losangeles']",[],https://twitter.com/bluealienz/status/417842990200008704,False,,0,,,,,,,,[],,,,
417841332539752448,417841332539752448,2013-12-30 21:15:11 EST,2013-12-30,21:15:11,-0400,531835984,groucho_manx,Groucho Manx 😼,,"Average yearly rainfall Vegas: 4.15"". #Napa county 2013: 4:17"".  Not good.  #drought  http://t.co/cGMFd2YzMQ",en,[],['http://m.napavalleyregister.com/news/local/58e04984-71b6-11e3-9285-0019bb2963f4.html?utm_source=twitterfeed&utm_medium=twitter?mobile_touch=true'],[],0,0,0,"['napa', 'drought']",[],https://twitter.com/Groucho_Manx/status/417841332539752448,False,,0,,,,,,,,[],,,,
417840384958410753,417839275804090368,2013-12-30 21:11:25 EST,2013-12-30,21:11:25,-0400,16893996,greensoil,ManureTea Since 1924,,"yes, it is goofy weather &amp; #drought @jchapstk @GoodGreenGuru @TwoGreenThumbs @SeedKeeperCo @HiltonGardenInn",en,"[{'screen_name': 'jchapstk', 'name': 'jeavonna', 'id': '96154067'}, {'screen_name': 'goodgreenguru', 'name': 'good green guru', 'id': '18650137'}, {'screen_name': 'twogreenthumbs', 'name': 'two green thumbs', 'id': '64560544'}, {'screen_name': 'seedkeeperco', 'name': 'the seed keeper co.', 'id': '223634084'}, {'screen_name': 'hiltongardeninn', 'name': 'hilton garden inn', 'id': '204390944'}]",[],[],0,0,0,['drought'],[],https://twitter.com/GreenSoil/status/417840384958410753,False,,0,,,,,,,,[],,,,
417840055378796544,417840055378796544,2013-12-30 21:10:06 EST,2013-12-30,21:10:06,-0400,87967768,mysaws,𝐒𝐀𝐖𝐒 🧼+💧+🤲🏼,,"2014 commodity outlook for Texas hinges on rainfall, demand  http://t.co/8UnF9oVgCp via @ReporterNews #txwater #drought",en,"[{'screen_name': 'reporternews', 'name': 'reporternews', 'id': '18647970'}]",['http://ow.ly/s9gOa'],[],0,1,0,"['txwater', 'drought']",[],https://twitter.com/MySAWS/status/417840055378796544,False,,0,,,,,,,,[],,,,
417826399073087488,417826399073087488,2013-12-30 20:15:51 EST,2013-12-30,20:15:51,-0400,87967768,mysaws,𝐒𝐀𝐖𝐒 🧼+💧+🤲🏼,,"Calif. Reservoirs Shrivel, Wildfire Risks Rise With Little Relief in Sight  http://t.co/NXu13kUXGj via @discovermag #drought",en,"[{'screen_name': 'discovermag', 'name': 'discover magazine', 'id': '23962323'}]",['http://ow.ly/s9gCo'],[],0,0,0,['drought'],[],https://twitter.com/MySAWS/status/417826399073087488,False,,0,,,,,,,,[],,,,
417823561626038272,417823561626038272,2013-12-30 20:04:34 EST,2013-12-30,20:04:34,-0400,30709612,prophecyandnews,Prince Handley,,#FAMINE - #UN: Worst #drought in 60 years has forced #Somalis to flee to #Kenya and #Ethiopia in search of food.  http://t.co/ip16MHDjrk,en,[],['http://tinyurl.com/3znjyr2'],[],0,0,0,"['famine', 'un', 'drought', 'somalis', 'kenya', 'ethiopia']",[],https://twitter.com/PROPHECYandNEWS/status/417823561626038272,False,,0,,,,,,,,[],,,,
417821521273307136,417821521273307136,2013-12-30 19:56:28 EST,2013-12-30,19:56:28,-0400,546957275,korendor,Kim Orendor,,Beautiful view of Lake Tahoe from Heavenly Valley gondola overview; only thing missing is snow #drought  http://t.co/uu91FYejiY,en,[],[],['https://pbs.twimg.com/media/BcxmdbuCQAA0wbw.jpg'],0,0,0,['drought'],[],https://twitter.com/KOrendor/status/417821521273307136,False,,1,https://pbs.twimg.com/media/BcxmdbuCQAA0wbw.jpg,,,,,,,[],,,,
