id,conversation_id,created_at,date,time,timezone,user_id,username,name,place,tweet,language,mentions,urls,photos,replies_count,retweets_count,likes_count,hashtags,cashtags,link,retweet,quote_url,video,thumbnail,near,geo,source,user_rt_id,user_rt,retweet_id,reply_to,retweet_date,translate,trans_src,trans_dest
1283540658419105824,1283540658419105824,2020-07-15 19:15:14 EDT,2020-07-15,19:15:14,-0400,3029471122,lsb_plus,Kate Brennan,,Horses need a lot of feed and the current drought conditions have resulted in many horses being offered for re-homing etc. Here are 7 things you need to consider when feeding your horse in drought.  https://t.co/yFBEvtc9T4  #horsefeed #drought #horses #lifestyleblock  https://t.co/mBNYQMBPUN,en,[],['http://ow.ly/A1dE50AvWQm'],['https://pbs.twimg.com/media/EdANbIWXkAAXZmB.png'],0,0,0,"['horsefeed', 'drought', 'horses', 'lifestyleblock']",[],https://twitter.com/lsb_plus/status/1283540658419105824,False,,1,https://pbs.twimg.com/media/EdANbIWXkAAXZmB.png,,,,,,,[],,,,
1283539282603507712,1283539282603507712,2020-07-15 19:09:46 EDT,2020-07-15,19:09:46,-0400,527663449,janekbrundage,Jane K Brundage,,Why #Africa's #Heatwaves Are Forgotten Impact of #ClimateChange | #SubSaharanAfrica #DeadlyHeatwaves #DisasterImpacts #Drought #ExtremeHeat #Governments #HeatActionPlan #HeatEvents #WeatherDisasters #Researchers |****|  https://t.co/zdJTwjvQf7,en,[],['https://voicesmotherearth.blogspot.com/2020/07/guest-post-why-africas-heatwaves-are_14.html'],[],0,0,0,"['africa', 'heatwaves', 'climatechange', 'subsaharanafrica', 'deadlyheatwaves', 'disasterimpacts', 'drought', 'extremeheat', 'governments', 'heatactionplan', 'heatevents', 'weatherdisasters', 'researchers']",[],https://twitter.com/JaneKBrundage/status/1283539282603507712,False,,0,,,,,,,,[],,,,
1283534105095704577,1283534105095704577,2020-07-15 18:49:12 EDT,2020-07-15,18:49:12,-0400,726951074,droughtgov,NIDIS Drought.gov,,"Replay or a read a summary of the July 14 Southeast Climate Webinar .  Includes: June temps, precip, #floods, #drought (except in a nice development, there was no drought/floods).   Also learn about a heat vulnerability tool.  See:  https://t.co/4KI0jmfhQu @SERCC @NWSSERFC  https://t.co/ZzUH9aaFB0",en,"[{'screen_name': 'sercc', 'name': 'sercc', 'id': '47986971'}, {'screen_name': 'nwsserfc', 'name': 'serfc', 'id': '599283881'}]",['https://myemail.constantcontact.com/Recap--7-14-20-Southeast-Climate-Monthly-Webinar.html?soid=1107257096495&aid=ac1frOCQ9v8'],['https://pbs.twimg.com/media/EdAHALmU4AAzOh7.jpg'],0,3,3,"['floods', 'drought']",[],https://twitter.com/DroughtGov/status/1283534105095704577,False,,1,https://pbs.twimg.com/media/EdAHALmU4AAzOh7.jpg,,,,,,,[],,,,
1283522395991617539,1283522395991617539,2020-07-15 18:02:40 EDT,2020-07-15,18:02:40,-0400,1698793423,zeynepaakarslan,🥀,, https://t.co/UHjlNf6xyF #drought #natcatevents #forest #agriculture #hotweather #soilclouds #blockingsun #duststorms #dustbowl,und,[],['https://www.history.com/topics/great-depression/dust-bowl'],[],0,0,0,"['drought', 'natcatevents', 'forest', 'agriculture', 'hotweather', 'soilclouds', 'blockingsun', 'duststorms', 'dustbowl']",[],https://twitter.com/ZeynepAakarslan/status/1283522395991617539,False,,0,,,,,,,,[],,,,
1283520619997356032,1283363734635741184,2020-07-15 17:55:37 EDT,2020-07-15,17:55:37,-0400,179022042,thevoodooqueen,*checks notes* I AM THE PRIME MINISTER🤦 ❣🐈🐪🐘🐉,,"@BarbaraHFlowers @knarfnamduh No. If he could we’d have #drought assistance, #ClimateChange, the #bushfires would not have been so devastating. No #robodebt #sportsrorts #renororts #angusgate #grassgate etc.",en,[],[],[],0,0,1,"['drought', 'climatechange', 'bushfires', 'robodebt', 'sportsrorts', 'renororts', 'angusgate', 'grassgate']",[],https://twitter.com/TheVoodooQueen/status/1283520619997356032,False,,0,,,,,,,,"[{'screen_name': 'BarbaraHFlowers', 'name': 'Lord Darnley', 'id': '335195929'}, {'screen_name': 'knarfnamduh', 'name': 'John H aka Corvus coronoides', 'id': '95718878'}]",,,,
1283519301572538369,1283519301572538369,2020-07-15 17:50:22 EDT,2020-07-15,17:50:22,-0400,118611326,doomalert19,@ThePostmanMRT,,"#coronavirus Messiah @LouisFarrakhan warns ""The PLAGUES of God’s Judgment are on America.  There is unusual #drought and #fire in the west and unusual water in the east.  The White man is worried about…  https://t.co/Cd2rJRPr3F",en,"[{'screen_name': 'louisfarrakhan', 'name': 'the honorable minister louis farrakhan', 'id': '273469546'}]",['https://www.instagram.com/p/CCra3AUDGzD/?igshid=1jcs5ygl9mnmr'],[],0,0,0,"['coronavirus', 'drought', 'fire']",[],https://twitter.com/doomalert19/status/1283519301572538369,False,,0,,,,,,,,[],,,,
1283518005788450816,1283518005788450816,2020-07-15 17:45:13 EDT,2020-07-15,17:45:13,-0400,548945484,combyneag,Combyne Ag Trading Network,,"Huge, blessing #rain will end the Corn Belt's month of July   https://t.co/bO45KyJJew  Related: The consequences of #drought and heat stress on #corn   https://t.co/Z5VbRsAW8g",en,[],"['https://www.agriculture.com/news/crops/huge-blessing-rains-to-end-the-corn-belts-july', 'https://www.agweb.com/article/consequences-drought-and-heat-stress-corn']",[],0,0,0,"['rain', 'drought', 'corn']",[],https://twitter.com/CombyneAg/status/1283518005788450816,False,,0,,,,,,,,[],,,,
1283516942028947456,1283516942028947456,2020-07-15 17:41:00 EDT,2020-07-15,17:41:00,-0400,2689749997,cleanenergywire,Clean Energy Wire,,"""Transformation of energy sector not only helps #climate but also the water supply:"" Germany must trigger 'paradigm shift' in water management to cope with droughts - @umweltstiftung    https://t.co/r6yRxv6bid #drought #water  https://t.co/V4JRSrWnvG",en,"[{'screen_name': 'umweltstiftung', 'name': 'dbu', 'id': '63128684'}]",['https://www.cleanenergywire.org/news/germany-must-trigger-paradigm-shift-water-management-cope-droughts'],['https://pbs.twimg.com/media/Ec-g9kHXYAEscmD.png'],0,1,3,"['climate', 'drought', 'water']",[],https://twitter.com/cleanenergywire/status/1283516942028947456,False,,1,https://pbs.twimg.com/media/Ec-g9kHXYAEscmD.png,,,,,,,[],,,,
1283515412777492480,1283515412777492480,2020-07-15 17:34:55 EDT,2020-07-15,17:34:55,-0400,118611326,doomalert19,@ThePostmanMRT,,"#Jews #Christ Warns ""The FOUR Great Judgments that Allah #MasterFardMuhammad PROMISES to DESTROY America with are now coming upon her... #hail, #snow, #drought, #earthquake.   Allah (God) has reserved His treasures…  https://t.co/7XmDs5lIgL",en,[],['https://www.instagram.com/p/CCrZF2ZDLjJ/?igshid=1imanq0eck2a6'],[],0,0,0,"['jews', 'christ', 'masterfardmuhammad', 'hail', 'snow', 'drought', 'earthquake']",[],https://twitter.com/doomalert19/status/1283515412777492480,False,,0,,,,,,,,[],,,,
1283511611882274818,1283511611882274818,2020-07-15 17:19:49 EDT,2020-07-15,17:19:49,-0400,2411248964,abby_riverh2o,Abby Burk,,Finally! #Rain Woohoo! #COWater #drought  https://t.co/FR4ZP8FD0N,en,[],[],[],1,2,12,"['rain', 'cowater', 'drought']",[],https://twitter.com/Abby_RiverH2O/status/1283511611882274818,False,,1,https://pbs.twimg.com/ext_tw_video_thumb/1283511517183266816/pu/img/1pFJOW2RTxvdneRK.jpg,,,,,,,[],,,,
1283502416478994436,1283502416478994436,2020-07-15 16:43:17 EDT,2020-07-15,16:43:17,-0400,3301770607,mattbergphd,Dr. Matthew Berg,,It’s been a very rough start to #summer for #PuertoRico   #drought #watersecurity #climate #water #infrastructure   https://t.co/ZDyO4vTfBP,en,[],['https://weather.com/safety/news/2020-06-30-severe-drought-puerto-rico-state-of-emergency'],[],0,0,1,"['summer', 'puertorico', 'drought', 'watersecurity', 'climate', 'water', 'infrastructure']",[],https://twitter.com/MattBergPhD/status/1283502416478994436,False,,0,,,,,,,,[],,,,
1283496118769221632,1283496118769221632,2020-07-15 16:18:15 EDT,2020-07-15,16:18:15,-0400,4436224515,d_a_b_o,dabo,"{'type': 'Point', 'coordinates': [47.31889, 18.41361]}",#sunflowerfield #sunflowerrush #sunflower #summer #walking #dogwalking #sky #cloud #path #field #nature #sunset #dusk #color #thistle #drought #harvest #huaweimate10pro @ Zámoly  https://t.co/jTx5yaX9ge,hu,[],['https://www.instagram.com/p/CCrQUffHE3D/?igshid=167j3nji77fgm'],[],0,0,0,"['sunflowerfield', 'sunflowerrush', 'sunflower', 'summer', 'walking', 'dogwalking', 'sky', 'cloud', 'path', 'field', 'nature', 'sunset', 'dusk', 'color', 'thistle', 'drought', 'harvest', 'huaweimate10pro']",[],https://twitter.com/d_a_b_o/status/1283496118769221632,False,,0,,,,,,,,[],,,,
1283492016240951296,1283492016240951296,2020-07-15 16:01:57 EDT,2020-07-15,16:01:57,-0400,23780100,bcwaternews,BC Water News,,New software tool to model the economic and environmental impacts of California #drought  @NSF #water  https://t.co/NaBFVwcoKW,en,"[{'screen_name': 'nsf', 'name': 'national science foundation', 'id': '16245822'}]",['http://ow.ly/46Z530qXpJI'],[],0,0,0,"['drought', 'water']",[],https://twitter.com/BCWaterNews/status/1283492016240951296,False,,0,,,,,,,,[],,,,
1283491590644916225,1283491590644916225,2020-07-15 16:00:15 EDT,2020-07-15,16:00:15,-0400,2502354296,abstractwallart,Danielle Nelisse,,artist paints Depleted Water Tables #climatechange #drought in #California #abstractart #fineart #daniellenelisse #desertecosystems  https://t.co/R9e4sJBBfX,en,[],['https://ift.tt/1LuCyiS'],[],0,0,0,"['climatechange', 'drought', 'california', 'abstractart', 'fineart', 'daniellenelisse', 'desertecosystems']",[],https://twitter.com/abstractwallart/status/1283491590644916225,False,,0,,,,,,,,[],,,,
1283483364956069888,1283483364956069888,2020-07-15 15:27:34 EDT,2020-07-15,15:27:34,-0400,2950975465,dennistodey,Dennis Todey,,"Quite likely above avg temperatures #heat expected into the latter part of July through the middle of the country with weakening chances for #precip.  Some #drought issues likely to continue.  Extreme heat possible again July 25-27.  Stress for #crops, #livestock and #humans  https://t.co/9St1YCgrXD",en,[],[],"['https://pbs.twimg.com/media/Ec_YT8WVcAAJL__.png', 'https://pbs.twimg.com/media/Ec_YWhAVcAA9mh-.png', 'https://pbs.twimg.com/media/Ec_Yaa1UcAAXQgD.png']",0,9,4,"['heat', 'precip', 'drought', 'crops', 'livestock', 'humans']",[],https://twitter.com/dennistodey/status/1283483364956069888,False,,1,https://pbs.twimg.com/media/Ec_YT8WVcAAJL__.png,,,,,,,[],,,,
1283482542016954376,1283482542016954376,2020-07-15 15:24:18 EDT,2020-07-15,15:24:18,-0400,527663449,janekbrundage,Jane K Brundage,,Why #Africa's #Heatwaves Are Forgotten Impact of #ClimateChange | #SubSaharanAfrica #DeadlyHeatwaves #DisasterImpacts #Drought #ExtremeHeat #Governments #HeatActionPlan #HeatEvents #WeatherDisasters #Researchers |***|  https://t.co/zdJTwjvQf7,en,[],['https://voicesmotherearth.blogspot.com/2020/07/guest-post-why-africas-heatwaves-are_14.html'],[],0,0,0,"['africa', 'heatwaves', 'climatechange', 'subsaharanafrica', 'deadlyheatwaves', 'disasterimpacts', 'drought', 'extremeheat', 'governments', 'heatactionplan', 'heatevents', 'weatherdisasters', 'researchers']",[],https://twitter.com/JaneKBrundage/status/1283482542016954376,False,,0,,,,,,,,[],,,,
1283468979928014851,1283468979928014851,2020-07-15 14:30:25 EDT,2020-07-15,14:30:25,-0400,73880751,newphyt,New Phytologist,,New developments in understanding plant #water transport under #drought stress.  Meeting Report from the 4th Xylem International Meeting  @Xylem_Meeting #XIM4 👇   https://t.co/mUk1LEoda2  @amandaacardoso1 @KatePlantPhys @Giai_P @mradassaad @LiseMBlln @anacfanton @Jess_Gersony  https://t.co/AHrZIE5axx,en,"[{'screen_name': 'xylem_meeting', 'name': 'xylem int. meeting', 'id': '3221610597'}, {'screen_name': 'amandaacardoso1', 'name': 'amanda a. cardoso', 'id': '1101453672943370243'}, {'screen_name': 'kateplantphys', 'name': 'kate johnson', 'id': '1090082086118014977'}, {'screen_name': 'giai_p', 'name': 'giai petit', 'id': '964482816619794432'}, {'screen_name': 'mradassaad', 'name': 'assaad elias mrad', 'id': '54191161'}, {'screen_name': 'lisemblln', 'name': 'lise-marie billon', 'id': '913861218020052992'}, {'screen_name': 'anacfanton', 'name': 'ana clara fanton', 'id': '850001400046202880'}, {'screen_name': 'jess_gersony', 'name': 'jess gersony', 'id': '1275473161346338817'}]",['https://nph.onlinelibrary.wiley.com/doi/10.1111/nph.16663'],['https://pbs.twimg.com/media/Ec_MPFVWkAMNFvn.jpg'],2,10,28,"['water', 'drought', 'xim4']",[],https://twitter.com/NewPhyt/status/1283468979928014851,False,,1,https://pbs.twimg.com/media/Ec_MPFVWkAMNFvn.jpg,,,,,,,[],,,,
1283461464351739912,1283461464351739912,2020-07-15 14:00:33 EDT,2020-07-15,14:00:33,-0400,57914321,patrickrockey,Patrick Rockey WTKR,,RAIN FORECAST: 7-day rain forecast from the Weather Prediction Center. Check radar--&gt;  https://t.co/rJpa708eNn #rain #flood #drought #rainfall #showers #thunderstorm #flooding  https://t.co/dsQUc8vvRv,en,[],['https://ift.tt/2vsWBAZ'],['https://pbs.twimg.com/media/Ec_FZpBWAAUpltx.jpg'],0,0,0,"['rain', 'flood', 'drought', 'rainfall', 'showers', 'thunderstorm', 'flooding']",[],https://twitter.com/PatrickRockey/status/1283461464351739912,False,,1,https://pbs.twimg.com/media/Ec_FZpBWAAUpltx.jpg,,,,,,,[],,,,
1283455947109568513,1283455947109568513,2020-07-15 13:38:37 EDT,2020-07-15,13:38:37,-0400,2950975465,dennistodey,Dennis Todey,,Several inches of rain from cent KS-nrn MO--srn IA.  Incredibly important to a number of locations for #corn/#grasses/#soybeans.  Unfortunately missed some of the drought areas.  Hopefully more to come this week. #kswx #mowx #iawx.  #drought.  https://t.co/oJ4KLlHaPr,en,[],[],['https://pbs.twimg.com/media/Ec-_7inU0AAiJa8.png'],0,2,4,"['corn', 'grasses', 'soybeans', 'kswx', 'mowx', 'iawx', 'drought']",[],https://twitter.com/dennistodey/status/1283455947109568513,False,,1,https://pbs.twimg.com/media/Ec-_7inU0AAiJa8.png,,,,,,,[],,,,
1283452455741579265,1283452455741579265,2020-07-15 13:24:45 EDT,2020-07-15,13:24:45,-0400,1086177855950766080,climate46304220,Climate46304220,,#ClimateCrisis #climatechangeawareness @moesgoi @IndiaDST @PrakashJavdekar #flood #drought #earthquake #volcanoes #poverty #Hunger #inequality,und,"[{'screen_name': 'moesgoi', 'name': 'moes goi', 'id': '4515396408'}, {'screen_name': 'indiadst', 'name': 'dstindia', 'id': '4682100312'}, {'screen_name': 'prakashjavdekar', 'name': 'prakash javadekar', 'id': '1072993274'}]",[],[],0,0,0,"['climatecrisis', 'climatechangeawareness', 'flood', 'drought', 'earthquake', 'volcanoes', 'poverty', 'hunger', 'inequality']",[],https://twitter.com/Climate46304220/status/1283452455741579265,False,https://twitter.com/wef/status/1283438810840346625,0,,,,,,,,[],,,,
1283446955494879232,1283446955494879232,2020-07-15 13:02:54 EDT,2020-07-15,13:02:54,-0400,1229824341879095297,riversengineer,Karla Moxley,,THRIVING FOREST FUNGI CONTROL RAINFALL - FEED the FUNGI   1-Fungi - Charged Hygroscopic Spores - Cloud Condensation Nuclei.  2-Tree Leaves - Charged water vapor-Transpiration.    3-Tree W.V. Accumulates on Fungi Spore C.C.N. = RAIN #fungi #drought #forestfires #climatechange #pnw  https://t.co/uKUzNQJlua,en,[],[],['https://pbs.twimg.com/media/Ec-4JGVUcAEeNxk.jpg'],0,0,0,"['fungi', 'drought', 'forestfires', 'climatechange', 'pnw']",[],https://twitter.com/riversengineer/status/1283446955494879232,False,,1,https://pbs.twimg.com/media/Ec-4JGVUcAEeNxk.jpg,,,,,,,[],,,,
1283430877440159744,1283430877440159744,2020-07-15 11:59:00 EDT,2020-07-15,11:59:00,-0400,989036125,agamurawska,Agnieszka Murawska,,Ideas about preventing #drought in #agriculture and improved programme of our #webinar. Register now to participate tomorrow: 16 July at 10:00. Hope to meet you there! @AgroBericht  https://t.co/tmvSpQH4kP,en,"[{'screen_name': 'agrobericht', 'name': 'berichtenbuitenland', 'id': '2463303631'}]",['https://www.agroberichtenbuitenland.nl/actueel/nieuws/2020/07/10/poland-webinar-drought-prevention'],[],0,2,3,"['drought', 'agriculture', 'webinar']",[],https://twitter.com/AgaMurawska/status/1283430877440159744,False,,0,,,,,,,,[],,,,
1283430525659566080,1283430525659566080,2020-07-15 11:57:36 EDT,2020-07-15,11:57:36,-0400,14957366,ucanr,Ag&Natural Resources,,TODAY at 1pm #Drought on rangelands,en,[],[],[],0,1,1,['drought'],[],https://twitter.com/ucanr/status/1283430525659566080,False,https://twitter.com/UCRangelands/status/1283267520040861696,0,,,,,,,,[],,,,
1283425899975761921,1283425899975761921,2020-07-15 11:39:14 EDT,2020-07-15,11:39:14,-0400,774313044008587264,mrrinnovlab,MRR Innovation Lab,,New post on @Agrilinks by @MRRInnovLab director Michael Carter and @BOMAProject global program director @chamberlinwm describes why investing in women-owned business is key to resilience where families face a risk of severe #drought.  #InclusiveDevelopment  https://t.co/GOqmMAcP9f,en,"[{'screen_name': 'agrilinks', 'name': 'agrilinks', 'id': '356429740'}, {'screen_name': 'mrrinnovlab', 'name': 'mrr innovation lab', 'id': '774313044008587264'}, {'screen_name': 'bomaproject', 'name': 'the boma project', 'id': '608231209'}, {'screen_name': 'chamberlinwm', 'name': 'wendy chamberlin', 'id': '2348854676'}]",['https://www.agrilinks.org/post/key-building-resilience-rural-communities-women-entrepreneurs'],[],0,7,11,"['drought', 'inclusivedevelopment']",[],https://twitter.com/MRRInnovLab/status/1283425899975761921,False,,0,,,,,,,,[],,,,
1283421424212992000,1283421424212992000,2020-07-15 11:21:27 EDT,2020-07-15,11:21:27,-0400,39719681,iied,IIED,,IIED’s research found that there are delays of four to six months in governments officially declaring #drought. This leads to delays in sanctioning 50 additional days of wage employment that would help families cope and recover during this critical period.,en,[],[],[],0,1,1,['drought'],[],https://twitter.com/IIED/status/1283421424212992000,False,https://twitter.com/IIED/status/1283420416552456193,0,,,,,,,,[],,,,
1283421319527387142,1283421319527387142,2020-07-15 11:21:02 EDT,2020-07-15,11:21:02,-0400,2689749997,cleanenergywire,Clean Energy Wire,,"""Transformation of energy sector not only helps #climate but also the water supply:"" Germany must trigger 'paradigm shift' in water management to cope with droughts - @umweltstiftung    https://t.co/r6yRxuOAqF #drought #water  https://t.co/tOU5rJmmDu",en,"[{'screen_name': 'umweltstiftung', 'name': 'dbu', 'id': '63128684'}]",['https://www.cleanenergywire.org/news/germany-must-trigger-paradigm-shift-water-management-cope-droughts'],['https://pbs.twimg.com/media/Ec-gjDwXkAEjsb6.png'],0,0,2,"['climate', 'drought', 'water']",[],https://twitter.com/cleanenergywire/status/1283421319527387142,False,,1,https://pbs.twimg.com/media/Ec-gjDwXkAEjsb6.png,,,,,,,[],,,,
1283419240708505600,1283419240708505600,2020-07-15 11:12:46 EDT,2020-07-15,11:12:46,-0400,763829097449463808,bigmarblefarms,Big Marble Farms,,"Canada is seeing some unseasonal heat and #drought this summer, causing some #fieldcrops to ripen early. Farming in greenhouses protects our crops from wild weather swings, allowing us to manage a stable and predictable #foodsource. #Bigmarble #Alwaysgrowing #BigMarbleFirst  https://t.co/NwQUcDCAdl",en,[],[],['https://pbs.twimg.com/tweet_video_thumb/Ec-e3BSUYAAb2VE.jpg'],0,1,5,"['drought', 'fieldcrops', 'foodsource', 'bigmarble', 'alwaysgrowing', 'bigmarblefirst']",[],https://twitter.com/BigMarbleFarms/status/1283419240708505600,False,,1,https://pbs.twimg.com/tweet_video_thumb/Ec-e3BSUYAAb2VE.jpg,,,,,,,[],,,,
1283418943676276736,1283418943676276736,2020-07-15 11:11:35 EDT,2020-07-15,11:11:35,-0400,409436826,kistersna,KistersNorthAmerica,,"as Canadian municipalities face “hot, dry conditions... and low rainfall in the forecast..."" what relief can aid them with more efficient #watermanagement?  https://t.co/tffUrLehds hyperlocal #rainfall data + forecasts; #drought info, present + historical  https://t.co/Ldn4vEnMkb",en,[],"['http://HydroMaster.com', 'https://www.kisters.net/NA/products/soil-moisture-data-service/']",[],0,0,0,"['watermanagement', 'rainfall', 'drought']",[],https://twitter.com/KistersNA/status/1283418943676276736,False,https://twitter.com/CanadianWater/status/1283371282378235905,0,,,,,,,,[],,,,
1283418171467354116,1283418171467354116,2020-07-15 11:08:31 EDT,2020-07-15,11:08:31,-0400,24187549,isciences,"ISCIENCES, LLC",,ISciences WORLDWIDE WATER WATCH LIST issued 15 July 2020. Water anomalies forecast for Apr 2020-Mar 2021. #water #drought #flood #hydropower #climate #foodsecurity  https://t.co/JgkALhiAYt  https://t.co/GjWiQm6QQo,en,[],['https://www.isciences.com/blog/2020/07/15/isciences-worldwide-water-watch-list-july-2020-cbrw2'],['https://pbs.twimg.com/media/Ec-eBhNXsAE5szN.png'],0,1,1,"['water', 'drought', 'flood', 'hydropower', 'climate', 'foodsecurity']",[],https://twitter.com/isciences/status/1283418171467354116,False,,1,https://pbs.twimg.com/media/Ec-eBhNXsAE5szN.png,,,,,,,[],,,,
1283411458236264449,1283411458236264449,2020-07-15 10:41:50 EDT,2020-07-15,10:41:50,-0400,1216706012981465088,droughtof,Devastation Of Drought,,"Emerging farmer WA Klaaste from Williston about the solidarity &amp; help he experiences to oppose the ongoing drought in the Northern Cape, RSA.   #drought #devastationofdroughtmovie #southafrica #northerncape #documentary #climatechange #GlobalWarming   https://t.co/sMeKkddHwC",en,[],['https://www.youtube.com/watch?v=lx765nZ1yQs'],[],0,0,1,"['drought', 'devastationofdroughtmovie', 'southafrica', 'northerncape', 'documentary', 'climatechange', 'globalwarming']",[],https://twitter.com/DroughtOf/status/1283411458236264449,False,,0,,,,,,,,[],,,,
1283411282784407554,1283411282784407554,2020-07-15 10:41:09 EDT,2020-07-15,10:41:09,-0400,300876599,wfp_europe,WFP Europe,,"Mamatsela is 70 and she looks after her 5 grandchildren.   The #drought has affected her and the whole community in #Lesotho, but @WFP is helping them with food and cash assistance thanks to generous contributions from donors like @eu_echo. 👇",en,"[{'screen_name': 'wfp', 'name': 'world food programme', 'id': '27830610'}, {'screen_name': 'eu_echo', 'name': 'eu civil protection and humanitarian aid 🇪🇺', 'id': '470099591'}]",[],[],0,0,4,"['drought', 'lesotho']",[],https://twitter.com/WFP_Europe/status/1283411282784407554,False,,0,,,,,,,,[],,,,
1283400194948829185,1283400194948829185,2020-07-15 09:57:05 EDT,2020-07-15,09:57:05,-0400,229999442,mattmakens,Matt Makens,,"Even if Colorado's eastern plains receive above normal precipitation through the end of August, these areas still will not have productive pasture/grassland. The same can be said for WY, NM, and the TX panhandle. #drought @cattlefax @COlivestock @FencePostNews  https://t.co/atlXnUaeJh",en,"[{'screen_name': 'cattlefax', 'name': 'cattlefax', 'id': '74846319'}, {'screen_name': 'colivestock', 'name': 'colorado livestock', 'id': '2424119144'}, {'screen_name': 'fencepostnews', 'name': 'the fence post', 'id': '54330083'}]",[],['https://pbs.twimg.com/media/Ec-Nq5qWsAUtC_z.png'],0,3,4,['drought'],[],https://twitter.com/MattMakens/status/1283400194948829185,False,,1,https://pbs.twimg.com/media/Ec-Nq5qWsAUtC_z.png,,,,,,,[],,,,
1283392173992488965,1283392173992488965,2020-07-15 09:25:13 EDT,2020-07-15,09:25:13,-0400,527663449,janekbrundage,Jane K Brundage,,Why #Africa's #Heatwaves Are Forgotten Impact of #ClimateChange | #SubSaharanAfrica #DeadlyHeatwaves #DisasterImpacts #Drought #ExtremeHeat #Governments #HeatActionPlan #HeatEvents #WeatherDisasters #Researchers |**|  https://t.co/zdJTwjvQf7,en,[],['https://voicesmotherearth.blogspot.com/2020/07/guest-post-why-africas-heatwaves-are_14.html'],[],0,0,0,"['africa', 'heatwaves', 'climatechange', 'subsaharanafrica', 'deadlyheatwaves', 'disasterimpacts', 'drought', 'extremeheat', 'governments', 'heatactionplan', 'heatevents', 'weatherdisasters', 'researchers']",[],https://twitter.com/JaneKBrundage/status/1283392173992488965,False,,0,,,,,,,,[],,,,
1283386667911442432,1283386667911442432,2020-07-15 09:03:20 EDT,2020-07-15,09:03:20,-0400,250402748,coyotegulch,John Orr,,#Monsoon outlook: ‘There’s hope’  https://t.co/Rv2w2ccAhe via @DailySentinelGJ #drought,en,"[{'screen_name': 'dailysentinelgj', 'name': 'the daily sentinel', 'id': '19594500'}]",['https://www.gjsentinel.com/news/western_colorado/monsoon-outlook-there-s-hope/article_2dfee462-c5f3-11ea-9f8e-7b54b60a745c.html?utm_medium=social&utm_source=twitter&utm_campaign=user-share'],[],0,0,0,"['monsoon', 'drought']",[],https://twitter.com/CoyoteGulch/status/1283386667911442432,False,,0,,,,,,,,[],,,,
1283386574944768000,1283386574944768000,2020-07-15 09:02:58 EDT,2020-07-15,09:02:58,-0400,250402748,coyotegulch,John Orr,,#Monsoon outlook: ‘There’s hope’ — The #GrandJunction Daily Sentinel #drought  https://t.co/C2OKaZUs2T,en,[],['http://coyotegulch.blog/2020/07/15/monsoon-outlook-theres-hope-the-grandjunction-daily-sentinel-drought/'],[],0,0,0,"['monsoon', 'grandjunction', 'drought']",[],https://twitter.com/CoyoteGulch/status/1283386574944768000,False,,0,,,,,,,,[],,,,
1283374305083039744,1283374305083039744,2020-07-15 08:14:12 EDT,2020-07-15,08:14:12,-0400,1024834274,frantecol,Prof. Franciska de Vries,,"Wow! This is a very cool collection of articles, and really pleased to see our paper on how #drought affects root exudation and exudate-induced respiration included!",en,[],[],[],1,5,30,['drought'],[],https://twitter.com/frantecol/status/1283374305083039744,False,https://twitter.com/NewPhyt/status/1283174697190985728,0,,,,,,,,[],,,,
1283374146920099841,1283374146920099841,2020-07-15 08:13:35 EDT,2020-07-15,08:13:35,-0400,2425493978,frank_dlf,Frank Hansen ⛳,,In hot and dry conditions consider species like #alfalfa #plantain #red #clover and #chicory  #Alfalfa is the best performing species during #drought,en,[],[],[],0,1,1,"['alfalfa', 'plantain', 'red', 'clover', 'chicory', 'alfalfa', 'drought']",[],https://twitter.com/Frank_DLF/status/1283374146920099841,False,https://twitter.com/CedricGarnier68/status/1283290136889958401,0,,,,,,,,[],,,,
1283359460065452039,1283359460065452039,2020-07-15 07:15:13 EDT,2020-07-15,07:15:13,-0400,2463303631,agrobericht,BerichtenBuitenland,,"RT @NLagro_Budapest: Stubble cultivating in #Hungary, to germinate weed &amp;amp; lost seeds and to protect the #soil from drying out #drought @AkkerTweet",en,"[{'screen_name': 'nlagro_budapest', 'name': 'agriteam hungary & serbia', 'id': '858125450'}, {'screen_name': 'akkertweet', 'name': 'akkerwijzer.nl', 'id': '263673727'}]",[],[],0,0,0,"['hungary', 'soil', 'drought']",[],https://twitter.com/AgroBericht/status/1283359460065452039,False,,0,,,,,,,,[],,,,
1283357360766046209,1283357360766046209,2020-07-15 07:06:53 EDT,2020-07-15,07:06:53,-0400,28504918,jenncattlegal,Jennifer Carrico,,"Until it rains at my farm, I don’t want to hear how much rain you received. #drought #ruraliowa",en,[],[],[],4,0,23,"['drought', 'ruraliowa']",[],https://twitter.com/JennCattleGal/status/1283357360766046209,False,,0,,,,,,,,[],,,,
1283357208051437568,1283357208051437568,2020-07-15 07:06:16 EDT,2020-07-15,07:06:16,-0400,397950631,benjaminbodart,benjamin bodart,,🇦🇷 #Argentina precipitation 🌧️ (or the lack of it in #Cordoba &amp; #SantaFe) analysis | #drought #Agwx #oatt  https://t.co/CVCcgPnwMG,en,[],[],['https://pbs.twimg.com/media/Ec9mRV9XYAAzvOk.png'],0,2,1,"['argentina', 'cordoba', 'santafe', 'drought', 'agwx', 'oatt']",[],https://twitter.com/benjaminbodart/status/1283357208051437568,False,,1,https://pbs.twimg.com/media/Ec9mRV9XYAAzvOk.png,,,,,,,[],,,,
1283338824924319744,1283338824924319744,2020-07-15 05:53:13 EDT,2020-07-15,05:53:13,-0400,991244506623283200,globalwatchcgtn,CGTN Global Watch,,"The #Mekong River is a vital waterway linking Myanmar, Laos, Thailand, Cambodia and Vietnam. In 2019, a drought swept across the region, leading to record-low water levels and disrupted livelihoods. Many people along the waterway are still affected. #Drought #HumanitarianWatch  https://t.co/4HUN58Jt10",en,[],[],[],0,1,0,"['mekong', 'drought', 'humanitarianwatch']",[],https://twitter.com/GlobalWatchCGTN/status/1283338824924319744,False,,1,https://pbs.twimg.com/ext_tw_video_thumb/1283338497022029824/pu/img/ZJegLgoKraZ-W9Dm.jpg,,,,,,,[],,,,
1283335537789632516,1283335537789632516,2020-07-15 05:40:10 EDT,2020-07-15,05:40:10,-0400,1284066660,polyconundrum,Social & Political,,Why We Should Be Turning Waste Into Fuel #climate #drought #climatesolutions #climatecrisis  https://t.co/sgaY6gpXht  https://t.co/EIdkrRQjzI,en,[],['http://tinyurl.com/yyjdtubz'],['https://pbs.twimg.com/media/Ec9S3tlXYAIgohe.jpg'],0,0,0,"['climate', 'drought', 'climatesolutions', 'climatecrisis']",[],https://twitter.com/PolyConundrum/status/1283335537789632516,False,,1,https://pbs.twimg.com/media/Ec9S3tlXYAIgohe.jpg,,,,,,,[],,,,
1283334765815517185,1283334765815517185,2020-07-15 05:37:06 EDT,2020-07-15,05:37:06,-0400,1284066660,polyconundrum,Social & Political,,How #Israel Became A Leader In #Water Use In The #MiddleEast #climate #drought #climatechange #climatecrisis  https://t.co/kIJ9AFYPCr  https://t.co/LOe1p9h8WE,en,[],['http://tinyurl.com/y2y7k8xj'],['https://pbs.twimg.com/media/Ec9SKyyXoAEeOrB.jpg'],0,0,1,"['israel', 'water', 'middleeast', 'climate', 'drought', 'climatechange', 'climatecrisis']",[],https://twitter.com/PolyConundrum/status/1283334765815517185,False,,1,https://pbs.twimg.com/media/Ec9SKyyXoAEeOrB.jpg,,,,,,,[],,,,
1283333557637832704,1283333557637832704,2020-07-15 05:32:17 EDT,2020-07-15,05:32:17,-0400,280523653,_paulhammett,Paul Hammett,,Storage the key to reducing future #drought risks  https://t.co/1APlLucABd,en,[],['https://www.nfuonline.com/news/latest-news/water-storage-the-key-to-reducing-future-drought-risks/#.Xw7NA5KcmQY.twitter'],[],1,4,12,['drought'],[],https://twitter.com/_paulhammett/status/1283333557637832704,False,,0,,,,,,,,[],,,,
1283331189860757504,1283331189860757504,2020-07-15 05:22:53 EDT,2020-07-15,05:22:53,-0400,116627873,flyvenkat,Venkat Ramakrishnan,,The Essence Of Survival  https://t.co/NMBTAnF1Rb  #environment #biodiversity #ecosystem #poetry #rhyme #poetic #poet #poets #instapoet #instastory #poem #stanza #poemoftheday #storyoftheday #unsplash #photooftheday #instagram #nature #beauty #cactus #dry #desert #drought #water  https://t.co/raNVsOFuLL,en,[],['https://www.instagram.com/p/CCfQZt9n_N8/?igshid=1xbzvpq0qgjyh'],['https://pbs.twimg.com/media/Ec9O5UlVAAA8wh8.jpg'],0,0,1,"['environment', 'biodiversity', 'ecosystem', 'poetry', 'rhyme', 'poetic', 'poet', 'poets', 'instapoet', 'instastory', 'poem', 'stanza', 'poemoftheday', 'storyoftheday', 'unsplash', 'photooftheday', 'instagram', 'nature', 'beauty', 'cactus', 'dry', 'desert', 'drought', 'water']",[],https://twitter.com/flyvenkat/status/1283331189860757504,False,,1,https://pbs.twimg.com/media/Ec9O5UlVAAA8wh8.jpg,,,,,,,[],,,,
1283328584690683904,1283328584690683904,2020-07-15 05:12:32 EDT,2020-07-15,05:12:32,-0400,96718576,theglobalherald,The Global Herald,,Battling Hawke’s Bay farmers get much needed #Winter lift from ‘Collective Hug’ -  https://t.co/FKYwSzGYKY - #Drought,en,[],['https://theglobalherald.com/news/battling-hawkes-bay-farmers-get-much-needed-winter-lift-from-collective-hug/'],[],0,0,0,"['winter', 'drought']",[],https://twitter.com/TheGlobalHerald/status/1283328584690683904,False,,0,,,,,,,,[],,,,
1283328000461807616,1283328000461807616,2020-07-15 05:10:13 EDT,2020-07-15,05:10:13,-0400,798938290384736256,urbanscapeuk,UrbanscapeUK,,Lawns can be 30 degrees cooler than asphalt and 14 degrees cooler than bare soil in the summer heat.  https://t.co/Et5XcgckM8   #urbanscape #landscaping #keepitcool #greenroofs #urbanheatislandeffect #summer #drought #green #eco #reducedheat #waterretention #savewater #cooling  https://t.co/E4mV7QxTMY,en,[],['https://hubs.ly/H0sxgPb0'],['https://pbs.twimg.com/media/Ec9MAddWoAEb3YF.jpg'],0,0,0,"['urbanscape', 'landscaping', 'keepitcool', 'greenroofs', 'urbanheatislandeffect', 'summer', 'drought', 'green', 'eco', 'reducedheat', 'waterretention', 'savewater', 'cooling']",[],https://twitter.com/UrbanscapeUK/status/1283328000461807616,False,,1,https://pbs.twimg.com/media/Ec9MAddWoAEb3YF.jpg,,,,,,,[],,,,
1283327252982194176,1283327252982194176,2020-07-15 05:07:14 EDT,2020-07-15,05:07:14,-0400,871652874924806147,coeingenomics,Center of Excellence in Genomics & Systems Biology,,Latest study by national partner @icarindia- IARI and @ICRISAT @coeingenomics provides useful insights in identification of new ASR genes for #drought tolerance and  development of functional markers for #chickpea improvement.    #Openaccess @PLOS paper:  https://t.co/pr7SCbqNkV  https://t.co/mk0PYKJUJn,en,"[{'screen_name': 'icarindia', 'name': 'indian council of agricultural research.', 'id': '314404867'}, {'screen_name': 'icrisat', 'name': 'icrisat', 'id': '102661215'}, {'screen_name': 'coeingenomics', 'name': 'center of excellence in genomics & systems biology', 'id': '871652874924806147'}, {'screen_name': 'plos', 'name': 'plos', 'id': '12819112'}]",['https://bit.ly/32kFy4z'],"['https://pbs.twimg.com/media/Ec9LUCeVcAElmN_.jpg', 'https://pbs.twimg.com/media/Ec9LUCgU4AIyyd7.jpg', 'https://pbs.twimg.com/media/Ec9LUCjU8AAHg6v.jpg']",1,4,30,"['drought', 'chickpea', 'openaccess']",[],https://twitter.com/coeingenomics/status/1283327252982194176,False,,1,https://pbs.twimg.com/media/Ec9LUCeVcAElmN_.jpg,,,,,,,[],,,,
1283317956324331520,1283317956324331520,2020-07-15 04:30:18 EDT,2020-07-15,04:30:18,-0400,858125450,nlagro_budapest,AgriTeam Hungary & Serbia,,"Stubble cultivating in #Hungary, to germinate weed &amp; lost seeds and to protect the #soil from drying out #drought @AkkerTweet  https://t.co/17u2eMGajl",en,"[{'screen_name': 'akkertweet', 'name': 'akkerwijzer.nl', 'id': '263673727'}]",[],[],0,1,3,"['hungary', 'soil', 'drought']",[],https://twitter.com/NLagro_Budapest/status/1283317956324331520,False,,1,https://pbs.twimg.com/ext_tw_video_thumb/1283317922698530816/pu/img/P5B5HaCnLKLbCB-Q.jpg,,,,,,,[],,,,
1283310335563358211,1283310335563358211,2020-07-15 04:00:01 EDT,2020-07-15,04:00:01,-0400,2201283403,copernicusems,Copernicus EMS,,"Through the ""Risk of Drought Impact for Agriculture"" indicator, #GDO helps public authorities and international organisations understand if there is a food security risk &amp; allows them to set up mitigating measures. 👉 Find other global #drought data here   https://t.co/psTgG09QEQ  https://t.co/sBtFvYLyXp",en,[],['https://bit.ly/2ZzJuLS'],['https://pbs.twimg.com/media/Ec3nwRwXoAAwmQe.png'],0,14,35,"['gdo', 'drought']",[],https://twitter.com/CopernicusEMS/status/1283310335563358211,False,,1,https://pbs.twimg.com/media/Ec3nwRwXoAAwmQe.png,,,,,,,[],,,,
1283310333587861504,1283310333587861504,2020-07-15 04:00:00 EDT,2020-07-15,04:00:00,-0400,580910737,euroseedseu,Euroseeds,,"#Plantbreeders 🌱 work to respond to society’s need for stable yields &amp; diseases-resistant crops. Through an increased understanding of plant biology, they could develop characteristics such as disease resistance or #drought tolerance.  👉  https://t.co/oytCewG8Vg #EmbracingNature  https://t.co/CWnc9CjHOT",en,[],['https://bit.ly/2J2vsun'],[],0,0,5,"['plantbreeders', 'drought', 'embracingnature']",[],https://twitter.com/EuroseedsEU/status/1283310333587861504,False,,1,https://pbs.twimg.com/ext_tw_video_thumb/1283061475905622016/pu/img/WIY5gZCR95TUooAE.jpg,,,,,,,[],,,,
1283305446510649344,1283305446510649344,2020-07-15 03:40:35 EDT,2020-07-15,03:40:35,-0400,1217787455597961216,leed_greifswald,Landscape Ecology and Ecosystem Dynamics,,Now published: 2018 / 2019 effects of #drought on #forest via @IOPscience  https://t.co/2whXuB0wTa,en,"[{'screen_name': 'iopscience', 'name': 'iopscience', 'id': '1675861410'}]",['https://iopscience.iop.org/article/10.1088/1748-9326/ab865d'],[],0,0,0,"['drought', 'forest']",[],https://twitter.com/Leed_Greifswald/status/1283305446510649344,False,,0,,,,,,,,[],,,,
1283300279362785280,1283300279362785280,2020-07-15 03:20:03 EDT,2020-07-15,03:20:03,-0400,4273305207,ramanmann1974,Ramandeep Singh Mann,,Fighting #drought by retaining the water ! #Batya #Hungary #farmers #agriculture  https://t.co/E2PfS5rBxa,en,[],[],[],1,8,25,"['drought', 'batya', 'hungary', 'farmers', 'agriculture']",[],https://twitter.com/ramanmann1974/status/1283300279362785280,False,,1,https://pbs.twimg.com/ext_tw_video_thumb/1283299823714578433/pu/img/VRZZvVG1bQjkuc6R.jpg,,,,,,,[],,,,
1283298381406679040,1283298381406679040,2020-07-15 03:12:31 EDT,2020-07-15,03:12:31,-0400,717987177628581888,nuvoenergy,Nuvo Energy,,RT: Power4All2025: RT wef: Scientists discover new ‘human fingerprint’ on global drought patterns  https://t.co/XDVvC1JUMg #ClimateChange #drought  https://t.co/uTSHtNmCzN,en,[],['https://bit.ly/3j9hAzB'],['https://pbs.twimg.com/media/Ec5czvkXsAMtucL.jpg'],0,0,0,"['climatechange', 'drought']",[],https://twitter.com/NuvoEnergy/status/1283298381406679040,False,,1,https://pbs.twimg.com/media/Ec5czvkXsAMtucL.jpg,,,,,,,[],,,,
1283297084754604032,1283297084754604032,2020-07-15 03:07:22 EDT,2020-07-15,03:07:22,-0400,47506106,isaaa_org,ISAAA,,Plant tissue engineering improves #drought and #salinity tolerance in Arabidopsis. Read details in #CropBiotechUpdate:  https://t.co/PPo2VO24gq  https://t.co/PPo2VO24gq,en,[],"['https://bit.ly/2OpucEp', 'https://bit.ly/2OpucEp']",[],0,1,4,"['drought', 'salinity', 'cropbiotechupdate']",[],https://twitter.com/isaaa_org/status/1283297084754604032,False,,0,,,,,,,,[],,,,
1283294831276695554,1283294831276695554,2020-07-15 02:58:24 EDT,2020-07-15,02:58:24,-0400,1132130642378993665,preacherveteran,Preacher + Veteran,,"RT salvos: Our local #Salvos teams are working hard to provide relief and assistance to farmers, their families, businesses &amp; properties where the #drought is still having a crippling impact. Read more here:  https://t.co/2WF99hHTnc  https://t.co/xsNWLAQjiN",en,[],['http://ow.ly/mN0750AyBzH'],['https://pbs.twimg.com/media/Ec8mN5AXYAYrMDt.png'],0,0,0,"['salvos', 'drought']",[],https://twitter.com/PreacherVeteran/status/1283294831276695554,False,,1,https://pbs.twimg.com/media/Ec8mN5AXYAYrMDt.png,,,,,,,[],,,,
1283286443419467777,1283286443419467777,2020-07-15 02:25:05 EDT,2020-07-15,02:25:05,-0400,15423488,salvos,Salvos Australia,,"Our local #Salvos teams are working hard to provide relief and assistance to farmers, their families, businesses &amp; properties where the #drought is still having a crippling impact. Read more here:  https://t.co/Mxs6CMDVVP  https://t.co/ZNLxw3bvuD",en,[],['http://ow.ly/mN0750AyBzH'],['https://pbs.twimg.com/media/Ec8mN5AXYAYrMDt.png'],1,2,6,"['salvos', 'drought']",[],https://twitter.com/salvos/status/1283286443419467777,False,,1,https://pbs.twimg.com/media/Ec8mN5AXYAYrMDt.png,,,,,,,[],,,,
1283267520040861696,1283267520040861696,2020-07-15 01:09:53 EDT,2020-07-15,01:09:53,-0400,3221634468,ucrangelands,UC Rangelands,,"Working #Rangelands Wednesdays webinar TOMORROW, July 15th at 1pm PDT. We will feature a panel of #ranchers discussing how they cope with #drought on federal and non-federal public lands in California.  Register at  https://t.co/ZDffs7480d  @ucanr @ucdavisCAES @UCDavisPlants  https://t.co/p1eCpdx9sd",en,"[{'screen_name': 'ucanr', 'name': 'ag&natural resources', 'id': '14957366'}, {'screen_name': 'ucdaviscaes', 'name': 'ca&es, uc davis', 'id': '21678449'}, {'screen_name': 'ucdavisplants', 'name': 'uc davis plants', 'id': '963213830'}]",['https://tinyurl.com/WRW2020'],['https://pbs.twimg.com/media/Ec8VAgSUcAEQ1V5.jpg'],0,3,3,"['rangelands', 'ranchers', 'drought']",[],https://twitter.com/UCRangelands/status/1283267520040861696,False,,1,https://pbs.twimg.com/media/Ec8VAgSUcAEQ1V5.jpg,,,,,,,[],,,,
1283243431247130625,1283243431247130625,2020-07-14 23:34:10 EDT,2020-07-14,23:34:10,-0400,302748080,john34239,John Wisdom,,#haiku #drought #grapes   rainless days— one grape on a vine glistening,en,[],[],[],2,20,36,"['haiku', 'drought', 'grapes']",[],https://twitter.com/john34239/status/1283243431247130625,False,,0,,,,,,,,[],,,,
1283229673959428097,1283229673959428097,2020-07-14 22:39:30 EDT,2020-07-14,22:39:30,-0400,527663449,janekbrundage,Jane K Brundage,,Why #Africa's #Heatwaves Are Forgotten Impact of #ClimateChange | #SubSaharanAfrica #DeadlyHeatwaves #DisasterImpacts #Drought #ExtremeHeat #Governments #HeatActionPlan #HeatEvents #WeatherDisasters #Researchers |*|  https://t.co/zdJTwjvQf7,en,[],['https://voicesmotherearth.blogspot.com/2020/07/guest-post-why-africas-heatwaves-are_14.html'],[],0,0,0,"['africa', 'heatwaves', 'climatechange', 'subsaharanafrica', 'deadlyheatwaves', 'disasterimpacts', 'drought', 'extremeheat', 'governments', 'heatactionplan', 'heatevents', 'weatherdisasters', 'researchers']",[],https://twitter.com/JaneKBrundage/status/1283229673959428097,False,,0,,,,,,,,[],,,,
1283228366632439808,1282995286122496001,2020-07-14 22:34:18 EDT,2020-07-14,22:34:18,-0400,170113893,maulescreek,MCCC,,"@EVERALDATLARGE That's because each crosses into other no-go zones for gov't.  e.g. '#Drought policy' touches on climate, environmental sustainability, resource mgt, regional economics and equity.  Gov't won't put in science based metrics, benchmarks or min stds, prefers to drip feed instead",en,[],[],[],0,0,1,['drought'],[],https://twitter.com/MaulesCreek/status/1283228366632439808,False,,0,,,,,,,,"[{'screen_name': 'EVERALDATLARGE', 'name': 'EVERALD COMPTON', 'id': '73981267'}]",,,,
1283221281698123778,1283221281698123778,2020-07-14 22:06:09 EDT,2020-07-14,22:06:09,-0400,768328671337775104,thebratnaae,Naae 🧜🏽‍♀️.,,What sex feel like 😩🥴🥴🥴 #drought,en,[],[],[],1,1,0,['drought'],[],https://twitter.com/TheBratNaae/status/1283221281698123778,False,https://twitter.com/Lonerboyizzy/status/1282723334111875072,0,,,,,,,,[],,,,
1283203865358237696,1283202564515749889,2020-07-14 20:56:56 EDT,2020-07-14,20:56:56,-0400,1927156488,veronicasam13,I'm V and no DMs frm strangers😷 🐾🍩🚲🌊🕊️🌱📷🎨,,"@ruthumstweets I learned something new today and thank you. So, we're going to have 40 days of sunshine? Cool.  #drought 😄",en,[],[],[],0,0,0,['drought'],[],https://twitter.com/VeronicaSam13/status/1283203865358237696,False,,0,,,,,,,,"[{'screen_name': 'ruthumstweets', 'name': 'Ruth says Justice Matters 🆘', 'id': '824211759602905088'}]",,,,
1283199654486700032,1283199654486700032,2020-07-14 20:40:12 EDT,2020-07-14,20:40:12,-0400,4376557580,aares_inc,AARES,,"Upcoming #Webinar CGE modelling of Australia's triple catastrophe: #Drought, #Bushfires and #COVID19  🌧🔥🦠 Presenter: Prof Glyn Wittwer 📆 22 July 2020 🕠 1pm AEST More information and to register  https://t.co/G1FpINOXIv All welcome.",en,[],['https://register.gotowebinar.com/register/8513463966468847373'],[],0,3,4,"['webinar', 'drought', 'bushfires', 'covid19']",[],https://twitter.com/AARES_Inc/status/1283199654486700032,False,,0,,,,,,,,[],,,,
1283198584846815232,1283198584846815232,2020-07-14 20:35:57 EDT,2020-07-14,20:35:57,-0400,23484619,pdjmoo,pdjmoo,,"🆘 People of UMERKOT, Pakistan, Need Water.  Deprived of the basic human right, #WATER, youths have started a trend on Twitter and Facebook #TharNeedsWater  #ClimateChange #Drought   https://t.co/YiZTVCXPWs",en,[],['https://vns-live.com/2020/07/14/umerkot-needs-water/'],[],0,0,0,"['water', 'tharneedswater', 'climatechange', 'drought']",[],https://twitter.com/pdjmoo/status/1283198584846815232,False,,0,,,,,,,,[],,,,
