id,conversation_id,created_at,date,time,timezone,user_id,username,name,place,tweet,language,mentions,urls,photos,replies_count,retweets_count,likes_count,hashtags,cashtags,link,retweet,quote_url,video,thumbnail,near,geo,source,user_rt_id,user_rt,retweet_id,reply_to,retweet_date,translate,trans_src,trans_dest
1272931613991723010,1272931613991723010,2020-06-16 12:38:41 EDT,2020-06-16,12:38:41,-0400,1093882811260514304,stewarttitlewpc,Stewart Title Waupaca,,Did you know that 75% of #FlashFlood reports in the U.S. occur from late April through mid-Sept? It’s important to be prepared any time. Download our Flood Preparedness Checklist to make sure you have everything you need in case of an unexpected flood.  https://t.co/ly99GU4xVu,en,[],[],['https://pbs.twimg.com/media/EapcjfNWkAI2Ouf.jpg'],0,0,0,['flashflood'],[],https://twitter.com/StewartTitleWpc/status/1272931613991723010,False,,1,https://pbs.twimg.com/media/EapcjfNWkAI2Ouf.jpg,,,,,,,[],,,,
1272931558085754882,1272931558085754882,2020-06-16 12:38:28 EDT,2020-06-16,12:38:28,-0400,1133431499519332355,oshkoshtitle,Stewart Title Oshkosh,,Did you know that 75% of #FlashFlood reports in the U.S. occur from late April through mid-Sept? It’s important to be prepared any time. Download our Flood Preparedness Checklist to make sure you have everything you need in case of an unexpected flood.  https://t.co/cqfgVg5gib,en,[],[],['https://pbs.twimg.com/media/EapcgTHXYAAK0-3.jpg'],0,0,0,['flashflood'],[],https://twitter.com/OshkoshTitle/status/1272931558085754882,False,,1,https://pbs.twimg.com/media/EapcgTHXYAAK0-3.jpg,,,,,,,[],,,,
1272931503698325504,1272931503698325504,2020-06-16 12:38:15 EDT,2020-06-16,12:38:15,-0400,1093228795731922944,stewarttitleapl,Stewart Title Appleton,,Did you know that 75% of #FlashFlood reports in the U.S. occur from late April through mid-Sept? It’s important to be prepared any time. Download our Flood Preparedness Checklist to make sure you have everything you need in case of an unexpected flood.  https://t.co/aFme8q6kGZ,en,[],[],['https://pbs.twimg.com/media/Eapcc1QXQAg_MT5.jpg'],0,0,0,['flashflood'],[],https://twitter.com/StewartTitleApl/status/1272931503698325504,False,,1,https://pbs.twimg.com/media/Eapcc1QXQAg_MT5.jpg,,,,,,,[],,,,
1272931457053470722,1272931457053470722,2020-06-16 12:38:03 EDT,2020-06-16,12:38:03,-0400,1133444079579279360,title_stewart,Stewart Title Brookfield,,Did you know that 75% of #FlashFlood reports in the U.S. occur from late April through mid-Sept? It’s important to be prepared any time. Download our Flood Preparedness Checklist to make sure you have everything you need in case of an unexpected flood.  https://t.co/V9n7sViIPY,en,[],[],['https://pbs.twimg.com/media/EapcaaAX0AAOYKu.jpg'],0,0,0,['flashflood'],[],https://twitter.com/title_stewart/status/1272931457053470722,False,,1,https://pbs.twimg.com/media/EapcaaAX0AAOYKu.jpg,,,,,,,[],,,,
1272924289889689601,1272924289889689601,2020-06-16 12:09:35 EDT,2020-06-16,12:09:35,-0400,1173295284874596358,umbc_floodbot,UMBC Flood Bot,,"Temperature reading at Hamilton Street Parking at 2020-06-16 12:09 Lot is: 79.34 and the water level at the Hudson Branch is : 0.36 inch. #ECStrong,#HoCoMD, #EllicottCityMD,# #ECFlood,#ECStrong,#Flood,#Flashflood,#Floodbot,#AIConverse  https://t.co/UdoDuV20uy",en,[],[],['https://pbs.twimg.com/media/EapV5XrXQAIUgZh.jpg'],0,1,0,"['ecstrong', 'hocomd', 'ellicottcitymd', 'ecflood', 'ecstrong', 'flood', 'flashflood', 'floodbot', 'aiconverse']",[],https://twitter.com/umbc_floodbot/status/1272924289889689601,False,,1,https://pbs.twimg.com/media/EapV5XrXQAIUgZh.jpg,,,,,,,[],,,,
1272894649166958593,1272894649166958593,2020-06-16 10:11:48 EDT,2020-06-16,10:11:48,-0400,19023369,qirex3093,Dave Rob,"{'type': 'Point', 'coordinates': [53.42595, -2.32037]}","Well, that was wet⛈🌧 . . . . . #thunderstorm #flashflood #lotsofrain #wetwetwet #suddendownpour #gladiminside #gladiminsidetoday #thinkillstayinside @ Sale, Cheshire  https://t.co/2YB5ai7jrx",en,[],['https://www.instagram.com/p/CBf7VGeDg4i/?igshid=8ff11von3a59'],[],0,0,0,"['thunderstorm', 'flashflood', 'lotsofrain', 'wetwetwet', 'suddendownpour', 'gladiminside', 'gladiminsidetoday', 'thinkillstayinside']",[],https://twitter.com/qirex3093/status/1272894649166958593,False,,0,,,,,,,,[],,,,
1272833493471502338,1272833493471502338,2020-06-16 06:08:47 EDT,2020-06-16,06:08:47,-0400,1173295284874596358,umbc_floodbot,UMBC Flood Bot,,"Temperature reading at Hamilton Street Parking at 2020-06-16 06:08 Lot is: 59.0 and the water level at the Hudson Branch is : 0.26 inch. #ECStrong,#HoCoMD, #EllicottCityMD,# #ECFlood,#ECStrong,#Flood,#Flashflood,#Floodbot,#AIConverse  https://t.co/JzF5bSiwKw",en,[],[],['https://pbs.twimg.com/media/EaoDUU3XQAAmtjM.jpg'],0,1,0,"['ecstrong', 'hocomd', 'ellicottcitymd', 'ecflood', 'ecstrong', 'flood', 'flashflood', 'floodbot', 'aiconverse']",[],https://twitter.com/umbc_floodbot/status/1272833493471502338,False,,1,https://pbs.twimg.com/media/EaoDUU3XQAAmtjM.jpg,,,,,,,[],,,,
1272693132535070720,1272693132535070720,2020-06-15 20:51:02 EDT,2020-06-15,20:51:02,-0400,3754584864,m_ixedbag,Mixed Bag,,Shout- out to @coffeeandpaneer and @HanaKhalique for taking the time to read and share all the @nationalflashfd #FlashFlood stories. Thank you both so much for everything you do for the #writingcommmunity.,en,"[{'screen_name': 'coffeeandpaneer', 'name': 'anita goveas (36,898/42,000 novella words)', 'id': '143897482'}, {'screen_name': 'hanakhalique', 'name': 'farhana khalique', 'id': '2569386738'}, {'screen_name': 'nationalflashfd', 'name': 'national flash fiction day', 'id': '392180069'}]",[],[],1,1,26,"['flashflood', 'writingcommmunity']",[],https://twitter.com/m_ixedbag/status/1272693132535070720,False,,0,,,,,,,,[],,,,
1272685060169388032,1272685060169388032,2020-06-15 20:18:58 EDT,2020-06-15,20:18:58,-0400,1272317277770260485,valorantstorm,Rainstorm,,Introducing our 2020 roster  Sage: @i_Spyy_ Controller: @BorgeValorant Breach: @b10ndi Intel: @TenzuVEVO Flex: @SneaksiesOW #Flashflood,en,"[{'screen_name': 'i_spyy_', 'name': 'ispiy', 'id': '1272338299789729794'}, {'screen_name': 'borgevalorant', 'name': 'borge', 'id': '1272320486467424256'}, {'screen_name': 'b10ndi', 'name': 'blondie', 'id': '3241065191'}, {'screen_name': 'tenzuvevo', 'name': 'tenzu', 'id': '968183891763826688'}]",[],[],1,2,3,['flashflood'],[],https://twitter.com/ValorantStorm/status/1272685060169388032,False,,0,,,,,,,,[],,,,
