id,conversation_id,created_at,date,time,timezone,user_id,username,name,place,tweet,language,mentions,urls,photos,replies_count,retweets_count,likes_count,hashtags,cashtags,link,retweet,quote_url,video,thumbnail,near,geo,source,user_rt_id,user_rt,retweet_id,reply_to,retweet_date,translate,trans_src,trans_dest
975879835150049280,975879835150049280,2018-03-19 19:40:58 EDT,2018-03-19,19:40:58,-0400,116537112,hollywooddebi,Debi Staron,,#SoCal   #FlashFlood watch  https://t.co/5MmBIlhN1z,en,[],['https://twitter.com/CountyofLA/status/975878683838758913'],[],0,0,1,"['socal', 'flashflood']",[],https://twitter.com/HollywoodDebi/status/975879835150049280,False,https://twitter.com/CountyofLA/status/975878683838758913,0,,,,,,,,[],,,,
975869276610486272,975869276610486272,2018-03-19 18:59:00 EDT,2018-03-19,18:59:00,-0400,116537112,hollywooddebi,Debi Staron,,#FlashFlood watch for much of #SoCal  it's been awhile since i've heard THAT  seems it never rains in southern california...  https://t.co/cycbUFvvac,en,[],['https://twitter.com/AmberLeeNews/status/975868974314475520'],[],0,0,0,"['flashflood', 'socal']",[],https://twitter.com/HollywoodDebi/status/975869276610486272,False,https://twitter.com/AmberLeeNews/status/975868974314475520,0,,,,,,,,[],,,,
975854313082970114,975854313082970114,2018-03-19 17:59:33 EDT,2018-03-19,17:59:33,-0400,139691187,cshondawoods,C. Shonda Woods M.Ed LREA,,New post on my site: Be careful on the roads today! #flashflood #rain #weather  https://t.co/YOmgWU4rQN,en,[],['http://bit.ly/2tS0Gxt'],[],0,0,0,"['flashflood', 'rain', 'weather']",[],https://twitter.com/CShondaWoods/status/975854313082970114,False,,0,,,,,,,,[],,,,
975811244392292352,975811244392292352,2018-03-19 15:08:25 EDT,2018-03-19,15:08:25,-0400,142524023,theraab,Matt Raab,,"is it really going to rain like four inches in LA this week, @NWSLosAngeles???? #winterstorm #flashflood #larain #raabidfun",en,"[{'screen_name': 'nwslosangeles', 'name': 'nws los angeles', 'id': '599632006'}]",[],[],0,0,0,"['winterstorm', 'flashflood', 'larain', 'raabidfun']",[],https://twitter.com/theraab/status/975811244392292352,False,,0,,,,,,,,[],,,,
975722657613099008,975722657613099008,2018-03-19 09:16:24 EDT,2018-03-19,09:16:24,-0400,1320318554,elprocus,ElProCus,,Automatic #flashflood intimation through #Gsmnetwork in which  information send to station master through SMS to prevent rail accidents when the water level increase by using #GSMProtocols.   #ElectronicProjects #Elprocus #Electricalprojects  https://t.co/3BYNkZivVy,en,[],[],[],0,0,0,"['flashflood', 'gsmnetwork', 'gsmprotocols', 'electronicprojects', 'elprocus', 'electricalprojects']",[],https://twitter.com/elprocus/status/975722657613099008,False,,1,https://pbs.twimg.com/ext_tw_video_thumb/975721820908236801/pu/img/6t2jgViPl1GnXuwb.jpg,,,,,,,[],,,,
975673419479085056,975673419479085056,2018-03-19 06:00:44 EDT,2018-03-19,06:00:44,-0400,41164967,teamapcia,American Property Casualty Insurance Association,,If there’s a #flashflood warning/watch here are some helpful tips! Avoid rushing water-don’t drive through it either  https://t.co/u4qnj67axF  https://t.co/rMmYDkMkjT,en,[],['http://bit.ly/FlashFloodPCI'],['https://pbs.twimg.com/media/DYpJzaPV4AA0ROU.jpg'],0,0,1,['flashflood'],[],https://twitter.com/TeamAPCIA/status/975673419479085056,False,,1,https://pbs.twimg.com/media/DYpJzaPV4AA0ROU.jpg,,,,,,,[],,,,
975671360151277568,975671360151277568,2018-03-19 05:52:34 EDT,2018-03-19,05:52:34,-0400,83099755,madrid122,angelika giese,,"Espectacular inundación en Belo Horizonte, #Brasil @Limportant_fr  #FlashFlood L'important   https://t.co/4MSQrs1kcd",es,"[{'screen_name': 'limportant_fr', 'name': ""l'important"", 'id': '1271852322'}]",['https://erbeben-earthquake-terremoto.blogspot.com/2018/03/espectacular-inundacion-en-belo.html'],[],0,0,0,"['brasil', 'flashflood']",[],https://twitter.com/madrid122/status/975671360151277568,False,,0,,,,,,,,[],,,,
975551643784658945,975551643784658945,2018-03-18 21:56:51 EDT,2018-03-18,21:56:51,-0400,15691609,haidaprincess,Haida Princess (Lori),,"😨#@severeweatherEU: *World #Weather* Another view of the intense #flashflood in 🙏🏽Belo Horizonte, 🇧🇷#Brazil  March 16! Video: Sandra Melo  https://t.co/thLzHY1WiX",en,[],[],[],0,7,6,"['weather', 'flashflood', 'brazil']",[],https://twitter.com/HaidaPrincess/status/975551643784658945,False,,1,https://pbs.twimg.com/ext_tw_video_thumb/975078438859104256/pu/img/lvHA63AfeouWKyt4.jpg,,,,,,,[],,,,
975539602848145408,975539602848145408,2018-03-18 21:09:00 EDT,2018-03-18,21:09:00,-0400,237043493,awininsurance,AWINInsurance,,"If you're worried about flooding this spring, be prepared before it hits. #floodprep #beprepared #adulting #flashflood #emergencypreparedness  https://t.co/pM9Wds3NtL",en,[],['https://hubs.ly/H0bkX3p0'],[],0,1,1,"['floodprep', 'beprepared', 'adulting', 'flashflood', 'emergencypreparedness']",[],https://twitter.com/AWINInsurance/status/975539602848145408,False,,0,,,,,,,,[],,,,
