id,conversation_id,created_at,date,time,timezone,user_id,username,name,place,tweet,language,mentions,urls,photos,replies_count,retweets_count,likes_count,hashtags,cashtags,link,retweet,quote_url,video,thumbnail,near,geo,source,user_rt_id,user_rt,retweet_id,reply_to,retweet_date,translate,trans_src,trans_dest
766379164383391744,766379164383391744,2016-08-18 17:00:06 EDT,2016-08-18,17:00:06,-0400,41164967,teamapcia,American Property Casualty Insurance Association,,If there is any possibility of a #flashflood in your area immediately get to higher ground away from rushing waters.  https://t.co/u4qnj5Pz95,en,[],['http://bit.ly/FlashFloodPCI'],[],0,1,0,['flashflood'],[],https://twitter.com/TeamAPCIA/status/766379164383391744,False,,0,,,,,,,,[],,,,
766379159840968704,766379159840968704,2016-08-18 17:00:04 EDT,2016-08-18,17:00:04,-0400,182966795,ashleysolovy,Ashley Solovy,,If there is any possibility of a #flashflood in your area immediately get to higher ground away from rushing waters.  https://t.co/WinyqMyBu1,en,[],['http://bit.ly/FlashFloodPCI'],[],0,0,0,['flashflood'],[],https://twitter.com/AshleySolovy/status/766379159840968704,False,,0,,,,,,,,[],,,,
766353866359267328,766353866359267328,2016-08-18 15:19:34 EDT,2016-08-18,15:19:34,-0400,764011111,disastermapnet,DisasterMap.net,,New #FlashFlood warnings in effect for area NW and SE of #Lafayette #Louisiana.   https://t.co/zsYrPk8e0W  https://t.co/7giEh5FWwt,en,[],['http://DisasterMap.net'],['https://pbs.twimg.com/media/CqKiSsLW8AAfRGs.jpg'],0,0,0,"['flashflood', 'lafayette', 'louisiana']",[],https://twitter.com/DisasterMapnet/status/766353866359267328,False,,1,https://pbs.twimg.com/media/CqKiSsLW8AAfRGs.jpg,,,,,,,[],,,,
766196892216745984,766196892216745984,2016-08-18 04:55:49 EDT,2016-08-18,04:55:49,-0400,2247970886,morgankolkmeyer,Morgan Kolkmeyer,,"Join me in 1 hour on @13wrex for the latest on the #flashflood warning, plus rain chances through the weekend #ilwx",en,"[{'screen_name': '13wrex', 'name': '13wrex', 'id': '15357578'}]",[],[],0,2,3,"['flashflood', 'ilwx']",[],https://twitter.com/MorganKolkmeyer/status/766196892216745984,False,,0,,,,,,,,[],,,,
766099632841719810,766099632841719810,2016-08-17 22:29:20 EDT,2016-08-17,22:29:20,-0400,359811608,granmarkee,🕵Bëąšť Øf Ďą £ąšť🎙,,SEEMS LIKE THE ONLY THING HOLDING US TOGETHER IS A NATURAL DISASTER #UHAVE2PRAY #LouisianaFlood #DME #SC #LIVESTRONG #USA #843 #FLASHFLOOD,en,[],[],[],0,1,1,"['uhave2pray', 'louisianaflood', 'dme', 'sc', 'livestrong', 'usa', 'flashflood']",[],https://twitter.com/GranMarkee/status/766099632841719810,False,,0,,,,,,,,[],,,,
766097874367184900,766097874367184900,2016-08-17 22:22:21 EDT,2016-08-17,22:22:21,-0400,764011111,disastermapnet,DisasterMap.net,,"#Tornados reported near #Pittsburg, #Cincinnati.  #FlashFlood watch near #WashingtonDC.   https://t.co/zsYrPk8e0W  https://t.co/dOkzHA3sF8",en,[],['http://DisasterMap.net'],['https://pbs.twimg.com/media/CqG58zkW8AADDSA.jpg'],0,0,0,"['tornados', 'pittsburg', 'cincinnati', 'flashflood', 'washingtondc']",[],https://twitter.com/DisasterMapnet/status/766097874367184900,False,,1,https://pbs.twimg.com/media/CqG58zkW8AADDSA.jpg,,,,,,,[],,,,
766094881836011520,766094881836011520,2016-08-17 22:10:27 EDT,2016-08-17,22:10:27,-0400,88000973,tre7583,Traci Smith,,#FlashFlood #Warning  https://t.co/y9rOP48Pij,und,[],['https://www.instagram.com/p/BJO5ewGB7zkepL_4KpKhb3TaU3A98EtF54lFAo0/'],[],0,0,0,"['flashflood', 'warning']",[],https://twitter.com/tre7583/status/766094881836011520,False,,0,,,,,,,,[],,,,
766070847832399872,766070847832399872,2016-08-17 20:34:57 EDT,2016-08-17,20:34:57,-0400,21214165,dave_nussbaum,Dave Nussbaum,,"#FlashFlood Warning now for #BatonRouge! 2"" of rain has fallen &amp; 1-2"" more possible. Watch for rising water! @WWLTV  https://t.co/fTcP3eHL9P",en,"[{'screen_name': 'wwltv', 'name': 'wwl-tv', 'id': '14269771'}]",[],['https://pbs.twimg.com/media/CqGhXE4WcAAonxz.jpg'],1,7,2,"['flashflood', 'batonrouge']",[],https://twitter.com/Dave_Nussbaum/status/766070847832399872,False,,1,https://pbs.twimg.com/media/CqGhXE4WcAAonxz.jpg,,,,,,,[],,,,
