id,conversation_id,created_at,date,time,timezone,user_id,username,name,place,tweet,language,mentions,urls,photos,replies_count,retweets_count,likes_count,hashtags,cashtags,link,retweet,quote_url,video,thumbnail,near,geo,source,user_rt_id,user_rt,retweet_id,reply_to,retweet_date,translate,trans_src,trans_dest
917825005278425089,917825005278425089,2017-10-10 14:51:48 EDT,2017-10-10,14:51:48,-0400,237454089,kymesonet,Kentucky Mesonet,,"Our stations in Muhlenberg (CCTY) and Ohio (HTFD) counties have picked up over 3"" of rain since 11:00 AM CDT. #kywx #flashflood #kymesonet  https://t.co/msUOPeJ73n",en,[],[],"['https://pbs.twimg.com/media/DLzEGFWUMAAfC_o.jpg', 'https://pbs.twimg.com/media/DLzEyHSUIAEUg-l.jpg']",0,3,3,"['kywx', 'flashflood', 'kymesonet']",[],https://twitter.com/kymesonet/status/917825005278425089,False,,1,https://pbs.twimg.com/media/DLzEGFWUMAAfC_o.jpg,,,,,,,[],,,,
917777889445150720,917777889445150720,2017-10-10 11:44:34 EDT,2017-10-10,11:44:34,-0400,4441163601,coastaltech1,CoastalTechServices,,"We specialize in water intrusion, and all natural perils. #flashflood #floodcoverage  https://t.co/eATuAt3B5s",en,[],['https://twitter.com/NWSBirmingham/status/917399272873713664'],[],0,1,0,"['flashflood', 'floodcoverage']",[],https://twitter.com/CoastalTech1/status/917777889445150720,False,https://twitter.com/NWSBirmingham/status/917399272873713664,0,,,,,,,,[],,,,
917743346608738304,917743346608738304,2017-10-10 09:27:19 EDT,2017-10-10,09:27:19,-0400,2236462740,comparegurusa,CompareGuru SA,,Keep safe out there! We have some hints for what to do if you are caught in a #flashflood #DurbanStorm  https://t.co/XzPH0P0Nh7  https://t.co/2dyY4bl858,en,[],['https://goo.gl/Lv9FH3'],['https://pbs.twimg.com/media/DLx6swvWAAAwnUe.jpg'],0,0,1,"['flashflood', 'durbanstorm']",[],https://twitter.com/comparegurusa/status/917743346608738304,False,,1,https://pbs.twimg.com/media/DLx6swvWAAAwnUe.jpg,,,,,,,[],,,,
917589810562392064,917589810562392064,2017-10-09 23:17:13 EDT,2017-10-09,23:17:13,-0400,30385564,chrisatonce,Christopher Ryan,,The rain tonight was wild. . . . #stlwx #mowx #rainstorm #flashflood #rainystreet #carsinrain #stormsurge #thunder…  https://t.co/873HMixISf  https://t.co/ywVyidjEqN,en,[],['http://ift.tt/2zb2MJA'],['https://pbs.twimg.com/media/DLvvEc6WsAA0uGf.jpg'],0,0,5,"['stlwx', 'mowx', 'rainstorm', 'flashflood', 'rainystreet', 'carsinrain', 'stormsurge', 'thunder']",[],https://twitter.com/ChrisAtOnce/status/917589810562392064,False,,1,https://pbs.twimg.com/media/DLvvEc6WsAA0uGf.jpg,,,,,,,[],,,,
