id,conversation_id,created_at,date,time,timezone,user_id,username,name,place,tweet,language,mentions,urls,photos,replies_count,retweets_count,likes_count,hashtags,cashtags,link,retweet,quote_url,video,thumbnail,near,geo,source,user_rt_id,user_rt,retweet_id,reply_to,retweet_date,translate,trans_src,trans_dest
1283524079044222977,1283524079044222977,2020-07-15 18:09:21 EDT,2020-07-15,18:09:21,-0400,1173295284874596358,umbc_floodbot,UMBC Flood Bot,,"Temperature reading at Hamilton Street Parking at 2020-07-15 18:09 Lot is: 72.32 and the water level at the Hudson Branch is : 0.00 inch. #ECStrong,#HoCoMD, #EllicottCityMD,# #ECFlood,#ECStrong,#Flood,#Flashflood,#Floodbot,#AIConverse  https://t.co/sSmBtR1R0r",en,[],[],['https://pbs.twimg.com/media/Ec_-WSjXYAM6aEE.jpg'],0,0,0,"['ecstrong', 'hocomd', 'ellicottcitymd', 'ecflood', 'ecstrong', 'flood', 'flashflood', 'floodbot', 'aiconverse']",[],https://twitter.com/umbc_floodbot/status/1283524079044222977,False,,1,https://pbs.twimg.com/media/Ec_-WSjXYAM6aEE.jpg,,,,,,,[],,,,
1283480299569942529,1283480299569942529,2020-07-15 15:15:23 EDT,2020-07-15,15:15:23,-0400,262077429,picazomario,Mario Picazo,,De 0 a 100 en cuestión de minutos. En verano infórmate bien de las condiciones meteorológicas en tu zona antes de salir al monte. En barrancos y cañones una tormenta lejana puede producir una inundación relámpago como la de este vídeo en nada #flashflood  https://t.co/9v7rB1mIeC,es,[],['https://twitter.com/MeteOrihuela/status/1283440384128045058?s=20'],[],2,72,234,['flashflood'],[],https://twitter.com/picazomario/status/1283480299569942529,False,https://twitter.com/MeteOrihuela/status/1283440384128045058?s=20,0,,,,,,,,[],,,,
1283458013265895425,1283458013265895425,2020-07-15 13:46:50 EDT,2020-07-15,13:46:50,-0400,2434240555,cocadepanses,coca de panses,,Las ramblas son el medio para evacuar las lluvias torrenciales (y también las del deshielo). En este fantástico vídeo se ve perfectamente el peligro que pueden suponer y la erosión que provocan en el relieve #Flashflood,es,[],[],[],0,0,4,['flashflood'],[],https://twitter.com/cocadepanses/status/1283458013265895425,False,https://twitter.com/apuntoratge/status/1283297717536661504,0,,,,,,,,[],,,,
1283440384128045058,1283440384128045058,2020-07-15 12:36:47 EDT,2020-07-15,12:36:47,-0400,234909442,meteorihuela,MeteOrihuela,,"¡Impresionante! Ejemplo de libro de una inundación relámpago o #flashflood. Ayer (14/07/2020), Rambla Albosa a su paso por las inmediaciones de #LosIsidros, pedanía de #Requena (#Valencia). @StormchaserUKEU @picazomario. Vídeo: @cabeza15granota.  https://t.co/GtN4Ai4fgt",es,"[{'screen_name': 'stormchaserukeu', 'name': 'weather/ meteo world', 'id': '4318639042'}, {'screen_name': 'picazomario', 'name': 'mario picazo', 'id': '262077429'}, {'screen_name': 'cabeza15granota', 'name': 'davizinho', 'id': '156042825'}]",[],[],10,104,247,"['flashflood', 'losisidros', 'requena', 'valencia']",[],https://twitter.com/MeteOrihuela/status/1283440384128045058,False,,1,https://pbs.twimg.com/ext_tw_video_thumb/1283439520621498369/pu/img/l7190fZuPJl5eRI4.jpg,,,,,,,[],,,,
1283433607206440961,1283433607206440961,2020-07-15 12:09:51 EDT,2020-07-15,12:09:51,-0400,1173295284874596358,umbc_floodbot,UMBC Flood Bot,,"Temperature reading at Hamilton Street Parking at 2020-07-15 12:09 Lot is: 72.32 and the water level at the Hudson Branch is : 0.00 inch. #ECStrong,#HoCoMD, #EllicottCityMD,# #ECFlood,#ECStrong,#Flood,#Flashflood,#Floodbot,#AIConverse  https://t.co/2G4fxrKqU1",en,[],[],['https://pbs.twimg.com/media/Ec-sEKiWoAIx27_.jpg'],0,0,0,"['ecstrong', 'hocomd', 'ellicottcitymd', 'ecflood', 'ecstrong', 'flood', 'flashflood', 'floodbot', 'aiconverse']",[],https://twitter.com/umbc_floodbot/status/1283433607206440961,False,,1,https://pbs.twimg.com/media/Ec-sEKiWoAIx27_.jpg,,,,,,,[],,,,
1283409060281212928,1283409060281212928,2020-07-15 10:32:19 EDT,2020-07-15,10:32:19,-0400,1256497390258999297,whatsuphillsc,whatsuphills.com,,"n 28 June 2020, a flash flood sluiced right through the middle of Passingdong, Upper Dzongu, North Sikkim leading to the wreckage of several properties and impeding connectivity.  https://t.co/qX8RPfwpks . . . #sikkim #landslide #flashflood #darjeeling",en,[],['https://www.whatsuphills.com/dzongu-rethinking-narratives-on-development-disasters-and-displacement/'],[],0,0,0,"['sikkim', 'landslide', 'flashflood', 'darjeeling']",[],https://twitter.com/WhatsuphillsC/status/1283409060281212928,False,,0,,,,,,,,[],,,,
1283408831045935105,1283408831045935105,2020-07-15 10:31:24 EDT,2020-07-15,10:31:24,-0400,1143121084692217856,batecrius,El batec dels rius,,"Els rius #temporals i #efímers poden passar d'estar secs a portar un gran volum d'aigua en pocs minuts. Aquest fenòmen s'anomena ""inundació sobtada"" (flash flood). Un bon exemple és la #RamblaAlbosa. Al•lucinant!  #BatecRius #BatecAlbosa #flashflood",ca,[],[],[],0,10,32,"['temporals', 'efímers', 'ramblaalbosa', 'batecrius', 'batecalbosa', 'flashflood']",[],https://twitter.com/batecrius/status/1283408831045935105,False,https://twitter.com/apuntoratge/status/1283297717536661504,0,,,,,,,,[],,,,
1283382006404046848,1283382006404046848,2020-07-15 08:44:49 EDT,2020-07-15,08:44:49,-0400,143142203,worldnewsdotcom,World News Network,,At least 16 dead and dozens missing as heavy floods hit #Indonesia  #NaturalDisasters #FlashFlood   https://t.co/NxAPw8tjhF  https://t.co/DouP1XDjMv,en,[],['https://article.worldnews.com/view/2020/07/15/At_least_16_dead_and_dozens_missing_as_heavy_floods_hit_Indo/'],['https://pbs.twimg.com/media/Ec99IKUXoAMn5t6.jpg'],0,0,1,"['indonesia', 'naturaldisasters', 'flashflood']",[],https://twitter.com/worldnewsdotcom/status/1283382006404046848,False,,1,https://pbs.twimg.com/media/Ec99IKUXoAMn5t6.jpg,,,,,,,[],,,,
1283342946960539648,1283342946960539648,2020-07-15 06:09:36 EDT,2020-07-15,06:09:36,-0400,1173295284874596358,umbc_floodbot,UMBC Flood Bot,,"Temperature reading at Hamilton Street Parking at 2020-07-15 06:09 Lot is: 72.32 and the water level at the Hudson Branch is : 0.00 inch. #ECStrong,#HoCoMD, #EllicottCityMD,# #ECFlood,#ECStrong,#Flood,#Flashflood,#Floodbot,#AIConverse  https://t.co/ikpRum0lS0",en,[],[],['https://pbs.twimg.com/media/Ec9ZnB3XgAEZPWs.jpg'],0,0,0,"['ecstrong', 'hocomd', 'ellicottcitymd', 'ecflood', 'ecstrong', 'flood', 'flashflood', 'floodbot', 'aiconverse']",[],https://twitter.com/umbc_floodbot/status/1283342946960539648,False,,1,https://pbs.twimg.com/media/Ec9ZnB3XgAEZPWs.jpg,,,,,,,[],,,,
1283328840639500290,1283327950759190528,2020-07-15 05:13:33 EDT,2020-07-15,05:13:33,-0400,902155538762424320,chayanika900,Chayaa,,The municipality should decide an area wise ideal plinth height to every building n flats planned to be newly constructed. This can atleast minimize the possibility of water entering into its neighbouring houses.  @gmc_guwahati @DCKamrupMetro  #flashflood #Guwahati  #AssamFloods,en,"[{'screen_name': 'gmc_guwahati', 'name': 'guwahati municipal corporation', 'id': '893365882331643904'}, {'screen_name': 'dckamrupmetro', 'name': 'kamrup metro district administration', 'id': '1039378774964555777'}]",[],[],1,2,6,"['flashflood', 'guwahati', 'assamfloods']",[],https://twitter.com/Chayanika900/status/1283328840639500290,False,,0,,,,,,,,[],,,,
1283301792722255873,1283301792722255873,2020-07-15 03:26:04 EDT,2020-07-15,03:26:04,-0400,776063255198388226,pragnews,Prag News,," https://t.co/Quc48mXxyC  মানুহকে ধৰি জীৱ-জন্তুৱেও বানৰ কৱলত দিশহাৰাৰ সন্মুখীন৷ কাজিৰঙাকে ধৰি বিভিন্ন ৰাষ্ট্ৰীয় উদ্যান, অভয়াৰণ্যতো বানে সৃষ্টি কৰিছে প্ৰলয়ৰ৷ আমাৰ এক বিশেষ প্ৰতিবেদন৷  #AssamFlood #LaokhowaWildlifeSanctuary #Laokhowa #Animals #FloodVictim #Kaziranga #FlashFlood",bn,[],['https://business.facebook.com/pragnewsassam/videos/2737847196540657/?t=0'],[],0,0,0,"['assamflood', 'laokhowawildlifesanctuary', 'laokhowa', 'animals', 'floodvictim', 'kaziranga', 'flashflood']",[],https://twitter.com/PragNews/status/1283301792722255873,False,,0,,,,,,,,[],,,,
1283281744368558081,1283281744368558081,2020-07-15 02:06:24 EDT,2020-07-15,02:06:24,-0400,1275417907254554625,newsbellapp,News Bell,,"Flash floods and landslides have killed at least 16 people and displaced hundreds in the Indonesian island of #Sulawesi, The flood affected more than 4,000 residents of six sub-districts in North Luwu. We are with the people of #Indonesia #Flashflood  https://t.co/p2eKXqB85T",en,[],[],['https://pbs.twimg.com/media/Ec8h6jmU4AAG9nH.jpg'],0,0,0,"['sulawesi', 'indonesia', 'flashflood']",[],https://twitter.com/NewsBellApp/status/1283281744368558081,False,,1,https://pbs.twimg.com/media/Ec8h6jmU4AAG9nH.jpg,,,,,,,[],,,,
1283236415447302146,1283236415447302146,2020-07-14 23:06:17 EDT,2020-07-14,23:06:17,-0400,1249236257034522624,ercb_id,ERCB,,Our thoughts and prayers are with you.  #prayformasamba #masamba #luwuutara #flashflood #banjirluwuutara #humanity  https://t.co/AWLgIQtfXg,en,[],[],['https://pbs.twimg.com/media/Ec74twTUYAEA8Df.jpg'],0,0,0,"['prayformasamba', 'masamba', 'luwuutara', 'flashflood', 'banjirluwuutara', 'humanity']",[],https://twitter.com/ERCB_ID/status/1283236415447302146,False,,1,https://pbs.twimg.com/media/Ec74twTUYAEA8Df.jpg,,,,,,,[],,,,
1283209655301414912,1283209655301414912,2020-07-14 21:19:57 EDT,2020-07-14,21:19:57,-0400,2285451024,newportthisweek,Newport ThisWeek,,This just in:  It rained a lot.   Video in from a reader shows after effects around Elm St and America’s Cup.  Thanks to Peter Martin  #NewportRI #FlashFlood  https://t.co/VvjRsxYYVS,en,[],[],[],1,1,3,"['newportri', 'flashflood']",[],https://twitter.com/NewportThisWeek/status/1283209655301414912,False,,1,https://pbs.twimg.com/ext_tw_video_thumb/1283209618114650123/pu/img/mqKC0GuIS2uSoPNo.jpg,,,,,,,[],,,,
