id,conversation_id,created_at,date,time,timezone,user_id,username,name,place,tweet,language,mentions,urls,photos,replies_count,retweets_count,likes_count,hashtags,cashtags,link,retweet,quote_url,video,thumbnail,near,geo,source,user_rt_id,user_rt,retweet_id,reply_to,retweet_date,translate,trans_src,trans_dest
627951127426772992,627951127426772992,2015-08-02 17:16:30 EDT,2015-08-02,17:16:30,-0400,3224640192,foodtruckslasve,foodtruckslasvegas,,#whatislasvegastoyou #flashflood REBLOG  https://t.co/Ns72gNxMmR,da,[],['https://twitter.com/LasVegasVans/status/627949955022360576'],[],0,0,0,"['whatislasvegastoyou', 'flashflood']",[],https://twitter.com/foodtruckslasve/status/627951127426772992,False,https://twitter.com/LasVegasVans/status/627949955022360576,0,,,,,,,,[],,,,
627946989565706240,627946989565706240,2015-08-02 17:00:03 EDT,2015-08-02,17:00:03,-0400,2195091523,mitchfeed,mitch,,"Uh, so much for having dry clothes! #FlashFlood #Rain  https://t.co/uBYZqVBGq0",en,[],['https://instagram.com/p/55TGAZrzYI/'],[],0,0,0,"['flashflood', 'rain']",[],https://twitter.com/MitchFeed/status/627946989565706240,False,,0,,,,,,,,[],,,,
627921119366942720,627921119366942720,2015-08-02 15:17:15 EDT,2015-08-02,15:17:15,-0400,598794798,nmrxexpress,NMRailRunnerExpress,,Crews are making final repairs to the track today. Regular service is expected to resume on Monday.  http://t.co/RsztlTv2IK #flashflood,en,[],['http://bit.ly/1eIGwem'],[],0,0,0,['flashflood'],[],https://twitter.com/NMRXExpress/status/627921119366942720,False,,0,,,,,,,,[],,,,
627885321691099136,627885321691099136,2015-08-02 12:55:00 EDT,2015-08-02,12:55:00,-0400,41164967,teamapcia,American Property Casualty Insurance Association,,If there’s a #flashflood warning/watch here are some helpful tips! Avoid rushing water-don’t drive through it either  http://t.co/u4qnj5Pz95,en,[],['http://bit.ly/FlashFloodPCI'],[],0,1,0,['flashflood'],[],https://twitter.com/TeamAPCIA/status/627885321691099136,False,,0,,,,,,,,[],,,,
627885321573699584,627885321573699584,2015-08-02 12:55:00 EDT,2015-08-02,12:55:00,-0400,18217970,margueritetort,MargueriteTortorello,,If there’s a #flashflood warning/watch here are some helpful tips! Avoid rushing water-don’t drive through it either  http://t.co/gV2VyEyq7H,en,[],['http://bit.ly/FlashFloodPCI'],[],0,0,0,['flashflood'],[],https://twitter.com/MargueriteTort/status/627885321573699584,False,,0,,,,,,,,[],,,,
627867705807245316,627867705807245316,2015-08-02 11:45:00 EDT,2015-08-02,11:45:00,-0400,41164967,teamapcia,American Property Casualty Insurance Association,,#Severewx can cause #flashflood warnings! What are some safety tips if caught in a #flood?  http://t.co/u4qnj5Pz95 #floodsafety #flwx,en,[],['http://bit.ly/FlashFloodPCI'],[],0,0,0,"['severewx', 'flashflood', 'flood', 'floodsafety', 'flwx']",[],https://twitter.com/TeamAPCIA/status/627867705807245316,False,,0,,,,,,,,[],,,,
627867705744318464,627867705744318464,2015-08-02 11:45:00 EDT,2015-08-02,11:45:00,-0400,18217970,margueritetort,MargueriteTortorello,,#Severewx can cause #flashflood warnings! What are some safety tips if caught in a #flood?  http://t.co/gV2VyEyq7H #floodsafety #flwx,en,[],['http://bit.ly/FlashFloodPCI'],[],0,0,0,"['severewx', 'flashflood', 'flood', 'floodsafety', 'flwx']",[],https://twitter.com/MargueriteTort/status/627867705744318464,False,,0,,,,,,,,[],,,,
627864937797283840,627864937797283840,2015-08-02 11:34:00 EDT,2015-08-02,11:34:00,-0400,41164967,teamapcia,American Property Casualty Insurance Association,,#Flashflood watch means a flash flood is possible in the area &amp; #flashflood warning means take action  http://t.co/u4qnj5Pz95 #flwx,en,[],['http://bit.ly/FlashFloodPCI'],[],0,0,1,"['flashflood', 'flashflood', 'flwx']",[],https://twitter.com/TeamAPCIA/status/627864937797283840,False,,0,,,,,,,,[],,,,
627864936903872514,627864936903872514,2015-08-02 11:34:00 EDT,2015-08-02,11:34:00,-0400,18217970,margueritetort,MargueriteTortorello,,#Flashflood watch means a flash flood is possible in the area &amp; #flashflood warning means take action  http://t.co/gV2VyEyq7H #flwx,en,[],['http://bit.ly/FlashFloodPCI'],[],0,0,0,"['flashflood', 'flashflood', 'flwx']",[],https://twitter.com/MargueriteTort/status/627864936903872514,False,,0,,,,,,,,[],,,,
627856543925583872,627856543925583872,2015-08-02 11:00:39 EDT,2015-08-02,11:00:39,-0400,2673275361,kevinbaezsf,Kevin Baez,,A #FlashFlood can happen in seconds. Make sure you know what to do if you find yourself in this dangerous situation.  http://t.co/sySKOdF9Eg,en,[],['http://st8.fm/WKz'],[],0,0,0,['flashflood'],[],https://twitter.com/KevinBaezSF/status/627856543925583872,False,,0,,,,,,,,[],,,,
627820094865846272,627820094865846272,2015-08-02 08:35:49 EDT,2015-08-02,08:35:49,-0400,23146721,byronkoat,Byron Morton KOAT,,Here we go again! More #FlashFlood Watches for #NewMexico When we'll get a break now on #KOAT 7! #NMwx #ABQ  http://t.co/AcIlb3ho9L,en,[],[],['https://pbs.twimg.com/media/CLZ3DLpUAAE6Xoe.png'],0,0,1,"['flashflood', 'newmexico', 'koat', 'nmwx', 'abq']",[],https://twitter.com/ByronKOAT/status/627820094865846272,False,,1,https://pbs.twimg.com/media/CLZ3DLpUAAE6Xoe.png,,,,,,,[],,,,
627727836732899328,627727836732899328,2015-08-02 02:29:13 EDT,2015-08-02,02:29:13,-0400,493213859,neptanow,NEPTA,,Tampa Bay Flash Flooding   https://t.co/NjtSCMuLeh  #Flashflood #Tampa #Preparedness  http://t.co/qcPfzTgkTr,en,[],"['https://m.youtube.com/watch?v=Mb0z3VKj0Uo', 'http://fb.me/3dox8VsFj']",[],0,0,0,"['flashflood', 'tampa', 'preparedness']",[],https://twitter.com/Neptanow/status/627727836732899328,False,,0,,,,,,,,[],,,,
627721969237127168,627721969237127168,2015-08-02 02:05:54 EDT,2015-08-02,02:05:54,-0400,19847998,ryankward,Ryan ward,,Flash floods are no joke. This one took the road out just minutes before we got here. #flashflood…  https://t.co/8fACwTAgcM,en,[],['https://instagram.com/p/53sw3eKwi0/'],[],0,0,0,['flashflood'],[],https://twitter.com/RyanKWard/status/627721969237127168,False,,0,,,,,,,,[],,,,
627713597234241536,627713597234241536,2015-08-02 01:32:38 EDT,2015-08-02,01:32:38,-0400,23146721,byronkoat,Byron Morton KOAT,,#FlashFlood Warning #Hobbs Cars reportedly stranded in high water.  http://t.co/X78yP4YXpv #NMwx #KOAT  http://t.co/gCe94x6fGK,en,[],['http://www.koat.com/weather/radar'],['https://pbs.twimg.com/media/CLYWMJ6UMAACTXJ.jpg'],0,0,0,"['flashflood', 'hobbs', 'nmwx', 'koat']",[],https://twitter.com/ByronKOAT/status/627713597234241536,False,,1,https://pbs.twimg.com/media/CLYWMJ6UMAACTXJ.jpg,,,,,,,[],,,,
627704346373922816,627704346373922816,2015-08-02 00:55:53 EDT,2015-08-02,00:55:53,-0400,2483011278,tigerghostrides,tigerghostrides,"{'type': 'Point', 'coordinates': [39.10895, -84.5124605]}",Horse pee has no business on city streets. #horsepee #flashflood,en,[],[],[],0,0,0,"['horsepee', 'flashflood']",[],https://twitter.com/tigerghostrides/status/627704346373922816,False,,0,,,,,,,,[],,,,
627675352135962625,627675352135962625,2015-08-01 23:00:40 EDT,2015-08-01,23:00:40,-0400,2872574585,meshamccartysf,State Farm Agent MM,,A #FlashFlood can happen in seconds. Make sure you know what to do if you find yourself in this dangerous situation.  http://t.co/sTNYFe8gRQ,en,[],['http://st8.fm/WKz'],[],0,0,0,['flashflood'],[],https://twitter.com/meshamccartysf/status/627675352135962625,False,,0,,,,,,,,[],,,,
627675289053585408,627675289053585408,2015-08-01 23:00:25 EDT,2015-08-01,23:00:25,-0400,2187790975,mertb63d,Marilyn Mert Lewis,,A #FlashFlood can happen in seconds. Make sure you know what to do if you find yourself in this dangerous situation.  http://t.co/7hDCdb5gWn,en,[],['http://st8.fm/WKz'],[],0,0,0,['flashflood'],[],https://twitter.com/mertb63d/status/627675289053585408,False,,0,,,,,,,,[],,,,
627651149982625793,627651149982625793,2015-08-01 21:24:30 EDT,2015-08-01,21:24:30,-0400,842563657,stormmaster17,Weather ⛈ More,,KTLH - SuperRes Reflectivity Tilt 1 9:20 PM #FLwx #FlashFlood #Summer #EarlyAugust #RadarScope  http://t.co/h3txB6B4NK,es,[],[],['https://pbs.twimg.com/tweet_video_thumb/CLXdYG_UsAAsvMx.png'],0,0,0,"['flwx', 'flashflood', 'summer', 'earlyaugust', 'radarscope']",[],https://twitter.com/stormmaster17/status/627651149982625793,False,,1,https://pbs.twimg.com/tweet_video_thumb/CLXdYG_UsAAsvMx.png,,,,,,,[],,,,
627649878399676417,627649878399676417,2015-08-01 21:19:26 EDT,2015-08-01,21:19:26,-0400,842563657,stormmaster17,Weather ⛈ More,,KTBW - SuperRes Reflectivity Tilt 1 9:15 PM #FLwx #FlashFlood #Summer #EarlyAugust #RadarScope  http://t.co/mawxAjXeXu,en,[],[],['https://pbs.twimg.com/tweet_video_thumb/CLXcOqDUkAAQR2Y.png'],0,0,0,"['flwx', 'flashflood', 'summer', 'earlyaugust', 'radarscope']",[],https://twitter.com/stormmaster17/status/627649878399676417,False,,1,https://pbs.twimg.com/tweet_video_thumb/CLXcOqDUkAAQR2Y.png,,,,,,,[],,,,
