id,conversation_id,created_at,date,time,timezone,user_id,username,name,place,tweet,language,mentions,urls,photos,replies_count,retweets_count,likes_count,hashtags,cashtags,link,retweet,quote_url,video,thumbnail,near,geo,source,user_rt_id,user_rt,retweet_id,reply_to,retweet_date,translate,trans_src,trans_dest
1043234984872615937,1043234984872615937,2018-09-21 16:26:17 EDT,2018-09-21,16:26:17,-0400,2440823659,kytxweather,KYTX CBS19 Weather,,"Four more counties have been added to the #FlashFlood Watch through Saturday. They include #Franklin, #Titus, #Camp, and #Morris Counties. #Hopkins County remains under a Flash Flood Watch as well. #TXwx #CBS19  https://t.co/c3t8dnWJUw",en,[],[],['https://pbs.twimg.com/media/DnpQsHNXoAMCHWd.jpg'],0,0,0,"['flashflood', 'franklin', 'titus', 'camp', 'morris', 'hopkins', 'txwx', 'cbs19']",[],https://twitter.com/KYTXWEATHER/status/1043234984872615937,False,,1,https://pbs.twimg.com/media/DnpQsHNXoAMCHWd.jpg,,,,,,,[],,,,
1043234900256612352,1043234900256612352,2018-09-21 16:25:57 EDT,2018-09-21,16:25:57,-0400,1319337792,mikebehrenswx,Meteorologist Michael Behrens,,"Four more counties have been added to the #FlashFlood Watch through Saturday. They include #Franklin, #Titus, #Camp, and #Morris Counties. #Hopkins County remains under a Flash Flood Watch as well. #TXwx #CBS19  https://t.co/shbys8WUJ4",en,[],[],['https://pbs.twimg.com/media/DnpQnMtVsAAjv5S.jpg'],0,0,0,"['flashflood', 'franklin', 'titus', 'camp', 'morris', 'hopkins', 'txwx', 'cbs19']",[],https://twitter.com/MikeBehrensWX/status/1043234900256612352,False,,1,https://pbs.twimg.com/media/DnpQnMtVsAAjv5S.jpg,,,,,,,[],,,,
1043234612045139968,1043234612045139968,2018-09-21 16:24:48 EDT,2018-09-21,16:24:48,-0400,1262918486,alexgarcia_wx,alex garcia,,Flash Flood Watch in effect until 1pm Saturday.  Stay Alert!  @ryanwolf @JessicaHeadley_ @KABBFOX29  #flashflood #storms  https://t.co/rUCFOOBway,en,"[{'screen_name': 'ryanwolf', 'name': 'ryan wolf', 'id': '16078203'}, {'screen_name': 'jessicaheadley_', 'name': 'jessica headley tv', 'id': '51759139'}, {'screen_name': 'kabbfox29', 'name': 'kabb fox 29', 'id': '52047494'}]",[],['https://pbs.twimg.com/media/DnpQKnRUcAA7yfT.jpg'],0,0,0,"['flashflood', 'storms']",[],https://twitter.com/alexgarcia_wx/status/1043234612045139968,False,,1,https://pbs.twimg.com/media/DnpQKnRUcAA7yfT.jpg,,,,,,,[],,,,
1043230096310423552,1043230096310423552,2018-09-21 16:06:51 EDT,2018-09-21,16:06:51,-0400,297261364,chalicegarden,Dr. V #DAT #WearAMask,,"NC: Updated road/flash flood, emergency contacts, supplies, meals, pet evac/shelter, all here:  https://t.co/m6FCgnU34o Please RT. 💚 #NorthCarolinaStrong #NorthCarolina #FlashFlood #HurricaneFlorence #Florence #FridayFeeling",en,[],['https://docs.google.com/spreadsheets/d/1A0vJHHl2tpg0VF6eLpgo7_kVY8HZTl5ruEQt4HpkyHs/'],[],0,9,5,"['northcarolinastrong', 'northcarolina', 'flashflood', 'hurricaneflorence', 'florence', 'fridayfeeling']",[],https://twitter.com/ChaliceGarden/status/1043230096310423552,False,,0,,,,,,,,[],,,,
1043224781859049473,1043224781859049473,2018-09-21 15:45:44 EDT,2018-09-21,15:45:44,-0400,110967761,svrwxchaser,Chimera Comstock,,".@okmesonet site in Fittstown, OK (FITT) reporting 11.06 in (279.55 cm) of rain has fallen TODAY! That's very impressive and easy to see why @NWSNorman issued a #flashflood emergency for the area. Current radar showing heavy rain still falling there. #turnarounddontdrown #okwx  https://t.co/W4wq5KCwsL",en,"[{'screen_name': 'okmesonet', 'name': 'oklahoma mesonet', 'id': '85642187'}, {'screen_name': 'nwsnorman', 'name': 'nws norman', 'id': '303994581'}]",[],"['https://pbs.twimg.com/media/DnpGn3fVAAAoEGP.jpg', 'https://pbs.twimg.com/media/DnpGn3bU0AE_HYe.jpg', 'https://pbs.twimg.com/media/DnpGoaSUcAA0DPy.jpg']",0,0,0,"['flashflood', 'turnarounddontdrown', 'okwx']",[],https://twitter.com/SvrWxChaser/status/1043224781859049473,False,,1,https://pbs.twimg.com/media/DnpGn3fVAAAoEGP.jpg,,,,,,,[],,,,
1043222454120919040,1043222454120919040,2018-09-21 15:36:29 EDT,2018-09-21,15:36:29,-0400,766899066345099267,etiennefargetmc,Etienne Farget,,"#Flashflood emergency for Pontotoc, Coal, and Johnston Counties. Here is the total precipitation accumulation on based on @NHC_Atlantic colors. Near 8 inch (200 mm) are already fallen.  https://t.co/io1fDqxs0L",en,"[{'screen_name': 'nhc_atlantic', 'name': 'national hurricane center', 'id': '299798272'}]",[],['https://pbs.twimg.com/media/DnpEmitWwAIv4wF.jpg'],0,1,0,['flashflood'],[],https://twitter.com/EtienneFargetMC/status/1043222454120919040,False,,1,https://pbs.twimg.com/media/DnpEmitWwAIv4wF.jpg,,,,,,,[],,,,
1043214954550181890,1043214954550181890,2018-09-21 15:06:41 EDT,2018-09-21,15:06:41,-0400,59575995,weizhard,Bongani Ndlovu,,Time to reflect. . . . . . .  #piccadillycircus #london #londonfashion #streetphotographer #flashflood #streetstyle #streets #england #streetphotography #reflections #reflectiongram #time #reflect #rain #sunset #jumbotron #sneekers #shoes  https://t.co/Y6M4ZqwpBa  https://t.co/5fuFwf7pOZ,en,[],['https://ift.tt/2OKkw5N'],['https://pbs.twimg.com/media/Dno-eQMXgAU_Sw5.jpg'],0,0,2,"['piccadillycircus', 'london', 'londonfashion', 'streetphotographer', 'flashflood', 'streetstyle', 'streets', 'england', 'streetphotography', 'reflections', 'reflectiongram', 'time', 'reflect', 'rain', 'sunset', 'jumbotron', 'sneekers', 'shoes']",[],https://twitter.com/weizhard/status/1043214954550181890,False,,1,https://pbs.twimg.com/media/Dno-eQMXgAU_Sw5.jpg,,,,,,,[],,,,
1043190461081387008,1043190461081387008,2018-09-21 13:29:22 EDT,2018-09-21,13:29:22,-0400,297261364,chalicegarden,Dr. V #DAT #WearAMask,,#Florence #HurricaneFlorence #NorthCarolina #Dam #FlashFlood,und,[],[],[],0,0,0,"['florence', 'hurricaneflorence', 'northcarolina', 'dam', 'flashflood']",[],https://twitter.com/ChaliceGarden/status/1043190461081387008,False,https://twitter.com/Jr3597/status/1043183169707630598,0,,,,,,,,[],,,,
1043177615945854978,1043177615945854978,2018-09-21 12:38:19 EDT,2018-09-21,12:38:19,-0400,279136688,usweatherexpert,Mike Smith,,Mike Smith Enterprises Blog: Flash #Flood Danger: Southern Great Plains  https://t.co/OtE57FOI9S   #flashflood #okwx #oklahoma #txwx #texas #DFWwx #dallas,en,[],['http://www.mikesmithenterprisesblog.com/2018/09/flash-flood-danger-southern-great-plains.html?spref=tw'],[],0,0,0,"['flood', 'flashflood', 'okwx', 'oklahoma', 'txwx', 'texas', 'dfwwx', 'dallas']",[],https://twitter.com/USWeatherExpert/status/1043177615945854978,False,,0,,,,,,,,[],,,,
1043114363991801861,1043114363991801861,2018-09-21 08:26:59 EDT,2018-09-21,08:26:59,-0400,702278455,myradarwx,MyRadar Weather,,There’s an ongoing #flashflood #warning for parts of west central #Texas. Rain rates of 1-2 “ an hour will make for dangerous conditions through mid morning.  https://t.co/QC6uUUdjhe,en,[],[],['https://pbs.twimg.com/media/Dnni-WhW0AAJI1O.jpg'],0,4,2,"['flashflood', 'warning', 'texas']",[],https://twitter.com/MyRadarWX/status/1043114363991801861,False,,1,https://pbs.twimg.com/media/Dnni-WhW0AAJI1O.jpg,,,,,,,[],,,,
1043106320541462530,1043106320541462530,2018-09-21 07:55:01 EDT,2018-09-21,07:55:01,-0400,4106531654,donowx,Donovan Neal | ApexStorm,,"GET READY FOR RAIN - Showers and thunderstorms will begin later this morning, and will persist through much of the day.  Heaviest rain will come tonight.  DFW HIGH - 85.   https://t.co/IAyG0SCWZE  #txwx #dfwwx #ntxwx #apexwx #texasweather #texas #dallas #rain #flood #FLASHFLOOD  https://t.co/LCPJh3ucne",en,[],['http://apexwx.weebly.com/texas-weather/get-ready-for-rain'],['https://pbs.twimg.com/media/DnnbqkTUYAA31Xw.jpg'],0,2,5,"['txwx', 'dfwwx', 'ntxwx', 'apexwx', 'texasweather', 'texas', 'dallas', 'rain', 'flood', 'flashflood']",[],https://twitter.com/donowx/status/1043106320541462530,False,,1,https://pbs.twimg.com/media/DnnbqkTUYAA31Xw.jpg,,,,,,,[],,,,
1043003793867079681,1043003793867079681,2018-09-21 01:07:37 EDT,2018-09-21,01:07:37,-0400,1007275300420554757,rivervalleynow,River Valley Now,,Looks like a wet weekend ahead. Stay safe! #flashflood #watch  https://t.co/tD67lCfeFQ,en,[],['https://www.rivervalleynow.com/local_news/flash-flood-watch-issued-for-river-valley/article_95fa8f1e-bd5b-11e8-802d-2f55dc8e305a.html'],[],0,0,0,"['flashflood', 'watch']",[],https://twitter.com/rivervalleynow/status/1043003793867079681,False,,0,,,,,,,,[],,,,
1042992213947375616,1042992213947375616,2018-09-21 00:21:36 EDT,2018-09-21,00:21:36,-0400,297261364,chalicegarden,Dr. V #DAT #WearAMask,,#Florence #flashflood #evacuate #shelterpet #sheltercat #shelterdog #animalrescue,und,[],[],[],0,0,0,"['florence', 'flashflood', 'evacuate', 'shelterpet', 'sheltercat', 'shelterdog', 'animalrescue']",[],https://twitter.com/ChaliceGarden/status/1042992213947375616,False,https://twitter.com/MsEmmaPeele/status/1042985753649668096,0,,,,,,,,[],,,,
