id,conversation_id,created_at,date,time,timezone,user_id,username,name,place,tweet,language,mentions,urls,photos,replies_count,retweets_count,likes_count,hashtags,cashtags,link,retweet,quote_url,video,thumbnail,near,geo,source,user_rt_id,user_rt,retweet_id,reply_to,retweet_date,translate,trans_src,trans_dest
1242210076284399617,1242210076284399617,2020-03-23 18:02:15 EDT,2020-03-23,18:02:15,-0400,1173295284874596358,umbc_floodbot,UMBC Flood Bot,,"Temperature reading at Hamilton Street Parking at 2020-03-23 18:02 Lot is: 46.58 and the water level at the Hudson Branch is : 4.55 inch. #ECStrong,#HoCoMD, #EllicottCityMD,# #ECFlood,#ECStrong,#Flood,#Flashflood,#Floodbot,#AIConverse  https://t.co/vgQFwi9Qtw",en,[],[],['https://pbs.twimg.com/media/ET03eugX0AY8MBs.jpg'],0,1,1,"['ecstrong', 'hocomd', 'ellicottcitymd', 'ecflood', 'ecstrong', 'flood', 'flashflood', 'floodbot', 'aiconverse']",[],https://twitter.com/umbc_floodbot/status/1242210076284399617,False,,1,https://pbs.twimg.com/media/ET03eugX0AY8MBs.jpg,,,,,,,[],,,,
1242196208170553344,1242196208170553344,2020-03-23 17:07:09 EDT,2020-03-23,17:07:09,-0400,958770890090713088,siobhandolan4,Siobhan Dolan,,"@SeriousGeoGames Flash Flood virtual reality demo for everyone to try at home - teach yourself, or your children 😁  #flashflood #seriousgames #COVIDー19  #StayAtHomeSaveLives",en,[],[],[],0,0,1,"['flashflood', 'seriousgames', 'covidー19', 'stayathomesavelives']",[],https://twitter.com/SiobhanDolan4/status/1242196208170553344,False,https://twitter.com/SeriousGeoGames/status/1242157200488964097,0,,,,,,,,[],,,,
1242119406555205632,1242119406555205632,2020-03-23 12:01:58 EDT,2020-03-23,12:01:58,-0400,1173295284874596358,umbc_floodbot,UMBC Flood Bot,,"Temperature reading at Hamilton Street Parking at 2020-03-23 12:01 Lot is: 42.980000000000004 and the water level at the Hudson Branch is : 6.40 inch. #ECStrong,#HoCoMD, #EllicottCityMD,# #ECFlood,#ECStrong,#Flood,#Flashflood,#Floodbot,#AIConverse  https://t.co/hsIdFHwbGD",en,[],[],['https://pbs.twimg.com/media/ETzlBFKXkAAg1nx.jpg'],0,1,0,"['ecstrong', 'hocomd', 'ellicottcitymd', 'ecflood', 'ecstrong', 'flood', 'flashflood', 'floodbot', 'aiconverse']",[],https://twitter.com/umbc_floodbot/status/1242119406555205632,False,,1,https://pbs.twimg.com/media/ETzlBFKXkAAg1nx.jpg,,,,,,,[],,,,
1242028809467166725,1242028809467166725,2020-03-23 06:01:58 EDT,2020-03-23,06:01:58,-0400,1173295284874596358,umbc_floodbot,UMBC Flood Bot,,"Temperature reading at Hamilton Street Parking at 2020-03-23 06:01 Lot is: 39.2 and the water level at the Hudson Branch is : 3.10 inch. #ECStrong,#HoCoMD, #EllicottCityMD,# #ECFlood,#ECStrong,#Flood,#Flashflood,#Floodbot,#AIConverse  https://t.co/JAXFTkAIyh",en,[],[],['https://pbs.twimg.com/media/ETySnoyX0AA-vFu.jpg'],0,1,0,"['ecstrong', 'hocomd', 'ellicottcitymd', 'ecflood', 'ecstrong', 'flood', 'flashflood', 'floodbot', 'aiconverse']",[],https://twitter.com/umbc_floodbot/status/1242028809467166725,False,,1,https://pbs.twimg.com/media/ETySnoyX0AA-vFu.jpg,,,,,,,[],,,,
