id,conversation_id,created_at,date,time,timezone,user_id,username,name,place,tweet,language,mentions,urls,photos,replies_count,retweets_count,likes_count,hashtags,cashtags,link,retweet,quote_url,video,thumbnail,near,geo,source,user_rt_id,user_rt,retweet_id,reply_to,retweet_date,translate,trans_src,trans_dest
1003420735313010690,1003420735313010690,2018-06-03 19:38:40 EDT,2018-06-03,19:38:40,-0400,902130678,abir_bermuda,Association of Bermuda Insurers & Reinsurers,,85% of Americans are uninsured for #flood risk.   #ReformNFIPnow  https://t.co/XnlgrFCiGV,en,[],['https://twitter.com/swissre/status/1003417766123196417'],[],0,4,1,"['flood', 'reformnfipnow']",[],https://twitter.com/ABIR_Bermuda/status/1003420735313010690,False,https://twitter.com/swissre/status/1003417766123196417,0,,,,,,,,[],,,,
1003418553960226816,1003418553960226816,2018-06-03 19:30:00 EDT,2018-06-03,19:30:00,-0400,183688400,livewxradar,Rob Delp Weather,,Forecast   map this evening  See  Beta Radar:  https://t.co/HNLPnbqhEd #wx #weather #storm #hail #wind #flooding #traffic #flood #jam #states #beta #radar #Sunday  https://t.co/RcrPJmwgwl,en,[],['http://www.weather.pub'],['https://pbs.twimg.com/media/DevYGvfVQAI14el.jpg'],0,1,1,"['wx', 'weather', 'storm', 'hail', 'wind', 'flooding', 'traffic', 'flood', 'jam', 'states', 'beta', 'radar', 'sunday']",[],https://twitter.com/livewxradar/status/1003418553960226816,False,,1,https://pbs.twimg.com/media/DevYGvfVQAI14el.jpg,,,,,,,[],,,,
1003418205182922753,1003418205182922753,2018-06-03 19:28:37 EDT,2018-06-03,19:28:37,-0400,62899021,lorenriegel,Loren Riegelhaupt,,Major kudos to the conductor who just brought our @Amtrak train thru flooded tracks between Baltimore and DC. Tracks at least 6 inches under water in parts. #flood #Baltimore  https://t.co/dShzYPRkeq,en,"[{'screen_name': 'amtrak', 'name': 'amtrak', 'id': '119166791'}]",[],[],0,1,4,"['flood', 'baltimore']",[],https://twitter.com/Lorenriegel/status/1003418205182922753,False,,1,https://pbs.twimg.com/ext_tw_video_thumb/1003418168461676544/pu/img/EBpMjlXVCzt6XYU_.jpg,,,,,,,[],,,,
1003417766123196417,1003417766123196417,2018-06-03 19:26:52 EDT,2018-06-03,19:26:52,-0400,16866956,swissre,Swiss Re,,Insurers used to have a “hands off” approach to #flood but not any longer. Find out why  https://t.co/FmF77EVVNO,en,[],['https://openminds.swissre.com/stories/1437/'],[],0,6,1,['flood'],[],https://twitter.com/SwissRe/status/1003417766123196417,False,,0,,,,,,,,[],,,,
1003414751236509696,1003414751236509696,2018-06-03 19:14:53 EDT,2018-06-03,19:14:53,-0400,15009049,nbc29,NBC29,,"After record rainfall, it’s time to dry out! Here’s @JoshFitzWx’s latest forecast:  https://t.co/wU9wWe2xjg #VAwx #weather #Flood #Flooding  https://t.co/feeYUrxDy7",en,"[{'screen_name': 'joshfitzwx', 'name': 'josh fitzpatrick', 'id': '270440459'}]",['http://www.nbc29.com/clip/14394843/nbc29-weather-forecast-6pm-06-03-2018'],['https://pbs.twimg.com/media/DezYZECW4AAuGzK.jpg'],0,1,4,"['vawx', 'weather', 'flood', 'flooding']",[],https://twitter.com/NBC29/status/1003414751236509696,False,,1,https://pbs.twimg.com/media/DezYZECW4AAuGzK.jpg,,,,,,,[],,,,
1003413572225921024,1003413572225921024,2018-06-03 19:10:12 EDT,2018-06-03,19:10:12,-0400,352764619,careerspotmedia,CareerSpot,,Only a week to go! Don't miss out! 2018 #Irrigation Australia International #Conference and #Exhibition - @IrrigationAus  https://t.co/afoQieMAb6 #water #agriculture #farming #drainage #flood,en,"[{'screen_name': 'irrigationaus', 'name': 'irrigation australia', 'id': '78772859'}]",['http://www.watercareer.com.au/events/2018-irrigation-australia-international-conference-and-exhibition#.WxR0uC8J26A.twitter'],[],0,1,0,"['irrigation', 'conference', 'exhibition', 'water', 'agriculture', 'farming', 'drainage', 'flood']",[],https://twitter.com/CareerSpotMedia/status/1003413572225921024,False,,0,,,,,,,,[],,,,
1003400616884891648,1003400610689921024,2018-06-03 18:18:44 EDT,2018-06-03,18:18:44,-0400,223659872,hawaiikaihui,Livable Hawaii Kai Hui,, https://t.co/Wc84v3z6Eg  #KamilonuiValley #EastHonolulu #flood #flooding #help #donate #HawaiiNei #mahalo #kokua #lokahi #alohaaina #hilife #islandstyle #luckywelivehawaii,und,[],['https://www.gofundme.com/help-aaok-nursery-major-flooding'],[],0,0,0,"['kamilonuivalley', 'easthonolulu', 'flood', 'flooding', 'help', 'donate', 'hawaiinei', 'mahalo', 'kokua', 'lokahi', 'alohaaina', 'hilife', 'islandstyle', 'luckywelivehawaii']",[],https://twitter.com/hawaiikaihui/status/1003400616884891648,False,,0,,,,,,,,[],,,,
1003395957906706437,1003395957906706437,2018-06-03 18:00:13 EDT,2018-06-03,18:00:13,-0400,529671473,ohioplumbing1,Crawford Mechanical Services,,#Flood #Alarms #Home  https://t.co/KfSy7eEofT  https://t.co/Bu7Kugj1TY,und,[],['https://goo.gl/NWE4gz'],['https://pbs.twimg.com/media/DezHTgAWAAUs4HN.jpg'],0,0,0,"['flood', 'alarms', 'home']",[],https://twitter.com/Ohioplumbing1/status/1003395957906706437,False,,1,https://pbs.twimg.com/media/DezHTgAWAAUs4HN.jpg,,,,,,,[],,,,
1003393762473664512,1003393762473664512,2018-06-03 17:51:29 EDT,2018-06-03,17:51:29,-0400,2276880895,petabencana,PetaBencana.id,,"@Macha9578 Hello, I am Bencana Bot, reply with #flood to send me your flood report.  https://t.co/vMrYM48rUI",en,[],[],['https://pbs.twimg.com/tweet_video_thumb/C4MFV65UkAAbNll.jpg'],0,0,0,['flood'],[],https://twitter.com/petabencana/status/1003393762473664512,False,,1,https://pbs.twimg.com/tweet_video_thumb/C4MFV65UkAAbNll.jpg,,,,,,,[],,,,
1003388355298648065,1003388355298648065,2018-06-03 17:30:00 EDT,2018-06-03,17:30:00,-0400,183688400,livewxradar,Rob Delp Weather,,Forecast map this evening    See  Beta Radar:  https://t.co/HNLPnb8GMF #wx #weather #storm #hail #wind #flooding #traffic #flood #jam #states #beta #radar #Sunday  https://t.co/upiHhEN1yG,en,[],['http://www.weather.pub'],['https://pbs.twimg.com/media/DevYCbzUEAAQkzp.jpg'],0,1,1,"['wx', 'weather', 'storm', 'hail', 'wind', 'flooding', 'traffic', 'flood', 'jam', 'states', 'beta', 'radar', 'sunday']",[],https://twitter.com/livewxradar/status/1003388355298648065,False,,1,https://pbs.twimg.com/media/DevYCbzUEAAQkzp.jpg,,,,,,,[],,,,
1003386394994241537,1003386394994241537,2018-06-03 17:22:13 EDT,2018-06-03,17:22:13,-0400,59574545,beav211,Amanda Beaver,,@JimCantore @wjz This is what we do in Maryland when it’s been raining for a week straight #flood #howardcounty #scaggsville,en,"[{'screen_name': 'wjz', 'name': 'wjz | cbs baltimore', 'id': '24920395'}]",[],[],0,0,0,"['flood', 'howardcounty', 'scaggsville']",[],https://twitter.com/Beav211/status/1003386394994241537,False,,0,,,,,,,,[],,,,
1003386277369016320,1003386277369016320,2018-06-03 17:21:45 EDT,2018-06-03,17:21:45,-0400,23146721,byronkoat,Byron Morton KOAT,,#FLOOD #ADVISORY #ABQ  Stay away from arroyos! Never drive into water-covered roads!   https://t.co/X78yP4YXpv  #NewMexico #NMwx  https://t.co/d3Y9xkmXlF,en,[],['http://www.koat.com/weather/radar'],"['https://pbs.twimg.com/media/Dey-TqeUwAAX59B.jpg', 'https://pbs.twimg.com/media/Dey-UjBU0AAz3ny.jpg']",1,1,1,"['flood', 'advisory', 'abq', 'newmexico', 'nmwx']",[],https://twitter.com/ByronKOAT/status/1003386277369016320,False,,1,https://pbs.twimg.com/media/Dey-TqeUwAAX59B.jpg,,,,,,,[],,,,
1003385845527670784,1003385845527670784,2018-06-03 17:20:02 EDT,2018-06-03,17:20:02,-0400,867896844852101121,fd_unveilings,FutureDanger Unveil,,Maryland Governor declares state of emergency after flash flooding  HeatMap Column 4&gt;  https://t.co/6FVomjoNoq   #Floods  #Flooding #Flood  https://t.co/oOlM3iB8Tg,en,[],['https://goo.gl/U8kFQf'],['https://pbs.twimg.com/media/Dey-G9hUEAAKJ14.png'],0,1,0,"['floods', 'flooding', 'flood']",[],https://twitter.com/FD_Unveilings/status/1003385845527670784,False,,1,https://pbs.twimg.com/media/Dey-G9hUEAAKJ14.png,,,,,,,[],,,,
1003385700778217473,1003385700778217473,2018-06-03 17:19:27 EDT,2018-06-03,17:19:27,-0400,15009049,nbc29,NBC29,,"How does this sound, the #flood watch is canceled! Meteorologist @JoshFitzWx  will have your improving forecast on NBC29 HD News at 6. #VAwx  https://t.co/IfY6Pisf31",en,"[{'screen_name': 'joshfitzwx', 'name': 'josh fitzpatrick', 'id': '270440459'}]",[],['https://pbs.twimg.com/media/Dey9-glX0AUpR9o.jpg'],0,1,2,"['flood', 'vawx']",[],https://twitter.com/NBC29/status/1003385700778217473,False,,1,https://pbs.twimg.com/media/Dey9-glX0AUpR9o.jpg,,,,,,,[],,,,
1003385588597317638,1003385588597317638,2018-06-03 17:19:00 EDT,2018-06-03,17:19:00,-0400,807322453135474688,ede_wbg,Ede Ijjasz-Vásquez,,Creating a #flood #resilient #city: Moving from disaster response to disaster resilience in #Ibadan   https://t.co/vZP7E79xbA @WorldBankAfrica @GFDRR,en,"[{'screen_name': 'worldbankafrica', 'name': 'world bank africa', 'id': '135187648'}, {'screen_name': 'gfdrr', 'name': 'gfdrr', 'id': '143219398'}]",['http://blogs.worldbank.org/nasikiliza/creating-a-flood-resilient-city-moving-from-disaster-response-to-disaster-resilience-in-ibadan?cid=SHR_BlogSiteShare_XX_EXT'],[],0,1,0,"['flood', 'resilient', 'city', 'ibadan']",[],https://twitter.com/Ede_WBG/status/1003385588597317638,False,,0,,,,,,,,[],,,,
1003385507089453057,1003385507089453057,2018-06-03 17:18:41 EDT,2018-06-03,17:18:41,-0400,2525389856,boomboxfun,Mohamed Elarby,,#Social #Media #Web #2 – How to #Attract a #Flood of #Traffic Using Web 2: #Marketing with…  https://t.co/OzJwpC8mAo,en,[],['https://goo.gl/fb/4PZ4Y3'],[],0,0,0,"['social', 'media', 'web', 'attract', 'flood', 'traffic', 'marketing']",[],https://twitter.com/boomboxfun/status/1003385507089453057,False,,0,,,,,,,,[],,,,
1003383458301870080,1003383458301870080,2018-06-03 17:10:33 EDT,2018-06-03,17:10:33,-0400,19770834,emergency1,Robby Powers,,For #info on the #Operation #PickUp Sticks – #Debris #Management Exercise access  https://t.co/wpHfBpWhAg #JITDT #Debris #EmergencyManagement #PublicWorks #PublicSafety #IAEM #FEMA #DisasterRecovery #StormDebris #Hurricane #Earthquake #Flood #Tornado #Disaster #Emergency,en,[],['http://ow.ly/Pr0HD'],[],0,3,2,"['info', 'operation', 'pickup', 'debris', 'management', 'jitdt', 'debris', 'emergencymanagement', 'publicworks', 'publicsafety', 'iaem', 'fema', 'disasterrecovery', 'stormdebris', 'hurricane', 'earthquake', 'flood', 'tornado', 'disaster', 'emergency']",[],https://twitter.com/Emergency1/status/1003383458301870080,False,,0,,,,,,,,[],,,,
1003382562750902272,1003382562750902272,2018-06-03 17:06:59 EDT,2018-06-03,17:06:59,-0400,922083786,newsnetnews,NewsNetNews,,⚠️🌊 WX #FLOOD ALERT @FxbgGov 456p Sun 3Jun18 #Rappahannock Crest 8am Mon4Jun18 at 19.2’ - City Dock &amp; Boat Ramp under water 12p Sun 🌊⚠️ @NWSMARFC @NWS_BaltWash @vdem @VaDOTFRED @germannacc @rappahannockcc @SpotsyGov @staffordvagov @KGCounty @westmorlndcova @CarolineGov  https://t.co/LGN79sNVjg,en,"[{'screen_name': 'fxbggov', 'name': 'fredericksburg, va', 'id': '832667958669303808'}, {'screen_name': 'nwsmarfc', 'name': 'nws marfc', 'id': '821401298'}, {'screen_name': 'nws_baltwash', 'name': 'nws baltimore-washington', 'id': '860334187'}, {'screen_name': 'vdem', 'name': 'virginia department of emergency management', 'id': '15812461'}, {'screen_name': 'vadotfred', 'name': 'vdot fredericksburg', 'id': '1399636244'}, {'screen_name': 'germannacc', 'name': 'germanna community college', 'id': '19078113'}, {'screen_name': 'rappahannockcc', 'name': 'rappahannock cc', 'id': '52438574'}, {'screen_name': 'spotsygov', 'name': 'spotsygov', 'id': '127620247'}, {'screen_name': 'staffordvagov', 'name': 'stafford county', 'id': '39284056'}, {'screen_name': 'kgcounty', 'name': 'king george county', 'id': '938862193751285765'}, {'screen_name': 'westmorlndcova', 'name': 'westmoreland county', 'id': '3092710197'}, {'screen_name': 'carolinegov', 'name': 'caroline va', 'id': '22667251'}]",[],"['https://pbs.twimg.com/media/Dey7HG-X4AA3z4K.jpg', 'https://pbs.twimg.com/media/Dey7HG8WAAAIxkD.jpg', 'https://pbs.twimg.com/media/Dey7HG5W4AAWOis.jpg', 'https://pbs.twimg.com/media/Dey7HHSXcAEVuZi.jpg']",1,4,2,"['flood', 'rappahannock']",[],https://twitter.com/NewsNetNews/status/1003382562750902272,False,,1,https://pbs.twimg.com/media/Dey7HG-X4AA3z4K.jpg,,,,,,,[],,,,
1003381308951801856,1003381308951801856,2018-06-03 17:02:00 EDT,2018-06-03,17:02:00,-0400,280423382,tempestrestor,Tempest Restoration,,At risk of being flooded?  Read our guide on what you can do before a #flood  https://t.co/GPZ0qeguST  #FloodRestoration,en,[],['http://bit.ly/2hBiwjX'],[],1,1,1,"['flood', 'floodrestoration']",[],https://twitter.com/tempestrestor/status/1003381308951801856,False,,0,,,,,,,,[],,,,
1003380850778628096,1003380850778628096,2018-06-03 17:00:11 EDT,2018-06-03,17:00:11,-0400,440286721,weatheroptics,WeatherOptics,,"Heavy rain has led to high water on some streets in parts of the Mid-Atlantic, and several more hours is ahead, which will worsen the ongoing #flood conditions:  https://t.co/2H2ciMXUer  https://t.co/BQCVaJhmaC",en,[],['http://bit.ly/2Hh8r3s'],['https://pbs.twimg.com/media/Dey5aupUEAEgVP4.jpg'],0,2,0,['flood'],[],https://twitter.com/weatheroptics/status/1003380850778628096,False,,1,https://pbs.twimg.com/media/Dey5aupUEAEgVP4.jpg,,,,,,,[],,,,
1003379744547561472,1003379744547561472,2018-06-03 16:55:47 EDT,2018-06-03,16:55:47,-0400,795369458898378752,misim999,Strange Daze,,"'It's even worse': #EllicottCity, still recovering from 2016 #flood, hammered again.   https://t.co/lMoVRuErPs",en,[],['https://google.com/newsstand/s/CBIw3ai1njs'],[],0,1,1,"['ellicottcity', 'flood']",[],https://twitter.com/MiSim999/status/1003379744547561472,False,,0,,,,,,,,[],,,,
1003376010551701505,1003376010551701505,2018-06-03 16:40:57 EDT,2018-06-03,16:40:57,-0400,2276880895,petabencana,PetaBencana.id,,"@DemieMozz Hello, I am Bencana Bot, reply with #flood to send me your flood report.  https://t.co/OoeeBJRwEy",en,[],[],['https://pbs.twimg.com/tweet_video_thumb/C4MFV65UkAAbNll.jpg'],0,0,0,['flood'],[],https://twitter.com/petabencana/status/1003376010551701505,False,,1,https://pbs.twimg.com/tweet_video_thumb/C4MFV65UkAAbNll.jpg,,,,,,,[],,,,
1003374800620965888,1003374800620965888,2018-06-03 16:36:08 EDT,2018-06-03,16:36:08,-0400,215224182,afonwy,Rebecca Afonwy Jones 🏴󠁧󠁢󠁷󠁬󠁳󠁿,,"Completely bonkers week including #flood #drama mercifully ends with this peaceful moment at sunset, standing by the ancient oak under which my love proposed. And breathe...  https://t.co/GifA3ex9bH",en,[],[],['https://pbs.twimg.com/media/Dey0AwQX0AESNoZ.jpg'],1,0,8,"['flood', 'drama']",[],https://twitter.com/Afonwy/status/1003374800620965888,False,,1,https://pbs.twimg.com/media/Dey0AwQX0AESNoZ.jpg,,,,,,,[],,,,
1003374233374937094,1003374233374937094,2018-06-03 16:33:53 EDT,2018-06-03,16:33:53,-0400,716444762,k9pager,Dymond D,,England Run running full bore. #flood @FburgLive @staffcosheriff #GoProHERO6  https://t.co/KQBHSuqsG6,en,"[{'screen_name': 'fburglive', 'name': 'fredericksburg live', 'id': '308620943'}, {'screen_name': 'staffcosheriff', 'name': 'staffordcosheriff', 'id': '218566045'}]",[],[],1,0,3,"['flood', 'goprohero6']",[],https://twitter.com/K9Pager/status/1003374233374937094,False,,1,https://pbs.twimg.com/ext_tw_video_thumb/1003373925714149376/pu/img/6r_MhYh8pKscnKOa.jpg,,,,,,,[],,,,
1003370627259039747,1003370627259039747,2018-06-03 16:19:33 EDT,2018-06-03,16:19:33,-0400,922083786,newsnetnews,NewsNetNews,,⚠️🌊 WX #Flood Duck Pond #CentralPark @FxbgGov walk undermined &amp; about to overflow onto #CarlDSilver Pkwy 1120a Sun3Jun18 🌊⚠️ @NWSMARFC @NWS_BaltWash @VaDOTFRED @germannacc @rappahannockcc @SpotsyGov @staffordvagov @TedSchubel @KStewartWTOP @HankSilverberg @RubyBrabo @wusa9  https://t.co/H1iULJOPDV,en,"[{'screen_name': 'fxbggov', 'name': 'fredericksburg, va', 'id': '832667958669303808'}, {'screen_name': 'nwsmarfc', 'name': 'nws marfc', 'id': '821401298'}, {'screen_name': 'nws_baltwash', 'name': 'nws baltimore-washington', 'id': '860334187'}, {'screen_name': 'vadotfred', 'name': 'vdot fredericksburg', 'id': '1399636244'}, {'screen_name': 'germannacc', 'name': 'germanna community college', 'id': '19078113'}, {'screen_name': 'rappahannockcc', 'name': 'rappahannock cc', 'id': '52438574'}, {'screen_name': 'spotsygov', 'name': 'spotsygov', 'id': '127620247'}, {'screen_name': 'staffordvagov', 'name': 'stafford county', 'id': '39284056'}, {'screen_name': 'tedschubel', 'name': '🆃🅴🅳', 'id': '2475122079'}, {'screen_name': 'hanksilverberg', 'name': 'hank silverberg', 'id': '205360834'}, {'screen_name': 'rubybrabo', 'name': 'ruby brabo', 'id': '2369774894'}, {'screen_name': 'wusa9', 'name': 'wusa9', 'id': '15391102'}]",[],[],0,1,2,"['flood', 'centralpark', 'carldsilver']",[],https://twitter.com/NewsNetNews/status/1003370627259039747,False,,1,https://pbs.twimg.com/ext_tw_video_thumb/1003370475773362176/pu/img/R1jvKwLgKuoy1_WW.jpg,,,,,,,[],,,,
1003368826367610881,1003368826367610881,2018-06-03 16:12:24 EDT,2018-06-03,16:12:24,-0400,922083786,newsnetnews,NewsNetNews,,⚠️🌊 WX #Flood Duck Pond #CentralPark @FxbgGov walk undermined &amp; about to overflow onto #CarlDSilver Pkwy 1120a Sun3Jun18 #Rappahannock crest 8am Mon4Jun18 at 16.7’ 🌊⚠️ @NWSMARFC @NWS_BaltWash @vdem @VaDOTFRED @germannacc @rappahannockcc @SpotsyGov @staffordvagov @KGCounty  https://t.co/9TU9b7v1dQ,en,"[{'screen_name': 'fxbggov', 'name': 'fredericksburg, va', 'id': '832667958669303808'}, {'screen_name': 'nwsmarfc', 'name': 'nws marfc', 'id': '821401298'}, {'screen_name': 'nws_baltwash', 'name': 'nws baltimore-washington', 'id': '860334187'}, {'screen_name': 'vdem', 'name': 'virginia department of emergency management', 'id': '15812461'}, {'screen_name': 'vadotfred', 'name': 'vdot fredericksburg', 'id': '1399636244'}, {'screen_name': 'germannacc', 'name': 'germanna community college', 'id': '19078113'}, {'screen_name': 'rappahannockcc', 'name': 'rappahannock cc', 'id': '52438574'}, {'screen_name': 'spotsygov', 'name': 'spotsygov', 'id': '127620247'}, {'screen_name': 'staffordvagov', 'name': 'stafford county', 'id': '39284056'}, {'screen_name': 'kgcounty', 'name': 'king george county', 'id': '938862193751285765'}]",[],"['https://pbs.twimg.com/media/DeyulnWXUAIL9mE.jpg', 'https://pbs.twimg.com/media/DeyulriXcAEt33p.jpg', 'https://pbs.twimg.com/media/DeyulrkW4AE_Nui.jpg']",0,3,3,"['flood', 'centralpark', 'carldsilver', 'rappahannock']",[],https://twitter.com/NewsNetNews/status/1003368826367610881,False,,1,https://pbs.twimg.com/media/DeyulnWXUAIL9mE.jpg,,,,,,,[],,,,
1003368558062198784,1003368558062198784,2018-06-03 16:11:20 EDT,2018-06-03,16:11:20,-0400,2499735536,004nino,Jean Lebrun,,"RIP 18  318)  #Tributes  #flood  #in  #for  #popular  #figure   #Scottish  football  #player   #and  #manager #John #Ritchie  #after  #former  #Brechin  #FC  @BrechinCityFC   #boss  #dies  #June 2, 2018   #aged 70  https://t.co/g0F9NoqHX5 #via @thecourieruk",en,"[{'screen_name': 'brechincityfc', 'name': 'brechin city fc', 'id': '214119905'}, {'screen_name': 'thecourieruk', 'name': 'the courier', 'id': '133624169'}]",['https://www.thecourier.co.uk/fp/news/local/angus-mearns/664308/tributes-flood-in-for-popular-figure-john-ritchie-after-former-brechin-fc-boss-dies-aged-70/?utm_source=twitter'],[],0,1,0,"['tributes', 'flood', 'in', 'for', 'popular', 'figure', 'scottish', 'player', 'and', 'manager', 'john', 'ritchie', 'after', 'former', 'brechin', 'fc', 'boss', 'dies', 'june', 'aged', 'via']",[],https://twitter.com/004nino/status/1003368558062198784,False,,0,,,,,,,,[],,,,
1003362854777606144,1003362854777606144,2018-06-03 15:48:40 EDT,2018-06-03,15:48:40,-0400,922083786,newsnetnews,NewsNetNews,,⚠️🌊 WX #FLOOD Warning #Rappahannock River &gt;5 1/4” #Rain fell BT 220pSat-233pSun 3Jun18 incl &gt;3” since 840a Sun #Berea @staffordvagov 58F Bar28mb 330p 🌊⚠️ @NWSMARFC @NWS_BaltWash @vdem @VaDOTFRED @germannacc @rappahannockcc @SpotsyGov  @CarolineGov @KGCounty @FxbgGov @wusa9  https://t.co/unLeLwNbCv,en,"[{'screen_name': 'staffordvagov', 'name': 'stafford county', 'id': '39284056'}, {'screen_name': 'nwsmarfc', 'name': 'nws marfc', 'id': '821401298'}, {'screen_name': 'nws_baltwash', 'name': 'nws baltimore-washington', 'id': '860334187'}, {'screen_name': 'vdem', 'name': 'virginia department of emergency management', 'id': '15812461'}, {'screen_name': 'vadotfred', 'name': 'vdot fredericksburg', 'id': '1399636244'}, {'screen_name': 'germannacc', 'name': 'germanna community college', 'id': '19078113'}, {'screen_name': 'rappahannockcc', 'name': 'rappahannock cc', 'id': '52438574'}, {'screen_name': 'spotsygov', 'name': 'spotsygov', 'id': '127620247'}, {'screen_name': 'carolinegov', 'name': 'caroline va', 'id': '22667251'}, {'screen_name': 'kgcounty', 'name': 'king george county', 'id': '938862193751285765'}, {'screen_name': 'fxbggov', 'name': 'fredericksburg, va', 'id': '832667958669303808'}, {'screen_name': 'wusa9', 'name': 'wusa9', 'id': '15391102'}]",[],"['https://pbs.twimg.com/media/DeypLysWAAELXvR.jpg', 'https://pbs.twimg.com/media/DeypLyrWsAEJrqJ.jpg']",0,2,2,"['flood', 'rappahannock', 'rain', 'berea']",[],https://twitter.com/NewsNetNews/status/1003362854777606144,False,,1,https://pbs.twimg.com/media/DeypLysWAAELXvR.jpg,,,,,,,[],,,,
1003358155793764353,1003358155793764353,2018-06-03 15:30:00 EDT,2018-06-03,15:30:00,-0400,183688400,livewxradar,Rob Delp Weather,,Forecast map this evening  See  Beta Radar:  https://t.co/HNLPnbqhEd #wx #weather #storm #hail #wind #flooding #traffic #flood #jam #states #beta #radar #Sunday  https://t.co/hQzQPip2kW,en,[],['http://www.weather.pub'],['https://pbs.twimg.com/media/DevXwccUYAAzPt1.jpg'],0,1,0,"['wx', 'weather', 'storm', 'hail', 'wind', 'flooding', 'traffic', 'flood', 'jam', 'states', 'beta', 'radar', 'sunday']",[],https://twitter.com/livewxradar/status/1003358155793764353,False,,1,https://pbs.twimg.com/media/DevXwccUYAAzPt1.jpg,,,,,,,[],,,,
1003354981909651456,1003354981909651456,2018-06-03 15:17:23 EDT,2018-06-03,15:17:23,-0400,736826752782204928,liberte881,David J 🇨🇵 . 😷,,"#Morlaix je suis sorti de crêperie, je vais bien, ne vous inquiétez pas pour moi #flood  https://t.co/NRGzRovWf3",fr,[],[],"['https://pbs.twimg.com/media/Deyh-GyWsAEkbSN.jpg', 'https://pbs.twimg.com/media/DeyiAeQWsAEADsw.jpg']",2,0,3,"['morlaix', 'flood']",[],https://twitter.com/liberte881/status/1003354981909651456,False,,1,https://pbs.twimg.com/media/Deyh-GyWsAEkbSN.jpg,,,,,,,[],,,,
1003353877951938560,1003353877951938560,2018-06-03 15:13:00 EDT,2018-06-03,15:13:00,-0400,1854805501,gb_survival,SF1,,"It’s #HurricaneSeason Are you prepared? Know what do? Prepare for, Survive, and Live After a Hurricane @Bob_Mayer   https://t.co/LFDdvYopG1 via @SlideShare #HurricanePrep #hurricane #Florida #Weather #Flood  https://t.co/xwMns96Ywg",en,"[{'screen_name': 'bob_mayer', 'name': 'bob mayer', 'id': '33345091'}, {'screen_name': 'slideshare', 'name': 'slideshare', 'id': '9676152'}]",['https://www.slideshare.net/CoolGus/prepare-for-survive-and-live-after-a-hurricane-100119639'],['https://pbs.twimg.com/media/DetTFGeX4AANKvV.jpg'],0,3,0,"['hurricaneseason', 'hurricaneprep', 'hurricane', 'florida', 'weather', 'flood']",[],https://twitter.com/GB_Survival/status/1003353877951938560,False,,1,https://pbs.twimg.com/media/DetTFGeX4AANKvV.jpg,,,,,,,[],,,,
1003352932241330179,1003352932241330179,2018-06-03 15:09:15 EDT,2018-06-03,15:09:15,-0400,875675682,blogbretagne,Un blog de  Bretagne,,#Morlaix #inondations #flood port  https://t.co/LVjp3Rx3tK,es,[],[],[],0,0,1,"['morlaix', 'inondations', 'flood']",[],https://twitter.com/BlogBretagne/status/1003352932241330179,False,,1,https://pbs.twimg.com/ext_tw_video_thumb/1003352490220376066/pu/img/AZfy38KFsC5jTyrZ.jpg,,,,,,,[],,,,
1003350608840028160,1003350608840028160,2018-06-03 15:00:01 EDT,2018-06-03,15:00:01,-0400,32031158,floodtweeter,Wright Flood,,All is not lost! Learn how to save your #leather heirlooms &amp; other #valuable after a #flood:  https://t.co/Tp5UeshDw6  https://t.co/es58e1TAg2,en,[],['http://bit.ly/2JLhkoF'],['https://pbs.twimg.com/media/Deoak_rWsAE7rlN.jpg'],0,1,1,"['leather', 'valuable', 'flood']",[],https://twitter.com/floodtweeter/status/1003350608840028160,False,,1,https://pbs.twimg.com/media/Deoak_rWsAE7rlN.jpg,,,,,,,[],,,,
1003349528605536256,1003349528605536256,2018-06-03 14:55:43 EDT,2018-06-03,14:55:43,-0400,885106426414280705,chospitalitynet,Cornish Hospitality Network,,Great advice from The Morning Advertiser for if you're ever unlucky enough to be flooded:  https://t.co/oVLGu9lgV9 #flood #disaster #hospitality #pub #restaurant #hospitality,en,[],['https://www.morningadvertiser.co.uk/Article/2018/06/01/What-to-do-if-your-pub-gets-flooded'],[],1,1,0,"['flood', 'disaster', 'hospitality', 'pub', 'restaurant', 'hospitality']",[],https://twitter.com/CHospitalityNet/status/1003349528605536256,False,,0,,,,,,,,[],,,,
1003348731096371200,1003348731096371200,2018-06-03 14:52:33 EDT,2018-06-03,14:52:33,-0400,1101081968,rockinwoapradio,@RockinWOAPRadio,,#Homies #LetsBindTogether #ExtendYourAssistance #Via #Thots #Prayers #Donations #ElicottCityMD #Flood #2018..#GetFurther #HelpsInfoHere:   https://t.co/4EHYrkLBPZ.  @hocogov   https://t.co/6cj20HBsEw   https://t.co/K5veLMOGgx  https://t.co/KcrcWpVQXU,und,"[{'screen_name': 'hocogov', 'name': ""howard county gov't"", 'id': '161698693'}]","['http://www.ecfloodrecovery.org', 'https://www.howardcountymd.gov/disasterrecoveryvolunteer', 'http://visitoldellicottcity.com/ec-partnership/donate/']",['https://pbs.twimg.com/media/DeycVroUwAAB6E4.jpg'],0,2,0,"['homies', 'letsbindtogether', 'extendyourassistance', 'via', 'thots', 'prayers', 'donations', 'elicottcitymd', 'flood', 'getfurther', 'helpsinfohere']",[],https://twitter.com/RockinWOAPRadio/status/1003348731096371200,False,,1,https://pbs.twimg.com/media/DeycVroUwAAB6E4.jpg,,,,,,,[],,,,
1003348337226076161,1003348337226076161,2018-06-03 14:50:59 EDT,2018-06-03,14:50:59,-0400,103454767,donnybeaver,Donny Beaver,,"Love to find a way to prevent Kardashian's flooding into our homes, too. #flood #floodcontrol  https://t.co/cp6kOb5TYT",en,[],['https://lnkd.in/eeAAsjA'],[],0,1,0,"['flood', 'floodcontrol']",[],https://twitter.com/donnybeaver/status/1003348337226076161,False,,0,,,,,,,,[],,,,
1003347321575346176,1003347321575346176,2018-06-03 14:46:57 EDT,2018-06-03,14:46:57,-0400,922083786,newsnetnews,NewsNetNews,,⚠️🌊 WX #Flood ALERT @FxbgGov #Rappahannock Crest 16.6’ 8am Mon4Jun City Boat Ramp 12pSun 🌊⚠️ @NWSMARFC @NWS_BaltWash @vdem @ @germannacc @rappahannockcc @SpotsyGov @staffordvagov @westmorlndcova @CarolineGov @TedSchubel @KStewartWTOP @RubyBrabo @wusa9 @shomaristone @fox5dc  https://t.co/iTadA0qbSC,en,"[{'screen_name': 'fxbggov', 'name': 'fredericksburg, va', 'id': '832667958669303808'}, {'screen_name': 'nwsmarfc', 'name': 'nws marfc', 'id': '821401298'}, {'screen_name': 'nws_baltwash', 'name': 'nws baltimore-washington', 'id': '860334187'}, {'screen_name': 'vdem', 'name': 'virginia department of emergency management', 'id': '15812461'}, {'screen_name': 'germannacc', 'name': 'germanna community college', 'id': '19078113'}, {'screen_name': 'rappahannockcc', 'name': 'rappahannock cc', 'id': '52438574'}, {'screen_name': 'spotsygov', 'name': 'spotsygov', 'id': '127620247'}, {'screen_name': 'staffordvagov', 'name': 'stafford county', 'id': '39284056'}, {'screen_name': 'westmorlndcova', 'name': 'westmoreland county', 'id': '3092710197'}, {'screen_name': 'carolinegov', 'name': 'caroline va', 'id': '22667251'}, {'screen_name': 'tedschubel', 'name': '🆃🅴🅳', 'id': '2475122079'}, {'screen_name': 'rubybrabo', 'name': 'ruby brabo', 'id': '2369774894'}, {'screen_name': 'wusa9', 'name': 'wusa9', 'id': '15391102'}, {'screen_name': 'shomaristone', 'name': 'shomari stone', 'id': '264924050'}, {'screen_name': 'fox5dc', 'name': 'fox 5 dc', 'id': '13918492'}]",[],[],0,2,2,"['flood', 'rappahannock']",[],https://twitter.com/NewsNetNews/status/1003347321575346176,False,,1,https://pbs.twimg.com/ext_tw_video_thumb/1003347237500604417/pu/img/KeTsnBpZZauWoOBh.jpg,,,,,,,[],,,,
1003345690016219136,1003345690016219136,2018-06-03 14:40:28 EDT,2018-06-03,14:40:28,-0400,922083786,newsnetnews,NewsNetNews,,⚠️🌊 WX #Flood ALERT @FxbgGov #Rappahannock Crest 8am Mon4Jun18 at 16.7’ City Dock 12pSun 🌊⚠️ @NWSMARFC @NWS_BaltWash @vdem @ @germannacc @rappahannockcc @SpotsyGov @staffordvagov @westmorlndcova @CarolineGov @TedSchubel @KStewartWTOP @RubyBrabo @wusa9 @shomaristone @fox5dc  https://t.co/CuLZZj9Isr,en,"[{'screen_name': 'fxbggov', 'name': 'fredericksburg, va', 'id': '832667958669303808'}, {'screen_name': 'nwsmarfc', 'name': 'nws marfc', 'id': '821401298'}, {'screen_name': 'nws_baltwash', 'name': 'nws baltimore-washington', 'id': '860334187'}, {'screen_name': 'vdem', 'name': 'virginia department of emergency management', 'id': '15812461'}, {'screen_name': 'germannacc', 'name': 'germanna community college', 'id': '19078113'}, {'screen_name': 'rappahannockcc', 'name': 'rappahannock cc', 'id': '52438574'}, {'screen_name': 'spotsygov', 'name': 'spotsygov', 'id': '127620247'}, {'screen_name': 'staffordvagov', 'name': 'stafford county', 'id': '39284056'}, {'screen_name': 'westmorlndcova', 'name': 'westmoreland county', 'id': '3092710197'}, {'screen_name': 'carolinegov', 'name': 'caroline va', 'id': '22667251'}, {'screen_name': 'tedschubel', 'name': '🆃🅴🅳', 'id': '2475122079'}, {'screen_name': 'rubybrabo', 'name': 'ruby brabo', 'id': '2369774894'}, {'screen_name': 'wusa9', 'name': 'wusa9', 'id': '15391102'}, {'screen_name': 'shomaristone', 'name': 'shomari stone', 'id': '264924050'}, {'screen_name': 'fox5dc', 'name': 'fox 5 dc', 'id': '13918492'}]",[],[],0,1,1,"['flood', 'rappahannock']",[],https://twitter.com/NewsNetNews/status/1003345690016219136,False,,1,https://pbs.twimg.com/ext_tw_video_thumb/1003345593094287367/pu/img/JRgWJ4hT6Nk1h3VA.jpg,,,,,,,[],,,,
1003344325856645120,1003344325856645120,2018-06-03 14:35:03 EDT,2018-06-03,14:35:03,-0400,705759080779014145,hvaci2,HVAC Investigators,,County seeks input before Houston-area #flood control bond vote via @ijournal #HurricaneHarvey #flooding  https://t.co/AUS4AGfuIL,en,"[{'screen_name': 'ijournal', 'name': 'insurance journal', 'id': '15300677'}]",['http://ow.ly/ZQgG30kijSU'],[],0,1,0,"['flood', 'hurricaneharvey', 'flooding']",[],https://twitter.com/HVACi2/status/1003344325856645120,False,,0,,,,,,,,[],,,,
1003342552744058880,1003342552744058880,2018-06-03 14:28:00 EDT,2018-06-03,14:28:00,-0400,15378745,kf4pld,kf4pld - Rick Crouch,,The latest Tennessee Weather!  https://t.co/EYl8NxfP1z #flood #tnwx,en,[],['https://paper.li/f-1417879702?edition_id=d76697f0-675b-11e8-a0c4-0cc47a0d15fd'],[],0,0,0,"['flood', 'tnwx']",[],https://twitter.com/kf4pld/status/1003342552744058880,False,,0,,,,,,,,[],,,,
1003342345105018880,1003342345105018880,2018-06-03 14:27:10 EDT,2018-06-03,14:27:10,-0400,4289485636,storiesflowcom,StoriesFlow.com,,"(Washington Times) #Flood warnings posted in #West Virginia's Eastern Panhandle : BERKELEY SPRINGS,  https://t.co/QNZiH2oIfA. (AP)..  https://t.co/xlNrGiJafw",en,[],"['http://W.Va', 'https://www.storiesflow.com/21086031804/flood-west-virginia-eastern-panhandle-warnings-posted']",[],0,0,0,"['flood', 'west']",[],https://twitter.com/storiesflowcom/status/1003342345105018880,False,,0,,,,,,,,[],,,,
1003342344136118273,1003342344136118273,2018-06-03 14:27:10 EDT,2018-06-03,14:27:10,-0400,4289485636,storiesflowcom,StoriesFlow.com,,"(The Roanoke Times) #Flood warnings posted in #West Virginia's Eastern Panhandle : BERKELEY SPRINGS,  https://t.co/QNZiH2oIfA...  https://t.co/Kh53hbv41I",en,[],"['http://W.Va', 'https://www.storiesflow.com/21084971804/flood-west-virginia-eastern-panhandle-warnings-posted']",[],0,0,0,"['flood', 'west']",[],https://twitter.com/storiesflowcom/status/1003342344136118273,False,,0,,,,,,,,[],,,,
1003342307704352774,1003342307704352774,2018-06-03 14:27:02 EDT,2018-06-03,14:27:02,-0400,393811829,legacypremium,Legacy Food Storage,,Is there a show in your area this month?  https://t.co/gdeJmtwtRd #preppers #survival #camping #shtf #flood #weather #guns #hurricane #outdoors  https://t.co/kl46WyNTeB,en,[],['https://buff.ly/2Itvn1k'],['https://pbs.twimg.com/media/DeyWgp0XUAAsRyM.jpg'],0,2,0,"['preppers', 'survival', 'camping', 'shtf', 'flood', 'weather', 'guns', 'hurricane', 'outdoors']",[],https://twitter.com/LegacyPremium/status/1003342307704352774,False,,1,https://pbs.twimg.com/media/DeyWgp0XUAAsRyM.jpg,,,,,,,[],,,,
1003340785847238658,1003340785847238658,2018-06-03 14:20:59 EDT,2018-06-03,14:20:59,-0400,25915434,coppackonrisk,Lee Coppack,,"Another 1,000-year #flood devastates Ellicott City, Md. I guess in that case they won't have another big flood for 2000 more years.  https://t.co/MHTcNsRSJA via @PC_360",en,"[{'screen_name': 'pc_360', 'name': 'propertycasualty360', 'id': '45610420'}]",['https://at.law.com/2G2LVi?cmp=share_twitter'],[],0,0,3,['flood'],[],https://twitter.com/coppackonrisk/status/1003340785847238658,False,,0,,,,,,,,[],,,,
1003340593752395776,1003340593752395776,2018-06-03 14:20:13 EDT,2018-06-03,14:20:13,-0400,750853223049728000,mommabearep,Momma Bear EP,,"If you live in a high-risk flood area &amp; have a federally backed mortgage, you need flood insurance. If you don’t live in a high-risk flood area, you can still purchase flood insurance. #adulting #flood #floodinsurance #insurance #NFIP #mommabear #mommabearep #newhome #dreamhome  https://t.co/lTmempFrbT",en,[],[],['https://pbs.twimg.com/media/DeyQHBDVMAIoIie.jpg'],0,1,0,"['adulting', 'flood', 'floodinsurance', 'insurance', 'nfip', 'mommabear', 'mommabearep', 'newhome', 'dreamhome']",[],https://twitter.com/MommaBearEP/status/1003340593752395776,False,,1,https://pbs.twimg.com/media/DeyQHBDVMAIoIie.jpg,,,,,,,[],,,,
1003338361044656128,1003338361044656128,2018-06-03 14:11:21 EDT,2018-06-03,14:11:21,-0400,440286721,weatheroptics,WeatherOptics,,"Washington, DC is experiencing heavy rain this Sunday. Details on the rain and #flood risk here:  https://t.co/2H2ciMXUer  https://t.co/6n0coA3KpI",en,[],"['http://bit.ly/2Hh8r3s', 'https://twitter.com/mateagold/status/1003334763728572417']",[],0,1,1,['flood'],[],https://twitter.com/weatheroptics/status/1003338361044656128,False,https://twitter.com/mateagold/status/1003334763728572417,0,,,,,,,,[],,,,
1003337109434798081,1003331706600878080,2018-06-03 14:06:22 EDT,2018-06-03,14:06:22,-0400,987370748581826561,kwlokal,RE POLUSI MENTAL,,@petabencana #Flood,und,[],[],[],0,0,0,['flood'],[],https://twitter.com/KWlokal/status/1003337109434798081,False,,0,,,,,,,,"[{'screen_name': 'petabencana', 'name': 'PetaBencana.id', 'id': '2276880895'}]",,,,
1003336931760050176,1003336931760050176,2018-06-03 14:05:40 EDT,2018-06-03,14:05:40,-0400,981812268806688769,centreflood,The Centre for Flood Risk and Resilience,,An interesting talk on #flood modelling  https://t.co/q8BEt4Bu2B,en,[],['https://twitter.com/fathom_global/status/1002497841179320325'],[],6,0,1,['flood'],[],https://twitter.com/CentreFlood/status/1003336931760050176,False,https://twitter.com/fathom_global/status/1002497841179320325,0,,,,,,,,[],,,,
1003335508456562688,1003335508456562688,2018-06-03 14:00:00 EDT,2018-06-03,14:00:00,-0400,980903810,cbcsaskatoon,CBC Saskatoon,,"Deluge of rain floods Lampman, Sask. homes and fields | CBC News  https://t.co/dUVpvCY8Bp #flood #sknews",en,[],['http://www.cbc.ca/news/canada/saskatchewan/lampman-saskatchewan-homes-flooded-rain-1.4689595'],[],0,1,0,"['flood', 'sknews']",[],https://twitter.com/CBCSaskatoon/status/1003335508456562688,False,,0,,,,,,,,[],,,,
1003334970872680448,1003334970872680448,2018-06-03 13:57:52 EDT,2018-06-03,13:57:52,-0400,34379864,ac_or_windows,Darryl Strawberry,,The Mon Wharf looks thirsty for a #flood,en,[],[],[],0,1,0,['flood'],[],https://twitter.com/AC_or_Windows/status/1003334970872680448,False,,0,,,,,,,,[],,,,
1003334791192875011,1003334791192875011,2018-06-03 13:57:09 EDT,2018-06-03,13:57:09,-0400,45817618,distractedalien,distracted_alien,,"Reconstructing longest American #water #level , instrumented #flood #record , in #Boston #Harbor.. https://t.co/YtaNm7SIAc",en,[],['https://www.eurekalert.org/pub_releases/2018-06/uoma-rla060118.php'],[],0,0,0,"['water', 'level', 'flood', 'record', 'boston', 'harbor']",[],https://twitter.com/distractedalien/status/1003334791192875011,False,,0,,,,,,,,[],,,,
1003331706600878080,1003331706600878080,2018-06-03 13:44:54 EDT,2018-06-03,13:44:54,-0400,2276880895,petabencana,PetaBencana.id,,"@KWlokal Hello, I am Bencana Bot, reply with #flood to send me your flood report.  https://t.co/oQv5mRGBQF",en,[],[],['https://pbs.twimg.com/tweet_video_thumb/C4MFV65UkAAbNll.jpg'],1,0,0,['flood'],[],https://twitter.com/petabencana/status/1003331706600878080,False,,1,https://pbs.twimg.com/tweet_video_thumb/C4MFV65UkAAbNll.jpg,,,,,,,[],,,,
1003328413732671489,1003054361478606848,2018-06-03 13:31:49 EDT,2018-06-03,13:31:49,-0400,2650313761,embzzzbee,em,,"@jonathanalter So we don’t necessarily know #Flood’s theory of the case or his stance on presidential powers.  We also don’t know what Flood thought when he first reviewed the memo.  At a minimum, he had to think it was not the best work he’d seen...",en,[],[],[],0,0,1,['flood'],[],https://twitter.com/embzzzbee/status/1003328413732671489,False,,0,,,,,,,,"[{'screen_name': 'jonathanalter', 'name': 'Jonathan Alter', 'id': '21844854'}]",,,,
1003327957266464770,1003327957266464770,2018-06-03 13:30:00 EDT,2018-06-03,13:30:00,-0400,183688400,livewxradar,Rob Delp Weather,,Forecast map early today    S ee  Beta Radar:  https://t.co/HNLPnb8GMF #wx #weather #storm #hail #wind #flooding #traffic #flood #jam #states #beta #radar #Sunday  https://t.co/8ku4gGX5mP,en,[],['http://www.weather.pub'],['https://pbs.twimg.com/media/DevP_CAUwAEVEN3.jpg'],0,1,0,"['wx', 'weather', 'storm', 'hail', 'wind', 'flooding', 'traffic', 'flood', 'jam', 'states', 'beta', 'radar', 'sunday']",[],https://twitter.com/livewxradar/status/1003327957266464770,False,,1,https://pbs.twimg.com/media/DevP_CAUwAEVEN3.jpg,,,,,,,[],,,,
1003326469911777282,1003326469911777282,2018-06-03 13:24:05 EDT,2018-06-03,13:24:05,-0400,59610732,djmontieljr,Monti,,Better start building my boat #Maryland #flood,en,[],[],[],0,0,0,"['maryland', 'flood']",[],https://twitter.com/djmontieljr/status/1003326469911777282,False,,0,,,,,,,,[],,,,
1003326292211699712,1003326292211699712,2018-06-03 13:23:23 EDT,2018-06-03,13:23:23,-0400,171116545,purpleglostick,💜🐾🦄 Cath 🦄🐾💜,,Lazy Sunday what a difference a week makes. This time last week we were virtually drowning.🙀 #flood #sleepysunday #cute 😍🐾🐾  https://t.co/8NsBrv4ZAW,en,[],[],['https://pbs.twimg.com/media/DeyH7ISX0AEmX2s.jpg'],0,0,5,"['flood', 'sleepysunday', 'cute']",[],https://twitter.com/purpleglostick/status/1003326292211699712,False,,1,https://pbs.twimg.com/media/DeyH7ISX0AEmX2s.jpg,,,,,,,[],,,,
1003325611035824133,1003054361478606848,2018-06-03 13:20:41 EDT,2018-06-03,13:20:41,-0400,2650313761,embzzzbee,em,,"@jonathanalter Agree. #Giuliani’s role is to make arguments to Trump’s base.  #EmmetFlood, who we never see on TV or in the press, is the actual defense attorney in the matter. #Flood didn’t join #Trump’s legal team until early May; he wouldn’t have been involved in drafting the Jan 2018 memo",en,[],[],[],1,0,1,"['giuliani', 'emmetflood', 'flood', 'trump']",[],https://twitter.com/embzzzbee/status/1003325611035824133,False,,0,,,,,,,,"[{'screen_name': 'jonathanalter', 'name': 'Jonathan Alter', 'id': '21844854'}]",,,,
1003324923425652736,1003324923425652736,2018-06-03 13:17:57 EDT,2018-06-03,13:17:57,-0400,2976519914,wsledlight,Alix Van,,#LED #Flood #Light 200W Model: WS-FL-C-200W Power: 2*100W Beam Angle: 120 Input Voltage: AC 85-265V  50/60Hz  ( DC24V is optional )!!! see moe at- https://t.co/JdNE6dSHyH  https://t.co/YZG4a8RA0m,en,[],['http://www.wsledlight.com/led-flood-light-200w/'],['https://pbs.twimg.com/media/DeyGsQXU8AADhWO.jpg'],0,0,1,"['led', 'flood', 'light']",[],https://twitter.com/wsledlight/status/1003324923425652736,False,,1,https://pbs.twimg.com/media/DeyGsQXU8AADhWO.jpg,,,,,,,[],,,,
1003319874507157507,1003319874507157507,2018-06-03 12:57:53 EDT,2018-06-03,12:57:53,-0400,736826752782204928,liberte881,David J 🇨🇵 . 😷,,#flood #Morlaix  https://t.co/iR7GN3ioGJ,und,[],[],['https://pbs.twimg.com/media/DeyCE4sWkAE2dZf.jpg'],1,1,1,"['flood', 'morlaix']",[],https://twitter.com/liberte881/status/1003319874507157507,False,,1,https://pbs.twimg.com/media/DeyCE4sWkAE2dZf.jpg,,,,,,,[],,,,
1003316400839102464,1003316400839102464,2018-06-03 12:44:05 EDT,2018-06-03,12:44:05,-0400,1262085350,brindisi,Brindisi,,#MDTraffic: High standing water on 495 outer loop before Exit 19. Covers far right lane. Slow moving around it. Avoid driving it in. #flood #DCwx #MDwx #severeweather #TurnAroundDontDrown @NWS_BaltWash @WTOPtraffic @MarylandTraffic @MDOTNews  https://t.co/iIFjLq9POw,en,"[{'screen_name': 'nws_baltwash', 'name': 'nws baltimore-washington', 'id': '860334187'}, {'screen_name': 'wtoptraffic', 'name': 'wtop traffic', 'id': '217510835'}, {'screen_name': 'marylandtraffic', 'name': 'maryland traffic', 'id': '22923087'}, {'screen_name': 'mdotnews', 'name': 'mdtransportationdept', 'id': '222107569'}]",[],"['https://pbs.twimg.com/media/Dex-7U6V4AAulV8.jpg', 'https://pbs.twimg.com/media/Dex-7U9U0AAsM07.jpg', 'https://pbs.twimg.com/media/Dex-7U6U0AAn_Gx.jpg', 'https://pbs.twimg.com/media/Dex-7U6VMAAQDou.jpg']",0,11,10,"['mdtraffic', 'flood', 'dcwx', 'mdwx', 'severeweather', 'turnarounddontdrown']",[],https://twitter.com/brindisi/status/1003316400839102464,False,,1,https://pbs.twimg.com/media/Dex-7U6V4AAulV8.jpg,,,,,,,[],,,,
1003316156692926464,1003316156692926464,2018-06-03 12:43:07 EDT,2018-06-03,12:43:07,-0400,7776252,virtualhiker,virtual hiker,,#NWS #flood #flooding #Maryland #Virginia #WestVirginia #DC #MD  https://t.co/DiVCQ6Ia8H,und,[],[],"['https://pbs.twimg.com/media/Dex-t2uUYAAVZED.jpg', 'https://pbs.twimg.com/media/Dex-uUCVMAAbDVg.jpg']",0,0,0,"['nws', 'flood', 'flooding', 'maryland', 'virginia', 'westvirginia', 'dc', 'md']",[],https://twitter.com/virtualhiker/status/1003316156692926464,False,,1,https://pbs.twimg.com/media/Dex-t2uUYAAVZED.jpg,,,,,,,[],,,,
1003313648234885121,1003313648234885121,2018-06-03 12:33:09 EDT,2018-06-03,12:33:09,-0400,736826752782204928,liberte881,David J 🇨🇵 . 😷,,#morlaix #flood 😢  https://t.co/KtMAbcMrS2,und,[],[],['https://pbs.twimg.com/media/Dex8bifW4AEk2cf.jpg'],0,0,3,"['morlaix', 'flood']",[],https://twitter.com/liberte881/status/1003313648234885121,False,,1,https://pbs.twimg.com/media/Dex8bifW4AEk2cf.jpg,,,,,,,[],,,,
1003312973887270917,1003312973887270917,2018-06-03 12:30:28 EDT,2018-06-03,12:30:28,-0400,875675682,blogbretagne,Un blog de  Bretagne,,#morlaix inondations #flood  https://t.co/dBV3B9t87R,fr,[],[],"['https://pbs.twimg.com/media/Dex7wnJX0AAyBYf.jpg', 'https://pbs.twimg.com/media/Dex7yhFW0AIfStq.jpg', 'https://pbs.twimg.com/media/Dex70ZrX0AAry-Q.jpg']",0,0,0,"['morlaix', 'flood']",[],https://twitter.com/BlogBretagne/status/1003312973887270917,False,,1,https://pbs.twimg.com/media/Dex7wnJX0AAyBYf.jpg,,,,,,,[],,,,
1003311913147568129,1003311913147568129,2018-06-03 12:26:15 EDT,2018-06-03,12:26:15,-0400,183688400,livewxradar,Rob Delp Weather,,CURRENT RADAR MAP 12:26PM EDT see this map live at  https://t.co/HNLPnbqhEd #wx #weather #news #humid #hot #steam #storm #heavy #rain #flood #thunderstorm #thunder #tornado  https://t.co/aXUnMlwfWa,en,[],['http://www.weather.pub'],['https://pbs.twimg.com/media/Dex63AvX4AAu-uB.jpg'],0,1,1,"['wx', 'weather', 'news', 'humid', 'hot', 'steam', 'storm', 'heavy', 'rain', 'flood', 'thunderstorm', 'thunder', 'tornado']",[],https://twitter.com/livewxradar/status/1003311913147568129,False,,1,https://pbs.twimg.com/media/Dex63AvX4AAu-uB.jpg,,,,,,,[],,,,
1003309002451767297,1003309002451767297,2018-06-03 12:14:41 EDT,2018-06-03,12:14:41,-0400,134786057,phill0we,Phil Lowe,,What a glorious day in beautiful Wales. Amazing people all gathered together to celebrate two of the biggest bloody loveliest nutters on the planet! Congrats @KatyDean83 @P_Stew_  such a beautiful day. #love #4G #Flood  https://t.co/v2M4k5SWRM,en,"[{'screen_name': 'katydean83', 'name': 'katy dean', 'id': '2580672683'}, {'screen_name': 'p_stew_', 'name': 'philip stewart', 'id': '271548655'}]",[],['https://pbs.twimg.com/media/Dex4NrhW0AA5pW4.jpg'],0,1,8,"['love', '4g', 'flood']",[],https://twitter.com/PhilL0WE/status/1003309002451767297,False,,1,https://pbs.twimg.com/media/Dex4NrhW0AA5pW4.jpg,,,,,,,[],,,,
1003307833885065217,1003307833885065217,2018-06-03 12:10:02 EDT,2018-06-03,12:10:02,-0400,329416277,megwisenbc12,Megan Wise,,Flood Warning for Spotsylvania and Stafford counties until 6pm @NBC12 #rva #flood #vawx  https://t.co/1pAomrWoYo,en,"[{'screen_name': 'nbc12', 'name': 'nbc12 wwbt richmond', 'id': '19151000'}]",[],['https://pbs.twimg.com/media/Dex3KGjW4AIycqz.jpg'],1,1,1,"['rva', 'flood', 'vawx']",[],https://twitter.com/MegWiseNBC12/status/1003307833885065217,False,,1,https://pbs.twimg.com/media/Dex3KGjW4AIycqz.jpg,,,,,,,[],,,,
1003300956967235584,1003300956967235584,2018-06-03 11:42:43 EDT,2018-06-03,11:42:43,-0400,244524020,blueribbonnurse,Blue Ribbon Nursery,,Not how we had envisioned our #Sunday to go.  We will be closed today.  Everybody stay safe out there.   . #rain #flood #SundayMorning  https://t.co/MzOhzHxWOr,en,[],[],"['https://pbs.twimg.com/media/Dexw0mSX4AAIWNI.jpg', 'https://pbs.twimg.com/media/Dexw0miXcAId1pk.jpg', 'https://pbs.twimg.com/media/Dexw0mvWsAEqPBL.jpg']",0,4,1,"['sunday', 'rain', 'flood', 'sundaymorning']",[],https://twitter.com/blueribbonnurse/status/1003300956967235584,False,,1,https://pbs.twimg.com/media/Dexw0mSX4AAIWNI.jpg,,,,,,,[],,,,
1003298857927806977,1003298857927806977,2018-06-03 11:34:22 EDT,2018-06-03,11:34:22,-0400,1339685653,traceyladyplumb,Tracey Wilks 🌈,,"Lovely ending to my wk off. Have a shower, go and put the kettle on. Hear some hissing from the bathroom. Burst pipe!! Just glad I was in and know where the stopcock was!! Hairdressers downstairs wouldn't of been happy. Shame shops are closed! #Plumbing #Leak #Flood",en,[],[],[],0,1,0,"['plumbing', 'leak', 'flood']",[],https://twitter.com/TraceyLadyPlumb/status/1003298857927806977,False,,0,,,,,,,,[],,,,
1003296361595523073,1003296361595523073,2018-06-03 11:24:27 EDT,2018-06-03,11:24:27,-0400,992382124111138817,beardeducator,Cian Salleh Matta,,"Trans Theme: #howtheworldworks. Role play,a #flood has hit and we are swept out of our homes, how do we survive? 1. We swam laps in swim suits, then clothes to feel the diff 2. Made life vests using our trousers #ibpyp #pypchat #AfricaEd #survival #kfspyp  https://t.co/rl191ZybOS",en,[],[],[],1,1,1,"['howtheworldworks', 'flood', 'ibpyp', 'pypchat', 'africaed', 'survival', 'kfspyp']",[],https://twitter.com/BeardEDucator/status/1003296361595523073,False,,1,https://pbs.twimg.com/ext_tw_video_thumb/1003295855082901506/pu/img/XvCJF4UIBXLXQ8X6.jpg,,,,,,,[],,,,
1003296195287150592,1003296195287150592,2018-06-03 11:23:47 EDT,2018-06-03,11:23:47,-0400,24922565,wjzweather,WJZ  Weather,,"#Flood Warning for Western, MD until 1:30PM.#Flood Watch in effect for Central, MD &amp; #Flash Flood Watch the Lower Eastern Shore until 6:00 PM. Heavy rain through the afternoon could produce standing water and dangerous driving conditions. Updates on...  https://t.co/hRpsMpXgLI",en,[],['http://bit.ly/2sCTYcR'],[],0,1,0,"['flood', 'flood', 'flash']",[],https://twitter.com/WJZweather/status/1003296195287150592,False,,0,,,,,,,,[],,,,
1003296071215452160,1003296071215452160,2018-06-03 11:23:18 EDT,2018-06-03,11:23:18,-0400,1621296823,timwilliamswjz,Tim Williams WJZ,,"#Flood Warning for Western, MD until 1:30PM.#Flood Watch in effect for Central, MD &amp; #Flash Flood Watch the Lower Eastern Shore until 6:00 PM. Heavy rain through the afternoon could produce standing water and dangerous driving conditions. Updates on #WJZ.com  https://t.co/5dGRVg5A3e",en,[],[],['https://pbs.twimg.com/media/DexsdY8W0AAjgCQ.jpg'],0,1,1,"['flood', 'flood', 'flash', 'wjz']",[],https://twitter.com/TimWilliamsWJZ/status/1003296071215452160,False,,1,https://pbs.twimg.com/media/DexsdY8W0AAjgCQ.jpg,,,,,,,[],,,,
1003295376877801479,1003295376877801479,2018-06-03 11:20:32 EDT,2018-06-03,11:20:32,-0400,813906650,thespiceoflight,The Spice of Light,,The #Flood Guard!  #saltlmp #saltlamps #nature  https://t.co/Q0ViBd2w3c,en,[],['https://www.facebook.com/TheSpiceOfLight/posts/1057009944447960'],[],0,0,0,"['flood', 'saltlmp', 'saltlamps', 'nature']",[],https://twitter.com/TheSpiceOfLight/status/1003295376877801479,False,,0,,,,,,,,[],,,,
1003291057424084993,1003291057424084993,2018-06-03 11:03:22 EDT,2018-06-03,11:03:22,-0400,938064626067091456,insideabres,Inside Addicks & Barker Reservoirs,,#harvey #upstream #flood  https://t.co/rbiukgXUUX,und,[],['https://twitter.com/disasterpio/status/1003270852744568832'],[],0,0,1,"['harvey', 'upstream', 'flood']",[],https://twitter.com/InsideABRes/status/1003291057424084993,False,https://twitter.com/disasterpio/status/1003270852744568832,0,,,,,,,,[],,,,
1003290893435179008,1003290893435179008,2018-06-03 11:02:43 EDT,2018-06-03,11:02:43,-0400,2970284398,mikeypetty75,mick,,Must have been a lot of water running down here yesterday #Flood #water  https://t.co/zcmOZLN54m,en,[],[],['https://pbs.twimg.com/media/DexnurYX0AAi_Lk.jpg'],0,1,0,"['flood', 'water']",[],https://twitter.com/mikeypetty75/status/1003290893435179008,False,,1,https://pbs.twimg.com/media/DexnurYX0AAi_Lk.jpg,,,,,,,[],,,,
1003290216327622656,1003290216327622656,2018-06-03 11:00:02 EDT,2018-06-03,11:00:02,-0400,32031158,floodtweeter,Wright Flood,,"It's not easy, but salvaging your #leather heirlooms &amp; other valuables from #flood damage isn't impossible. Here are some tips to help:  https://t.co/Tp5UeshDw6  https://t.co/krwBmwZ1M8",en,[],['http://bit.ly/2JLhkoF'],['https://pbs.twimg.com/media/DeoaWqiX4AId8X9.jpg'],0,1,0,"['leather', 'flood']",[],https://twitter.com/floodtweeter/status/1003290216327622656,False,,1,https://pbs.twimg.com/media/DeoaWqiX4AId8X9.jpg,,,,,,,[],,,,
1003289308386689024,1003289308386689024,2018-06-03 10:56:25 EDT,2018-06-03,10:56:25,-0400,999252476758020096,engineermatters,Engineering Matters,,Engineering has a new podcast! Look out next week for our first episode on the amazing work that #engineers and #flood management professionals are doing to protect our island from #flooding. In the meantime here is list of forthcoming episodes  https://t.co/f913L5OTvI,en,[],['https://www.reby.media/engineering/'],[],1,1,1,"['engineers', 'flood', 'flooding']",[],https://twitter.com/engineermatters/status/1003289308386689024,False,,0,,,,,,,,[],,,,
1003288738838048768,1003288738838048768,2018-06-03 10:54:10 EDT,2018-06-03,10:54:10,-0400,45817618,distractedalien,distracted_alien,,"Reconstructing longest American #water #level , instrumented #flood #record , in #Boston #Harbor.. https://t.co/wt3cLbOrZY",en,[],['https://phys.org/news/2018-06-reconstructing-longest-american-instrumented-boston.html'],[],0,0,0,"['water', 'level', 'flood', 'record', 'boston', 'harbor']",[],https://twitter.com/distractedalien/status/1003288738838048768,False,,0,,,,,,,,[],,,,
1003288212163293184,1003288212163293184,2018-06-03 10:52:04 EDT,2018-06-03,10:52:04,-0400,2276880895,petabencana,PetaBencana.id,,"@farhanoegraha Hello, I am Bencana Bot, reply with #flood to send me your flood report.  https://t.co/Q8bH9clGne",en,[],[],['https://pbs.twimg.com/tweet_video_thumb/C4MFV65UkAAbNll.jpg'],0,0,0,['flood'],[],https://twitter.com/petabencana/status/1003288212163293184,False,,1,https://pbs.twimg.com/tweet_video_thumb/C4MFV65UkAAbNll.jpg,,,,,,,[],,,,
1003283546528800768,1003283546528800768,2018-06-03 10:33:32 EDT,2018-06-03,10:33:32,-0400,46789537,freakrie,freakrie,,Sampan #EyeEmNewHere ##gambabyfreakrie #Water #NauticalVessel #Puddle #Lake #Tree #Moored #Reflection #Flood...  https://t.co/ZLQIbGrGkH,in,[],['http://EyeEm.com/p/124016996'],[],0,0,0,"['eyeemnewhere', 'gambabyfreakrie', 'water', 'nauticalvessel', 'puddle', 'lake', 'tree', 'moored', 'reflection', 'flood']",[],https://twitter.com/freakrie/status/1003283546528800768,False,,0,,,,,,,,[],,,,
1003279889779191808,1003279889779191808,2018-06-03 10:19:00 EDT,2018-06-03,10:19:00,-0400,183688400,livewxradar,Rob Delp Weather,,Forecast map early today      See  Beta Radar:  https://t.co/HNLPnbqhEd #wx #weather #storm #hail   #wind #flooding #traffic #flood #jam #states #beta #radar #Sunday  https://t.co/aAOIgwVhYW,en,[],['http://www.weather.pub'],['https://pbs.twimg.com/media/DevP5ZSWsAEKIAf.jpg'],0,1,0,"['wx', 'weather', 'storm', 'hail', 'wind', 'flooding', 'traffic', 'flood', 'jam', 'states', 'beta', 'radar', 'sunday']",[],https://twitter.com/livewxradar/status/1003279889779191808,False,,1,https://pbs.twimg.com/media/DevP5ZSWsAEKIAf.jpg,,,,,,,[],,,,
1003274409887653888,1003274409887653888,2018-06-03 09:57:13 EDT,2018-06-03,09:57:13,-0400,186476845,hydroprotect,💙 HYDROPROTECT flood protection company,,"🙄I see the same thing looming in #Europe 🇪🇺, in fact #everywhere in the #world...🌏 Underestimated #Flood 🌊 #Risk Could Crash the #American 🇺🇸 Housing Market  https://t.co/iENneoItux",en,[],['https://www.citylab.com/environment/2018/05/if-americans-keep-ignoring-flood-risk-we-could-face-a-housing-market-crash/561437/?utm_source=SFFB?utm_source=twb'],[],0,1,0,"['europe', 'everywhere', 'world', 'flood', 'risk', 'american']",[],https://twitter.com/Hydroprotect/status/1003274409887653888,False,,0,,,,,,,,[],,,,
1003273065193705472,1003273065193705472,2018-06-03 09:51:53 EDT,2018-06-03,09:51:53,-0400,914781631851978752,staysafeapp,Stay Safe,,Flood Warning issued for Southern South Carolina  #flood #warning #floodwarning #southcarolina #unitedstates #staysafe   https://t.co/x9uMxSfYet  https://t.co/ETEIQ0w7t8,en,[],['https://stay-safe.com/flood-warning-issued-southern-south-carolina'],['https://pbs.twimg.com/media/DexXhOpXUAAQZxy.jpg'],1,1,0,"['flood', 'warning', 'floodwarning', 'southcarolina', 'unitedstates', 'staysafe']",[],https://twitter.com/staysafeapp/status/1003273065193705472,False,,1,https://pbs.twimg.com/media/DexXhOpXUAAQZxy.jpg,,,,,,,[],,,,
1003262542808924160,1003262542808924160,2018-06-03 09:10:04 EDT,2018-06-03,09:10:04,-0400,2276880895,petabencana,PetaBencana.id,,"@vannylady Hello, I am Bencana Bot, reply with #flood to send me your flood report.  https://t.co/J5qSvM3dy4",en,[],[],['https://pbs.twimg.com/tweet_video_thumb/C4MFV65UkAAbNll.jpg'],0,0,0,['flood'],[],https://twitter.com/petabencana/status/1003262542808924160,False,,1,https://pbs.twimg.com/tweet_video_thumb/C4MFV65UkAAbNll.jpg,,,,,,,[],,,,
1003260042634846209,1003260042634846209,2018-06-03 09:00:08 EDT,2018-06-03,09:00:08,-0400,712453724585775104,dsolutionsllc,disastersolutionsllc,,Good morning #Disaster Solutions #community! Get your #family #prepared today at  https://t.co/x8MO0mfy3J #emergency #flood #tornado #storm,en,[],['https://ift.tt/1UWwHg2'],[],0,1,0,"['disaster', 'community', 'family', 'prepared', 'emergency', 'flood', 'tornado', 'storm']",[],https://twitter.com/dsolutionsllc/status/1003260042634846209,False,,0,,,,,,,,[],,,,
1003260032170029060,1003260032170029060,2018-06-03 09:00:05 EDT,2018-06-03,09:00:05,-0400,229502710,envagencymids,Env Agency Midlands,,We're monitoring river levels closely while a little more stormy weather travels over and we'll issue alerts and warnings when necessary. Pls stay #floodaware and check your #flood risk;  https://t.co/KlMqQuI1FI…  https://t.co/ZKTWztbB3b,en,[],"['http://gov.uk/check-flood-ri', 'https://twitter.com/metoffice/status/1003212053610401792']",[],0,7,3,"['floodaware', 'flood']",[],https://twitter.com/EnvAgencyMids/status/1003260032170029060,False,https://twitter.com/metoffice/status/1003212053610401792,0,,,,,,,,[],,,,
1003256285545025536,1003256285545025536,2018-06-03 08:45:12 EDT,2018-06-03,08:45:12,-0400,968184105438449664,abbeybondlovis,ABL Group,,"If you suffer #flood damage during the #storms, call us for assistance as soon as possible - the quicker we can act, the better the outcome for your property.   Call us 028 9099 3600 or see  https://t.co/C8589FtLsK #flood #storm #floodaware #weather  https://t.co/Xx9lBQxufU",en,[],['http://abbeybondlovis.com/contact/'],['https://pbs.twimg.com/tweet_video_thumb/DexIRLsXkAA8Vs1.jpg'],0,1,0,"['flood', 'storms', 'flood', 'storm', 'floodaware', 'weather']",[],https://twitter.com/AbbeyBondLovis/status/1003256285545025536,False,,1,https://pbs.twimg.com/tweet_video_thumb/DexIRLsXkAA8Vs1.jpg,,,,,,,[],,,,
1003250024048979968,1003250024048979968,2018-06-03 08:20:19 EDT,2018-06-03,08:20:19,-0400,329416277,megwisenbc12,Megan Wise,,"Reports of standing water along many roads across the area due to heavy rain. Reminder: Turn around, don’t drown! @NBC12 #rva #traffic #flood  https://t.co/KqkQHVeh4H",en,"[{'screen_name': 'nbc12', 'name': 'nbc12 wwbt richmond', 'id': '19151000'}]",[],['https://pbs.twimg.com/media/DexCkztWsAA4JWc.jpg'],0,5,5,"['rva', 'traffic', 'flood']",[],https://twitter.com/MegWiseNBC12/status/1003250024048979968,False,,1,https://pbs.twimg.com/media/DexCkztWsAA4JWc.jpg,,,,,,,[],,,,
1003249690391937024,1003249690391937024,2018-06-03 08:19:00 EDT,2018-06-03,08:19:00,-0400,183688400,livewxradar,Rob Delp Weather,,Forecast map early today       See  Beta Radar:  https://t.co/HNLPnbqhEd #wx #weather #storm #hail   #wind #flooding #traffic #flood #jam #states #beta #radar #Sunday  https://t.co/YpxPTuZ0Ht,en,[],['http://www.weather.pub'],['https://pbs.twimg.com/media/DevP1a_WsAAtJTq.jpg'],0,0,0,"['wx', 'weather', 'storm', 'hail', 'wind', 'flooding', 'traffic', 'flood', 'jam', 'states', 'beta', 'radar', 'sunday']",[],https://twitter.com/livewxradar/status/1003249690391937024,False,,1,https://pbs.twimg.com/media/DevP1a_WsAAtJTq.jpg,,,,,,,[],,,,
1003248361900781569,1003248361900781569,2018-06-03 08:13:43 EDT,2018-06-03,08:13:43,-0400,440286721,weatheroptics,WeatherOptics,,"A parade of storms will keep the Northeast unsettled through midweek, but #flood concerns are thankfully decreasing:  https://t.co/2H2ciMXUer  https://t.co/9cJBq4R5aM",en,[],['http://bit.ly/2Hh8r3s'],['https://pbs.twimg.com/media/DexA9gQXcAEuTMk.jpg'],0,3,3,['flood'],[],https://twitter.com/weatheroptics/status/1003248361900781569,False,,1,https://pbs.twimg.com/media/DexA9gQXcAEuTMk.jpg,,,,,,,[],,,,
1003242287063695361,1003242287063695361,2018-06-03 07:49:35 EDT,2018-06-03,07:49:35,-0400,3627345674,publictvmal,Public TV Malayalam,,"വെള്ളപ്പൊക്കത്തില്‍ മനുഷ്യച്ചങ്ങല തീര്‍ത്ത് നായയെ രക്ഷിച്ച് യുവാക്കള്‍; വീഡിയോ വൈറലാവുന്നു  https://t.co/iL48nCDAKK #SriLanka, #flood, #dog, #humanchain, #AnimalPlanet, #Facebookpage, #videoviral, #publictvmalayalam",ml,[],['http://malayalam.publictv.in/heroic-men-form-human-chain-to-rescue-dog-drowning-in-flash-flood/'],[],0,0,0,"['srilanka', 'flood', 'dog', 'humanchain', 'animalplanet', 'facebookpage', 'videoviral', 'publictvmalayalam']",[],https://twitter.com/PublicTVMal/status/1003242287063695361,False,,0,,,,,,,,[],,,,
1003242032058413056,1003242032058413056,2018-06-03 07:48:34 EDT,2018-06-03,07:48:34,-0400,2276880895,petabencana,PetaBencana.id,,"@nandafans Hello, I am Bencana Bot, reply with #flood to send me your flood report.  https://t.co/8K0TwZIwMg",en,[],[],['https://pbs.twimg.com/tweet_video_thumb/C4MFV65UkAAbNll.jpg'],0,0,0,['flood'],[],https://twitter.com/petabencana/status/1003242032058413056,False,,1,https://pbs.twimg.com/tweet_video_thumb/C4MFV65UkAAbNll.jpg,,,,,,,[],,,,
1003235142813429760,1003235142813429760,2018-06-03 07:21:11 EDT,2018-06-03,07:21:11,-0400,2276880895,petabencana,PetaBencana.id,,"@lla_abj Hello, I am Bencana Bot, reply with #flood to send me your flood report.  https://t.co/NTdGafRDIp",en,[],[],['https://pbs.twimg.com/tweet_video_thumb/C4MFV65UkAAbNll.jpg'],0,0,0,['flood'],[],https://twitter.com/petabencana/status/1003235142813429760,False,,1,https://pbs.twimg.com/tweet_video_thumb/C4MFV65UkAAbNll.jpg,,,,,,,[],,,,
1003233520821686272,1003233520821686272,2018-06-03 07:14:45 EDT,2018-06-03,07:14:45,-0400,1025988800,marekjuskiewicz,marek juśkiewicz🇵🇱,,Południe Polski #flood after #storm  https://t.co/W42f6fUMly,pl,[],['https://twitter.com/BielskieDrogi/status/1003203275372531712'],[],0,1,1,"['flood', 'storm']",[],https://twitter.com/marekjuskiewicz/status/1003233520821686272,False,https://twitter.com/BielskieDrogi/status/1003203275372531712,0,,,,,,,,[],,,,
1003229160716713984,1003229160716713984,2018-06-03 06:57:25 EDT,2018-06-03,06:57:25,-0400,100705125,jiggscool,Jigar,,KSNDMC issues Flood Alert For Bengaluru in Nxt 24hrs .. Be safe everyone  #bengaluru #BangaloreRains #flood #BeSafe  @BngWeather,en,"[{'screen_name': 'bngweather', 'name': 'bengaluru weather', 'id': '809649300762480640'}]",[],[],1,2,0,"['bengaluru', 'bangalorerains', 'flood', 'besafe']",[],https://twitter.com/jiggscool/status/1003229160716713984,False,,0,,,,,,,,[],,,,
1003225203328110592,1003225203328110592,2018-06-03 06:41:42 EDT,2018-06-03,06:41:42,-0400,329416277,megwisenbc12,Megan Wise,,"Flash Flood Warning until 9am for Essex county. Flash flooding occuring. Remember: Turn around, don't drown! @NBC12 #rva #vawx #flood  https://t.co/jKSNRybt0M",en,"[{'screen_name': 'nbc12', 'name': 'nbc12 wwbt richmond', 'id': '19151000'}]",[],['https://pbs.twimg.com/media/DewsAV_X4AAkP0f.jpg'],1,1,2,"['rva', 'vawx', 'flood']",[],https://twitter.com/MegWiseNBC12/status/1003225203328110592,False,,1,https://pbs.twimg.com/media/DewsAV_X4AAkP0f.jpg,,,,,,,[],,,,
1003222260780617733,1003222260780617733,2018-06-03 06:30:00 EDT,2018-06-03,06:30:00,-0400,183688400,livewxradar,Rob Delp Weather,,Forecast map early today       See  Beta Radar:  https://t.co/HNLPnb8GMF #wx #weather #storm #hail #wind #flooding #traffic #flood #jam #states #beta #radar #Sunday  https://t.co/rJdqM1Fnxl,en,[],['http://www.weather.pub'],['https://pbs.twimg.com/media/DevPaW7XcAAQXZf.jpg'],0,1,0,"['wx', 'weather', 'storm', 'hail', 'wind', 'flooding', 'traffic', 'flood', 'jam', 'states', 'beta', 'radar', 'sunday']",[],https://twitter.com/livewxradar/status/1003222260780617733,False,,1,https://pbs.twimg.com/media/DevPaW7XcAAQXZf.jpg,,,,,,,[],,,,
1003221259956695045,1003221259956695045,2018-06-03 06:26:01 EDT,2018-06-03,06:26:01,-0400,2242429296,nationalhomerep,National Home Repair,,"#FloodRisk...a tip for you   Keep your important items and sentimental possessions upstairs to reduce the possibility of water damage should the worst occur. This may include things like insurance documents, birth certificates, photos, medicines and passports  #Flooding #Flood  https://t.co/f6m07BNjTF",en,[],[],['https://pbs.twimg.com/media/DewoayFVAAEWvWb.jpg'],0,1,1,"['floodrisk', 'flooding', 'flood']",[],https://twitter.com/nationalhomerep/status/1003221259956695045,False,,1,https://pbs.twimg.com/media/DewoayFVAAEWvWb.jpg,,,,,,,[],,,,
1003219357042925568,1003219357042925568,2018-06-03 06:18:28 EDT,2018-06-03,06:18:28,-0400,1916659826,bnf75,Wolf of Main Street on steroids ^^,,#Flood #PYRENEES #France &gt;  Les images impressionnantes des nouvelles inondations près des Pyrénées  https://t.co/LlAwWNn1d8,fr,[],['https://www.huffingtonpost.fr/2018/06/03/les-images-impressionnantes-des-nouvelles-inondations-pres-des-pyrenees_a_23449546/'],[],0,0,0,"['flood', 'pyrenees', 'france']",[],https://twitter.com/BNF75/status/1003219357042925568,False,,0,,,,,,,,[],,,,
1003219242106478592,1003219242106478592,2018-06-03 06:18:00 EDT,2018-06-03,06:18:00,-0400,183688400,livewxradar,Rob Delp Weather,,Forecast map early today       See  Beta Radar:  https://t.co/HNLPnb8GMF #wx #weather #storm #hail #wind #flooding #traffic #flood #jam #states #beta #radar #Sunday  https://t.co/c2kYQSzXd5,en,[],['http://www.weather.pub'],['https://pbs.twimg.com/media/DevPxpcW0AE4bY_.jpg'],0,1,0,"['wx', 'weather', 'storm', 'hail', 'wind', 'flooding', 'traffic', 'flood', 'jam', 'states', 'beta', 'radar', 'sunday']",[],https://twitter.com/livewxradar/status/1003219242106478592,False,,1,https://pbs.twimg.com/media/DevPxpcW0AE4bY_.jpg,,,,,,,[],,,,
1003216315950272513,1003216315950272513,2018-06-03 06:06:23 EDT,2018-06-03,06:06:23,-0400,270440459,joshfitzwx,Josh Fitzpatrick,,Numerous #flood warnings continue across the region this Sunday morning! I'll have details you need to know starting at 7 AM on NBC29 HD News at Sunrise. You can watch on line at  https://t.co/4m9FRO4psR and on our mobile app. @VictoriaWresilo #FloodWarning #VAwx #Weather  https://t.co/yF0uZHVCY0,en,"[{'screen_name': 'victoriawresilo', 'name': 'victoria wresilo', 'id': '730120209537871872'}]",['http://NBC29.com'],['https://pbs.twimg.com/media/Dewj1KZWsAAKKBt.jpg'],0,1,1,"['flood', 'floodwarning', 'vawx', 'weather']",[],https://twitter.com/JoshFitzWx/status/1003216315950272513,False,,1,https://pbs.twimg.com/media/Dewj1KZWsAAKKBt.jpg,,,,,,,[],,,,
1003215769868619776,1003215769868619776,2018-06-03 06:04:13 EDT,2018-06-03,06:04:13,-0400,15009049,nbc29,NBC29,,Numerous #flood warnings continue across the region this Sunday morning! Meteorologist @JoshFitzWx will have details you need to know starting at 7 AM on NBC29 HD News at Sunrise. #TurnAroundDontDrown #VAwx #Travel #weather #FloodWarning  https://t.co/FDsHc9x7e7,en,"[{'screen_name': 'joshfitzwx', 'name': 'josh fitzpatrick', 'id': '270440459'}]",[],['https://pbs.twimg.com/media/DewjbOJW4AAor7s.jpg'],0,1,2,"['flood', 'turnarounddontdrown', 'vawx', 'travel', 'weather', 'floodwarning']",[],https://twitter.com/NBC29/status/1003215769868619776,False,,1,https://pbs.twimg.com/media/DewjbOJW4AAor7s.jpg,,,,,,,[],,,,
1003212717832982530,1003212717832982530,2018-06-03 05:52:05 EDT,2018-06-03,05:52:05,-0400,145535271,tv9telugu,TV9 Telugu,,Youth rescued from flash #flood in #Bangalore  https://t.co/bAqro9gT4X,en,[],['http://youtu.be/Se4REqDGnnw?a'],[],0,1,2,"['flood', 'bangalore']",[],https://twitter.com/TV9Telugu/status/1003212717832982530,False,,0,,,,,,,,[],,,,
1003203835488333824,1003203835488333824,2018-06-03 05:16:47 EDT,2018-06-03,05:16:47,-0400,475101288,ajavidn,"Andrew Nurse | MRICS, LS",, https://t.co/VJFhWkXWIA it's hurricane season. Please share this message #hurricane #JUNE #JCI #information #flood #earthquake #Tsunami #fire #wildfire @NODSAntigua @jcinews @abstvradio @RHughJackson @Rotary @RedCross @AandBEnviron @anumetservice @ABHCUK @EAGAntigua @NYACAB,en,"[{'screen_name': 'nodsantigua', 'name': 'nodsantiguabarbuda', 'id': '66995701'}, {'screen_name': 'jcinews', 'name': 'tomasbaldwin', 'id': '1185275961350086656'}, {'screen_name': 'abstvradio', 'name': 'abstvradio', 'id': '2997736711'}, {'screen_name': 'rhughjackson', 'name': 'ronald jackson', 'id': '901193390'}, {'screen_name': 'rotary', 'name': 'rotary international', 'id': '4432431'}, {'screen_name': 'redcross', 'name': 'american red cross', 'id': '6519522'}, {'screen_name': 'aandbenviron', 'name': 'antigua&barbuda department of environment', 'id': '2804343163'}, {'screen_name': 'anumetservice', 'name': 'anumetservice', 'id': '1058818656346484736'}, {'screen_name': 'abhcuk', 'name': 'antigua and barbuda high commission, uk', 'id': '3110882021'}, {'screen_name': 'eagantigua', 'name': 'eag 🦜🦎🌿', 'id': '63485333'}, {'screen_name': 'nyacab', 'name': 'youth ambassador anu', 'id': '399216444'}]",['https://youtu.be/OyUZvt_Oypk'],[],0,3,1,"['hurricane', 'june', 'jci', 'information', 'flood', 'earthquake', 'tsunami', 'fire', 'wildfire']",[],https://twitter.com/ajavidn/status/1003203835488333824,False,,0,,,,,,,,[],,,,
1003203131042385920,1003203131042385920,2018-06-03 05:13:59 EDT,2018-06-03,05:13:59,-0400,4887248356,justine_b87,Tine Gräber,,I forgot to close the door to my shower again and flooded the bathroom. Why does this keep happening? 🤣 #flood #ridiculous #justme #issues,en,[],[],[],0,1,0,"['flood', 'ridiculous', 'justme', 'issues']",[],https://twitter.com/Justine_B87/status/1003203131042385920,False,,0,,,,,,,,[],,,,
1003203072703811584,1003203072703811584,2018-06-03 05:13:45 EDT,2018-06-03,05:13:45,-0400,270440459,joshfitzwx,Josh Fitzpatrick,,#Flood Warnings continue for parts of the Shenandoah Valley and central Virginia this Sunday morning! #TurnAroundDontDrown #VAwx  https://t.co/trnU3e9HfF,en,[],[],['https://pbs.twimg.com/media/DewX3EfX4AAyj3e.jpg'],0,1,1,"['flood', 'turnarounddontdrown', 'vawx']",[],https://twitter.com/JoshFitzWx/status/1003203072703811584,False,,1,https://pbs.twimg.com/media/DewX3EfX4AAyj3e.jpg,,,,,,,[],,,,
1003203044094275584,1003203044094275584,2018-06-03 05:13:38 EDT,2018-06-03,05:13:38,-0400,112771378,fmboston,FMBoston Music&Life,,#Jeff #Pitchell &amp; #Texas #Flood #Jeff #Pitchell &amp;#038; #Texas #Flood Event on 2018-06-30 ... -  https://t.co/ol98mO1xnq,en,[],['http://bit.ly/2LTV64I'],[],0,1,0,"['jeff', 'pitchell', 'texas', 'flood', 'jeff', 'pitchell', 'texas', 'flood']",[],https://twitter.com/fmboston/status/1003203044094275584,False,,0,,,,,,,,[],,,,
1003202939006091264,1003202939006091264,2018-06-03 05:13:13 EDT,2018-06-03,05:13:13,-0400,808222817485524992,flooddefencesuk,Flood Defences,,Sewerage Protection in Coleraine #Sewer #Flood #Protection #Coleraine  https://t.co/eDV8aMHl5o,fr,[],['https://goo.gl/MFi2Li'],[],0,0,0,"['sewer', 'flood', 'protection', 'coleraine']",[],https://twitter.com/flooddefencesuk/status/1003202939006091264,False,,0,,,,,,,,[],,,,
1003201285859041280,1003201285859041280,2018-06-03 05:06:39 EDT,2018-06-03,05:06:39,-0400,329416277,megwisenbc12,Megan Wise,,"Flood Advisory for King and Queen, Richmond, King William and Essex counties until 8am. Minor flooding possible @NBC12 #rva #vawx #flood  https://t.co/DO7trqzVeZ",en,"[{'screen_name': 'nbc12', 'name': 'nbc12 wwbt richmond', 'id': '19151000'}]",[],['https://pbs.twimg.com/media/DewWQKyX4AADKEQ.jpg'],0,1,0,"['rva', 'vawx', 'flood']",[],https://twitter.com/MegWiseNBC12/status/1003201285859041280,False,,1,https://pbs.twimg.com/media/DewWQKyX4AADKEQ.jpg,,,,,,,[],,,,
1003200423052890118,1003200423052890118,2018-06-03 05:03:14 EDT,2018-06-03,05:03:14,-0400,329416277,megwisenbc12,Megan Wise,,⚠️ All southbound lanes closed 95S at MM69 near the Bells Road exit in #Chesterfield county. High water across the lanes ⚠️ @NBC12 #rva #flood #traffic  https://t.co/MYWZcFaGe5,en,"[{'screen_name': 'nbc12', 'name': 'nbc12 wwbt richmond', 'id': '19151000'}]",[],['https://pbs.twimg.com/media/DewVdmjU0AAZVcw.jpg'],0,6,2,"['chesterfield', 'rva', 'flood', 'traffic']",[],https://twitter.com/MegWiseNBC12/status/1003200423052890118,False,,1,https://pbs.twimg.com/media/DewVdmjU0AAZVcw.jpg,,,,,,,[],,,,
1003199970638430208,1003199970638430208,2018-06-03 05:01:26 EDT,2018-06-03,05:01:26,-0400,270440459,joshfitzwx,Josh Fitzpatrick,,#Flood #FloodWarning #TurnAroundDontDrown #VAwx  https://t.co/CsrRAxbj9f,und,[],['https://twitter.com/NBC29/status/1003198269810454530'],[],0,1,0,"['flood', 'floodwarning', 'turnarounddontdrown', 'vawx']",[],https://twitter.com/JoshFitzWx/status/1003199970638430208,False,https://twitter.com/NBC29/status/1003198269810454530,0,,,,,,,,[],,,,
1003199551056908288,1003199551056908288,2018-06-03 04:59:46 EDT,2018-06-03,04:59:46,-0400,2434869770,resprojects,Chris Quin,,"""@FloodMapp: We have to get serious about investing in #Flood #Resilience  https://t.co/TbrydcQ7Sz"" Great article on why flooding reoccurs",en,"[{'screen_name': 'floodmapp', 'name': 'floodmapp', 'id': '832587223782469632'}]",['https://twitter.com/CityLab/status/1002811971027263489'],[],0,0,1,"['flood', 'resilience']",[],https://twitter.com/ResProjects/status/1003199551056908288,False,https://twitter.com/CityLab/status/1002811971027263489,0,,,,,,,,[],,,,
1003199049976037376,1003199049976037376,2018-06-03 04:57:46 EDT,2018-06-03,04:57:46,-0400,2276880895,petabencana,PetaBencana.id,,"@baekronism Hello, I am Bencana Bot, reply with #flood to send me your flood report.  https://t.co/go6FaGiiNL",en,[],[],['https://pbs.twimg.com/tweet_video_thumb/C4MFV65UkAAbNll.jpg'],0,0,0,['flood'],[],https://twitter.com/petabencana/status/1003199049976037376,False,,1,https://pbs.twimg.com/tweet_video_thumb/C4MFV65UkAAbNll.jpg,,,,,,,[],,,,
1003196892187066368,1003196892187066368,2018-06-03 04:49:12 EDT,2018-06-03,04:49:12,-0400,45817618,distractedalien,distracted_alien,,"Reconstructing longest American #water #level , instrumented #flood #record , in #Boston #Harbor.. https://t.co/J04Ov50yuJ",en,[],['https://www.sciencedaily.com/releases/2018/06/180601134756.htm'],[],0,0,0,"['water', 'level', 'flood', 'record', 'boston', 'harbor']",[],https://twitter.com/distractedalien/status/1003196892187066368,False,,0,,,,,,,,[],,,,
1003192061535899648,1003192061535899648,2018-06-03 04:30:00 EDT,2018-06-03,04:30:00,-0400,183688400,livewxradar,Rob Delp Weather,,Forecast map early today    See  Beta Radar:  https://t.co/HNLPnb8GMF #wx #weather #storm #hail #wind #flooding #traffic #flood #jam #states #beta #radar #Sunday  https://t.co/C7dTWuWKbm,en,[],['http://www.weather.pub'],['https://pbs.twimg.com/media/DevPT3ZXUAID_wf.jpg'],0,2,0,"['wx', 'weather', 'storm', 'hail', 'wind', 'flooding', 'traffic', 'flood', 'jam', 'states', 'beta', 'radar', 'sunday']",[],https://twitter.com/livewxradar/status/1003192061535899648,False,,1,https://pbs.twimg.com/media/DevPT3ZXUAID_wf.jpg,,,,,,,[],,,,
1003191203909787648,1003191203909787648,2018-06-03 04:26:36 EDT,2018-06-03,04:26:36,-0400,329416277,megwisenbc12,Megan Wise,,"Flood Advisory for Gloucester, King and Queen, Middlesex, New Kent and King William counties until 6:15am. Minor flooding possible @NBC12 #rva #flood  https://t.co/R4Wksc3qsH",en,"[{'screen_name': 'nbc12', 'name': 'nbc12 wwbt richmond', 'id': '19151000'}]",[],['https://pbs.twimg.com/media/DewNFUYX4AYYl1W.jpg'],0,2,0,"['rva', 'flood']",[],https://twitter.com/MegWiseNBC12/status/1003191203909787648,False,,1,https://pbs.twimg.com/media/DewNFUYX4AYYl1W.jpg,,,,,,,[],,,,
1003189318968578048,1003189318968578048,2018-06-03 04:19:06 EDT,2018-06-03,04:19:06,-0400,4318639042,stormchaserukeu,WEATHER/ METEO WORLD,,"Brutal flooding in la Rambla Ditar Liétor, AB in Spain yesterday afternoon 2nd June! Video via: @MeteoHellin #severeweather #extremeweather #Flood  https://t.co/M662JYLgTb",en,"[{'screen_name': 'meteohellin', 'name': 'meteo⚡hellín', 'id': '555711818'}]",[],[],4,82,103,"['severeweather', 'extremeweather', 'flood']",[],https://twitter.com/StormchaserUKEU/status/1003189318968578048,False,,1,https://pbs.twimg.com/ext_tw_video_thumb/1003032151682527232/pu/img/Raoeh_AZ6fjcV6iM.jpg,,,,,,,[],,,,
1003188158392094720,1003188158392094720,2018-06-03 04:14:29 EDT,2018-06-03,04:14:29,-0400,270440459,joshfitzwx,Josh Fitzpatrick,,18 #flood reports over the last 24 hours in the Shenandoah Valley and it continues to rain! #VAwx #Travel #Weather #TurnAroundDontDrown  https://t.co/K9u3xnownF,en,[],[],['https://pbs.twimg.com/media/DewKJ0TXkAAOx3N.jpg'],0,1,1,"['flood', 'vawx', 'travel', 'weather', 'turnarounddontdrown']",[],https://twitter.com/JoshFitzWx/status/1003188158392094720,False,,1,https://pbs.twimg.com/media/DewKJ0TXkAAOx3N.jpg,,,,,,,[],,,,
1003188146094465024,1003188146094465024,2018-06-03 04:14:27 EDT,2018-06-03,04:14:27,-0400,914781631851978752,staysafeapp,Stay Safe,,Idaho: Flood Advisory issued for Custer County  #idaho #flood #custercounty #staysafe   https://t.co/XNX2o59woA  https://t.co/jqaPfoJLBy,en,[],['https://stay-safe.com/idaho-flood-advisory-issued-for-custer-county'],['https://pbs.twimg.com/media/DewKTExXcAUw6XN.jpg'],0,0,0,"['idaho', 'flood', 'custercounty', 'staysafe']",[],https://twitter.com/staysafeapp/status/1003188146094465024,False,,1,https://pbs.twimg.com/media/DewKTExXcAUw6XN.jpg,,,,,,,[],,,,
1003178260140879872,1003178260140879872,2018-06-03 03:35:10 EDT,2018-06-03,03:35:10,-0400,710064928862801920,pollkhol2,Poll Khol,,ECoR gears up safety precautions for monsoon... #ECoR #Railway #monsoon #precautionary #safety #alert #flood #trains #passengers #UmeshSingh #FSL #Danger #patrolmen #watchmen #drivers #drains #Patrolling #MeteorologicalDepartment  https://t.co/Z5ENbS4wvJ,en,[],['https://www.rozanaspokesman.com/news/nation/030618/ecor-gears-up-safety-prevautions-for-monsoon.html'],[],0,0,0,"['ecor', 'railway', 'monsoon', 'precautionary', 'safety', 'alert', 'flood', 'trains', 'passengers', 'umeshsingh', 'fsl', 'danger', 'patrolmen', 'watchmen', 'drivers', 'drains', 'patrolling', 'meteorologicaldepartment']",[],https://twitter.com/PollKhol2/status/1003178260140879872,False,,0,,,,,,,,[],,,,
1003176689369735168,1003176689369735168,2018-06-03 03:28:55 EDT,2018-06-03,03:28:55,-0400,832587223782469632,floodmapp,FloodMapp,,We have to get serious about investing in #Flood #Resilience  https://t.co/GaWoQUNHuh,en,[],['https://twitter.com/CityLab/status/1002811971027263489'],[],0,0,1,"['flood', 'resilience']",[],https://twitter.com/FloodMapp/status/1003176689369735168,False,https://twitter.com/CityLab/status/1002811971027263489,0,,,,,,,,[],,,,
1003166386582155264,1003166386582155264,2018-06-03 02:47:59 EDT,2018-06-03,02:47:59,-0400,21646898,sureshone,Suresh Surenthiran,,Three Reasons to Install Flood Sensors - AVTECH  https://t.co/fCAHgvj2Rm #flood,en,[],['https://paper.li/e-1489042112?read=https%3A%2F%2Favtech.com%2Farticles%2F7196%2Fthree%2Dreasons%2Dinstall%2Dflood%2Dsensors%2F'],[],0,1,1,['flood'],[],https://twitter.com/sureshone/status/1003166386582155264,False,,0,,,,,,,,[],,,,
1003161157572677633,1003161157572677633,2018-06-03 02:27:12 EDT,2018-06-03,02:27:12,-0400,2149867910,ahemmathagama,Ashwin Hemmathagama,,Two tunnels for #lka #Colombo #flood control program  https://t.co/wEp5iBBjiZ,en,[],[],['https://pbs.twimg.com/media/DevxpsLX4AAlm6f.jpg'],0,9,15,"['lka', 'colombo', 'flood']",[],https://twitter.com/AHemmathagama/status/1003161157572677633,False,,1,https://pbs.twimg.com/media/DevxpsLX4AAlm6f.jpg,,,,,,,[],,,,
1003155534193848320,1003155534193848320,2018-06-03 02:04:51 EDT,2018-06-03,02:04:51,-0400,2201283403,copernicusems,Copernicus EMS,,"🗺 New map: [#EMSR286] Ituango Dam: Grading Map, Monitoring 1 [v1, 1:6500] 🔗  https://t.co/flDu5jgUq0 — #flood #grading in #Colombia #Copernicus #CEMS #RapidMapping #EUCivPro",tl,[],['http://j.mp/2Jbrr5v'],[],0,6,5,"['emsr286', 'flood', 'grading', 'colombia', 'copernicus', 'cems', 'rapidmapping', 'eucivpro']",[],https://twitter.com/CopernicusEMS/status/1003155534193848320,False,,0,,,,,,,,[],,,,
1003155422931382273,1003155422931382273,2018-06-03 02:04:25 EDT,2018-06-03,02:04:25,-0400,2276880895,petabencana,PetaBencana.id,,"@emirhartato Hello, I am Bencana Bot, reply with #flood to send me your flood report.  https://t.co/mIKIhDImlT",en,[],[],['https://pbs.twimg.com/tweet_video_thumb/C4MFV65UkAAbNll.jpg'],0,0,0,['flood'],[],https://twitter.com/petabencana/status/1003155422931382273,False,,1,https://pbs.twimg.com/tweet_video_thumb/C4MFV65UkAAbNll.jpg,,,,,,,[],,,,
1003155087693410304,1003155087693410304,2018-06-03 02:03:05 EDT,2018-06-03,02:03:05,-0400,17137371,hallcyon,Galen Hallcyon 🏴‍☠️🎭⚜️♥️♟,,"Insured or not, flood-ravaged Old Ellicott City small businesses daunted by rebuilding  https://t.co/zag2GoJQIw #Baltimore #Maryland #Flood",en,[],['http://www.baltimoresun.com/news/maryland/bs-md-flood-rebuilding-20180530-story.html'],[],0,2,1,"['baltimore', 'maryland', 'flood']",[],https://twitter.com/hallcyon/status/1003155087693410304,False,,0,,,,,,,,[],,,,
1003151741188222977,1003151741188222977,2018-06-03 01:49:47 EDT,2018-06-03,01:49:47,-0400,2201283403,copernicusems,Copernicus EMS,,"🗺 New map: [#EMSR286] Ituango Dam: Delineation Map, Monitoring 1 [v1, 1:6500] 🔗  https://t.co/K9h1OxMi9c — #flood #delineation in #Colombia #Copernicus #CEMS #RapidMapping #EUCivPro",tl,[],['http://j.mp/2srnJOv'],[],0,2,3,"['emsr286', 'flood', 'delineation', 'colombia', 'copernicus', 'cems', 'rapidmapping', 'eucivpro']",[],https://twitter.com/CopernicusEMS/status/1003151741188222977,False,,0,,,,,,,,[],,,,
1003149443221184512,1003149443221184512,2018-06-03 01:40:39 EDT,2018-06-03,01:40:39,-0400,2276880895,petabencana,PetaBencana.id,,"@100bhyun Hello, I am Bencana Bot, reply with #flood to send me your flood report.  https://t.co/i3HLuweYv6",en,[],[],['https://pbs.twimg.com/tweet_video_thumb/C4MFV65UkAAbNll.jpg'],0,0,0,['flood'],[],https://twitter.com/petabencana/status/1003149443221184512,False,,1,https://pbs.twimg.com/tweet_video_thumb/C4MFV65UkAAbNll.jpg,,,,,,,[],,,,
1003146782283653120,1003146782283653120,2018-06-03 01:30:05 EDT,2018-06-03,01:30:05,-0400,763323694936494080,sciresmatters,Research Matters,,What were the various factors that caused the #flood in 2015 that brought #Chennai to a standstill? Find out at :  https://t.co/qwdWmw2iYs #ICYMI  https://t.co/ivXdbiwGcg,en,[],['http://ow.ly/q4e830kfemR'],['https://pbs.twimg.com/media/DevkrnUXcAAG6eZ.jpg'],0,3,1,"['flood', 'chennai', 'icymi']",[],https://twitter.com/SciResMatters/status/1003146782283653120,False,,1,https://pbs.twimg.com/media/DevkrnUXcAAG6eZ.jpg,,,,,,,[],,,,
1003146266895790080,1003068160436678656,2018-06-03 01:28:02 EDT,2018-06-03,01:28:02,-0400,908170046635073536,liliarun0884,Liliana Sandra,,@petabencana #flood,und,[],[],[],1,0,0,['flood'],[],https://twitter.com/Liliarun0884/status/1003146266895790080,False,,0,,,,,,,,"[{'screen_name': 'petabencana', 'name': 'PetaBencana.id', 'id': '2276880895'}]",,,,
1003145867199565824,1003068160436678656,2018-06-03 01:26:26 EDT,2018-06-03,01:26:26,-0400,2276880895,petabencana,PetaBencana.id,,"@Liliarun0884 Hello, I am Bencana Bot, reply with #flood to send me your flood report.  https://t.co/wZcZt7ABol",en,[],[],['https://pbs.twimg.com/tweet_video_thumb/C4MFV65UkAAbNll.jpg'],1,0,1,['flood'],[],https://twitter.com/petabencana/status/1003145867199565824,False,,1,https://pbs.twimg.com/tweet_video_thumb/C4MFV65UkAAbNll.jpg,,,,,,,"[{'screen_name': 'Liliarun0884', 'name': 'Liliana Sandra', 'id': '908170046635073536'}]",,,,
1003143181859295232,1003143181859295232,2018-06-03 01:15:46 EDT,2018-06-03,01:15:46,-0400,130686873,empa_conference,@EMPA_Conference,,"How do people access info during an emergency? @barbararyanusq sharing research based on different emergency types - slow #flood, flash flood, #bushfire, #cyclone #EMPAeast",en,[],[],[],0,1,4,"['flood', 'bushfire', 'cyclone', 'empaeast']",[],https://twitter.com/EMPA_Conference/status/1003143181859295232,False,,0,,,,,,,,[],,,,
1003131122090250246,1003131122090250246,2018-06-03 00:27:51 EDT,2018-06-03,00:27:51,-0400,107642576,tauhenare,WestSide 8345,,"Only in #Remuera, Only in a #Flood, Only a #Defender  https://t.co/U2ixrTYw28",en,[],[],['https://pbs.twimg.com/media/DevWbS-V4AEfvYf.jpg'],1,2,2,"['remuera', 'flood', 'defender']",[],https://twitter.com/tauhenare/status/1003131122090250246,False,,1,https://pbs.twimg.com/media/DevWbS-V4AEfvYf.jpg,,,,,,,[],,,,
1003129148477358080,1003129148477358080,2018-06-03 00:20:00 EDT,2018-06-03,00:20:00,-0400,2276880895,petabencana,PetaBencana.id,,"@saviraazzahra00 Hello, I am Bencana Bot, reply with #flood to send me your flood report.  https://t.co/p3nTnI2pqB",en,[],[],['https://pbs.twimg.com/tweet_video_thumb/C4MFV65UkAAbNll.jpg'],1,0,0,['flood'],[],https://twitter.com/petabencana/status/1003129148477358080,False,,1,https://pbs.twimg.com/tweet_video_thumb/C4MFV65UkAAbNll.jpg,,,,,,,[],,,,
1003120469787140096,1003120469787140096,2018-06-02 23:45:31 EDT,2018-06-02,23:45:31,-0400,968082818701012992,firstnews_tv,FirstNews Kannada,,"ಮಾನವ ಸರಪಳಿ ನಿರ್ಮಿಸಿ, ಪ್ರವಾಹದಲ್ಲಿ ಕೊಚ್ಚಿಹೋಗ್ತಿದ್ದ ನಾಯಿಯನ್ನ ರಕ್ಷಿಸಿದ್ರು  https://t.co/YAUjqNoizR   #Firstnews #FirstnewsKannada #Dog #Rescue #Flood  https://t.co/9sBbMLHslh",kn,[],['http://firstnews.tv/people-save-dog-swept-away-in-flash-flood/13/'],['https://pbs.twimg.com/media/DevMvqcU0AAqc4d.jpg'],0,0,0,"['firstnews', 'firstnewskannada', 'dog', 'rescue', 'flood']",[],https://twitter.com/firstnews_tv/status/1003120469787140096,False,,1,https://pbs.twimg.com/media/DevMvqcU0AAqc4d.jpg,,,,,,,[],,,,
1003120375264305152,1003120375264305152,2018-06-02 23:45:09 EDT,2018-06-02,23:45:09,-0400,2276880895,petabencana,PetaBencana.id,,"@10969Nadya Hello, I am Bencana Bot, reply with #flood to send me your flood report.  https://t.co/XOzSGzBot6",en,[],[],['https://pbs.twimg.com/tweet_video_thumb/C4MFV65UkAAbNll.jpg'],0,0,1,['flood'],[],https://twitter.com/petabencana/status/1003120375264305152,False,,1,https://pbs.twimg.com/tweet_video_thumb/C4MFV65UkAAbNll.jpg,,,,,,,[],,,,
1003119584054874113,1003119584054874113,2018-06-02 23:42:00 EDT,2018-06-02,23:42:00,-0400,2276880895,petabencana,PetaBencana.id,,"@nun6k1sseu_ Hello, I am Bencana Bot, reply with #flood to send me your flood report.  https://t.co/Hz38jXENZ5",en,[],[],['https://pbs.twimg.com/tweet_video_thumb/C4MFV65UkAAbNll.jpg'],0,0,0,['flood'],[],https://twitter.com/petabencana/status/1003119584054874113,False,,1,https://pbs.twimg.com/tweet_video_thumb/C4MFV65UkAAbNll.jpg,,,,,,,[],,,,
1003111933283889152,1003111933283889152,2018-06-02 23:11:36 EDT,2018-06-02,23:11:36,-0400,16866956,swissre,Swiss Re,,"Our head Property Underwriting US &amp; Canada, Monica Ningen, talks to @CNN about #hurricanes and #flood   https://t.co/Xw7YiLD7cQ",en,"[{'screen_name': 'cnn', 'name': 'cnn', 'id': '759251'}]",['https://www.google.com/amp/s/amp.cnn.com/cnn/2018/06/01/us/hurricane-season-5-things-learned-wxc/index.html'],[],1,10,6,"['hurricanes', 'flood']",[],https://twitter.com/SwissRe/status/1003111933283889152,False,,0,,,,,,,,[],,,,
1003103231621369864,1003103231621369864,2018-06-02 22:37:01 EDT,2018-06-02,22:37:01,-0400,41164967,teamapcia,American Property Casualty Insurance Association,,Residents in coastal and inland areas need to consider purchasing #flood Insurance #NFIP  https://t.co/JHUvneAcvT #HurricaneStrong  https://t.co/1SLLoChxhJ,en,[],['http://bit.ly/2IwTGLB'],['https://pbs.twimg.com/media/Deu9Eo8W4AAAjO9.jpg'],0,3,0,"['flood', 'nfip', 'hurricanestrong']",[],https://twitter.com/TeamAPCIA/status/1003103231621369864,False,,1,https://pbs.twimg.com/media/Deu9Eo8W4AAAjO9.jpg,,,,,,,[],,,,
1003103202944823297,1003103202944823297,2018-06-02 22:36:54 EDT,2018-06-02,22:36:54,-0400,909584641,iamgtsmith,Gerald Smith,,"Retweeted Glenn McGillivray (@ICLRCanada):  ICLR News, a selection of the week's top natural hazard news, is now available  https://t.co/0sWnuH1SZf #storm #flood #earthquake #wildfire  https://t.co/1LmVFBJVbZ  https://t.co/0sWnuH1SZf",en,"[{'screen_name': 'iclrcanada', 'name': 'glenn mcgillivray', 'id': '122387909'}]","['https://bit.ly/2LcwRNX', 'https://bit.ly/2LcwRNX']",['https://pbs.twimg.com/media/Dem-YF9U8AA31Gl.jpg'],0,2,0,"['storm', 'flood', 'earthquake', 'wildfire']",[],https://twitter.com/iamgtsmith/status/1003103202944823297,False,,1,https://pbs.twimg.com/media/Dem-YF9U8AA31Gl.jpg,,,,,,,[],,,,
1003101282972917760,1003101282972917760,2018-06-02 22:29:17 EDT,2018-06-02,22:29:17,-0400,794498262069837824,ik_asiamah,I.K Bekoe-Asiamah™ 🇬🇭,,"Today In History: June 3, 2015 - Ghana Experienced a twin #fire and #flood Disaster. 3 Years on am asking; Have we done enough as a Nation to show we learnt alot from that #SadMoment and to Prevent History repeating Itself ? #RememberingJune3Disaster  https://t.co/KSMfgdLjrG",en,[],[],"['https://pbs.twimg.com/media/Deu7R9pX0AEmPrk.jpg', 'https://pbs.twimg.com/media/Deu7S-aW4AExpZN.jpg']",0,2,0,"['fire', 'flood', 'sadmoment', 'rememberingjune3disaster']",[],https://twitter.com/IK_Asiamah/status/1003101282972917760,False,,1,https://pbs.twimg.com/media/Deu7R9pX0AEmPrk.jpg,,,,,,,[],,,,
1003093428744458241,1003093428744458241,2018-06-02 21:58:04 EDT,2018-06-02,21:58:04,-0400,3197115146,mattycamshaft,Matty Campbell,,"I should have built that ark that God told me to build.  Wait, God isn't real and that didn't happen.   #va #virginia #flooding #Flood #wet #wild",en,[],[],[],0,1,0,"['va', 'virginia', 'flooding', 'flood', 'wet', 'wild']",[],https://twitter.com/mattycamshaft/status/1003093428744458241,False,,0,,,,,,,,[],,,,
1003079386952658944,1003079386952658944,2018-06-02 21:02:16 EDT,2018-06-02,21:02:16,-0400,2276880895,petabencana,PetaBencana.id,,"@lukiyatu Hello, I am Bencana Bot, reply with #flood to send me your flood report.  https://t.co/TFDbswxHBJ",en,[],[],['https://pbs.twimg.com/tweet_video_thumb/C4MFV65UkAAbNll.jpg'],0,0,0,['flood'],[],https://twitter.com/petabencana/status/1003079386952658944,False,,1,https://pbs.twimg.com/tweet_video_thumb/C4MFV65UkAAbNll.jpg,,,,,,,[],,,,
1003079295118594049,1003079295118594049,2018-06-02 21:01:54 EDT,2018-06-02,21:01:54,-0400,1292782016,hvachacks,HVAC-HACKS.COM,,Three Reasons to Install Flood Sensors - AVTECH  https://t.co/Ey2MbxyFVr #flood,en,[],['https://paper.li/f-1513645322?read=https%3A%2F%2Favtech.com%2Farticles%2F7196%2Fthree%2Dreasons%2Dinstall%2Dflood%2Dsensors%2F'],[],0,1,1,['flood'],[],https://twitter.com/Hvachacks/status/1003079295118594049,False,,0,,,,,,,,[],,,,
1003079290475503617,1003079290475503617,2018-06-02 21:01:53 EDT,2018-06-02,21:01:53,-0400,15009049,nbc29,NBC29,,Areas of #flooding and a few road closures in the Valley tonight! Meteorologist @JoshFitzWx will have details at 10 PM on the CW and at 11 PM on NBC29. #VAwx #TurnAroundDontDrown #Flood  https://t.co/hDDpq7sZEE,en,"[{'screen_name': 'joshfitzwx', 'name': 'josh fitzpatrick', 'id': '270440459'}]",[],['https://pbs.twimg.com/media/DeunTEeW0AEVSsw.jpg'],0,3,1,"['flooding', 'vawx', 'turnarounddontdrown', 'flood']",[],https://twitter.com/NBC29/status/1003079290475503617,False,,1,https://pbs.twimg.com/media/DeunTEeW0AEVSsw.jpg,,,,,,,[],,,,
1003078816426840067,1003078816426840067,2018-06-02 21:00:00 EDT,2018-06-02,21:00:00,-0400,183688400,livewxradar,Rob Delp Weather,,Forecast map fo r this evening    See  Beta Radar:  https://t.co/HNLPnb8GMF #wx #weather #storm #hail #wind #flooding #traffic #flood #jam #states #beta #radar #Saturday  https://t.co/qqMN7hr98x,en,[],['http://www.weather.pub'],['https://pbs.twimg.com/media/DeqayWTW0AAreTm.jpg'],0,1,0,"['wx', 'weather', 'storm', 'hail', 'wind', 'flooding', 'traffic', 'flood', 'jam', 'states', 'beta', 'radar', 'saturday']",[],https://twitter.com/livewxradar/status/1003078816426840067,False,,1,https://pbs.twimg.com/media/DeqayWTW0AAreTm.jpg,,,,,,,[],,,,
1003072840558526465,1003072796983824384,2018-06-02 20:36:16 EDT,2018-06-02,20:36:16,-0400,2276880895,petabencana,PetaBencana.id,,"@_clairdelune88 Hello, I am Bencana Bot, reply with #flood to send me your flood report.  https://t.co/Moj41wgNUn",en,[],[],['https://pbs.twimg.com/tweet_video_thumb/C4MFV65UkAAbNll.jpg'],0,0,0,['flood'],[],https://twitter.com/petabencana/status/1003072840558526465,False,,1,https://pbs.twimg.com/tweet_video_thumb/C4MFV65UkAAbNll.jpg,,,,,,,"[{'screen_name': '_clairdelune88', 'name': 'universe 🐻', 'id': '567166450'}]",,,,
1003071314062524417,1003058140521357312,2018-06-02 20:30:12 EDT,2018-06-02,20:30:12,-0400,2276880895,petabencana,PetaBencana.id,,"@Tiwinesia2 Hello, I am Bencana Bot, reply with #flood to send me your flood report.  https://t.co/1CyBn73dwS",en,[],[],['https://pbs.twimg.com/tweet_video_thumb/C4MFV65UkAAbNll.jpg'],0,0,0,['flood'],[],https://twitter.com/petabencana/status/1003071314062524417,False,,1,https://pbs.twimg.com/tweet_video_thumb/C4MFV65UkAAbNll.jpg,,,,,,,"[{'screen_name': 'Tiwinesia2', 'name': 'Tiwinesia 🐥💚🐰🎀', 'id': '962194698340192258'}]",,,,
1003063751095054337,1003063751095054337,2018-06-02 20:00:08 EDT,2018-06-02,20:00:08,-0400,883152265984360448,src_odisha,"SRC, Govt of Odisha",,"To prepare for a #flood, you should avoid building in flood prone areas unless you elevate and reinforce your home.Elevate the furnace, water heater, and electric panel if susceptible to flooding. Read more    https://t.co/TyE0LpLfJS",en,[],['http://ow.ly/U10530kj683'],[],0,3,7,['flood'],[],https://twitter.com/SRC_Odisha/status/1003063751095054337,False,,0,,,,,,,,[],,,,
