id,conversation_id,created_at,date,time,timezone,user_id,username,name,place,tweet,language,mentions,urls,photos,replies_count,retweets_count,likes_count,hashtags,cashtags,link,retweet,quote_url,video,thumbnail,near,geo,source,user_rt_id,user_rt,retweet_id,reply_to,retweet_date,translate,trans_src,trans_dest
1120107477599760385,1120107477599760385,2019-04-21 19:30:07 EDT,2019-04-21,19:30:07,-0400,1101081968,rockinwoapradio,@RockinWOAPRadio,,#Homies #LetsBindTogether #ExtendYourAssistance #Via #Thots #Prayers #Donations #ElicottCityMD #Flood #2018..#GetFurther #HelpsInfoHere:   https://t.co/4EHYrkLBPZ.  @hocogov   https://t.co/6cj20HBsEw   https://t.co/K5veLMOGgx  https://t.co/bhBxVPuA69,und,"[{'screen_name': 'hocogov', 'name': ""howard county gov't"", 'id': '161698693'}]","['http://www.ecfloodrecovery.org', 'https://www.howardcountymd.gov/disasterrecoveryvolunteer', 'http://visitoldellicottcity.com/ec-partnership/donate/']",['https://pbs.twimg.com/media/D4trzRvXsAAEURc.jpg'],0,0,0,"['homies', 'letsbindtogether', 'extendyourassistance', 'via', 'thots', 'prayers', 'donations', 'elicottcitymd', 'flood', 'getfurther', 'helpsinfohere']",[],https://twitter.com/RockinWOAPRadio/status/1120107477599760385,False,,1,https://pbs.twimg.com/media/D4trzRvXsAAEURc.jpg,,,,,,,[],,,,
1120106171996577792,1120106171996577792,2019-04-21 19:24:56 EDT,2019-04-21,19:24:56,-0400,2276880895,petabencana,PetaBencana.id,,"@Doni45047349 Hello, I am Bencana Bot, reply with #flood to send me your flood report.  https://t.co/d7Q8pNsML1",en,[],[],['https://pbs.twimg.com/tweet_video_thumb/C4MFV65UkAAbNll.jpg'],0,0,0,['flood'],[],https://twitter.com/petabencana/status/1120106171996577792,False,,1,https://pbs.twimg.com/tweet_video_thumb/C4MFV65UkAAbNll.jpg,,,,,,,[],,,,
1120103401176563712,1120103401176563712,2019-04-21 19:13:56 EDT,2019-04-21,19:13:56,-0400,831340100202139653,thefloodchannel,The Flood Channel,,#flood #floods #flooding #floodrisk #floodinsurance #disaster #FEMA #NFIP #weather,und,[],[],[],0,0,1,"['flood', 'floods', 'flooding', 'floodrisk', 'floodinsurance', 'disaster', 'fema', 'nfip', 'weather']",[],https://twitter.com/TheFloodChannel/status/1120103401176563712,False,https://twitter.com/tempestrestor/status/1119707817924091905,0,,,,,,,,[],,,,
1120101588566249473,1120101588566249473,2019-04-21 19:06:43 EDT,2019-04-21,19:06:43,-0400,51230826,katiegriffinctv,Katie Griffin,,Here are some locations if you're able to help fill #sandbags tomorrow #flood #ottnews #cumberland #constancebay @ctvottawa  https://t.co/ukuNC3eEGR,en,"[{'screen_name': 'ctvottawa', 'name': 'ctv ottawa', 'id': '21212604'}]",[],['https://pbs.twimg.com/media/D4tmdMeW4AApSTo.jpg'],1,24,25,"['sandbags', 'flood', 'ottnews', 'cumberland', 'constancebay']",[],https://twitter.com/KatieGriffinCTV/status/1120101588566249473,False,,1,https://pbs.twimg.com/media/D4tmdMeW4AApSTo.jpg,,,,,,,[],,,,
1120101306147004416,1120101306147004416,2019-04-21 19:05:36 EDT,2019-04-21,19:05:36,-0400,831340100202139653,thefloodchannel,The Flood Channel,,Tidal Basin Trail inundated. #flood #floods #flooding #floodrisk #floodinsurance #disaster #FEMA #NFIP #weather  https://t.co/p6Y2Wb7zOr,tl,[],[],"['https://pbs.twimg.com/media/D4tmMODXsAAfw2A.jpg', 'https://pbs.twimg.com/media/D4tmMOCXkAEJgAP.jpg', 'https://pbs.twimg.com/media/D4tmMOEWsAgu8tg.jpg', 'https://pbs.twimg.com/media/D4tmMODW4AA8cGJ.jpg']",0,0,0,"['flood', 'floods', 'flooding', 'floodrisk', 'floodinsurance', 'disaster', 'fema', 'nfip', 'weather']",[],https://twitter.com/TheFloodChannel/status/1120101306147004416,False,,1,https://pbs.twimg.com/media/D4tmMODXsAAfw2A.jpg,,,,,,,[],,,,
1120096979181137920,1120096979181137920,2019-04-21 18:48:24 EDT,2019-04-21,18:48:24,-0400,14174731,jaymidnyte,Jay Midnyte,,#Iran’s population turns against #Iraqi volunteers in #flood-affected regions | Ali Alfoneh  https://t.co/MUBnoPiQIK,en,[],['https://thearabweekly.com/node/43484'],[],0,0,0,"['iran', 'iraqi', 'flood']",[],https://twitter.com/JayMidnyte/status/1120096979181137920,False,,0,,,,,,,,[],,,,
1120094820616294401,1120094820616294401,2019-04-21 18:39:50 EDT,2019-04-21,18:39:50,-0400,2876507531,sarahlongwmtw,Sarah Long,,"Flood warnings remain, although rivers are generally receding - some slower than others. More on each river warning here  https://t.co/WWVG84DW0k    #wmtw #maine #weekendweather #spring #flood  https://t.co/21QuZ0VTbw",en,[],['https://www.wmtw.com/article/river-flood-warnings-continue-into-monday/27189172'],['https://pbs.twimg.com/media/D4tgGHAWwAEVYw9.jpg'],0,1,0,"['wmtw', 'maine', 'weekendweather', 'spring', 'flood']",[],https://twitter.com/SarahLongWMTW/status/1120094820616294401,False,,1,https://pbs.twimg.com/media/D4tgGHAWwAEVYw9.jpg,,,,,,,[],,,,
1120091213233836033,1120091213233836033,2019-04-21 18:25:30 EDT,2019-04-21,18:25:30,-0400,1593999152,comput1212,Andrew Brown,,"New England, and QC floods. #newengland #flood #Canada",en,[],[],[],0,1,0,"['newengland', 'flood', 'canada']",[],https://twitter.com/comput1212/status/1120091213233836033,False,,0,,,,,,,,[],,,,
1120088455499923458,1120088455499923458,2019-04-21 18:14:32 EDT,2019-04-21,18:14:32,-0400,36125039,wsiuradio,WSIU Public Radio,,"Drones, supercomputers, and sonar that scans deep under water are helping to maintain #flood control projects, and predicting just where rivers will roar out of their banks. #southernillinois #NOAA  https://t.co/BfJQg22lee",en,[],['http://qoo.ly/wvzuy'],[],0,1,0,"['flood', 'southernillinois', 'noaa']",[],https://twitter.com/WSIURadio/status/1120088455499923458,False,,0,,,,,,,,[],,,,
1120084797034905600,1120084797034905600,2019-04-21 18:00:00 EDT,2019-04-21,18:00:00,-0400,1421284602,theiranpulse,Iran Pulse,,Why #Iranian authorities failed to minimize #flood damage  https://t.co/g0yzI293vS … … … @BijanKK,en,"[{'screen_name': 'bijankk', 'name': 'bijan khajehpour', 'id': '2885446187'}]",['https://www.al-monitor.com/pulse/originals/2019/04/iran-floods-response-disaster-management-prevention.html#ixzz5lDWXiJvM'],[],0,3,3,"['iranian', 'flood']",[],https://twitter.com/TheIranPulse/status/1120084797034905600,False,,0,,,,,,,,[],,,,
1120083877446344707,1120083877446344707,2019-04-21 17:56:21 EDT,2019-04-21,17:56:21,-0400,2858511997,watertrends,Water News Global,,CANADA ONTARIO: @FordNation cuts conservation authority funding for #Flood programs | @ConOnt #ONpoli #EcoRollback  https://t.co/fMubFgpxgV,en,"[{'screen_name': 'fordnation', 'name': 'doug ford', 'id': '2809959174'}, {'screen_name': 'conont', 'name': 'conservation ontario', 'id': '21756898'}]",['https://www.burnabynow.com/ontario-cuts-conservation-authority-funding-for-flood-programs-1.23797339'],[],0,1,0,"['flood', 'onpoli', 'ecorollback']",[],https://twitter.com/WaterTrends/status/1120083877446344707,False,,0,,,,,,,,[],,,,
1120079673541529602,1120079673541529602,2019-04-21 17:39:38 EDT,2019-04-21,17:39:38,-0400,723089821,margie_macdoug,Margie MacDougall 🇨🇦🏴󠁧󠁢󠁳󠁣󠁴󠁿🧗🏻‍♀️🚵🏻‍♀️,,"I’ve been gone for a week, dealing with lots and lots of #rain &amp; #flood conditions in Eastern Ontario - Western Quebec.  I must say, I’m liking tomorrow’s forecast in #YYC!  19C and sun! Sweeta!😎 #yycweather #EasterMonday  https://t.co/1wVEqlemWG",en,[],[],['https://pbs.twimg.com/media/D4tShEQUcAAtxnE.jpg'],0,1,0,"['rain', 'flood', 'yyc', 'yycweather', 'eastermonday']",[],https://twitter.com/margie_macdoug/status/1120079673541529602,False,,1,https://pbs.twimg.com/media/D4tShEQUcAAtxnE.jpg,,,,,,,[],,,,
1120075876211859460,1120075876211859460,2019-04-21 17:24:33 EDT,2019-04-21,17:24:33,-0400,39492251,skilletcreek,Skillet Creek Media,,Here’s that shot of the levee (Out of my camera!) The water level this morning was much higher than the road at Pine Island Wildlife Area…  #WisconsinRiver #Flood  https://t.co/KfmaUEis06,en,[],[],['https://pbs.twimg.com/media/D4tOpJ5W0AA1i7r.jpg'],0,1,0,"['wisconsinriver', 'flood']",[],https://twitter.com/skilletcreek/status/1120075876211859460,False,,1,https://pbs.twimg.com/media/D4tOpJ5W0AA1i7r.jpg,,,,,,,[],,,,
1120073965408530432,1120073965408530432,2019-04-21 17:16:57 EDT,2019-04-21,17:16:57,-0400,92291206,goremutual,Gore Mutual,,"There’s a looming #flood risk as the water levels rise on the #Ottawa River. If you’re impacted by the water and need to make a claim, please contact your #InsuranceBroker or call us 24/7 at 1-800-265-8600.  https://t.co/dnhYkDHgeV",en,[],['https://www.cbc.ca/news/canada/ottawa/flood-threat-in-ottawa-gatineau-all-you-need-to-know-1.5105941'],[],0,2,2,"['flood', 'ottawa', 'insurancebroker']",[],https://twitter.com/GoreMutual/status/1120073965408530432,False,,0,,,,,,,,[],,,,
1120072990354550784,1120072990354550784,2019-04-21 17:13:05 EDT,2019-04-21,17:13:05,-0400,808222817485524992,flooddefencesuk,Flood Defences,,Commercial Flood Defences in Torfaen #Industrial #Flood #Defence #Torfaen,en,[],[],[],0,1,0,"['industrial', 'flood', 'defence', 'torfaen']",[],https://twitter.com/flooddefencesuk/status/1120072990354550784,False,,0,,,,,,,,[],,,,
1120069724703023119,1120069724703023119,2019-04-21 17:00:06 EDT,2019-04-21,17:00:06,-0400,57914321,patrickrockey,Patrick Rockey WTKR,,TIDE FORECAST for Sewell's Point. Flood stage is 4.5.' Check #FirstWarn3 forecast:  https://t.co/xdgMxq9hbb #tide #flood #tidalflooding #virginia #norfolk #hrva  https://t.co/ctFFH5GMvH,en,[],['http://bit.ly/WjGDAU'],['https://pbs.twimg.com/media/D4tJerCWsAA4J-v.png'],0,1,0,"['firstwarn3', 'tide', 'flood', 'tidalflooding', 'virginia', 'norfolk', 'hrva']",[],https://twitter.com/PatrickRockey/status/1120069724703023119,False,,1,https://pbs.twimg.com/media/D4tJerCWsAA4J-v.png,,,,,,,[],,,,
1120062457756749824,1120062457756749824,2019-04-21 16:31:14 EDT,2019-04-21,16:31:14,-0400,57914321,patrickrockey,Patrick Rockey WTKR,,CURRENT watches from the Storm Prediction Center. Check #FirstWarn3 Radar here:  https://t.co/Y2Pai11OKx #tornado #severe #thunderstorm #flood #watch #weather #lightning #rain #wx  https://t.co/elf3IK8htp,en,[],['http://bit.ly/LpgBoc'],['https://pbs.twimg.com/media/D4tC3qyXkAAAyI1.png'],0,1,0,"['firstwarn3', 'tornado', 'severe', 'thunderstorm', 'flood', 'watch', 'weather', 'lightning', 'rain', 'wx']",[],https://twitter.com/PatrickRockey/status/1120062457756749824,False,,1,https://pbs.twimg.com/media/D4tC3qyXkAAAyI1.png,,,,,,,[],,,,
1120055763081154560,1120055763081154560,2019-04-21 16:04:38 EDT,2019-04-21,16:04:38,-0400,110460722,beachcat11,Cathy Beach,,"Ontario cuts conservation authority funding for #flood programs | CBC News  https://t.co/MjqUd2DyyB  &lt;--@fordnation slashing and burning everything, and letting Ontario fall into huge problems and disrepair... Time for a general strike yet?",en,"[{'screen_name': 'fordnation', 'name': 'doug ford', 'id': '2809959174'}]",['https://www.cbc.ca/news/canada/toronto/ontario-flooding-cuts-conservation-1.5105897?__vfz=medium%3Dsharebar'],[],0,1,1,['flood'],[],https://twitter.com/beachcat11/status/1120055763081154560,False,,0,,,,,,,,[],,,,
1120044930032898049,1120044930032898049,2019-04-21 15:21:35 EDT,2019-04-21,15:21:35,-0400,3009967476,skypixweather,Roger Edwards,,"#SkyPix:  ""Rising #River"" from 2008 flood in #StoryCity #Iowa    https://t.co/5IpG9h2tHm  #flood #IowaPhotography #wildflowers",en,[],['http://skypix.photography/rising-river/'],[],0,1,0,"['skypix', 'river', 'storycity', 'iowa', 'flood', 'iowaphotography', 'wildflowers']",[],https://twitter.com/SkyPixWeather/status/1120044930032898049,False,,0,,,,,,,,[],,,,
1120042019232059394,1120042019232059394,2019-04-21 15:10:01 EDT,2019-04-21,15:10:01,-0400,280423382,tempestrestor,Tempest Restoration,,"Protect your home from #floodwater  Recognising #flood depths, onset, surveys and more.  https://t.co/ATMk3oxfB7  https://t.co/wmJjeWXaFO",en,[],['http://bit.ly/2sLor8a'],['https://pbs.twimg.com/media/D4swR44XkAE_3qc.jpg'],0,1,0,"['floodwater', 'flood']",[],https://twitter.com/tempestrestor/status/1120042019232059394,False,,1,https://pbs.twimg.com/media/D4swR44XkAE_3qc.jpg,,,,,,,[],,,,
1120041892786393089,1120041892786393089,2019-04-21 15:09:31 EDT,2019-04-21,15:09:31,-0400,392340766,sjshrks22,Robert Ashton,,Incredible sight and great visual of rushing Ottawa River at Chaudiere Falls!  Natural wonder + drone technology keeping people safe!  #OttawaRiver #flood #Ottawa,en,[],[],[],0,1,1,"['ottawariver', 'flood', 'ottawa']",[],https://twitter.com/SJShrks22/status/1120041892786393089,False,https://twitter.com/PortagePower/status/1119956259489419270,0,,,,,,,,[],,,,
1120038840956334081,1120038840956334081,2019-04-21 14:57:23 EDT,2019-04-21,14:57:23,-0400,342772619,goatys_news,GOATY'S NEWS UK-COVID19 airbourne indoors-mask up!,,#Iran #RedCrescent #Flood #Disaster #News/,und,[],[],[],0,0,0,"['iran', 'redcrescent', 'flood', 'disaster', 'news']",[],https://twitter.com/Goatys_News/status/1120038840956334081,False,https://twitter.com/Iranian_RCS/status/1120038272032493569,0,,,,,,,,[],,,,
1120038460189040642,1120038460189040642,2019-04-21 14:55:52 EDT,2019-04-21,14:55:52,-0400,122387909,iclrcanada,Glenn McGillivray,,"#Flood watch: 'In a critical zone' as melt continues, soldiers deployed across #Quebec  https://t.co/OGHzYFt7Ap",en,[],['https://montrealgazette.com/news/local-news/flood-watch-soldiers-deployed-across-quebec-as-flood-damage-claims-womans-life/'],[],0,1,1,"['flood', 'quebec']",[],https://twitter.com/ICLRCanada/status/1120038460189040642,False,,0,,,,,,,,[],,,,
1120037218935091202,1120037218935091202,2019-04-21 14:50:56 EDT,2019-04-21,14:50:56,-0400,65639295,cbake777,Chris Baker,"{'type': 'Point', 'coordinates': [35.35765367, -82.7933684]}",Fridays 5.2 inches of rain at the Rock House. #brevardnc #transylvaniacounty #pisgahnationalforest #video #rain #flood #troutstream @ Pisgah National Forest  https://t.co/CQOArIl4Ys,en,[],['https://www.instagram.com/p/BwhzcwHhSLH/?utm_source=ig_twitter_share&igshid=1b02a88t8gzn9'],[],1,1,0,"['brevardnc', 'transylvaniacounty', 'pisgahnationalforest', 'video', 'rain', 'flood', 'troutstream']",[],https://twitter.com/Cbake777/status/1120037218935091202,False,,0,,,,,,,,[],,,,
1120036039920369665,1120036039920369665,2019-04-21 14:46:15 EDT,2019-04-21,14:46:15,-0400,738820711,arkstormprepper,ARkstorm Prepper,,ARkstorm: The ones that made it.  Our story follows several preppers and family members through daily life leading into the beginning of the ARkStorm and grid failures. #prepper #flood #solar #survival  https://t.co/XSMPsQnUdd,en,[],['http://brev.is/sF8E'],[],0,1,1,"['prepper', 'flood', 'solar', 'survival']",[],https://twitter.com/ARkstormPrepper/status/1120036039920369665,False,,0,,,,,,,,[],,,,
1120036039203201025,1120036039203201025,2019-04-21 14:46:15 EDT,2019-04-21,14:46:15,-0400,1924046688,apocalypticpost,Apocalyptic Fiction,,ARkstorm: The ones that made it.  Our story follows several preppers and family members through daily life leading into the beginning of the ARkStorm and grid failures. #prepper #flood #solar #survival  https://t.co/SbNMFwhnUa,en,[],['http://brev.is/sF8E'],[],0,0,1,"['prepper', 'flood', 'solar', 'survival']",[],https://twitter.com/ApocalypticPost/status/1120036039203201025,False,,0,,,,,,,,[],,,,
1120026350130204672,1120026350130204672,2019-04-21 14:07:45 EDT,2019-04-21,14:07:45,-0400,3245582817,twxman911,Atlantic Weatherman,,#WIwx #Flood #RiverFlood,und,[],[],[],0,0,0,"['wiwx', 'flood', 'riverflood']",[],https://twitter.com/twxman911/status/1120026350130204672,False,https://twitter.com/Livestormchaser/status/1119977402476711936,0,,,,,,,,[],,,,
1120025404633489408,1120025404633489408,2019-04-21 14:04:00 EDT,2019-04-21,14:04:00,-0400,119133103,gennybine,Geneviève,,Conférences de presse Élus ! N’oubliez pas d’avoir recours à des interprètes LSQ et ASL pour vos messages de sécurité publique #inondations #flood #Flooding2019,fr,[],[],[],0,0,0,"['inondations', 'flood', 'flooding2019']",[],https://twitter.com/GennyBine/status/1120025404633489408,False,,0,,,,,,,,[],,,,
1120025156468998148,1120025156468998148,2019-04-21 14:03:01 EDT,2019-04-21,14:03:01,-0400,2242429296,nationalhomerep,National Home Repair,,"Make sure that your property is insured against water damage, plus the costs associated with drying out, temporary rehousing, #restoration, as well as  professional fees (solicitors and surveyors)  #flood  https://t.co/Q0jzNfY1Zs",en,[],[],['https://pbs.twimg.com/media/D4sg8Z1W4AIiKHN.jpg'],0,0,0,"['restoration', 'flood']",[],https://twitter.com/nationalhomerep/status/1120025156468998148,False,,1,https://pbs.twimg.com/media/D4sg8Z1W4AIiKHN.jpg,,,,,,,[],,,,
1120024882912296960,1120024882912296960,2019-04-21 14:01:55 EDT,2019-04-21,14:01:55,-0400,1442124541,8tailor1made6,Tailor Made,,And the #flood begins... #oldpics all #snaps  https://t.co/IFtl2YWX8q,en,[],[],['https://pbs.twimg.com/media/D4sgsT5WsAAJsqR.jpg'],0,1,1,"['flood', 'oldpics', 'snaps']",[],https://twitter.com/8Tailor1Made6/status/1120024882912296960,False,,1,https://pbs.twimg.com/media/D4sgsT5WsAAJsqR.jpg,,,,,,,[],,,,
1120024521078079491,1120024521078079491,2019-04-21 14:00:29 EDT,2019-04-21,14:00:29,-0400,57914321,patrickrockey,Patrick Rockey WTKR,,TODAY'S storm threat. Warnings here --&gt;  https://t.co/FGL6RNAcqm Track storms here--&gt;  https://t.co/Y2Pai11OKx #FirstWarn3 #tornado #severe #thunderstorm #flood #watch #warning #weather #lightning #rain #hail #wind #wx  https://t.co/fsWFhORSgo,en,[],"['http://bit.do/Warning3', 'http://bit.ly/LpgBoc']",['https://pbs.twimg.com/media/D4sgXeYXsAE-s_X.jpg'],0,1,0,"['firstwarn3', 'tornado', 'severe', 'thunderstorm', 'flood', 'watch', 'warning', 'weather', 'lightning', 'rain', 'hail', 'wind', 'wx']",[],https://twitter.com/PatrickRockey/status/1120024521078079491,False,,1,https://pbs.twimg.com/media/D4sgXeYXsAE-s_X.jpg,,,,,,,[],,,,
1120024509187284999,1120024509187284999,2019-04-21 14:00:26 EDT,2019-04-21,14:00:26,-0400,57914321,patrickrockey,Patrick Rockey WTKR,,RAIN FORECAST: 7-day rain forecast from the Weather Prediction Center. Check radar--&gt;  https://t.co/ewEwJmf6w5 #rain #flood #drought #rainfall #showers #thunderstorm #flooding  https://t.co/WpTtnMB3XV,en,[],['http://bit.ly/2vsWBAZ'],['https://pbs.twimg.com/media/D4sgWygXkAIdd7w.jpg'],0,1,0,"['rain', 'flood', 'drought', 'rainfall', 'showers', 'thunderstorm', 'flooding']",[],https://twitter.com/PatrickRockey/status/1120024509187284999,False,,1,https://pbs.twimg.com/media/D4sgWygXkAIdd7w.jpg,,,,,,,[],,,,
1120024251963195392,1120024251963195392,2019-04-21 13:59:25 EDT,2019-04-21,13:59:25,-0400,154215401,enricociccone,Enrico Ciccone,,#flood We will be in conference call with @secpubliqueqc in a few minutes. We will inform you of the state of the flood in the area of @Lachine_MTL and #Dorval,en,"[{'screen_name': 'secpubliqueqc', 'name': 'sécurité publique qc', 'id': '23879151'}, {'screen_name': 'lachine_mtl', 'name': 'arr. de lachine', 'id': '2493418604'}]",[],[],1,0,1,"['flood', 'dorval']",[],https://twitter.com/EnricoCiccone/status/1120024251963195392,False,,0,,,,,,,,[],,,,
1120023970135388161,1112312592960311299,2019-04-21 13:58:18 EDT,2019-04-21,13:58:18,-0400,511671535,kurosh_3,Kurosh Kian,,🔶ویدئویی از ورود سیلاب به روستای علی نمرودی شهرستان #هیرمند استان #سیستان_و_بلوچستان  1398-2-1 #Flood #IranFlood #sosforiran #سیلاب #سیل #سیل_سراسری #سیل_سیستان_و_بلوچستان  https://t.co/TIuRJO1TOI,fa,[],[],[],1,0,0,"['هیرمند', 'سیستان_و_بلوچستان', 'flood', 'iranflood', 'sosforiran', 'سیلاب', 'سیل', 'سیل_سراسری', 'سیل_سیستان_و_بلوچستان']",[],https://twitter.com/kurosh_3/status/1120023970135388161,False,,1,https://pbs.twimg.com/ext_tw_video_thumb/1120023147493908480/pu/img/ekXzAXSsjmRR08hW.jpg,,,,,,,[],,,,
1120021901634605056,1120021901634605056,2019-04-21 13:50:05 EDT,2019-04-21,13:50:05,-0400,1481578128,vanmark5,World Breaking News,,راجن پور ميں سيلاب کی تباہ کارياں، مزيد بستياں زيرآب  https://t.co/OUc5rb5VqG #پاکستان #flood #ranjanpur,ur,[],['https://goo.gl/fb/MvuWB8'],[],0,0,0,"['پاکستان', 'flood', 'ranjanpur']",[],https://twitter.com/vanmark5/status/1120021901634605056,False,,0,,,,,,,,[],,,,
1120021453875945472,1112312592960311299,2019-04-21 13:48:18 EDT,2019-04-21,13:48:18,-0400,511671535,kurosh_3,Kurosh Kian,,سیل با ویرانگری، شرق و غرب و شمال و جنوب ایران را درنوردیده؛ 🔶پل نیاتک #زابل به #هیرمند در اثر جاری شدن #سیلاب فروریخت  1398-2-1 #Flood #IranFlood #sosforiran #سیستان_و_بلوچستان #سیل #سیل_سراسری #سیل_سیستان_و_بلوچستان  https://t.co/gfJVu1e8D5,fa,[],[],[],1,1,1,"['زابل', 'هیرمند', 'سیلاب', 'flood', 'iranflood', 'sosforiran', 'سیستان_و_بلوچستان', 'سیل', 'سیل_سراسری', 'سیل_سیستان_و_بلوچستان']",[],https://twitter.com/kurosh_3/status/1120021453875945472,False,,1,https://pbs.twimg.com/ext_tw_video_thumb/1120020515421290498/pu/img/wWW4xIINIgb1wRHk.jpg,,,,,,,[],,,,
1120020672363646976,1120020672363646976,2019-04-21 13:45:11 EDT,2019-04-21,13:45:11,-0400,983096706433724416,asilianga,anga mchanga,,#Kasechewan @JustinTrudeau #EasterSunday #Relocation #Promise #Flood @SeamusORegan @GregRickford #ONpoli #Topoli #Kenora #StJohns #NLpoli #NSpoli #NBpoli #PEI #YKpoli #NWTpoli #Iqaluit #PolQc #BCpoli #ABpoli #SKpoli #MBpoli #Ottpoli #Cdnpoli,und,"[{'screen_name': 'justintrudeau', 'name': 'justin trudeau', 'id': '14260960'}, {'screen_name': 'seamusoregan', 'name': ""seamus o'regan jr"", 'id': '22849568'}, {'screen_name': 'gregrickford', 'name': 'greg rickford', 'id': '2413537274'}]",[],[],0,0,0,"['kasechewan', 'eastersunday', 'relocation', 'promise', 'flood', 'onpoli', 'topoli', 'kenora', 'stjohns', 'nlpoli', 'nspoli', 'nbpoli', 'pei', 'ykpoli', 'nwtpoli', 'iqaluit', 'polqc', 'bcpoli', 'abpoli', 'skpoli', 'mbpoli', 'ottpoli', 'cdnpoli']",[],https://twitter.com/AsiliAnga/status/1120020672363646976,False,https://twitter.com/CharlieAngusNDP/status/1119954726995419137,0,,,,,,,,[],,,,
1120020144900775936,1120020144900775936,2019-04-21 13:43:06 EDT,2019-04-21,13:43:06,-0400,425185333,qfrepair_,Quality Foundation,,Happy Easter from Quality Foundation Repair!  #repair #quality #sundayvibes #sundays #company #jesus #love #basementapproved #instalove #easter #sundayfunday #happyeaster #jesuschrist #eastersunday #eastereggs #loveyou #foundation #floods #easteregg #flood #flooding  #qfr  https://t.co/Jip9Vg7Qs1,en,[],[],['https://pbs.twimg.com/media/D4scYT9WwAYPs_8.jpg'],0,0,1,"['repair', 'quality', 'sundayvibes', 'sundays', 'company', 'jesus', 'love', 'basementapproved', 'instalove', 'easter', 'sundayfunday', 'happyeaster', 'jesuschrist', 'eastersunday', 'eastereggs', 'loveyou', 'foundation', 'floods', 'easteregg', 'flood', 'flooding', 'qfr']",[],https://twitter.com/QFRepair_/status/1120020144900775936,False,,1,https://pbs.twimg.com/media/D4scYT9WwAYPs_8.jpg,,,,,,,[],,,,
1120019364277882885,1112312592960311299,2019-04-21 13:40:00 EDT,2019-04-21,13:40:00,-0400,511671535,kurosh_3,Kurosh Kian,,"🔶در اثر جاری شدن سیل در #سیستان_و_بلوچستان  جاده""#زابل - دوست محمد"" ویران شد  1398-2-1 #Flood #IranFlood #sosforiran  #سیل #سیل_سراسری #سیل_سیستان_و_بلوچستان  https://t.co/FwpeCzVh97",fa,[],[],[],1,1,2,"['سیستان_و_بلوچستان', 'زابل', 'flood', 'iranflood', 'sosforiran', 'سیل', 'سیل_سراسری', 'سیل_سیستان_و_بلوچستان']",[],https://twitter.com/kurosh_3/status/1120019364277882885,False,,1,https://pbs.twimg.com/ext_tw_video_thumb/1120019023385845761/pu/img/3S7rNdsvT-UYRJMC.jpg,,,,,,,[],,,,
1120018799518986240,1120018799518986240,2019-04-21 13:37:45 EDT,2019-04-21,13:37:45,-0400,3245582817,twxman911,Atlantic Weatherman,,#NHwx #Flood,und,[],[],[],0,0,1,"['nhwx', 'flood']",[],https://twitter.com/twxman911/status/1120018799518986240,False,https://twitter.com/ChrisGNBCBoston/status/1119678535302615045,0,,,,,,,,[],,,,
1120017597825605632,1120017597825605632,2019-04-21 13:32:58 EDT,2019-04-21,13:32:58,-0400,4853682040,lynnjerchel,lynn jerchel,,Hundreds of Canadian soldiers deployed to flood zones in #Quebec and N.B. #flood   https://t.co/gqZr3y46ke,en,[],['https://www.nationalobserver.com/2019/04/21/news/hundreds-canadian-soldiers-deployed-flood-zones-quebec-and-nb'],[],0,0,0,"['quebec', 'flood']",[],https://twitter.com/LynnJerchel/status/1120017597825605632,False,,0,,,,,,,,[],,,,
1120015545649258496,1120015545649258496,2019-04-21 13:24:49 EDT,2019-04-21,13:24:49,-0400,762538185670942721,john_teymouri,John_Teymouri,,Prepare foods and goods for the people that affected by the #flood in several provinces in Iran by #imam_ali_society  #جمعیت_امام_علی  @imamalisociety  @IAPSRS_EN  #Humanity  https://t.co/MVBMhKCGyp,en,"[{'screen_name': 'imamalisociety', 'name': 'جمعیت امام علی(ع)', 'id': '2428785294'}, {'screen_name': 'iapsrs_en', 'name': 'iapsrs', 'id': '1022487184501362690'}]",[],['https://pbs.twimg.com/media/D4sYMLfWkAMc8ww.jpg'],0,1,14,"['flood', 'imam_ali_society', 'جمعیت_امام_علی', 'humanity']",[],https://twitter.com/John_teymouri/status/1120015545649258496,False,,1,https://pbs.twimg.com/media/D4sYMLfWkAMc8ww.jpg,,,,,,,[],,,,
1120011815520391169,1120011815520391169,2019-04-21 13:10:00 EDT,2019-04-21,13:10:00,-0400,135972958,uscropinsurance,NCIS,,"Did you know that #farmers pay, on average, between $3.5 and $4 billion dollars out of their own pockets to buy crop insurance annually? Learn more at  https://t.co/WjqvOCv4Q1. #cropinsurance #farmers #farms #farming #agriculture #riskmanagement #costsharing #ag #drought #flood  https://t.co/kynpvefbLv",en,[],['http://www.CropInsuranceInAmerica.org'],['https://pbs.twimg.com/media/D3Pjcx4WAAIgK4E.jpg'],0,3,3,"['farmers', 'cropinsurance', 'farmers', 'farms', 'farming', 'agriculture', 'riskmanagement', 'costsharing', 'ag', 'drought', 'flood']",[],https://twitter.com/UScropinsurance/status/1120011815520391169,False,,1,https://pbs.twimg.com/media/D3Pjcx4WAAIgK4E.jpg,,,,,,,[],,,,
1120009566694060032,1120009566694060032,2019-04-21 13:01:04 EDT,2019-04-21,13:01:04,-0400,19471915,chloetafire,Chloeta,,What do do after a #flood  https://t.co/GCqCTnQwkz  https://t.co/uBmD5EznvS,en,[],['http://ow.ly/H2n630mY3fr'],['https://pbs.twimg.com/media/D4sSw7_X4AA5GK8.jpg'],0,1,0,['flood'],[],https://twitter.com/chloetafire/status/1120009566694060032,False,,1,https://pbs.twimg.com/media/D4sSw7_X4AA5GK8.jpg,,,,,,,[],,,,
1120008644685287424,1120008599881814016,2019-04-21 12:57:24 EDT,2019-04-21,12:57:24,-0400,2276880895,petabencana,PetaBencana.id,,"@hidayatraa Hello, I am Bencana Bot, reply with #flood to send me your flood report.  https://t.co/zHKx5znjNP",en,[],[],['https://pbs.twimg.com/tweet_video_thumb/C4MFV65UkAAbNll.jpg'],0,0,0,['flood'],[],https://twitter.com/petabencana/status/1120008644685287424,False,,1,https://pbs.twimg.com/tweet_video_thumb/C4MFV65UkAAbNll.jpg,,,,,,,"[{'screen_name': 'hidayatraa', 'name': 'Y', 'id': '103022188'}]",,,,
1120008328543780864,1120008328543780864,2019-04-21 12:56:08 EDT,2019-04-21,12:56:08,-0400,132656546,thisboytv,Dennis Cambly,,#Ontario cuts conservation authority funding for #flood programs cuts due to 11.7 billion deficit  https://t.co/EuXVcqeMZe,en,[],['https://www.cbc.ca/news/canada/toronto/ontario-flooding-cuts-conservation-1.5105897'],[],0,1,0,"['ontario', 'flood']",[],https://twitter.com/ThisBoyTV/status/1120008328543780864,False,,0,,,,,,,,[],,,,
1120007212343209985,1120007212343209985,2019-04-21 12:51:42 EDT,2019-04-21,12:51:42,-0400,122387909,iclrcanada,Glenn McGillivray,,"#Fredericton, #Maugerville, #Jemseg surpass #flood stage | CBC News  https://t.co/07DwQ4dpha",en,[],['https://www.cbc.ca/news/canada/new-brunswick/fredericton-maugerville-flood-1.5105885?__vfz=medium%3Dsharebar'],[],0,2,3,"['fredericton', 'maugerville', 'jemseg', 'flood']",[],https://twitter.com/ICLRCanada/status/1120007212343209985,False,,0,,,,,,,,[],,,,
1120007019296174080,1120007019296174080,2019-04-21 12:50:56 EDT,2019-04-21,12:50:56,-0400,122387909,iclrcanada,Glenn McGillivray,,What you need to know about #flood risks in #OttawaGatineau | CBC News  https://t.co/vCXIzgHpGH,en,[],['https://www.cbc.ca/news/canada/ottawa/flood-threat-in-ottawa-gatineau-all-you-need-to-know-1.5105941?__vfz=medium%3Dsharebar'],[],0,1,0,"['flood', 'ottawagatineau']",[],https://twitter.com/ICLRCanada/status/1120007019296174080,False,,0,,,,,,,,[],,,,
1120006730526728194,1120006730526728194,2019-04-21 12:49:47 EDT,2019-04-21,12:49:47,-0400,124496999,adamscottenv,Adam Scott,,"This is exceptionally short-sighted @JYakabuskiMPP - the province is seeing more intense, more frequent flooding events #climatechange 'Ontario cuts conservation authority funding for #Flood programs'  https://t.co/4t6CvTmS7o #onpoli",en,"[{'screen_name': 'jyakabuskimpp', 'name': 'john yakabuski', 'id': '46107973'}]",['https://www.cbc.ca/news/canada/toronto/ontario-flooding-cuts-conservation-1.5105897'],[],1,2,4,"['climatechange', 'flood', 'onpoli']",[],https://twitter.com/AdamScottEnv/status/1120006730526728194,False,,0,,,,,,,,[],,,,
1120005556369072128,1120005556369072128,2019-04-21 12:45:07 EDT,2019-04-21,12:45:07,-0400,3393873119,kcerprogram,KCER Coalition,,"After a major #emergency like a #flood, it’s important that you take care of your emotional health as well as your physical health. Here are tips to help you cope:  https://t.co/aav9FSEbly",en,[],['http://ow.ly/6D9830or0pO'],[],0,1,1,"['emergency', 'flood']",[],https://twitter.com/KCERprogram/status/1120005556369072128,False,,0,,,,,,,,[],,,,
1120002285633929217,1120002285633929217,2019-04-21 12:32:08 EDT,2019-04-21,12:32:08,-0400,272520199,tbwsirspitta,🤘🏾ouston’s Best Kept Secret,"{'type': 'Point', 'coordinates': [29.7602, -95.3694]}","Much more than this, I did it #MyWay ⏳⏳⏳😉🤫🥇 #TooBusyWinning ❌ #FLOOD ❌ #FOE ❌ #SOLID @ Houston, Texas  https://t.co/gGX2FYq1xW",en,[],['https://www.instagram.com/tbwsirspitta/p/Bwhj7n6goz2/?utm_source=ig_twitter_share&igshid=1q1wjq19t3k5p'],[],0,0,0,"['myway', 'toobusywinning', 'flood', 'foe', 'solid']",[],https://twitter.com/TBWSirSpitta/status/1120002285633929217,False,,0,,,,,,,,[],,,,
1120001922537336833,1120001922537336833,2019-04-21 12:30:41 EDT,2019-04-21,12:30:41,-0400,1048289341162831873,waterprocleanup,WATERPRO,,"💦 We are helping home or business owners to restore their homes after the effects of #waterdamage caused by a #flood, a #storm, #plumbing issues, or leaky appliances &amp; faulty #water heaters. ➡ Call us now: 📞 (855) 207-7145 #restoration #hurricane #emergency #flooddamage",en,[],[],[],0,0,0,"['waterdamage', 'flood', 'storm', 'plumbing', 'water', 'restoration', 'hurricane', 'emergency', 'flooddamage']",[],https://twitter.com/WATERPROcleanup/status/1120001922537336833,False,,0,,,,,,,,[],,,,
1119994975389806594,1119994975389806594,2019-04-21 12:03:05 EDT,2019-04-21,12:03:05,-0400,74221293,danspector,Dan Spector,,Flooding has arrived on Ile Mercier off Ile Bizard. Water is still rising. Looking a lot like 2017. Residents still trying to save their homes. #flood #montreal #quebec  https://t.co/wsDYSZ0feH,en,[],[],[],2,8,5,"['flood', 'montreal', 'quebec']",[],https://twitter.com/danspector/status/1119994975389806594,False,,1,https://pbs.twimg.com/ext_tw_video_thumb/1119994826403880960/pu/img/lN2xNE1A_9wDNqlA.jpg,,,,,,,[],,,,
1119994525248905219,1119994525248905219,2019-04-21 12:01:17 EDT,2019-04-21,12:01:17,-0400,1924046688,apocalypticpost,Apocalyptic Fiction,,ARkstorm: The ones that made it.  Our story follows several preppers and family members through daily life leading into the beginning of the ARkStorm and grid failures. #prepper #flood #solar #survival  https://t.co/N0px3vD3mp,en,[],['http://brev.is/e7vD'],[],0,1,0,"['prepper', 'flood', 'solar', 'survival']",[],https://twitter.com/ApocalypticPost/status/1119994525248905219,False,,0,,,,,,,,[],,,,
1119994523273314304,1119994523273314304,2019-04-21 12:01:17 EDT,2019-04-21,12:01:17,-0400,738820711,arkstormprepper,ARkstorm Prepper,,ARkstorm: The ones that made it.  Our story follows several preppers and family members through daily life leading into the beginning of the ARkStorm and grid failures. #prepper #flood #solar #survival  https://t.co/Zpz0c4eycb,en,[],['http://brev.is/e7vD'],[],0,1,0,"['prepper', 'flood', 'solar', 'survival']",[],https://twitter.com/ARkstormPrepper/status/1119994523273314304,False,,0,,,,,,,,[],,,,
1119994466599882752,1119994466599882752,2019-04-21 12:01:03 EDT,2019-04-21,12:01:03,-0400,88933467,weadapt1,weADAPT,,All in the same boat! - Find out how the #ResilNam project is using #documentary as method in #flood #risk #communication:  https://t.co/qMt4vtRlpd  | weADAPT @paulhudson028  #Vietnam #women  https://t.co/of5OrYmq8r,en,"[{'screen_name': 'paulhudson028', 'name': 'paul hudson', 'id': '3241897073'}]",['http://bit.ly/2v1ZBTS'],"['https://pbs.twimg.com/media/D4sFCBAXkAE7rKO.png', 'https://pbs.twimg.com/media/D4sFBuNWkAAWWgh.png']",0,1,0,"['resilnam', 'documentary', 'flood', 'risk', 'communication', 'vietnam', 'women']",[],https://twitter.com/weADAPT1/status/1119994466599882752,False,,1,https://pbs.twimg.com/media/D4sFCBAXkAE7rKO.png,,,,,,,[],,,,
1119993235777015808,1119993235777015808,2019-04-21 11:56:10 EDT,2019-04-21,11:56:10,-0400,3086996407,laaask2,Dr. Lucas,,"April 21, Khuzestan W #Iran When all facilities are monopolized by the #IRGC forces, the locals themselves made #Flood strap. They should take the measure in their hand and risk their lives. #IranFloods #IRGCTerrorists #سپاه_عامل_سیل  @USAdarFarsi    https://t.co/YGo9I4O9GG",en,"[{'screen_name': 'usadarfarsi', 'name': 'usadarfarsi', 'id': '1338899541429391361'}]",[],[],0,0,0,"['iran', 'irgc', 'flood', 'iranfloods', 'irgcterrorists', 'سپاه_عامل_سیل']",[],https://twitter.com/Laaask2/status/1119993235777015808,False,,1,https://pbs.twimg.com/ext_tw_video_thumb/1119897873037111296/pu/img/clNeMVje83Lhq9J_.jpg,,,,,,,[],,,,
1119993050703339520,1119993050703339520,2019-04-21 11:55:26 EDT,2019-04-21,11:55:26,-0400,3086996407,laaask2,Dr. Lucas,,"April 21, Hirmand County- Bluchestan province, E #Iran  The moment of destruction the bridge on the road of friend- Mohammed to Zabul city by #Flood. #IranFloods #IRGCTerrorists #سپاه_عامل_سیل  @USAdarFarsi    https://t.co/epy8Nb75hU",en,"[{'screen_name': 'usadarfarsi', 'name': 'usadarfarsi', 'id': '1338899541429391361'}]",[],[],0,0,0,"['iran', 'flood', 'iranfloods', 'irgcterrorists', 'سپاه_عامل_سیل']",[],https://twitter.com/Laaask2/status/1119993050703339520,False,,1,https://pbs.twimg.com/ext_tw_video_thumb/1119932343677067265/pu/img/N83vD3C10mfq0XDe.jpg,,,,,,,[],,,,
1119990694163243008,1119990694163243008,2019-04-21 11:46:04 EDT,2019-04-21,11:46:04,-0400,1007567314546495488,asefbazmandeh,Asef Bazmandeh,,"🚨#Iran Dangers of #Flood  The damage caused by the flood disaster in #Iran has destroyed all the assets of the people. But government officials, shamelessly  just watches and does not make any plans to save people's lives. #IranFloods #IRGCTerrorists @USAdarFarsi  https://t.co/VIysmJveWY",en,"[{'screen_name': 'usadarfarsi', 'name': 'usadarfarsi', 'id': '1338899541429391361'}]",[],[],0,0,0,"['iran', 'flood', 'iran', 'iranfloods', 'irgcterrorists']",[],https://twitter.com/AsefBazmandeh/status/1119990694163243008,False,,1,https://pbs.twimg.com/ext_tw_video_thumb/1119990609094295553/pu/img/R6ihEMpAzgk2Ny3W.jpg,,,,,,,[],,,,
1119985313474961410,1119985313474961410,2019-04-21 11:24:41 EDT,2019-04-21,11:24:41,-0400,117260950,tinaleejohnson,Tina Johnson,,"Just had a dream where I was in a #flood area(in RL I don’t), thankfully.  I was telling everyone to leave(me included).  PLEASE, if you are in a flood area and told to leave, DO SO!  #Flooding2019  In my dream I was in Florida.",en,[],[],[],0,0,0,"['flood', 'flooding2019']",[],https://twitter.com/tinaleejohnson/status/1119985313474961410,False,,0,,,,,,,,[],,,,
1119985112660180992,1119985112660180992,2019-04-21 11:23:53 EDT,2019-04-21,11:23:53,-0400,140113900,villedesadb,Ste-Anne-de-Bellevue,,::FLOOD WATERS:: INTERVENTION 1 -- Risk of flooding remains very high for citizens on the edge of Lac des Deux-Montagnes. &gt;&gt;&gt;  https://t.co/o5pUaeyK0f #flooding #floodwaters #flood #steannedebellevue #lacstlouis #flood19 #flood2019  https://t.co/eKKLSMwkxl,en,[],['http://bit.ly/2WTsE7G'],['https://pbs.twimg.com/media/D4r8g6pW4AAL-JI.jpg'],0,0,1,"['flooding', 'floodwaters', 'flood', 'steannedebellevue', 'lacstlouis', 'flood19', 'flood2019']",[],https://twitter.com/VilledeSADB/status/1119985112660180992,False,,1,https://pbs.twimg.com/media/D4r8g6pW4AAL-JI.jpg,,,,,,,[],,,,
1119983789986369536,1119983789986369536,2019-04-21 11:18:38 EDT,2019-04-21,11:18:38,-0400,2858511997,watertrends,Water News Global,,CANADA NEW BRUNSWICK: Where will it #Flood this week? Here's a look at the #WaterLevel forecast | #DisasterManagement | CBC News  https://t.co/CDBohHfLzI,en,[],['https://www.cbc.ca/news/canada/new-brunswick/water-level-forecast-april-1.5105904?__vfz=medium%3Dsharebar'],[],0,1,0,"['flood', 'waterlevel', 'disastermanagement']",[],https://twitter.com/WaterTrends/status/1119983789986369536,False,,0,,,,,,,,[],,,,
1119983755584630784,1119983755584630784,2019-04-21 11:18:30 EDT,2019-04-21,11:18:30,-0400,74221293,danspector,Dan Spector,,Parts of Ile Mercier off Ile Bizard are now under water. Police only allowing residents to go in and out. #flood #quebec #montreal  https://t.co/JIOO0H64f4,en,[],[],['https://pbs.twimg.com/media/D4r7SEhUEAcdaRi.jpg'],0,2,5,"['flood', 'quebec', 'montreal']",[],https://twitter.com/danspector/status/1119983755584630784,False,,1,https://pbs.twimg.com/media/D4r7SEhUEAcdaRi.jpg,,,,,,,[],,,,
1119983741428846592,1119983697321533440,2019-04-21 11:18:26 EDT,2019-04-21,11:18:26,-0400,2276880895,petabencana,PetaBencana.id,,"@fashion_wisdom Hello, I am Bencana Bot, reply with #flood to send me your flood report.  https://t.co/Z3bUbZOmPa",en,[],[],['https://pbs.twimg.com/tweet_video_thumb/C4MFV65UkAAbNll.jpg'],0,0,0,['flood'],[],https://twitter.com/petabencana/status/1119983741428846592,False,,1,https://pbs.twimg.com/tweet_video_thumb/C4MFV65UkAAbNll.jpg,,,,,,,"[{'screen_name': 'fashion_wisdom', 'name': 'Fashion Addict', 'id': '196430191'}]",,,,
1119983170894663686,1119983170894663686,2019-04-21 11:16:10 EDT,2019-04-21,11:16:10,-0400,952421849278840832,gunnarconsolwx,Gunnar Consol Wx,,The transition of the Pemigewasset River from Friday afternoon to Sunday morning. Lots of snowmelt from rain and warm temperatures have caused the Pemi in Plymouth to rise from its typical 3’ to a crest of 16.42’ early this morning. #NHwx #springflood #Flood  https://t.co/iMnxkPr6DV,en,[],[],[],0,0,8,"['nhwx', 'springflood', 'flood']",[],https://twitter.com/GunnarConsolWx/status/1119983170894663686,False,,1,https://pbs.twimg.com/ext_tw_video_thumb/1119983031475896320/pu/img/NvNsyhpXHhOM-xil.jpg,,,,,,,[],,,,
1119982900634705922,1119982900634705922,2019-04-21 11:15:06 EDT,2019-04-21,11:15:06,-0400,25056058,ottawainsurance,Rhodes & Williams,,RT @ICCA_Canada: Install window wells sit 10-15cm above ground and install window well covers to reduce #flood #risk in your home. Find more #risk reduction tips:  https://t.co/uJKXtrUZGg  https://t.co/gf1PSY6iYa,en,"[{'screen_name': 'icca_canada', 'name': 'intact centre | centre intact', 'id': '4259135175'}]",['http://bit.ly/2Pe9N4B'],['https://pbs.twimg.com/media/D4S-XHLW0AIt1ix.jpg'],1,0,1,"['flood', 'risk', 'risk']",[],https://twitter.com/ottawainsurance/status/1119982900634705922,False,,1,https://pbs.twimg.com/media/D4S-XHLW0AIt1ix.jpg,,,,,,,[],,,,
1119979606524739584,1119979606524739584,2019-04-21 11:02:01 EDT,2019-04-21,11:02:01,-0400,2242429296,nationalhomerep,National Home Repair,,"#Flood Tip: Keep a list of useful numbers somewhere you’ll remember, e.g. your insurance company &amp; Environment Agency’s #Floodline number  https://t.co/ydETDuonGl",en,[],[],['https://pbs.twimg.com/media/D4r3hDtW0AAWEOY.jpg'],0,0,0,"['flood', 'floodline']",[],https://twitter.com/nationalhomerep/status/1119979606524739584,False,,1,https://pbs.twimg.com/media/D4r3hDtW0AAWEOY.jpg,,,,,,,[],,,,
1119978596695728128,1119978596695728128,2019-04-21 10:58:00 EDT,2019-04-21,10:58:00,-0400,263701385,valleyreporter,The Valley Reporter,,Friends of the Mad River gears up for Storm Smart 2019  https://t.co/6uYter434P #flooding #flood #vt #Vermont #river #rivers #stormsmart2019  https://t.co/JfRX0PdmDm,en,[],['https://www.valleyreporter.com/index.php/news/local-news/13254-fmr-gears-up-for-storm-smart-2019'],['https://pbs.twimg.com/media/D4iV4KVW4AUHgUx.png'],0,1,1,"['flooding', 'flood', 'vt', 'vermont', 'river', 'rivers', 'stormsmart2019']",[],https://twitter.com/ValleyReporter/status/1119978596695728128,False,,1,https://pbs.twimg.com/media/D4iV4KVW4AUHgUx.png,,,,,,,[],,,,
1119974768923566081,1119973503221084165,2019-04-21 10:42:47 EDT,2019-04-21,10:42:47,-0400,82112692,portsidenewyork,PortSide NewYork,,"While we have you, here is our #resiliency #flood preparation guide in our #digital #museum #RHWS  https://t.co/R9mV6W9cKF",en,[],['https://redhookwaterstories.org/tours/show/9'],[],0,0,1,"['resiliency', 'flood', 'digital', 'museum', 'rhws']",[],https://twitter.com/PortSideNewYork/status/1119974768923566081,False,,0,,,,,,,,[],,,,
1119974405969412101,1119974405969412101,2019-04-21 10:41:21 EDT,2019-04-21,10:41:21,-0400,1093504817325096960,revilokesh,Revyl 🇪🇺 (Godless),,@AiG #flood #myth  https://t.co/dZ83UxOiEo,und,[],[],['https://pbs.twimg.com/media/D4ryyLGX4AANOlq.jpg'],0,0,0,"['flood', 'myth']",[],https://twitter.com/revilokesh/status/1119974405969412101,False,,1,https://pbs.twimg.com/media/D4ryyLGX4AANOlq.jpg,,,,,,,[],,,,
1119973913050664960,1119973913050664960,2019-04-21 10:39:23 EDT,2019-04-21,10:39:23,-0400,947330532970344448,gunj24manja,Gunj Manja,,SOTHAVARIBBARA BANDA RAAJAKAARANA - POLITICS OF TWO DEFEATED PARTIES  https://t.co/DM1px1NQxg #INDvsAUS3rdODI #archipelagic #Zambia #vishnurajambi #Sydney #Dolomites #Nepaleserupee #AstonMartin #SouplantationandSweetTomatoes #flood #FaceMassage #SyntheticBiology #Egyptian,en,[],['https://gunjmanja.wordpress.com/2019/01/16/sothavaribbara-banda-raajakeeya-politics-of-two-defeated-parties/'],[],0,0,0,"['indvsaus3rdodi', 'archipelagic', 'zambia', 'vishnurajambi', 'sydney', 'dolomites', 'nepaleserupee', 'astonmartin', 'souplantationandsweettomatoes', 'flood', 'facemassage', 'syntheticbiology', 'egyptian']",[],https://twitter.com/Gunj24Manja/status/1119973913050664960,False,,0,,,,,,,,[],,,,
1119973642618593282,1119973642618593282,2019-04-21 10:38:19 EDT,2019-04-21,10:38:19,-0400,2276880895,petabencana,PetaBencana.id,,"@cimolHO Hello, I am Bencana Bot, reply with #flood to send me your flood report.  https://t.co/XhZlosPpAL",en,[],[],['https://pbs.twimg.com/tweet_video_thumb/C4MFV65UkAAbNll.jpg'],0,0,0,['flood'],[],https://twitter.com/petabencana/status/1119973642618593282,False,,1,https://pbs.twimg.com/tweet_video_thumb/C4MFV65UkAAbNll.jpg,,,,,,,[],,,,
1119971320815472642,1119971320815472642,2019-04-21 10:29:05 EDT,2019-04-21,10:29:05,-0400,2276880895,petabencana,PetaBencana.id,,"@Mbokdarmii Hello, I am Bencana Bot, reply with #flood to send me your flood report.  https://t.co/D3N8JIbMsW",en,[],[],['https://pbs.twimg.com/tweet_video_thumb/C4MFV65UkAAbNll.jpg'],0,0,0,['flood'],[],https://twitter.com/petabencana/status/1119971320815472642,False,,1,https://pbs.twimg.com/tweet_video_thumb/C4MFV65UkAAbNll.jpg,,,,,,,[],,,,
1119971197851176961,1119971197851176961,2019-04-21 10:28:36 EDT,2019-04-21,10:28:36,-0400,1057205998253936641,pphib_org,People's Primary Healthcare Initiative  (PPHI-B),,پی پی ایچ آئی بلوچستان اور سائبان ویلفیئر ٹرسٹ کے زیراہتمام سیلاب سے متاثرہ علاقہ یوسی مل سبی میں ایک روزہ فری میڈیکل لگایا جا رہا ہے۔ #PPHI #Health #MedicalCamp #SaibanTrust #Sibi #Balochistan #Flood #Emergency @agakhanmedicamp  @PPHIOFFICIAL  @MedicalCareLWW  https://t.co/4eBN9bzxQU,ur,"[{'screen_name': 'agakhanmedicamp', 'name': 'agakhan medicalcamp', 'id': '787891445596295168'}, {'screen_name': 'pphiofficial', 'name': 'pphi sindh', 'id': '778152762987188224'}, {'screen_name': 'medicalcarelww', 'name': 'medical care', 'id': '259335092'}]",[],"['https://pbs.twimg.com/media/D4rv1kqXoAQmJkO.jpg', 'https://pbs.twimg.com/media/D4rv2RcX4AIbF8i.jpg', 'https://pbs.twimg.com/media/D4rv2-TXsAAHJns.jpg']",0,1,5,"['pphi', 'health', 'medicalcamp', 'saibantrust', 'sibi', 'balochistan', 'flood', 'emergency']",[],https://twitter.com/PPHIB_org/status/1119971197851176961,False,,1,https://pbs.twimg.com/media/D4rv1kqXoAQmJkO.jpg,,,,,,,[],,,,
1119968695588130816,1119968695588130816,2019-04-21 10:18:39 EDT,2019-04-21,10:18:39,-0400,867408740793933826,arashiranpor44,Arash Iranpor,,Iran - Zabol The flood of Zabul city in Sistan and Baluchestan also incl...  https://t.co/TRmYadSloP via @YouTube #40YearsOfFailure #flood #IranRegimeChan  @USAdarFarsi,en,"[{'screen_name': 'youtube', 'name': 'youtube', 'id': '10228272'}, {'screen_name': 'usadarfarsi', 'name': 'usadarfarsi', 'id': '1338899541429391361'}]",['https://youtu.be/x_8xp1J8Spg'],[],0,3,1,"['40yearsoffailure', 'flood', 'iranregimechan']",[],https://twitter.com/arashiranpor44/status/1119968695588130816,False,,0,,,,,,,,[],,,,
1119968223120842753,1119968223120842753,2019-04-21 10:16:47 EDT,2019-04-21,10:16:47,-0400,867408740793933826,arashiranpor44,Arash Iranpor,,UK MPs urged the  government to condemn  Iranian Regime for its failed relief efforts @4freedominiran2  https://t.co/4d6XwPbzpJ  #flood #IranRegimeChan #Hashd @USAdarFarsi,en,"[{'screen_name': '4freedominiran2', 'name': 'iran freedom-en', 'id': '740194846346973184'}, {'screen_name': 'usadarfarsi', 'name': 'usadarfarsi', 'id': '1338899541429391361'}]",['https://iranfreedom.org/en/2019/04/06/uk-mps-ncri-iran-flood/'],[],0,3,1,"['flood', 'iranregimechan', 'hashd']",[],https://twitter.com/arashiranpor44/status/1119968223120842753,False,,0,,,,,,,,[],,,,
1119965989636984833,1119965989636984833,2019-04-21 10:07:54 EDT,2019-04-21,10:07:54,-0400,983096706433724416,asilianga,anga mchanga,,#Kasechewan @JustinTrudeau #EasterSunday #Relocation #Promise #Flood @SeamusORegan @GregRickford #ONpoli #Topoli #KenoraRR #StJohns #NLpoli #NSpoli #NBpoli #PEI #YKpoli #NWTpoli #Nunavut #PolQc #BCpoli #ABpoli #SKpoli #MBpoli #Ottawa #Cdnpoli,und,"[{'screen_name': 'justintrudeau', 'name': 'justin trudeau', 'id': '14260960'}, {'screen_name': 'seamusoregan', 'name': ""seamus o'regan jr"", 'id': '22849568'}, {'screen_name': 'gregrickford', 'name': 'greg rickford', 'id': '2413537274'}]",[],[],0,0,1,"['kasechewan', 'eastersunday', 'relocation', 'promise', 'flood', 'onpoli', 'topoli', 'kenorarr', 'stjohns', 'nlpoli', 'nspoli', 'nbpoli', 'pei', 'ykpoli', 'nwtpoli', 'nunavut', 'polqc', 'bcpoli', 'abpoli', 'skpoli', 'mbpoli', 'ottawa', 'cdnpoli']",[],https://twitter.com/AsiliAnga/status/1119965989636984833,False,https://twitter.com/CharlieAngusNDP/status/1119954726995419137,0,,,,,,,,[],,,,
1119965603798773761,1119965603798773761,2019-04-21 10:06:22 EDT,2019-04-21,10:06:22,-0400,2276880895,petabencana,PetaBencana.id,,"@only5feet Hello, I am Bencana Bot, reply with #flood to send me your flood report.  https://t.co/8DsoaT8pwN",en,[],[],['https://pbs.twimg.com/tweet_video_thumb/C4MFV65UkAAbNll.jpg'],0,0,0,['flood'],[],https://twitter.com/petabencana/status/1119965603798773761,False,,1,https://pbs.twimg.com/tweet_video_thumb/C4MFV65UkAAbNll.jpg,,,,,,,[],,,,
1119964956483416064,1119964956483416064,2019-04-21 10:03:48 EDT,2019-04-21,10:03:48,-0400,2276880895,petabencana,PetaBencana.id,,"@fariantri Hello, I am Bencana Bot, reply with #flood to send me your flood report.  https://t.co/eJLEd61AVG",en,[],[],['https://pbs.twimg.com/tweet_video_thumb/C4MFV65UkAAbNll.jpg'],0,0,0,['flood'],[],https://twitter.com/petabencana/status/1119964956483416064,False,,1,https://pbs.twimg.com/tweet_video_thumb/C4MFV65UkAAbNll.jpg,,,,,,,[],,,,
1119964318198636545,1119964318198636545,2019-04-21 10:01:16 EDT,2019-04-21,10:01:16,-0400,738820711,arkstormprepper,ARkstorm Prepper,,ARkstorm: The ones that made it.  Our story follows several preppers and family members through daily life leading into the beginning of the ARkStorm and grid failures. #prepper #flood #solar #survival  https://t.co/KSK5w1laHU,en,[],['http://brev.is/tZ9E'],[],0,1,0,"['prepper', 'flood', 'solar', 'survival']",[],https://twitter.com/ARkstormPrepper/status/1119964318198636545,False,,0,,,,,,,,[],,,,
1119964317493993473,1119964317493993473,2019-04-21 10:01:15 EDT,2019-04-21,10:01:15,-0400,1924046688,apocalypticpost,Apocalyptic Fiction,,ARkstorm: The ones that made it.  Our story follows several preppers and family members through daily life leading into the beginning of the ARkStorm and grid failures. #prepper #flood #solar #survival  https://t.co/DyqY4VPr00,en,[],['http://brev.is/tZ9E'],[],0,1,0,"['prepper', 'flood', 'solar', 'survival']",[],https://twitter.com/ApocalypticPost/status/1119964317493993473,False,,0,,,,,,,,[],,,,
1119958498555641859,1119958498555641859,2019-04-21 09:38:08 EDT,2019-04-21,09:38:08,-0400,294017746,jeandron,Jason Jeandron🐝,,Flood watching... #fredericton #flood #river #weather #wolastoq @weathernetwork  https://t.co/LXFA0dFaeP,en,"[{'screen_name': 'weathernetwork', 'name': 'the weather network', 'id': '18638090'}]",[],['https://pbs.twimg.com/media/D4rkNWqX4AUa1CU.jpg'],0,1,2,"['fredericton', 'flood', 'river', 'weather', 'wolastoq']",[],https://twitter.com/Jeandron/status/1119958498555641859,False,,1,https://pbs.twimg.com/media/D4rkNWqX4AUa1CU.jpg,,,,,,,[],,,,
1119956636100190208,1119956636100190208,2019-04-21 09:30:44 EDT,2019-04-21,09:30:44,-0400,439170699,architekt_azami,Architekt K. Azami,,اکسیون هواداران مقاومت ایران در سوئد ـ مالمو از سیل زدگان ایران ۲۰ آپریل ۲۰۱۹ Support action in #malmö #sweden on 20 of April in solidarity  with #floods victims in #iran  #flood…  https://t.co/jayIt2oo1r,und,[],['https://www.instagram.com/p/BwhO22EIdPr/?utm_source=ig_twitter_share&igshid=xr4ovaqlwwtb'],[],0,0,0,"['malmö', 'sweden', 'floods', 'iran', 'flood']",[],https://twitter.com/Architekt_Azami/status/1119956636100190208,False,,0,,,,,,,,[],,,,
1119956259489419270,1119956259489419270,2019-04-21 09:29:14 EDT,2019-04-21,09:29:14,-0400,72925959,portagepower,Portage Power,,@HydroOttawa affiliate @EnergyOttawa continues to monitor upstream water levels and generating stations at #ChaudiereFalls. #Flood preparation measures have been implemented. Crews are on stand-by. #ottnews #ottawa #besafe  #OttawaRiver #OttFlood2019  https://t.co/IpobPqyHaR,en,[],[],[],4,22,28,"['chaudierefalls', 'flood', 'ottnews', 'ottawa', 'besafe', 'ottawariver', 'ottflood2019']",[],https://twitter.com/PortagePower/status/1119956259489419270,False,,1,https://pbs.twimg.com/ext_tw_video_thumb/1119956138861244416/pu/img/Obctl4jNX-YYx2Pf.jpg,,,,,,,[],,,,
1119955559254507520,1119955559254507520,2019-04-21 09:26:27 EDT,2019-04-21,09:26:27,-0400,1060932446953398273,bazmandehasef,Asef_Bazmandeh,,🚨#Iran The dangers of flooding NO: 1 #Sistan and #Baluchestan Province  The moment of destruction the bridge on the road of friend- Mohammed to Zabul city by #Flood.  But the government of #Rouhani just watches and does not help #IRGCTerrorists   @USAdarFarsi  https://t.co/RU3kCbrPhF,en,"[{'screen_name': 'usadarfarsi', 'name': 'usadarfarsi', 'id': '1338899541429391361'}]",[],[],1,2,5,"['iran', 'sistan', 'baluchestan', 'flood', 'rouhani', 'irgcterrorists']",[],https://twitter.com/BazmandehAsef/status/1119955559254507520,False,,1,https://pbs.twimg.com/ext_tw_video_thumb/1119953534638862338/pu/img/Eapo150NViCnW685.jpg,,,,,,,[],,,,
1119950416794402817,1119950416794402817,2019-04-21 09:06:01 EDT,2019-04-21,09:06:01,-0400,868211017632894977,fd_natdisaster,FutureDanger Nature,,FutureDanger Indicator: UNPRECEDENTED FLOODS KILL HeatMap Column 4&gt;  https://t.co/vQLidNHgGL   #Flooding #Flood  #Floods #HeatMap  https://t.co/wOIrixo078,en,[],['http://tinyurl.com/y5ralk3r'],['https://pbs.twimg.com/media/D4rc-AFU4AAQ5Ne.png'],0,0,0,"['flooding', 'flood', 'floods', 'heatmap']",[],https://twitter.com/FD_NatDisaster/status/1119950416794402817,False,,1,https://pbs.twimg.com/media/D4rc-AFU4AAQ5Ne.png,,,,,,,[],,,,
1119949380952514560,1119949380952514560,2019-04-21 09:01:54 EDT,2019-04-21,09:01:54,-0400,712453724585775104,dsolutionsllc,disastersolutionsllc,,Good morning #Disaster Solutions #community! Get your #family #prepared today at  https://t.co/xSxt4NARxj #emergency #flood #tornado #storm,en,[],['http://bit.ly/1UWwHg2'],[],0,1,0,"['disaster', 'community', 'family', 'prepared', 'emergency', 'flood', 'tornado', 'storm']",[],https://twitter.com/dsolutionsllc/status/1119949380952514560,False,,0,,,,,,,,[],,,,
1119949214740430848,1119535575369785345,2019-04-21 09:01:15 EDT,2019-04-21,09:01:15,-0400,1518400200,hisham_imad,Hisham Imad,,@NaaSolih @HPA_MV @MoH_mv #avoid #exposure #flood #prevent #leptospirosis  https://t.co/T1uLuwVtTL,und,"[{'screen_name': 'moh_mv', 'name': 'home services', 'id': '2748682016'}]",[],['https://pbs.twimg.com/media/D4rb3RLUcAEXP0h.jpg'],0,0,0,"['avoid', 'exposure', 'flood', 'prevent', 'leptospirosis']",[],https://twitter.com/Hisham_Imad/status/1119949214740430848,False,,1,https://pbs.twimg.com/media/D4rb3RLUcAEXP0h.jpg,,,,,,,"[{'screen_name': 'NaaSolih', 'name': 'Naa Solih #StayHome', 'id': '532129475'}]",,,,
1119949074873167873,1119949074873167873,2019-04-21 09:00:41 EDT,2019-04-21,09:00:41,-0400,959131883018780672,pubsafenetwork,PubSafe by Aftermath Data,,Detailed weather alerts from #NWS and #USGS. Free to download and use. Reg just $.99/yr Apple:  https://t.co/WFMYZd9Eza Google:  https://t.co/w880BwjOL7 #weather #flood #tornado  https://t.co/JNLbd0qajE,en,[],"['https://tinyurl.com/yxoqpzh3', 'http://tinyurl.com/y3geufel']",['https://pbs.twimg.com/media/D4rbv1nWwAAEMv3.jpg'],0,1,1,"['nws', 'usgs', 'weather', 'flood', 'tornado']",[],https://twitter.com/PubSafeNetwork/status/1119949074873167873,False,,1,https://pbs.twimg.com/media/D4rbv1nWwAAEMv3.jpg,,,,,,,[],,,,
1119947905748488192,1119947905748488192,2019-04-21 08:56:03 EDT,2019-04-21,08:56:03,-0400,868211017632894977,fd_natdisaster,FutureDanger Nature,,Deadly Flooding Hits Afghanistan Again HeatMap Column 4&gt;  https://t.co/vQLidNHgGL   #Flooding #Flood  #Floods #FutureDanger #HeatMap  https://t.co/vYcUMGkyeF,en,[],['http://tinyurl.com/y5ralk3r'],['https://pbs.twimg.com/media/D4rar0NUwAMp10U.png'],0,1,0,"['flooding', 'flood', 'floods', 'futuredanger', 'heatmap']",[],https://twitter.com/FD_NatDisaster/status/1119947905748488192,False,,1,https://pbs.twimg.com/media/D4rar0NUwAMp10U.png,,,,,,,[],,,,
1119944647818694657,1119944647818694657,2019-04-21 08:43:06 EDT,2019-04-21,08:43:06,-0400,2276880895,petabencana,PetaBencana.id,,"@nadnabilahn Hello, I am Bencana Bot, reply with #flood to send me your flood report.  https://t.co/GRtQfg0dIa",en,[],[],['https://pbs.twimg.com/tweet_video_thumb/C4MFV65UkAAbNll.jpg'],0,0,0,['flood'],[],https://twitter.com/petabencana/status/1119944647818694657,False,,1,https://pbs.twimg.com/tweet_video_thumb/C4MFV65UkAAbNll.jpg,,,,,,,[],,,,
1119943419118243840,1119943419118243840,2019-04-21 08:38:13 EDT,2019-04-21,08:38:13,-0400,2853966422,sharkyy_rambo,ⓢⓗⓐⓡⓚⓨⓨ 🦈🦈🐊🌪🌪ⓡⓐⓜⓑⓞ,,"What's the principle? Pimpin' ain't easy I’m invincible, niggas can’t beat me #Flood  Been da wave like a flood....",en,[],[],[],0,1,0,['flood'],[],https://twitter.com/sharkyy_rambo/status/1119943419118243840,False,,0,,,,,,,,[],,,,
1119942735337873408,1119942735337873408,2019-04-21 08:35:30 EDT,2019-04-21,08:35:30,-0400,102301168,jakefrankel,Jake Frankel,"{'type': 'Point', 'coordinates': [35.56962626, -82.56491275]}",Wake of the flood #avl #graff #flood @ French Broad River Park  https://t.co/XR8U4gCDKF,en,[],['https://www.instagram.com/jakefrankel/p/BwhI2fhBwz9/?utm_source=ig_twitter_share&igshid=xrfzgxkzbimx'],[],0,2,0,"['avl', 'graff', 'flood']",[],https://twitter.com/JakeFrankel/status/1119942735337873408,False,,0,,,,,,,,[],,,,
1119941353822146561,1119941353822146561,2019-04-21 08:30:00 EDT,2019-04-21,08:30:00,-0400,4869516431,sadeem_wss,Sadeem Technology - تقنية سديم,,"Sadeem GIS platform: #Wireless #sensing to save lives and resources   ✅ #Real_time information (#flood, #traffic, #air quality)   ✅ Daily indicators   ✅ Customs-Based reporting and alerting  #SmartCities #MachineLearning #AI #ArtificialInteligence #resilience  https://t.co/lF7cYGXB0f",en,[],[],[],0,1,10,"['wireless', 'sensing', 'real_time', 'flood', 'traffic', 'air', 'smartcities', 'machinelearning', 'ai', 'artificialinteligence', 'resilience']",[],https://twitter.com/sadeem_wss/status/1119941353822146561,False,,1,https://pbs.twimg.com/ext_tw_video_thumb/1119941132543242246/pu/img/nWg8ghEbX5VQZvS4.jpg,,,,,,,[],,,,
1119941048233603072,1119941048233603072,2019-04-21 08:28:48 EDT,2019-04-21,08:28:48,-0400,1031228478,rdnucarp,Swampman of Vydon Acres,,#Ottawariver leaving #ChatsLake at Lavergne Point. About average spring high water #flood level as of this morning.  https://t.co/3lUhHIldbD,en,[],[],[],0,0,1,"['ottawariver', 'chatslake', 'flood']",[],https://twitter.com/Rdnucarp/status/1119941048233603072,False,,1,https://pbs.twimg.com/ext_tw_video_thumb/1119940841923985410/pu/img/eDPPgzQsnZNZ2DRU.jpg,,,,,,,[],,,,
1119936030310899712,1119936030310899712,2019-04-21 08:08:51 EDT,2019-04-21,08:08:51,-0400,1680465068,4freedominiran,Iran Freedom,,"April 21, Hirmand County- Bluchestan province, E #Iran  The moment of destruction the bridge on the road of friend- Mohammed to Zabul city by #Flood. #IranFloods #IRGCTerrorists #سپاه_عامل_سیل  @USAdarFarsi  https://t.co/Mscxyu7fjL",en,"[{'screen_name': 'usadarfarsi', 'name': 'usadarfarsi', 'id': '1338899541429391361'}]",[],[],1,45,37,"['iran', 'flood', 'iranfloods', 'irgcterrorists', 'سپاه_عامل_سیل']",[],https://twitter.com/4FreedominIran/status/1119936030310899712,False,,1,https://pbs.twimg.com/ext_tw_video_thumb/1119932343677067265/pu/img/N83vD3C10mfq0XDe.jpg,,,,,,,[],,,,
1119923597643014149,1119923597643014149,2019-04-21 07:19:27 EDT,2019-04-21,07:19:27,-0400,1460288238,cecalli_helper,The Ghost of Dr Carl Jensen,,😂🤣😂 Could climate change save nuclear power? 😂🤣😂  https://t.co/dxqBfaWanD #flood zones hot #water extreme #weather Go #renewable #energy #tech #innovation #investors #mkt #policy,en,[],['https://theweek.com/articles/833657/could-climate-change-save-nuclear-power'],[],0,2,2,"['flood', 'water', 'weather', 'renewable', 'energy', 'tech', 'innovation', 'investors', 'mkt', 'policy']",[],https://twitter.com/Cecalli_Helper/status/1119923597643014149,False,https://twitter.com/Cecalli_Helper/status/1112010279968260096,0,,,,,,,,[],,,,
1119920198671147013,1119920154807115776,2019-04-21 07:05:57 EDT,2019-04-21,07:05:57,-0400,2276880895,petabencana,PetaBencana.id,,"@2019ForPrabowo Hello, I am Bencana Bot, reply with #flood to send me your flood report.  https://t.co/3BF07YAyUH",en,[],[],['https://pbs.twimg.com/tweet_video_thumb/C4MFV65UkAAbNll.jpg'],0,0,0,['flood'],[],https://twitter.com/petabencana/status/1119920198671147013,False,,1,https://pbs.twimg.com/tweet_video_thumb/C4MFV65UkAAbNll.jpg,,,,,,,[],,,,
1119919646340255744,1119919646340255744,2019-04-21 07:03:45 EDT,2019-04-21,07:03:45,-0400,80173790,familydisaster,Family Disaster Network (FDN) 3hrs watch KUNZITE,,Global weather reports alerts n news sources #globalhotspots clearinghouse follow us Click on my face and check link for my books Kindle CAN FR UK AUS GE MX JPN IND n Nook #disaster #fire #flood #tornado #Nuclear #Survival plans #ColdWarII #preppers #WW3 #SHTF #globalhotspots,en,[],[],[],0,1,1,"['globalhotspots', 'disaster', 'fire', 'flood', 'tornado', 'nuclear', 'survival', 'coldwarii', 'preppers', 'ww3', 'shtf', 'globalhotspots']",[],https://twitter.com/familydisaster/status/1119919646340255744,False,,0,,,,,,,,[],,,,
1119919167392452609,1119919167392452609,2019-04-21 07:01:51 EDT,2019-04-21,07:01:51,-0400,80173790,familydisaster,Family Disaster Network (FDN) 3hrs watch KUNZITE,,Scenario solutions Get prepared Click on my face and check link Kindle CAN FR UK AUS GE NE IT MX JPN IND n Nook #weather #disaster #fire #flood #tornado #earthquake #Nuclear #Survival plans #ColdWarII #WW3 #SHTF #preppers #terrorism #Venezeula #Ukraine #Gaza #Iran #globalhotspots,en,[],[],[],0,1,1,"['weather', 'disaster', 'fire', 'flood', 'tornado', 'earthquake', 'nuclear', 'survival', 'coldwarii', 'ww3', 'shtf', 'preppers', 'terrorism', 'venezeula', 'ukraine', 'gaza', 'iran', 'globalhotspots']",[],https://twitter.com/familydisaster/status/1119919167392452609,False,,0,,,,,,,,[],,,,
1119916209649147904,1119916209649147904,2019-04-21 06:50:06 EDT,2019-04-21,06:50:06,-0400,3558044462,newsinnofficial,NewsInn,,One #dead after #flood #waters in Quebec sweep away road #home #citizen  https://t.co/HFTkUHdZf0  https://t.co/Uwj87pdcx7,en,[],['http://newsinn.org/d/a/12170936'],['https://pbs.twimg.com/media/D4q926EXsAAruSs.jpg'],0,1,0,"['dead', 'flood', 'waters', 'home', 'citizen']",[],https://twitter.com/NewsInnOfficial/status/1119916209649147904,False,,1,https://pbs.twimg.com/media/D4q926EXsAAruSs.jpg,,,,,,,[],,,,
1119911574863515648,1119911574863515648,2019-04-21 06:31:41 EDT,2019-04-21,06:31:41,-0400,3352042463,gr81jesus,Jesus Great One,,"12:29 and zilpah leah's handmaid: gad, and sinister with abram, my brethren, they shall lothe to her days of the? 💐 #flood  https://t.co/8hTcPr9D9E",en,[],[],['https://pbs.twimg.com/media/D4q5pH6WkAARrZf.jpg'],0,1,0,['flood'],[],https://twitter.com/gr81jesus/status/1119911574863515648,False,,1,https://pbs.twimg.com/media/D4q5pH6WkAARrZf.jpg,,,,,,,[],,,,
1119905462990692352,1119905462990692352,2019-04-21 06:07:23 EDT,2019-04-21,06:07:23,-0400,2276880895,petabencana,PetaBencana.id,,"@featdrum Hello, I am Bencana Bot, reply with #flood to send me your flood report.  https://t.co/iNd1uCdOmB",en,[],[],['https://pbs.twimg.com/tweet_video_thumb/C4MFV65UkAAbNll.jpg'],0,0,0,['flood'],[],https://twitter.com/petabencana/status/1119905462990692352,False,,1,https://pbs.twimg.com/tweet_video_thumb/C4MFV65UkAAbNll.jpg,,,,,,,[],,,,
1119898107632922625,1119898107632922625,2019-04-21 05:38:10 EDT,2019-04-21,05:38:10,-0400,1680465068,4freedominiran,Iran Freedom,,"April 21, Khuzestan W #Iran When all facilities are monopolized by the #IRGC forces, the locals themselves made #Flood strap. They should take the measure in their hand and risk their lives. #IranFloods #IRGCTerrorists #سپاه_عامل_سیل  @USAdarFarsi  https://t.co/4xjJjNyrSH",en,"[{'screen_name': 'usadarfarsi', 'name': 'usadarfarsi', 'id': '1338899541429391361'}]",[],[],1,34,30,"['iran', 'irgc', 'flood', 'iranfloods', 'irgcterrorists', 'سپاه_عامل_سیل']",[],https://twitter.com/4FreedominIran/status/1119898107632922625,False,,1,https://pbs.twimg.com/ext_tw_video_thumb/1119897873037111296/pu/img/clNeMVje83Lhq9J_.jpg,,,,,,,[],,,,
1119891834682118144,1119891834682118144,2019-04-21 05:13:14 EDT,2019-04-21,05:13:14,-0400,808222817485524992,flooddefencesuk,Flood Defences,,Temporary Flood Barriers in Carlton Colville  #Temp #Flood #Barrier #Carlton #Colville,en,[],[],[],0,1,0,"['temp', 'flood', 'barrier', 'carlton', 'colville']",[],https://twitter.com/flooddefencesuk/status/1119891834682118144,False,,0,,,,,,,,[],,,,
1119891534046879744,1119891534046879744,2019-04-21 05:12:02 EDT,2019-04-21,05:12:02,-0400,867896844852101121,fd_unveilings,FutureDanger Unveil,,FutureDanger Indicator: UNPRECEDENTED FLOODS KILL HeatMap Column 4&gt;  https://t.co/27gO9Ae3qP   #Flooding #Flood  #Floods #WarnOthers  https://t.co/cU2rvyoZ2r,en,[],['http://tinyurl.com/y5ralk3r'],['https://pbs.twimg.com/media/D4qnakWU8AAyP6h.png'],0,1,0,"['flooding', 'flood', 'floods', 'warnothers']",[],https://twitter.com/FD_Unveilings/status/1119891534046879744,False,,1,https://pbs.twimg.com/media/D4qnakWU8AAyP6h.png,,,,,,,[],,,,
1119873405266821120,1119873405266821120,2019-04-21 04:00:00 EDT,2019-04-21,04:00:00,-0400,1421284602,theiranpulse,Iran Pulse,,Why #Iranian authorities failed to minimize #flood damage  https://t.co/g0yzI2qEUs … … … @BijanKK,en,"[{'screen_name': 'bijankk', 'name': 'bijan khajehpour', 'id': '2885446187'}]",['https://www.al-monitor.com/pulse/originals/2019/04/iran-floods-response-disaster-management-prevention.html#ixzz5lDWXiJvM'],[],0,2,2,"['iranian', 'flood']",[],https://twitter.com/TheIranPulse/status/1119873405266821120,False,,0,,,,,,,,[],,,,
1119867651252051970,1119867607018954752,2019-04-21 03:37:08 EDT,2019-04-21,03:37:08,-0400,2276880895,petabencana,PetaBencana.id,,"@massere_tahir Hello, I am Bencana Bot, reply with #flood to send me your flood report.  https://t.co/3b9pYNbWws",en,[],[],['https://pbs.twimg.com/tweet_video_thumb/C4MFV65UkAAbNll.jpg'],0,0,0,['flood'],[],https://twitter.com/petabencana/status/1119867651252051970,False,,1,https://pbs.twimg.com/tweet_video_thumb/C4MFV65UkAAbNll.jpg,,,,,,,"[{'screen_name': 'massere_tahir', 'name': 'Muhammad Tahir Massere', 'id': '1343291597606174721'}]",,,,
1119866867751849984,1119866867751849984,2019-04-21 03:34:02 EDT,2019-04-21,03:34:02,-0400,867896844852101121,fd_unveilings,FutureDanger Unveil,,FutureDanger Indicator: UNPRECEDENTED FLOODS KILL HeatMap Column 4&gt;  https://t.co/27gO9Ae3qP   #Flooding #Flood  #Floods #HeatMap  https://t.co/mGIub3vBvK,en,[],['http://tinyurl.com/y5ralk3r'],['https://pbs.twimg.com/media/D4qQ-0sU8AESy6r.png'],0,1,0,"['flooding', 'flood', 'floods', 'heatmap']",[],https://twitter.com/FD_Unveilings/status/1119866867751849984,False,,1,https://pbs.twimg.com/media/D4qQ-0sU8AESy6r.png,,,,,,,[],,,,
1119866192204914688,1119866192204914688,2019-04-21 03:31:20 EDT,2019-04-21,03:31:20,-0400,66618330,icimod,ICIMOD,,#SolidWaste management is imperative for reducing long-term #flood risks in #SouthAsian cities.  What solutions can we turn to?  Read on to know more  https://t.co/XkIrbrjJnc  #UrbanFlood #Nepal #Bangladesh #Bharatpur #Sylhet #SANDEE #MKAN  @acdonlineorg @mnepal3 @IWAPublishing  https://t.co/w9tj6ta9sF,en,"[{'screen_name': 'acdonlineorg', 'name': 'asian center for dev', 'id': '2482606123'}, {'screen_name': 'mnepal3', 'name': 'mani nepal ', 'id': '1956374034'}, {'screen_name': 'iwapublishing', 'name': 'iwapublishing', 'id': '576087997'}]",['http://tinyurl.com/yy9nd5vv'],['https://pbs.twimg.com/media/D4qQVkAWsAE0sC6.jpg'],1,3,2,"['solidwaste', 'flood', 'southasian', 'urbanflood', 'nepal', 'bangladesh', 'bharatpur', 'sylhet', 'sandee', 'mkan']",[],https://twitter.com/icimod/status/1119866192204914688,False,,1,https://pbs.twimg.com/media/D4qQVkAWsAE0sC6.jpg,,,,,,,[],,,,
1119862907246747648,1119862907246747648,2019-04-21 03:18:17 EDT,2019-04-21,03:18:17,-0400,2276880895,petabencana,PetaBencana.id,,"@cerita_gelapku Hello, I am Bencana Bot, reply with #flood to send me your flood report.  https://t.co/gERA6ECNC3",en,[],[],['https://pbs.twimg.com/tweet_video_thumb/C4MFV65UkAAbNll.jpg'],0,0,0,['flood'],[],https://twitter.com/petabencana/status/1119862907246747648,False,,1,https://pbs.twimg.com/tweet_video_thumb/C4MFV65UkAAbNll.jpg,,,,,,,[],,,,
1119859260509257729,1119859260509257729,2019-04-21 03:03:48 EDT,2019-04-21,03:03:48,-0400,866406264,mistikozlem,Ozlem.Krs,,#pazar günü için okunabilecek korku hikayesi tadında çok ilginç bir #flood.,tr,[],[],[],0,0,1,"['pazar', 'flood']",[],https://twitter.com/MistikOzlem/status/1119859260509257729,False,https://twitter.com/ahmetturkan_/status/780515992002785280,0,,,,,,,,[],,,,
1119856369497018368,1119856369497018368,2019-04-21 02:52:19 EDT,2019-04-21,02:52:19,-0400,1119851420616781824,ali_esmaeilzad,Ali Esmaeilzad,,سینه از آتش دل در غم جانانه بسوخت آتشی بود در این خانه که کاشانه بسوخت #حافظ #لرستان #پلدختر #پل_دختر #معمولان #گلستان #آققلا #آق_قلا #شیراز #ایران #سیل #سیل_سراسری_ایران #سیل_ایران #flood #graphicdesigner #graphicdesign #graphic #designer #artwork #aliesmaeilzad #علی_اسماعیل_زاد  https://t.co/5MsETOJrrL,fa,[],[],['https://pbs.twimg.com/media/D4qHCLLUwAEHBG_.jpg'],0,0,0,"['حافظ', 'لرستان', 'پلدختر', 'پل_دختر', 'معمولان', 'گلستان', 'آققلا', 'آق_قلا', 'شیراز', 'ایران', 'سیل', 'سیل_سراسری_ایران', 'سیل_ایران', 'flood', 'graphicdesigner', 'graphicdesign', 'graphic', 'designer', 'artwork', 'aliesmaeilzad', 'علی_اسماعیل_زاد']",[],https://twitter.com/Ali_Esmaeilzad/status/1119856369497018368,False,,1,https://pbs.twimg.com/media/D4qHCLLUwAEHBG_.jpg,,,,,,,[],,,,
1119852943342223360,1119852943342223360,2019-04-21 02:38:42 EDT,2019-04-21,02:38:42,-0400,124824308,busrazeynepozd,Büşra Zeynep Özdemir Daşcıoğlu,,#Flood #Libya #Haftar #Trump #oil,und,[],[],[],0,0,0,"['flood', 'libya', 'haftar', 'trump', 'oil']",[],https://twitter.com/busrazeynepozd/status/1119852943342223360,False,https://twitter.com/JavierBlas/status/1119543460753756160,0,,,,,,,,[],,,,
1119839976563322881,1119839976563322881,2019-04-21 01:47:10 EDT,2019-04-21,01:47:10,-0400,713135012,fbc_news,FBC News Fiji,,A team of police officers are currently assisting people to cross the flooded Toga crossing in #Rewa. #FijiNews #FBCNews #Fiji #Flood  https://t.co/XmO5IVpamw,en,[],['https://www.fbcnews.com.fj/news/natural-disaster/rewas-toga-crossing-flooded-due-to-heavy-rain/'],[],0,1,3,"['rewa', 'fijinews', 'fbcnews', 'fiji', 'flood']",[],https://twitter.com/FBC_News/status/1119839976563322881,False,,0,,,,,,,,[],,,,
1119833147774885888,1119833147774885888,2019-04-21 01:20:02 EDT,2019-04-21,01:20:02,-0400,868211017632894977,fd_natdisaster,FutureDanger Nature,,"Unusually High Level of Landslides Worldwide, over 1,000 Fatalities so far This Year HeatMap Col 4&gt;  https://t.co/vQLidNHgGL  #Flood  https://t.co/sU0hg3jQKV",en,[],['http://tinyurl.com/y5ralk3r'],['https://pbs.twimg.com/media/D4pyUCrU8AEM2Cy.png'],0,1,0,['flood'],[],https://twitter.com/FD_NatDisaster/status/1119833147774885888,False,,1,https://pbs.twimg.com/media/D4pyUCrU8AEM2Cy.png,,,,,,,[],,,,
1119829251623215104,1119829251623215104,2019-04-21 01:04:33 EDT,2019-04-21,01:04:33,-0400,1196036156,shpoolnews,Shpool News Pashto شپول نیوز پښتو,,. پیښور: خیبر پښتونخواه اولس لپاره بد خبر محکمه موسمیات د طوفانی بارانونو اټکل، اولس دی تیار اوسی،  پی ډی ایم اے الرټ جاری کړی دی،  #PDMAKpK #KPK #Rain #Flood  https://t.co/zOLUPLLTeX,ps,[],[],['https://pbs.twimg.com/media/D4puw2eWAAAugGW.jpg'],0,0,0,"['pdmakpk', 'kpk', 'rain', 'flood']",[],https://twitter.com/ShpoolNews/status/1119829251623215104,False,,1,https://pbs.twimg.com/media/D4puw2eWAAAugGW.jpg,,,,,,,[],,,,
1119826281451917312,1119826281451917312,2019-04-21 00:52:45 EDT,2019-04-21,00:52:45,-0400,1010897337361694720,pcinewsofficial,Philippine Canadian Inquirer,,"The Canadian Armed Forces dispatched reconnaissance teams to five districts to support flood efforts, she said: Outaouais; Montreal, Laurentians and Lanaudiere; Monteregie and Estrie; Quebec City; and Chaudiere-Appallaches. #Quebec #flood  https://t.co/Aw6MqAH9ZE  https://t.co/sW7YaHTZto",en,[],['http://ow.ly/kHzf30oure0'],['https://pbs.twimg.com/media/D4psEYLWkAANeTd.jpg'],0,2,0,"['quebec', 'flood']",[],https://twitter.com/PCInewsofficial/status/1119826281451917312,False,,1,https://pbs.twimg.com/media/D4psEYLWkAANeTd.jpg,,,,,,,[],,,,
1119821538969182208,1119821538969182208,2019-04-21 00:33:54 EDT,2019-04-21,00:33:54,-0400,173803006,mehdi_zare,Mehdi ZARE,,#agh_ghala #gorganrud #flood 20 April 2019 #آق_قلا #گرگانرود  #سيل ٣١-١-٩٧  می تراود مهتاب می درخشد شب تاب نیست یک دم شکند خواب به چشم کس ولیک غم این خفته ی چند خواب در چشم ترم می شکند نگران با من استاده سحر صبح می خواهد از من کز مبارک دم او آورم این قوم به جان باخته را در ج…  https://t.co/67DfAdyZoE,fa,[],[],['https://pbs.twimg.com/media/D4pnwXhXsAAw7uL.jpg'],0,0,4,"['agh_ghala', 'gorganrud', 'flood', 'آق_قلا', 'گرگانرود', 'سيل']",[],https://twitter.com/mehdi_zare/status/1119821538969182208,False,,1,https://pbs.twimg.com/media/D4pnwXhXsAAw7uL.jpg,,,,,,,[],,,,
1119817731325427712,1119817731325427712,2019-04-21 00:18:47 EDT,2019-04-21,00:18:47,-0400,1010897337361694720,pcinewsofficial,Philippine Canadian Inquirer,,"More than 100 Canadian soldiers are being deployed across western #NewBrunswick to help residents threatened by rising floodwaters, which have shown no signs of letting up. #flood #PhilippineCanadianInquirer  https://t.co/qZugSUdrAi  https://t.co/KSKMxW8aSq",en,[],['http://ow.ly/Z6Vo30our60'],['https://pbs.twimg.com/media/D4pkStOW4AEby1B.jpg'],0,1,0,"['newbrunswick', 'flood', 'philippinecanadianinquirer']",[],https://twitter.com/PCInewsofficial/status/1119817731325427712,False,,1,https://pbs.twimg.com/media/D4pkStOW4AEby1B.jpg,,,,,,,[],,,,
1119806452481363968,1119806452481363968,2019-04-20 23:33:57 EDT,2019-04-20,23:33:57,-0400,14753993,rsoe_edis,RSOE EDIS,,"USA at Sun, 21 Apr 2019 03:33:57 +0000 | #Flood event has been observed in State of Wisconsin, USA |  https://t.co/GPLkpcCmkA",en,[],['http://hisz.rsoe.hu/sh/93bbddda'],[],0,2,1,['flood'],[],https://twitter.com/RSOE_EDIS/status/1119806452481363968,False,,0,,,,,,,,[],,,,
1119804706186874885,1119804706186874885,2019-04-20 23:27:01 EDT,2019-04-20,23:27:01,-0400,2276880895,petabencana,PetaBencana.id,,"@DickyDifie Hello, I am Bencana Bot, reply with #flood to send me your flood report.  https://t.co/qtoAuMevBA",en,[],[],['https://pbs.twimg.com/tweet_video_thumb/C4MFV65UkAAbNll.jpg'],0,0,0,['flood'],[],https://twitter.com/petabencana/status/1119804706186874885,False,,1,https://pbs.twimg.com/tweet_video_thumb/C4MFV65UkAAbNll.jpg,,,,,,,[],,,,
1119803534399148033,1119803534399148033,2019-04-20 23:22:22 EDT,2019-04-20,23:22:22,-0400,14753993,rsoe_edis,RSOE EDIS,,"Canada at Sun, 21 Apr 2019 03:22:21 +0000 | #Flood event has been observed in Province of Quebec, Canada |  https://t.co/1uPRJaWIWh",en,[],['http://hisz.rsoe.hu/sh/76bb5425'],[],0,2,1,['flood'],[],https://twitter.com/RSOE_EDIS/status/1119803534399148033,False,,0,,,,,,,,[],,,,
1119802443372449793,1119802443372449793,2019-04-20 23:18:02 EDT,2019-04-20,23:18:02,-0400,868211017632894977,fd_natdisaster,FutureDanger Nature,,FutureDanger Indicator: UNPRECEDENTED FLOODS KILL HeatMap Column 4&gt;  https://t.co/vQLidNHgGL   #Floods #Flood  #Flooding #FutureDanger  https://t.co/7J4d5FDr67,en,[],['http://tinyurl.com/y5ralk3r'],['https://pbs.twimg.com/media/D4pWYy_UIAADbT0.png'],0,1,0,"['floods', 'flood', 'flooding', 'futuredanger']",[],https://twitter.com/FD_NatDisaster/status/1119802443372449793,False,,1,https://pbs.twimg.com/media/D4pWYy_UIAADbT0.png,,,,,,,[],,,,
1119796962377785344,1119796962377785344,2019-04-20 22:56:15 EDT,2019-04-20,22:56:15,-0400,2656,bigmedicine,Hal Newman,,@danspector A great online resource for folks who need #flood assistance or want to provide assistance.  https://t.co/6Z9KAiK7zg,en,[],['https://www.facebook.com/groups/WestIslandFlood/2269228426656794/'],[],0,0,0,['flood'],[],https://twitter.com/BigMedicine/status/1119796962377785344,False,,0,,,,,,,,[],,,,
1119793688316526594,1119793688316526594,2019-04-20 22:43:14 EDT,2019-04-20,22:43:14,-0400,220543970,march4justiceoz,MASKS_STOP_COVID,,#Australia #flood #fire,und,[],[],[],0,0,0,"['australia', 'flood', 'fire']",[],https://twitter.com/MARCH4JUSTICEOZ/status/1119793688316526594,False,https://twitter.com/AnimalsAus/status/1118759099032797185,0,,,,,,,,[],,,,
1119791131045187584,1119658518200619008,2019-04-20 22:33:05 EDT,2019-04-20,22:33:05,-0400,2341430058,yaaaahu,Rob Jones,,@4FreedominIran @USAdarFarsi If there was any doubt about the IRGC .. arresting #flood victims makes it crystal clear why these thugs are on the FTO list.  Terrorists have no problems abusing people  .. whether they are domestic or foreign.  But the IRGC has a short life now .. soon comes #IranRegimeChange,en,[],[],[],0,3,3,"['flood', 'iranregimechange']",[],https://twitter.com/Yaaaahu/status/1119791131045187584,False,,0,,,,,,,,"[{'screen_name': '4FreedominIran', 'name': 'Iran Freedom', 'id': '1680465068'}, {'screen_name': 'USADarFarsi', 'name': 'USADarFarsi', 'id': '1338899541429391361'}]",,,,
1119783393225510912,1119783393225510912,2019-04-20 22:02:20 EDT,2019-04-20,22:02:20,-0400,56207784,wxmangrosshans,Gregg Grosshans,,Our #citizens need to learn how to use #maps and know where they #live or are at.  How can we expect them to k ow what to do if there is a #tornado or #flash #flood #warning if they don’t to act?  https://t.co/7lu9WNTins,en,[],['https://www.wbur.org/hereandnow/2019/04/19/map-skills-severe-weather'],[],0,1,0,"['citizens', 'maps', 'live', 'tornado', 'flash', 'flood', 'warning']",[],https://twitter.com/wxmangrosshans/status/1119783393225510912,False,,0,,,,,,,,[],,,,
1119782808174702593,1119782808174702593,2019-04-20 22:00:00 EDT,2019-04-20,22:00:00,-0400,1079558345206435841,boracinabuyer,Boracina Housebuyer,,"We are buying houses cash  https://t.co/GIGAeLlE8G 6 tips to help prepare for a #flood, minimize damage to your home because Flooding is among the most common and devastating natural hazards on Earth  https://t.co/Y1MK07JEgG",en,[],"['https://bit.ly/2WdPMxH', 'https://www.accuweather.com/en/weather-news/6-tips-to-help-prepare-for-a-flood-minimize-damage-to-your-home/70008004']",[],0,0,1,['flood'],[],https://twitter.com/boracinabuyer/status/1119782808174702593,False,,0,,,,,,,,[],,,,
1119774201592680450,1119774201592680450,2019-04-20 21:25:48 EDT,2019-04-20,21:25:48,-0400,2276880895,petabencana,PetaBencana.id,,"@scfth0ney Hello, I am Bencana Bot, reply with #flood to send me your flood report.  https://t.co/PWvdX0JExB",en,[],[],['https://pbs.twimg.com/tweet_video_thumb/C4MFV65UkAAbNll.jpg'],0,0,0,['flood'],[],https://twitter.com/petabencana/status/1119774201592680450,False,,1,https://pbs.twimg.com/tweet_video_thumb/C4MFV65UkAAbNll.jpg,,,,,,,[],,,,
1119771688042889216,1119771688042889216,2019-04-20 21:15:49 EDT,2019-04-20,21:15:49,-0400,37711670,raymondafoss,Ray Foss,,"#tension in the air before the #garden before the #cross before another garden  swept away rising #flood #waters flowing, flowing toward an #empty #tomb.  #PalmSunday #MaundyThursday #GoodFriday #HolySaturday #Easter #ResurrectionSunday",en,[],[],[],0,1,1,"['tension', 'garden', 'cross', 'flood', 'waters', 'empty', 'tomb', 'palmsunday', 'maundythursday', 'goodfriday', 'holysaturday', 'easter', 'resurrectionsunday']",[],https://twitter.com/raymondafoss/status/1119771688042889216,False,,0,,,,,,,,[],,,,
1119768818933481483,1119768818933481483,2019-04-20 21:04:25 EDT,2019-04-20,21:04:25,-0400,2704377224,sp_simonovic,Slobodan P Simonovic,,Troops will be deployed as N.B. floodwaters creep higher. 15 communities affected.  https://t.co/3E0LE4l6KS #Flood  #disaster,en,[],['https://www.cbc.ca/news/canada/new-brunswick/fredericton-flood-stage-saturday-1.5105083'],[],0,1,2,"['flood', 'disaster']",[],https://twitter.com/SP_Simonovic/status/1119768818933481483,False,,0,,,,,,,,[],,,,
1119768310952886278,1119768310952886278,2019-04-20 21:02:24 EDT,2019-04-20,21:02:24,-0400,2704377224,sp_simonovic,Slobodan P Simonovic,,1 dead in western Quebec as waters rise and army begins deployment  https://t.co/33MnHzwWQ5 #Flood #disaster,en,[],['https://www.cbc.ca/news/canada/montreal/officials-remain-on-flood-alert-quebec-1.5105493'],[],0,1,1,"['flood', 'disaster']",[],https://twitter.com/SP_Simonovic/status/1119768310952886278,False,,0,,,,,,,,[],,,,
1119767986502553600,1119767986502553600,2019-04-20 21:01:06 EDT,2019-04-20,21:01:06,-0400,1607214534,eweather13,eweather,,Good news on #CTRiver #flood forecast for Middle Haddam. Now expected to stay below moderate levels.   I always struggle to understand these forecasts and the big swings from run to run. @NWSNERFC  https://t.co/fOZpbhNhRn,en,"[{'screen_name': 'nwsnerfc', 'name': 'nws northeast rfc', 'id': '823098086'}]",[],"['https://pbs.twimg.com/media/D4o3C-cWAAIRDUq.jpg', 'https://pbs.twimg.com/media/D4o3C-9WsAAMHUX.jpg']",1,1,6,"['ctriver', 'flood']",[],https://twitter.com/Eweather13/status/1119767986502553600,False,,1,https://pbs.twimg.com/media/D4o3C-cWAAIRDUq.jpg,,,,,,,[],,,,
1119767948212805633,1119767948212805633,2019-04-20 21:00:57 EDT,2019-04-20,21:00:57,-0400,1924046688,apocalypticpost,Apocalyptic Fiction,,ARkstorm: The ones that made it.  Our story follows several preppers and family members through daily life leading into the beginning of the ARkStorm and grid failures. #prepper #flood #solar #survival  https://t.co/zVKAwJpx9j,en,[],['http://brev.is/7CBE'],[],0,1,0,"['prepper', 'flood', 'solar', 'survival']",[],https://twitter.com/ApocalypticPost/status/1119767948212805633,False,,0,,,,,,,,[],,,,
1119767946073714688,1119767946073714688,2019-04-20 21:00:57 EDT,2019-04-20,21:00:57,-0400,738820711,arkstormprepper,ARkstorm Prepper,,ARkstorm: The ones that made it.  Our story follows several preppers and family members through daily life leading into the beginning of the ARkStorm and grid failures. #prepper #flood #solar #survival  https://t.co/nxARMEFjh7,en,[],['http://brev.is/7CBE'],[],0,1,0,"['prepper', 'flood', 'solar', 'survival']",[],https://twitter.com/ARkstormPrepper/status/1119767946073714688,False,,0,,,,,,,,[],,,,
1119767707467964416,1119767707467964416,2019-04-20 21:00:00 EDT,2019-04-20,21:00:00,-0400,183688400,livewxradar,Rob Delp Weather,,The forecast map for this evening Radars at :       https://t.co/HNLPnbqhEd      #wx #weather #storm #hail #wind #flooding #traffic #flood #frost #colder #cold #dry #Friday #heavy #rain #Saturday #420     #happy420  https://t.co/xcLLzuy0Vd,en,[],['http://www.weather.pub'],['https://pbs.twimg.com/media/D4khdrVXsAA_q7r.jpg'],0,0,1,"['wx', 'weather', 'storm', 'hail', 'wind', 'flooding', 'traffic', 'flood', 'frost', 'colder', 'cold', 'dry', 'friday', 'heavy', 'rain', 'saturday', 'happy420']",[],https://twitter.com/livewxradar/status/1119767707467964416,False,,1,https://pbs.twimg.com/media/D4khdrVXsAA_q7r.jpg,,,,,,,[],,,,
1119764054489411585,1119764054489411585,2019-04-20 20:45:29 EDT,2019-04-20,20:45:29,-0400,57914321,patrickrockey,Patrick Rockey WTKR,,TOMORROW'S storm threat. Track storms here--&gt;  https://t.co/Y2Pai11OKx Warnings here --&gt;  https://t.co/FGL6RNAcqm #FirstWarn3 #tornado #severe #thunderstorm #flood #watch #warning #weather #lightning #rain #hail #wind #wx  https://t.co/jMzY29sInW,en,[],"['http://bit.ly/LpgBoc', 'http://bit.do/Warning3']",['https://pbs.twimg.com/media/D4ozeT8WsAAQfEC.jpg'],0,0,0,"['firstwarn3', 'tornado', 'severe', 'thunderstorm', 'flood', 'watch', 'warning', 'weather', 'lightning', 'rain', 'hail', 'wind', 'wx']",[],https://twitter.com/PatrickRockey/status/1119764054489411585,False,,1,https://pbs.twimg.com/media/D4ozeT8WsAAQfEC.jpg,,,,,,,[],,,,
1119762904599785472,1119762904599785472,2019-04-20 20:40:55 EDT,2019-04-20,20:40:55,-0400,549817044,_underwickedsky,∆gainst KiLr Colonist$ dEms #NativesFirst,,"Stay on your side of border turn those to oil, can't always get them thru Obama's bs mad.  Donate Cali homeless with diseases, beep I'm not the one with 44 bases &amp; lie the most for dollar supremacy @SpeakerPelosi #Flood #Water #Management #Tech #USwarsAreCausingClimateChange",en,"[{'screen_name': 'speakerpelosi', 'name': 'nancy pelosi', 'id': '15764644'}]",[],[],0,0,0,"['flood', 'water', 'management', 'tech', 'uswarsarecausingclimatechange']",[],https://twitter.com/_UnderWickedSky/status/1119762904599785472,False,https://twitter.com/EllenHanak/status/1118295650309787648,0,,,,,,,,[],,,,
1119761544626106368,1119680029565181952,2019-04-20 20:35:31 EDT,2019-04-20,20:35:31,-0400,2276880895,petabencana,PetaBencana.id,,"@herrydp Hello, I am Bencana Bot, reply with #flood to send me your flood report.  https://t.co/43223o4noo",en,[],[],['https://pbs.twimg.com/tweet_video_thumb/C4MFV65UkAAbNll.jpg'],0,0,0,['flood'],[],https://twitter.com/petabencana/status/1119761544626106368,False,,1,https://pbs.twimg.com/tweet_video_thumb/C4MFV65UkAAbNll.jpg,,,,,,,"[{'screen_name': 'herrydp', 'name': 'Herry Purwanto', 'id': '22587372'}]",,,,
1119757622381465600,1119757622381465600,2019-04-20 20:19:55 EDT,2019-04-20,20:19:55,-0400,770608586397450240,fredmow506,Meals on Wheels Fton,,Here’s the live map of road closures in @CityFredGov . We are still planning to deliver meals on Easter Sunday but there could be delays. #FrederictonFlood2019 #Fredericton #MealsOnWheels #flood #roadClosures #EasterSunday 🐰  https://t.co/CspaKGAYpj,en,"[{'screen_name': 'cityfredgov', 'name': 'city of fredericton', 'id': '413105295'}]",['http://www.fredericton.ca/en/safety-services/river-watch#closures'],[],0,1,2,"['frederictonflood2019', 'fredericton', 'mealsonwheels', 'flood', 'roadclosures', 'eastersunday']",[],https://twitter.com/fredmow506/status/1119757622381465600,False,,0,,,,,,,,[],,,,
1119754275523981312,1119754275523981312,2019-04-20 20:06:37 EDT,2019-04-20,20:06:37,-0400,248296869,twitchxb,Twitch KCCO,"{'type': 'Point', 'coordinates': [45.25, -75.9167]}",Quick video of the #carpriver #flood April 2019  #ottawa #stittsville #carpriver #flood #ottawastorm #rain #spring #fairwinds #canadiantirecenter #ctc #carp #gopro #karma #drone…  https://t.co/1GwME1tj2z,en,[],['https://www.instagram.com/p/BwfyYtjlCQ-/?utm_source=ig_twitter_share&igshid=sntan7v70aj9'],[],0,1,0,"['carpriver', 'flood', 'ottawa', 'stittsville', 'carpriver', 'flood', 'ottawastorm', 'rain', 'spring', 'fairwinds', 'canadiantirecenter', 'ctc', 'carp', 'gopro', 'karma', 'drone']",[],https://twitter.com/TwitchxB/status/1119754275523981312,False,,0,,,,,,,,[],,,,
1119753572034367488,1119753572034367488,2019-04-20 20:03:50 EDT,2019-04-20,20:03:50,-0400,2276880895,petabencana,PetaBencana.id,,"@jlzwllm Hello, I am Bencana Bot, reply with #flood to send me your flood report.  https://t.co/QUvY6IZAn3",en,[],[],['https://pbs.twimg.com/tweet_video_thumb/C4MFV65UkAAbNll.jpg'],0,0,0,['flood'],[],https://twitter.com/petabencana/status/1119753572034367488,False,,1,https://pbs.twimg.com/tweet_video_thumb/C4MFV65UkAAbNll.jpg,,,,,,,[],,,,
