id,conversation_id,created_at,date,time,timezone,user_id,username,name,place,tweet,language,mentions,urls,photos,replies_count,retweets_count,likes_count,hashtags,cashtags,link,retweet,quote_url,video,thumbnail,near,geo,source,user_rt_id,user_rt,retweet_id,reply_to,retweet_date,translate,trans_src,trans_dest
863903165468606465,863903165468606465,2017-05-14 19:45:39 EDT,2017-05-14,19:45:39,-0400,2485830732,cardel444,Carlo Delgaudio,,#Montreal - #Fraud - #Scam - #Flood victims urged to be vigilant as #DoorToDoorContractors offer services  https://t.co/H0RCb2q5GN,en,[],['http://www.cbc.ca/1.4114496'],[],0,0,0,"['montreal', 'fraud', 'scam', 'flood', 'doortodoorcontractors']",[],https://twitter.com/Cardel444/status/863903165468606465,False,,0,,,,,,,,[],,,,
863901745948352512,863901745948352512,2017-05-14 19:40:01 EDT,2017-05-14,19:40:01,-0400,1399867488,ucsshana,"Shana Udvardy, CFM",,‘Sustainable #insurance ’: 7 takeaways from 1st ever summit of insurers &amp; #city leaders  https://t.co/uC8CXd8RuO #flood @FloodsOrg,en,"[{'screen_name': 'floodsorg', 'name': 'association of state floodplain managers', 'id': '551221453'}]",['https://shar.es/1FMKho'],[],0,3,1,"['insurance', 'city', 'flood']",[],https://twitter.com/UCSshana/status/863901745948352512,False,,0,,,,,,,,[],,,,
863899261854928898,863899261854928898,2017-05-14 19:30:09 EDT,2017-05-14,19:30:09,-0400,849659372166893572,evoevokleen,EvoKleen,,Meet the Pierrefonds #florists who are trying to keep up with #MothersDay orders in the #flood zone...  https://t.co/SYhIZi8F8N,en,[],['http://fb.me/6C4ogCwl6'],[],0,0,0,"['florists', 'mothersday', 'flood']",[],https://twitter.com/EvoEvokleen/status/863899261854928898,False,,0,,,,,,,,[],,,,
863899237150367744,863899237150367744,2017-05-14 19:30:03 EDT,2017-05-14,19:30:03,-0400,849659372166893572,evoevokleen,EvoKleen,,Meet the Pierrefonds #florists who are trying to keep up with #MothersDay orders in the #flood zone  https://t.co/FB79uJU9g0,en,[],['http://www.cbc.ca/news/canada/montreal/flooding-montreal-florist-mothers-day-1.4111373'],[],0,0,0,"['florists', 'mothersday', 'flood']",[],https://twitter.com/EvoEvokleen/status/863899237150367744,False,,0,,,,,,,,[],,,,
863896684870459393,863896684870459393,2017-05-14 19:19:54 EDT,2017-05-14,19:19:54,-0400,4145667279,eldjamaphoto,Nasser Eldjama Photography,,#ncc_ccn #nationalcapitalregion #nationalcapital #flood #britaniabeach #inondation…  https://t.co/oL8cPQFDfF,und,[],['https://www.instagram.com/p/BUF0lr7D5V9/'],[],0,0,0,"['ncc_ccn', 'nationalcapitalregion', 'nationalcapital', 'flood', 'britaniabeach', 'inondation']",[],https://twitter.com/EldjamaPhoto/status/863896684870459393,False,,0,,,,,,,,[],,,,
863896108497547264,863896108497547264,2017-05-14 19:17:37 EDT,2017-05-14,19:17:37,-0400,4145667279,eldjamaphoto,Nasser Eldjama Photography,,I found this toy floating somehere in #Gatineau. #Flood #Gatineau #ottawa #ccn_ncc #toy #hope…  https://t.co/eHB7QksL8z,en,[],['https://www.instagram.com/p/BUF0S-XjH9j/'],[],0,0,0,"['gatineau', 'flood', 'gatineau', 'ottawa', 'ccn_ncc', 'toy', 'hope']",[],https://twitter.com/EldjamaPhoto/status/863896108497547264,False,,0,,,,,,,,[],,,,
863892686784274432,863892686784274432,2017-05-14 19:04:01 EDT,2017-05-14,19:04:01,-0400,2168875890,ar_extension,Arkansas Cooperative Extension Service,,One of the first steps to #flood recovery is replacing key documents. @uaex_families has advice:  https://t.co/oQLT93chGU #Arkansas #arwx  https://t.co/0Z8PSvO8hE,en,"[{'screen_name': 'uaex_families', 'name': 'uaex families', 'id': '189247225'}]",['http://bit.ly/2r24snl'],['https://pbs.twimg.com/media/C_0pvqtUwAAyHTf.jpg'],0,8,2,"['flood', 'arkansas', 'arwx']",[],https://twitter.com/AR_Extension/status/863892686784274432,False,,1,https://pbs.twimg.com/media/C_0pvqtUwAAyHTf.jpg,,,,,,,[],,,,
863876588487794688,863876588487794688,2017-05-14 18:00:03 EDT,2017-05-14,18:00:03,-0400,4098163633,molecules_r,Qiaohou life,,Renewable energy - A world turned upside down  https://t.co/3tYw3bBzLR #climatechange #heatwave #flood #foodchain #chemicals #residues #data,en,[],['http://econ.st/2lON7M3'],[],0,0,0,"['climatechange', 'heatwave', 'flood', 'foodchain', 'chemicals', 'residues', 'data']",[],https://twitter.com/Molecules_R/status/863876588487794688,False,,0,,,,,,,,[],,,,
863876082625372163,863876082625372163,2017-05-14 17:58:02 EDT,2017-05-14,17:58:02,-0400,4256255308,corkkerrywinter,CorkKerryWinterReady,,ORANGE #weather alert in effect High levels of rainfall at coasts/uplands #Cork #Kerry #CKWR #flood #risk #Wetter  https://t.co/l3NMQ9ez7x,en,[],[],['https://pbs.twimg.com/media/C_0at2cXYAIg3_y.jpg'],0,3,2,"['weather', 'cork', 'kerry', 'ckwr', 'flood', 'risk', 'wetter']",[],https://twitter.com/CorkKerryWinter/status/863876082625372163,False,,1,https://pbs.twimg.com/media/C_0at2cXYAIg3_y.jpg,,,,,,,[],,,,
863870027946229762,863870027946229762,2017-05-14 17:33:59 EDT,2017-05-14,17:33:59,-0400,4256255308,corkkerrywinter,CorkKerryWinterReady,,Rain ☔ belt spreading in from #Atlantic will reach many parts of #Cork #Kerry overnight Localised #flood #risk #CKWR  https://t.co/mhqmbIKjgs,en,[],[],['https://pbs.twimg.com/media/C_0VNfYWAAAXrxg.jpg'],0,10,6,"['atlantic', 'cork', 'kerry', 'flood', 'risk', 'ckwr']",[],https://twitter.com/CorkKerryWinter/status/863870027946229762,False,,1,https://pbs.twimg.com/media/C_0VNfYWAAAXrxg.jpg,,,,,,,[],,,,
863866804489388033,863866804489388033,2017-05-14 17:21:10 EDT,2017-05-14,17:21:10,-0400,2716231,ethomsen,Elizabeth Thomsen,,"Flooding not as bad as May, 2006, but getting there! #hamiltonwenham #spring #rain #flood #pattonpark  https://t.co/zZGAY5kF02",en,[],[],['https://pbs.twimg.com/media/C_0SR5-XgAAn8HV.jpg'],0,0,0,"['hamiltonwenham', 'spring', 'rain', 'flood', 'pattonpark']",[],https://twitter.com/ethomsen/status/863866804489388033,False,,1,https://pbs.twimg.com/media/C_0SR5-XgAAn8HV.jpg,,,,,,,[],,,,
863866594463805440,863866594463805440,2017-05-14 17:20:20 EDT,2017-05-14,17:20:20,-0400,860950249099206658,redsvillareds,Reddish Villa Reds,,Great game against @ReddishNorthEnd yellows at the mike Doyle centre #greatvenue #villareds #flood #dickinson  https://t.co/BCOp4x0E81,en,"[{'screen_name': 'reddishnorthend', 'name': 'reddish north end fc', 'id': '576082894'}]",[],[],0,0,0,"['greatvenue', 'villareds', 'flood', 'dickinson']",[],https://twitter.com/RedsVillareds/status/863866594463805440,False,,1,https://pbs.twimg.com/ext_tw_video_thumb/863866525719154688/pu/img/xNc7kT7J9AXLd-lP.jpg,,,,,,,[],,,,
863859598201155593,863859598201155593,2017-05-14 16:52:32 EDT,2017-05-14,16:52:32,-0400,2693936880,josiedesmarais,Josie Desmarais,"{'type': 'Point', 'coordinates': [45.535, -73.705]}","Rue Cousineau, mardi dernier / #inondation #inondations #quebecfloods #flood…  https://t.co/T1cwhLysAy",fr,[],['https://www.instagram.com/p/BUFjuPClT2O/'],[],0,0,0,"['inondation', 'inondations', 'quebecfloods', 'flood']",[],https://twitter.com/JosieDesmarais/status/863859598201155593,False,,0,,,,,,,,[],,,,
863857231669940226,863857231669940226,2017-05-14 16:43:08 EDT,2017-05-14,16:43:08,-0400,808060956072931328,buysumstuff,BuySum,,#Outdoor Security #Triple Head LED #Flood Light #Motion Activated 270 Degree Sensor #AllPro  https://t.co/dZzmdwfX67 via @eBay,en,"[{'screen_name': 'ebay', 'name': 'ebay', 'id': '19709040'}]",['http://www.ebay.com/itm/Outdoor-Security-Triple-Head-LED-Flood-Light-Motion-Activated-270-Degree-Sensor-/132165505954?roken=cUgayN&soutkn=11B5Hv'],[],0,0,0,"['outdoor', 'triple', 'flood', 'motion', 'allpro']",[],https://twitter.com/BuySumStuff/status/863857231669940226,False,,0,,,,,,,,[],,,,
863849533893214210,863849533893214210,2017-05-14 16:12:33 EDT,2017-05-14,16:12:33,-0400,1437987344,fayflood,Fay Bull,,Lovely spring stroll around stunning @AttenboroughNR @Nottswildlife #riverporn #flood #defence #Nottingham  https://t.co/VFp00xtFQV,en,"[{'screen_name': 'attenboroughnr', 'name': 'attenborough reserve', 'id': '219342673'}, {'screen_name': 'nottswildlife', 'name': 'notts wildlife trust', 'id': '26213308'}]",[],"['https://pbs.twimg.com/media/C_0CjDaW0AAT6H8.jpg', 'https://pbs.twimg.com/media/C_0CjDXXgAE83ne.jpg', 'https://pbs.twimg.com/media/C_0CjDbW0AAsf_J.jpg']",0,0,4,"['riverporn', 'flood', 'defence', 'nottingham']",[],https://twitter.com/fayflood/status/863849533893214210,False,,1,https://pbs.twimg.com/media/C_0CjDaW0AAT6H8.jpg,,,,,,,[],,,,
863844945156653056,863844945156653056,2017-05-14 15:54:19 EDT,2017-05-14,15:54:19,-0400,201457145,eyegillian,Gillian Barfoot,,Hammond River in full flood.. . . #spring #nbspring #river #flood #explorenb #explorecanada…  https://t.co/U9tfqnv2ey,en,[],['https://www.instagram.com/p/BUFdD_MBrdi/'],[],0,0,0,"['spring', 'nbspring', 'river', 'flood', 'explorenb', 'explorecanada']",[],https://twitter.com/eyegillian/status/863844945156653056,False,,0,,,,,,,,[],,,,
863823431569031168,863823431569031168,2017-05-14 14:28:49 EDT,2017-05-14,14:28:49,-0400,613306493,nataliafiala,Natalia Fiala,,Minivan Driver Demonstrates What Not To Do In A Flood  VIDEO:  https://t.co/ABZ5XcdYbT  #minivan #driver #flood #oops  https://t.co/H1JenVcAKV,en,[],['http://dld.bz/eFQxn'],['https://pbs.twimg.com/media/C_zq1PeU0AAytO1.jpg'],0,0,0,"['minivan', 'driver', 'flood', 'oops']",[],https://twitter.com/NataliaFiala/status/863823431569031168,False,,1,https://pbs.twimg.com/media/C_zq1PeU0AAytO1.jpg,,,,,,,[],,,,
863813742194241536,863813742194241536,2017-05-14 13:50:19 EDT,2017-05-14,13:50:19,-0400,25362667,jhullwhite,Jay White,,"""Dry land is not a myth. I've seen it!""- Kevin Kostner. Waterworld.  #Oakville #flooding #flood…  https://t.co/fOE1rlfZKI",en,[],['https://www.instagram.com/p/BUFO35-gqNx/'],[],0,0,0,"['oakville', 'flooding', 'flood']",[],https://twitter.com/Jhullwhite/status/863813742194241536,False,,0,,,,,,,,[],,,,
863810657799598081,863810657799598081,2017-05-14 13:38:04 EDT,2017-05-14,13:38:04,-0400,25362667,jhullwhite,Jay White,,Where the sidewalk ends...  #Oakville #marina #harbour #flood #flooding #lake #park…  https://t.co/ecwyimAf7c,en,[],['https://www.instagram.com/p/BUFNeBHgVQs/'],[],0,0,0,"['oakville', 'marina', 'harbour', 'flood', 'flooding', 'lake', 'park']",[],https://twitter.com/Jhullwhite/status/863810657799598081,False,,0,,,,,,,,[],,,,
863809580542951425,863809580542951425,2017-05-14 13:33:47 EDT,2017-05-14,13:33:47,-0400,27212660,suffolkbarns,Suffolk Barns,,"2017 #Tomatoes and #cucumbers planted out in #aquaponics in 3 different ways... #flood&amp;drain (clay balls),...  https://t.co/sJhPGOVY5I",en,[],['http://fb.me/3yqLDNJXr'],[],0,0,0,"['tomatoes', 'cucumbers', 'aquaponics', 'flood']",[],https://twitter.com/suffolkbarns/status/863809580542951425,False,,0,,,,,,,,[],,,,
863809564067721216,863809564067721216,2017-05-14 13:33:43 EDT,2017-05-14,13:33:43,-0400,27212660,suffolkbarns,Suffolk Barns,"{'type': 'Point', 'coordinates': [52.24228668, 1.10216407]}",2017 #Tomatoes and #cucumbers planted out in #aquaponics in 3 different ways... #flood&amp;drain…  https://t.co/xVeqgMyiay,en,[],['https://www.instagram.com/p/BUFM-M2Ayrv/'],[],0,0,0,"['tomatoes', 'cucumbers', 'aquaponics', 'flood']",[],https://twitter.com/suffolkbarns/status/863809564067721216,False,,0,,,,,,,,[],,,,
863794973006856192,863794973006856192,2017-05-14 12:35:44 EDT,2017-05-14,12:35:44,-0400,1536412436,globalfloodnews,GlobalFloodSystem,,The latest #Global #Flood #News!  https://t.co/iWRm3Z3rY4 #flooding #flood,en,[],['http://paper.li/GlobalFloodNews/1373268934?edition_id=5f5da400-38c3-11e7-9571-002590a5ba2d'],[],0,0,0,"['global', 'flood', 'news', 'flooding', 'flood']",[],https://twitter.com/GlobalFloodNews/status/863794973006856192,False,,0,,,,,,,,[],,,,
863794813413593088,863794813413593088,2017-05-14 12:35:06 EDT,2017-05-14,12:35:06,-0400,859474808463142913,sunvuvltd,Apollo Zheng,,#LED 350W #Flood #Light Light Source: Philips Lumileds / Osram/ LG Voltage(v): 90-305!!! see more at- https://t.co/9QOQbvBxpd  https://t.co/8bs6w0bqb0,en,[],['http://sunvuv.com/product-detail/led-350w-flood-light/'],['https://pbs.twimg.com/media/C_zQyehVoAIuAg1.jpg'],0,0,1,"['led', 'flood', 'light']",[],https://twitter.com/Sunvuvltd/status/863794813413593088,False,,1,https://pbs.twimg.com/media/C_zQyehVoAIuAg1.jpg,,,,,,,[],,,,
863794523910156288,863794523910156288,2017-05-14 12:33:57 EDT,2017-05-14,12:33:57,-0400,859474808463142913,sunvuvltd,Apollo Zheng,,"400W #LED #Flood #Light Fixture Available in various optical beam profiles, including 15 °to 60 °round, 65!!!  https://t.co/htQApzcUWU  https://t.co/C1HFSryGXe",en,[],['http://sunvuv.com/product-detail/400w-led-flood-light-fixture/'],['https://pbs.twimg.com/media/C_zQgySVwAA4q-R.jpg'],0,0,1,"['led', 'flood', 'light']",[],https://twitter.com/Sunvuvltd/status/863794523910156288,False,,1,https://pbs.twimg.com/media/C_zQgySVwAA4q-R.jpg,,,,,,,[],,,,
863785955609649153,863785911657480192,2017-05-14 11:59:54 EDT,2017-05-14,11:59:54,-0400,2276880895,petabencana,PetaBencana.id,,"@asw1nchan1 Hello, I am Bencana Bot, reply with #flood to send me your flood report.  https://t.co/EI1c44ydj1",en,[],[],['https://pbs.twimg.com/tweet_video_thumb/C4MFV65UkAAbNll.jpg'],0,0,0,['flood'],[],https://twitter.com/petabencana/status/863785955609649153,False,,1,https://pbs.twimg.com/tweet_video_thumb/C4MFV65UkAAbNll.jpg,,,,,,,"[{'screen_name': 'asw1nchan1', 'name': 'asw1nchan', 'id': '814515375471611905'}]",,,,
863781347680292864,863781347680292864,2017-05-14 11:41:36 EDT,2017-05-14,11:41:36,-0400,3246733277,theeamberbranch,TheeAmberBranch,,#timeline #flood #happymothersday #PTutu #Mumzie #queens  https://t.co/m7jqVYxPu3,und,[],['https://www.instagram.com/p/BUFAJElgcD_/'],[],0,0,0,"['timeline', 'flood', 'happymothersday', 'ptutu', 'mumzie', 'queens']",[],https://twitter.com/TheeAmberBranch/status/863781347680292864,False,,0,,,,,,,,[],,,,
863779098241495040,863779098241495040,2017-05-14 11:32:39 EDT,2017-05-14,11:32:39,-0400,29733577,danitablackwood,Danita Blackwood,,Great Info on Beating Mold after #Flooding with @WUSTLmed Expert + @Pertfox  https://t.co/AkmD3rMaaj  #flood #home #health #realestatetips,en,"[{'screen_name': 'wustlmed', 'name': 'washington u. med', 'id': '27779882'}]",['http://bit.ly/2q3bJCE'],[],0,0,0,"['flooding', 'flood', 'home', 'health', 'realestatetips']",[],https://twitter.com/DanitaBlackwood/status/863779098241495040,False,,0,,,,,,,,[],,,,
863775956808462336,863775956808462336,2017-05-14 11:20:10 EDT,2017-05-14,11:20:10,-0400,60497407,robcobb_insc,Robert D. Cobb,,#flood #homerepair #HomeDécor: What Will You Do When Your Favorite Rug Takes The Hit from #waterdamage?...  https://t.co/rsqLMooDs0,en,[],['http://fb.me/1TMfSmKb1'],[],0,0,0,"['flood', 'homerepair', 'homedécor', 'waterdamage']",[],https://twitter.com/RobCobb_INSC/status/863775956808462336,False,,0,,,,,,,,[],,,,
863774590446776320,863774590446776320,2017-05-14 11:14:45 EDT,2017-05-14,11:14:45,-0400,253363381,pgremillet,Patrick Grémillet,,'Nature to the rescue: Reducing #flood risks with ecosystem services' @UNDP's @saemarijn blogs:  https://t.co/LYw5ZRoDsj #MexicoGP2017  https://t.co/3R9wrcywp0,en,"[{'screen_name': 'undp', 'name': 'un development', 'id': '20596281'}, {'screen_name': 'saemarijn', 'name': 'saskia marijnissen', 'id': '1958753047'}]",['http://www.undp.org/content/undp/en/home/blog/2017/5/11/Nature-to-the-rescue-Reducing-flood-risks-by-using-ecosystem-services.html#.WRYkuuGkxuo.twitter'],['https://pbs.twimg.com/media/C_y-Ho6XsAEn_FT.jpg'],0,0,2,"['flood', 'mexicogp2017']",[],https://twitter.com/pgremillet/status/863774590446776320,False,,1,https://pbs.twimg.com/media/C_y-Ho6XsAEn_FT.jpg,,,,,,,[],,,,
863774436184522753,863774436184522753,2017-05-14 11:14:08 EDT,2017-05-14,11:14:08,-0400,1139968416,corall0ve,Stéphanie Marie,,You can submit invoices for #moving and #storing #items still in your house #SécuritéPubliqueduQuébec #Mtlflood2017 #Pierrefonds #flood $$$,en,[],[],[],0,0,0,"['moving', 'storing', 'items', 'sécuritépubliqueduquébec', 'mtlflood2017', 'pierrefonds', 'flood']",[],https://twitter.com/Corall0ve/status/863774436184522753,False,,0,,,,,,,,[],,,,
863773236676481026,863773236676481026,2017-05-14 11:09:22 EDT,2017-05-14,11:09:22,-0400,107516853,fpgil,Fernando Gil,,#Surveillance #satellite providing #imagery in support of #flood response #Canada  https://t.co/K6z565yE1g,en,[],['http://sco.lt/6UfXqT'],[],0,0,1,"['surveillance', 'satellite', 'imagery', 'flood', 'canada']",[],https://twitter.com/fpgil/status/863773236676481026,False,,0,,,,,,,,[],,,,
863773207035338754,863773207035338754,2017-05-14 11:09:15 EDT,2017-05-14,11:09:15,-0400,12561732,chriscook04,Chris Cook,"{'type': 'Point', 'coordinates': [36.9412, -90.9631]}",Flood debris from just our yard. #currentriver #flood @ Current River  https://t.co/j4TjUr416B,en,[],['https://www.instagram.com/p/BUE8cN1AKLQ/'],[],0,0,0,"['currentriver', 'flood']",[],https://twitter.com/chriscook04/status/863773207035338754,False,,0,,,,,,,,[],,,,
863772963115606016,863772963115606016,2017-05-14 11:08:17 EDT,2017-05-14,11:08:17,-0400,1139968416,corall0ve,Stéphanie Marie,,All that you lost in #fridge or #freezer you can submit an estimate and claim #SécuritéPubliqueduQuébec #Mtlflood2017 #WestIsland #Flood,en,[],[],[],0,0,0,"['fridge', 'freezer', 'sécuritépubliqueduquébec', 'mtlflood2017', 'westisland', 'flood']",[],https://twitter.com/Corall0ve/status/863772963115606016,False,,0,,,,,,,,[],,,,
863772141040402432,863772141040402432,2017-05-14 11:05:01 EDT,2017-05-14,11:05:01,-0400,2242429296,nationalhomerep,National Home Repair,,#FLOOD TIP - Arrange for emergency temporary repairs to be carried out to prevent further damage to your #property,en,[],[],[],0,0,0,"['flood', 'property']",[],https://twitter.com/nationalhomerep/status/863772141040402432,False,,0,,,,,,,,[],,,,
863771207312605185,863771207312605185,2017-05-14 11:01:18 EDT,2017-05-14,11:01:18,-0400,16631405,muchmemory,Tim Stephens,,Waterfront life is nice. Don't buy or build #flood prone land #BCFLOODS #QuebecFlood #PrairiesFlood #OntarioFlood #CanadaFloods #Flood2017,en,[],[],[],0,0,0,"['flood', 'bcfloods', 'quebecflood', 'prairiesflood', 'ontarioflood', 'canadafloods', 'flood2017']",[],https://twitter.com/muchmemory/status/863771207312605185,False,,0,,,,,,,,[],,,,
863770116672147456,863770116672147456,2017-05-14 10:56:58 EDT,2017-05-14,10:56:58,-0400,1139968416,corall0ve,Stéphanie Marie,,#financialAid available to #tenants and #owners #Pierrefonds #WestIsland #flood #mtlflood2017 #QCgov,en,[],[],[],0,0,0,"['financialaid', 'tenants', 'owners', 'pierrefonds', 'westisland', 'flood', 'mtlflood2017', 'qcgov']",[],https://twitter.com/Corall0ve/status/863770116672147456,False,,0,,,,,,,,[],,,,
863765211521716226,863765211521716226,2017-05-14 10:37:29 EDT,2017-05-14,10:37:29,-0400,2967016952,simon_nak,Simon Nakonechny,,Huge turnout for gvt fin. assistance briefing in hockey rink at DDO Civic Centre. #Flood  https://t.co/nSLGk9d5Fh,en,[],[],[],0,1,0,['flood'],[],https://twitter.com/simon_nak/status/863765211521716226,False,,1,https://pbs.twimg.com/ext_tw_video_thumb/863765160695128064/pu/img/v3xmhadRnit5032I.jpg,,,,,,,[],,,,
863758027589120000,863758027589120000,2017-05-14 10:08:56 EDT,2017-05-14,10:08:56,-0400,394294758,kellygreig,Kelly Greig,,Packed house at Pierrefonds financial aid information session. Many residents I've spoken to are very confused about what to do next #flood  https://t.co/okIvRzgVBL,en,[],[],['https://pbs.twimg.com/media/C_yvVn0XgAUsBe_.jpg'],2,1,2,['flood'],[],https://twitter.com/KellyGreig/status/863758027589120000,False,,1,https://pbs.twimg.com/media/C_yvVn0XgAUsBe_.jpg,,,,,,,[],,,,
863757081400291329,863757081400291329,2017-05-14 10:05:10 EDT,2017-05-14,10:05:10,-0400,1139968416,corall0ve,Stéphanie Marie,,Information session for all affected by #flood starts now #DDOCivicCenter arena 2 #WestIsland #Pierrefonds,en,[],[],[],0,0,0,"['flood', 'ddociviccenter', 'westisland', 'pierrefonds']",[],https://twitter.com/Corall0ve/status/863757081400291329,False,,0,,,,,,,,[],,,,
863755977946005504,863755977946005504,2017-05-14 10:00:47 EDT,2017-05-14,10:00:47,-0400,547636468,iloveupstateny1,I Love Upstate NY,,The water continues rise in #SacketsHarbor #LakeOntario #Flood  https://t.co/KPIpAYYmQk,en,[],[],"['https://pbs.twimg.com/media/C_yteVWXoAAGRzR.jpg', 'https://pbs.twimg.com/media/C_yteVgXYAA4LMG.jpg', 'https://pbs.twimg.com/media/C_yteVZXgAIAXkT.jpg', 'https://pbs.twimg.com/media/C_yteVWXkAEt_Iq.jpg']",0,0,1,"['sacketsharbor', 'lakeontario', 'flood']",[],https://twitter.com/ILoveUpstateNY1/status/863755977946005504,False,,1,https://pbs.twimg.com/media/C_yteVWXoAAGRzR.jpg,,,,,,,[],,,,
863752023526789120,863752023526789120,2017-05-14 09:45:04 EDT,2017-05-14,09:45:04,-0400,958321766,usgs_hdds,USGS HDDS,,The USGS HDDS is supporting the 201705_Flood_CHL event and can be found at  https://t.co/2oCPasEDAV #Chile #Flood,en,[],['http://hddsexplorer.usgs.gov'],[],0,0,0,"['chile', 'flood']",[],https://twitter.com/USGS_HDDS/status/863752023526789120,False,,0,,,,,,,,[],,,,
863751736485457921,863751736485457921,2017-05-14 09:43:56 EDT,2017-05-14,09:43:56,-0400,4764344180,kruizingaradio,Inside Real Estate,,IIIiiits #TonihkaTime with @RTonihka_GH! #Insiderealestateradio @570KLIF #insurance #fire #flood #homeowners #auto #bike,en,"[{'screen_name': 'rtonihka_gh', 'name': 'richard tonihka', 'id': '3241845158'}, {'screen_name': '570klif', 'name': 'klif', 'id': '23074218'}]",[],[],0,1,2,"['tonihkatime', 'insiderealestateradio', 'insurance', 'fire', 'flood', 'homeowners', 'auto', 'bike']",[],https://twitter.com/KruizingaRadio/status/863751736485457921,False,,0,,,,,,,,[],,,,
863750495487369218,863416140797751296,2017-05-14 09:39:00 EDT,2017-05-14,09:39:00,-0400,725428723802116096,olegfeldgajer,Oleg Feldgajer,,@CBCNews Instead of pointing fingers and starting the blame game - it's time to bring #innovation to #flood #prevention #strategies. Here is how...  https://t.co/KUp4gySpfu,en,[],[],['https://pbs.twimg.com/media/C_yoe1gUwAAL9js.jpg'],0,0,0,"['innovation', 'flood', 'prevention', 'strategies']",[],https://twitter.com/OlegFeldgajer/status/863750495487369218,False,,1,https://pbs.twimg.com/media/C_yoe1gUwAAL9js.jpg,,,,,,,"[{'screen_name': 'CBCNews', 'name': 'CBC News', 'id': '6433472'}]",,,,
863750000337190912,863750000337190912,2017-05-14 09:37:02 EDT,2017-05-14,09:37:02,-0400,1362734726,rattycastle,rattycastle,,#LakeDistrict  @SunInnpooley  raising money for #flood victims  @JoannaGoodchil3 @judithannmax just getting going  @dazdazzle  @C_E_R_T_UK  https://t.co/rFLezZeIOI,en,"[{'screen_name': 'suninnpooley', 'name': 'sun inn', 'id': '204246280'}, {'screen_name': 'joannagoodchil3', 'name': 'honeybun', 'id': '2339367273'}, {'screen_name': 'judithannmax', 'name': 'judith', 'id': '1104808507'}, {'screen_name': 'dazdazzle', 'name': 'daz', 'id': '204438416'}, {'screen_name': 'c_e_r_t_uk', 'name': 'cert (uk) ltd - nfp/charity', 'id': '4704276975'}]",[],[],2,7,10,"['lakedistrict', 'flood']",[],https://twitter.com/rattycastle/status/863750000337190912,False,,1,https://pbs.twimg.com/ext_tw_video_thumb/863749899522854912/pu/img/ztKRE3bX63BqHCDN.jpg,,,,,,,[],,,,
863741981939433472,863741981939433472,2017-05-14 09:05:10 EDT,2017-05-14,09:05:10,-0400,958321766,usgs_hdds,USGS HDDS,,10 scenes of WORLDVIEW ingested to HDDS for event 201704_Flood_US #flood  https://t.co/gOJO2tfmkl  https://t.co/g9pkW9808e,en,[],['https://hddsexplorer.usgs.gov/criteria?event=201704_Flood_US&ordered=201704_Flood_US_NGA_WORLDVIEW2_NV_20170513&field=BATCH_NAME'],['https://pbs.twimg.com/media/C_ygwTwW0AIRt7B.jpg'],0,0,0,['flood'],[],https://twitter.com/USGS_HDDS/status/863741981939433472,False,,1,https://pbs.twimg.com/media/C_ygwTwW0AIRt7B.jpg,,,,,,,[],,,,
863741030591549442,863741030591549442,2017-05-14 09:01:23 EDT,2017-05-14,09:01:23,-0400,857381350344724480,firstrestore,1st step restoration,,Happy Mother's Day! #happymothersday #renovations #house #mold #insurance #remodel #flood #restoration #remediation  https://t.co/BwGGhDL3Pp,en,[],[],"['https://pbs.twimg.com/media/C_yf45CVoAAtql0.jpg', 'https://pbs.twimg.com/media/C_yf41WVoAETgvP.jpg']",0,0,1,"['happymothersday', 'renovations', 'house', 'mold', 'insurance', 'remodel', 'flood', 'restoration', 'remediation']",[],https://twitter.com/firstrestore/status/863741030591549442,False,,1,https://pbs.twimg.com/media/C_yf45CVoAAtql0.jpg,,,,,,,[],,,,
863740934533656577,863740934533656577,2017-05-14 09:01:00 EDT,2017-05-14,09:01:00,-0400,2242429296,nationalhomerep,National Home Repair,,Victim of a #flood?   Speak to your #insurance broker to arrange for emergency repairs to be carried out or give us a call today,en,[],[],[],0,0,0,"['flood', 'insurance']",[],https://twitter.com/nationalhomerep/status/863740934533656577,False,,0,,,,,,,,[],,,,
863740800571756546,863740800571756546,2017-05-14 09:00:29 EDT,2017-05-14,09:00:29,-0400,712453724585775104,dsolutionsllc,disastersolutionsllc,,Good morning #Disaster Solutions #community! Get your #family #prepared today at  https://t.co/s1AnDL9hrp #emergency #flood #tornado #storm,en,[],['http://ift.tt/1UWwHg2'],[],0,0,0,"['disaster', 'community', 'family', 'prepared', 'emergency', 'flood', 'tornado', 'storm']",[],https://twitter.com/dsolutionsllc/status/863740800571756546,False,,0,,,,,,,,[],,,,
863740722570076160,863740722570076160,2017-05-14 09:00:10 EDT,2017-05-14,09:00:10,-0400,183688400,livewxradar,Rob Delp Weather,,SEVERE STORM THREAT for today. See your Radar:  https://t.co/HNLPnbqhEd #wx #news #weather #storm #hail  #rain #flood  https://t.co/QrHV4uLBXp,en,[],['http://www.weather.pub'],['https://pbs.twimg.com/media/C_wxkSLUwAA4H8l.jpg'],0,0,0,"['wx', 'news', 'weather', 'storm', 'hail', 'rain', 'flood']",[],https://twitter.com/livewxradar/status/863740722570076160,False,,1,https://pbs.twimg.com/media/C_wxkSLUwAA4H8l.jpg,,,,,,,[],,,,
863732926009225216,863732926009225216,2017-05-14 08:29:11 EDT,2017-05-14,08:29:11,-0400,902106067,drdpendergrass,Dr.David Pendergrass,,"""Do I have to PROVE that Noah's flood happened?"" Click here for my response:  https://t.co/NoA1XhYRjE #apologetics #flood #OldTestament  https://t.co/uPzE2U2Fqw",en,[],['http://bit.ly/2iBhyUW'],['https://pbs.twimg.com/media/C_yYhCYXYAEb9ce.jpg'],0,0,0,"['apologetics', 'flood', 'oldtestament']",[],https://twitter.com/DrDPendergrass/status/863732926009225216,False,,1,https://pbs.twimg.com/media/C_yYhCYXYAEb9ce.jpg,,,,,,,[],,,,
863728915235426304,863728915235426304,2017-05-14 08:13:15 EDT,2017-05-14,08:13:15,-0400,808222817485524992,flooddefencesuk,Flood Defences,,Sewerage Protection in Gilfach #Sewer #Flood #Protection #Gilfach  https://t.co/QWq0ONpzo7,de,[],['https://goo.gl/TZQhHt'],[],0,0,0,"['sewer', 'flood', 'protection', 'gilfach']",[],https://twitter.com/flooddefencesuk/status/863728915235426304,False,,0,,,,,,,,[],,,,
863723557276323840,863723557276323840,2017-05-14 07:51:57 EDT,2017-05-14,07:51:57,-0400,1214186018,9cv2z,9C,,Stay safe 🙏  #JeffreyAshok2017  #Flood  #GodIsOnDuty  https://t.co/Xw3tk6SaLa,en,[],['https://www.instagram.com/p/BUEl3K9DsAuRWsq-FTywvHerxhcqBJCuI-eNf80/'],[],0,0,0,"['jeffreyashok2017', 'flood', 'godisonduty']",[],https://twitter.com/9cv2z/status/863723557276323840,False,,0,,,,,,,,[],,,,
863718106291679232,863718106291679232,2017-05-14 07:30:18 EDT,2017-05-14,07:30:18,-0400,791812078730223616,undpclimate,UNDP Climate,,'Nature to the rescue: Reducing #flood risks with ecosystem services' @UNDP's @saemarijn blogs:  https://t.co/Up4Y4b7QXK  https://t.co/rOBMeHJCAC,en,"[{'screen_name': 'undp', 'name': 'un development', 'id': '20596281'}, {'screen_name': 'saemarijn', 'name': 'saskia marijnissen', 'id': '1958753047'}]",['http://www.undp.org/content/undp/en/home/blog/2017/5/11/Nature-to-the-rescue-Reducing-flood-risks-by-using-ecosystem-services.html#.WRYkuuGkxuo.twitter'],['https://pbs.twimg.com/media/C_yLCdrXUAIo8u-.jpg'],0,4,4,['flood'],[],https://twitter.com/UNDPClimate/status/863718106291679232,False,,1,https://pbs.twimg.com/media/C_yLCdrXUAIo8u-.jpg,,,,,,,[],,,,
863716641577852928,863716641577852928,2017-05-14 07:24:29 EDT,2017-05-14,07:24:29,-0400,20241902,tootsieiam,tootsietweets,,Went 'home' to pick up shoes. Ended up playing my piano. Bad idea. I want to go home 😢 #flood #NoPlaceLikeHome,en,[],[],[],0,0,0,"['flood', 'noplacelikehome']",[],https://twitter.com/tootsieiam/status/863716641577852928,False,,0,,,,,,,,[],,,,
863716080778391553,863716080778391553,2017-05-14 07:22:15 EDT,2017-05-14,07:22:15,-0400,306194316,treishamarle,Treisha Marle,,How to Clean a #Mattress Soaked in #Flood  https://t.co/KElodL0lSE #Mattress #Flood,en,[],['http://dld.bz/cuhm7'],[],0,0,0,"['mattress', 'flood', 'mattress', 'flood']",[],https://twitter.com/TreishaMarle/status/863716080778391553,False,,0,,,,,,,,[],,,,
863705335206367233,863705335206367233,2017-05-14 06:39:33 EDT,2017-05-14,06:39:33,-0400,353615813,sajmon_srb,Milan Che Simonović,,Vidi stvarno Beograd na vodi. #belgrade #rain #flood #shame #mali #ostavka  https://t.co/llp6i4ZkE7,und,[],['https://www.instagram.com/p/BUEdipxhNEU/'],[],0,1,0,"['belgrade', 'rain', 'flood', 'shame', 'mali', 'ostavka']",[],https://twitter.com/Sajmon_SRB/status/863705335206367233,False,,0,,,,,,,,[],,,,
863695392348622848,863695392348622848,2017-05-14 06:00:02 EDT,2017-05-14,06:00:02,-0400,183688400,livewxradar,Rob Delp Weather,,SEVERE STORM THREAT for today. See your Radar:  https://t.co/HNLPnbqhEd #wx #news #weather #storm #hail #rain #flood  https://t.co/Is7DCkT2Kp,en,[],['http://www.weather.pub'],['https://pbs.twimg.com/media/C_wxdGIV0AAg9o-.jpg'],0,0,0,"['wx', 'news', 'weather', 'storm', 'hail', 'rain', 'flood']",[],https://twitter.com/livewxradar/status/863695392348622848,False,,1,https://pbs.twimg.com/media/C_wxdGIV0AAg9o-.jpg,,,,,,,[],,,,
863672703622025218,863672703622025218,2017-05-14 04:29:53 EDT,2017-05-14,04:29:53,-0400,192827620,lorr333,Lorr 333,,"@LGrahamCTV Aftermath of #Flood2017 . Loneliness in the ""park"" near Baie D'Urfé. #flood #water #submerged  https://t.co/FOOl04L6Ot",en,[],[],['https://pbs.twimg.com/media/C_xhvfkUwAAvfdH.jpg'],0,0,1,"['flood2017', 'flood', 'water', 'submerged']",[],https://twitter.com/Lorr333/status/863672703622025218,False,,1,https://pbs.twimg.com/media/C_xhvfkUwAAvfdH.jpg,,,,,,,[],,,,
863665621858480129,863665621858480129,2017-05-14 04:01:45 EDT,2017-05-14,04:01:45,-0400,1057342818,ada_updates,ADA,,Want to be better informed abt #flood &amp; #watermanagement? Come &amp; see us at @FloodexUK this week &amp; meet the experts &amp; innovators who can help  https://t.co/oS9bZaIfF4,en,"[{'screen_name': 'floodexuk', 'name': 'floodex', 'id': '3308322527'}]",[],"['https://pbs.twimg.com/media/C_xbOkyWAAAJDDi.jpg', 'https://pbs.twimg.com/media/C_xbP_6XsAE8yi1.jpg', 'https://pbs.twimg.com/media/C_xbRU6XYAAkIhn.jpg', 'https://pbs.twimg.com/media/C_xbSG8XkAIDs9W.jpg']",0,5,3,"['flood', 'watermanagement']",[],https://twitter.com/ADA_updates/status/863665621858480129,False,,1,https://pbs.twimg.com/media/C_xbOkyWAAAJDDi.jpg,,,,,,,[],,,,
863657644912816128,863657644912816128,2017-05-14 03:30:03 EDT,2017-05-14,03:30:03,-0400,183688400,livewxradar,Rob Delp Weather,,SEVERE STORM THREAT  for rest of the night. See Radars:  https://t.co/HNLPnbqhEd #weather #news #storm #hail #flood  https://t.co/NeklYzuWyo,en,[],['http://www.weather.pub'],['https://pbs.twimg.com/media/C_wYLEyVwAA6VoE.jpg'],0,0,0,"['weather', 'news', 'storm', 'hail', 'flood']",[],https://twitter.com/livewxradar/status/863657644912816128,False,,1,https://pbs.twimg.com/media/C_wYLEyVwAA6VoE.jpg,,,,,,,[],,,,
863644572601257984,863644572601257984,2017-05-14 02:38:06 EDT,2017-05-14,02:38:06,-0400,724615075219296256,ibs_technics,IBS Technics,,"Lake Ontario #flood: who covers damages now?Money is now important, but don't forget to think about flood prevention  https://t.co/BNVyCUETKP",en,[],['http://www.newyorkupstate.com/western-ny/2017/05/will_lake_ontario_flood_damage_be_covered_by_homeowners_insurance_policies.html'],[],0,2,0,['flood'],[],https://twitter.com/ibs_technics/status/863644572601257984,False,,0,,,,,,,,[],,,,
863643357226184704,863643357226184704,2017-05-14 02:33:16 EDT,2017-05-14,02:33:16,-0400,519127928,jeffasherwood,Jeff Asher-Wood,,We've had 110mm of rain in the past 36hrs and it's still coming down #rain #storm #flood  https://t.co/IVAEErd4kf,en,[],['https://www.instagram.com/p/BUEBYGFFyVD/'],[],0,0,0,"['rain', 'storm', 'flood']",[],https://twitter.com/jeffasherwood/status/863643357226184704,False,,0,,,,,,,,[],,,,
863640360127537152,863640360127537152,2017-05-14 02:21:22 EDT,2017-05-14,02:21:22,-0400,3012744420,glimpsetheking,Glimpse of Kingdom,,"""Do I have to PROVE that Noah's flood happened?"" Click here for my response:  https://t.co/wKrYYNqbtW #apologetics #flood #OldTestament  https://t.co/23k22BBjjl",en,[],['http://bit.ly/2iBhyUW'],['https://pbs.twimg.com/media/C_xEVC1XoAAcI0M.jpg'],0,0,0,"['apologetics', 'flood', 'oldtestament']",[],https://twitter.com/GlimpsetheKing/status/863640360127537152,False,,1,https://pbs.twimg.com/media/C_xEVC1XoAAcI0M.jpg,,,,,,,[],,,,
863627440848986113,863627440848986113,2017-05-14 01:30:01 EDT,2017-05-14,01:30:01,-0400,183688400,livewxradar,Rob Delp Weather,,SEVERE STORM THREAT for rest of the night. See Radars:  https://t.co/HNLPnbqhEd #weather #news #storm #hail  #flood  https://t.co/DAoolg5a3s,en,[],['http://www.weather.pub'],['https://pbs.twimg.com/media/C_wYHFMUAAMKuEn.jpg'],0,0,0,"['weather', 'news', 'storm', 'hail', 'flood']",[],https://twitter.com/livewxradar/status/863627440848986113,False,,1,https://pbs.twimg.com/media/C_wYHFMUAAMKuEn.jpg,,,,,,,[],,,,
863619630740496384,863619630740496384,2017-05-14 00:58:59 EDT,2017-05-14,00:58:59,-0400,5915622,evanleeson,Evan Leeson,"{'type': 'Point', 'coordinates': [31.3347, 34.3958]}",Nirim Flood . . . #nirim #isreal #flood #sunset #clouds #simulation #redskies…  https://t.co/DztAQQdcpm,en,[],['https://www.instagram.com/p/BUD2maagkhJ/'],[],0,0,0,"['nirim', 'isreal', 'flood', 'sunset', 'clouds', 'simulation', 'redskies']",[],https://twitter.com/EvanLeeson/status/863619630740496384,False,,0,,,,,,,,[],,,,
863615966374055936,863615966374055936,2017-05-14 00:44:26 EDT,2017-05-14,00:44:26,-0400,883285562,highlandpkca,Highland Park,,"And yet #yyccc approved land use for up to 4000 units on #HighlandValley, a known #flood prone area #BadPlanning   https://t.co/ZwxN7qKAsv",en,[],['https://twitter.com/cbcnews/status/863597243974246400'],[],0,2,1,"['yyccc', 'highlandvalley', 'flood', 'badplanning']",[],https://twitter.com/HighlandPkCA/status/863615966374055936,False,https://twitter.com/cbcnews/status/863597243974246400,0,,,,,,,,[],,,,
863599740650475520,863599740650475520,2017-05-13 23:39:57 EDT,2017-05-13,23:39:57,-0400,35304982,sherrieinprovo,Sherrie Hall Everett,"{'type': 'Point', 'coordinates': [40.2367, -111.739]}",#provoriver is high down at the Lakeview Trailhead. Stay safe everyone. #flood #provo @ Provo River  https://t.co/vSfKqryUjU,en,[],['https://www.instagram.com/p/BUDtf1eFb7R/'],[],0,0,0,"['provoriver', 'flood', 'provo']",[],https://twitter.com/sherrieinprovo/status/863599740650475520,False,,0,,,,,,,,[],,,,
863591671954423808,863591671954423808,2017-05-13 23:07:54 EDT,2017-05-13,23:07:54,-0400,183688400,livewxradar,Rob Delp Weather,,SEVERE STORM THREAT for rest of the night. See Radars:  https://t.co/HNLPnbqhEd #weather #news #storm #hail #flood  https://t.co/qqxfJfSbFn,en,[],['http://www.weather.pub'],['https://pbs.twimg.com/media/C_wYDFzVwAADhvZ.jpg'],0,0,0,"['weather', 'news', 'storm', 'hail', 'flood']",[],https://twitter.com/livewxradar/status/863591671954423808,False,,1,https://pbs.twimg.com/media/C_wYDFzVwAADhvZ.jpg,,,,,,,[],,,,
863585907655536641,863585907655536641,2017-05-13 22:44:59 EDT,2017-05-13,22:44:59,-0400,3881232856,noelia_monaco,Noelia Paula Monaco,,@Regrann from @jwanyosef -  Best 25 euros spent #flood - #regrann  https://t.co/Ix1hcTkCuD,en,"[{'screen_name': 'jwanyosef', 'name': 'jwan yosef', 'id': '1059214138835156992'}]",[],['https://pbs.twimg.com/media/C_wSsMpW0AEXeMg.jpg'],0,0,1,"['flood', 'regrann']",[],https://twitter.com/noelia_monaco/status/863585907655536641,False,,1,https://pbs.twimg.com/media/C_wSsMpW0AEXeMg.jpg,,,,,,,[],,,,
863584870915862532,863584870915862532,2017-05-13 22:40:52 EDT,2017-05-13,22:40:52,-0400,620149729,servprobntfl,Servpro of Bountiful,,Nuff Said! #SERVPRO #insurance #disaster #flood #picoftheday #flooding #lol #belle  https://t.co/oNlq8gdUK6,en,[],[],['https://pbs.twimg.com/media/C_wR3N4WsAE2NJH.jpg'],0,0,1,"['servpro', 'insurance', 'disaster', 'flood', 'picoftheday', 'flooding', 'lol', 'belle']",[],https://twitter.com/ServproBntfl/status/863584870915862532,False,,1,https://pbs.twimg.com/media/C_wR3N4WsAE2NJH.jpg,,,,,,,[],,,,
863582861458276353,863582861458276353,2017-05-13 22:32:53 EDT,2017-05-13,22:32:53,-0400,725428723802116096,olegfeldgajer,Oleg Feldgajer,,Severe #flood events in Canada could lead to more than $13 billion in #losses. Less than half covered by #insurance.  https://t.co/hzQa0J6BWk  https://t.co/6gdoaA7Hy2,en,[],['http://bit.ly/2pwPPJ2'],['https://pbs.twimg.com/media/C_wP_GXUMAEoSXJ.jpg'],0,0,0,"['flood', 'losses', 'insurance']",[],https://twitter.com/OlegFeldgajer/status/863582861458276353,False,,1,https://pbs.twimg.com/media/C_wP_GXUMAEoSXJ.jpg,,,,,,,[],,,,
863580309610258432,863580309610258432,2017-05-13 22:22:45 EDT,2017-05-13,22:22:45,-0400,725428723802116096,olegfeldgajer,Oleg Feldgajer,,it’s time to borrow from other industries and offer successful #flood #mitigation with #Distributed #Pumped #Hydro  https://t.co/hzQa0J6BWk  https://t.co/KmoO6fc2Fj,en,[],['http://bit.ly/2pwPPJ2'],['https://pbs.twimg.com/media/C_wNtDfUAAEacda.jpg'],0,0,0,"['flood', 'mitigation', 'distributed', 'pumped', 'hydro']",[],https://twitter.com/OlegFeldgajer/status/863580309610258432,False,,1,https://pbs.twimg.com/media/C_wNtDfUAAEacda.jpg,,,,,,,[],,,,
863573346679750657,863573346679750657,2017-05-13 21:55:04 EDT,2017-05-13,21:55:04,-0400,16003658,alyssagregory,Alyssa (Gregory) Fuller,,Is Your #Business Prepared for a #Flood? -  https://t.co/H7eECxxIPx by @Dakota_Murphey  #smallbiz #bizplans #planning,en,"[{'screen_name': 'dakota_murphey', 'name': 'dakota murphey', 'id': '781082169657724928'}]",['http://ow.ly/1TGl30bhTv6'],[],0,0,2,"['business', 'flood', 'smallbiz', 'bizplans', 'planning']",[],https://twitter.com/alyssagregory/status/863573346679750657,False,,0,,,,,,,,[],,,,
863573346205786112,863573346205786112,2017-05-13 21:55:04 EDT,2017-05-13,21:55:04,-0400,126912691,smallbizbonfire,Small Biz Bonfire,,Is Your #Business Prepared for a #Flood? -  https://t.co/sb9cLXaryz by @Dakota_Murphey  #smallbiz #bizplans #planning,en,"[{'screen_name': 'dakota_murphey', 'name': 'dakota murphey', 'id': '781082169657724928'}]",['http://ow.ly/1TGl30bhTv6'],[],0,0,1,"['business', 'flood', 'smallbiz', 'bizplans', 'planning']",[],https://twitter.com/smallbizbonfire/status/863573346205786112,False,,0,,,,,,,,[],,,,
863565537556561920,863565537556561920,2017-05-13 21:24:03 EDT,2017-05-13,21:24:03,-0400,176742962,oneleggoalie,oneleggoalie,,They did live together once and then #TheJewishGod who's #Paranoid most times...decided to wipe out everything in a #Flood and start again😐  https://t.co/nqZ6iny4hS,en,[],['https://twitter.com/AidenWolfe/status/863564562901209088'],[],0,0,1,"['thejewishgod', 'paranoid', 'flood']",[],https://twitter.com/oneleggoalie/status/863565537556561920,False,0,0,,,,,,,,[],,,,
863554857495429120,863554857495429120,2017-05-13 20:41:36 EDT,2017-05-13,20:41:36,-0400,794439152,crippledbigeye,Isaac,,Graduation pt. 2 #flood @ The Nest on Ninth at The Oread  https://t.co/Y56Vhgx9ov,en,[],['https://www.instagram.com/p/BUDZJIQh1g6yFu4C985PrbldqMO6_z2gg6KQo40/'],[],0,0,0,['flood'],[],https://twitter.com/crippledbigeye/status/863554857495429120,False,,0,,,,,,,,[],,,,
