id,conversation_id,created_at,date,time,timezone,user_id,username,name,place,tweet,language,mentions,urls,photos,replies_count,retweets_count,likes_count,hashtags,cashtags,link,retweet,quote_url,video,thumbnail,near,geo,source,user_rt_id,user_rt,retweet_id,reply_to,retweet_date,translate,trans_src,trans_dest
952689483966812160,952689483966812160,2018-01-14 18:50:47 EST,2018-01-14,18:50:47,-0400,809210389133217793,medwelder,medwelder17,, https://t.co/ehojAvwojU #CornerBrook #StateofEmergency #deerlake #newfoundland #NLFlood #nltraffic #nlwx @NLtweets @NFPower @NewFoundLand @TheNfldHerald #WestCoast #WestCoastNole #floodaware #flooding #Flood #floodph,und,"[{'screen_name': 'nltweets', 'name': 'newfoundlandlabrador', 'id': '38670218'}, {'screen_name': 'nfpower', 'name': 'newfoundland power', 'id': '186198253'}, {'screen_name': 'newfoundland', 'name': 'newfoundland', 'id': '14368259'}, {'screen_name': 'thenfldherald', 'name': 'thenfldherald', 'id': '385988553'}]",['https://youtu.be/o0_yrAO-Z8o'],[],0,0,1,"['cornerbrook', 'stateofemergency', 'deerlake', 'newfoundland', 'nlflood', 'nltraffic', 'nlwx', 'westcoast', 'westcoastnole', 'floodaware', 'flooding', 'flood', 'floodph']",[],https://twitter.com/MedWelder/status/952689483966812160,False,,0,,,,,,,,[],,,,
952686905212194816,952686905212194816,2018-01-14 18:40:32 EST,2018-01-14,18:40:32,-0400,2209247298,bereadyflorida,Be Ready Florida,,"For #valuable info on #Building, #Campus, #Fire, #HighRise, #Home, #Hospital, #Office, #Pet, #Tsunami, #Wildfire and #Workplace #Evacuation please watch the #videos at  https://t.co/5pFmHqHtH0 #JITDT #Evacuate #Safety #SafetyFirst #Security #Family #Employee #Hurricane #Flood",en,[],['http://ow.ly/QY8Ae'],[],0,0,1,"['valuable', 'building', 'campus', 'fire', 'highrise', 'home', 'hospital', 'office', 'pet', 'tsunami', 'wildfire', 'workplace', 'evacuation', 'videos', 'jitdt', 'evacuate', 'safety', 'safetyfirst', 'security', 'family', 'employee', 'hurricane', 'flood']",[],https://twitter.com/BeReadyFlorida/status/952686905212194816,False,,0,,,,,,,,[],,,,
952686656464850944,952686656464850944,2018-01-14 18:39:33 EST,2018-01-14,18:39:33,-0400,707963715451166720,moldbgonesystem,moldbgonesystem,,Three Steps to Reduce #Flood Damage | #Atlanta GA | Mold-B-Gone  https://t.co/07dIS7fc7k PLEASE RETWEET  https://t.co/xqpZKlxPAL,en,[],['http://moldbgonega.com/three-steps-to-reduce-flood-damage/'],['https://pbs.twimg.com/media/DTifdu-W0AEKk6b.jpg'],0,0,0,"['flood', 'atlanta']",[],https://twitter.com/moldbgonesystem/status/952686656464850944,False,,1,https://pbs.twimg.com/media/DTifdu-W0AEKk6b.jpg,,,,,,,[],,,,
952684721632260096,952684721632260096,2018-01-14 18:31:52 EST,2018-01-14,18:31:52,-0400,2276880895,petabencana,PetaBencana.id,,"@hadicahcilik Hello, I am Bencana Bot, reply with #flood to send me your flood report.  https://t.co/7ZT9uuRfvk",en,[],[],['https://pbs.twimg.com/tweet_video_thumb/C4MFV65UkAAbNll.jpg'],0,0,0,['flood'],[],https://twitter.com/petabencana/status/952684721632260096,False,,1,https://pbs.twimg.com/tweet_video_thumb/C4MFV65UkAAbNll.jpg,,,,,,,[],,,,
952684061432205312,952684061432205312,2018-01-14 18:29:14 EST,2018-01-14,18:29:14,-0400,2612759426,conciergeautotx,Nathan Spargo,,#Flood #Vehicle #Inspection  https://t.co/fomNPLYTuX  https://t.co/acIQsD2nGX,und,[],['https://goo.gl/Wwo3nd'],['https://pbs.twimg.com/media/DTidGmBW0AAiITN.jpg'],0,0,0,"['flood', 'vehicle', 'inspection']",[],https://twitter.com/ConciergeAutoTx/status/952684061432205312,False,,1,https://pbs.twimg.com/media/DTidGmBW0AAiITN.jpg,,,,,,,[],,,,
952681854091501568,952681854091501568,2018-01-14 18:20:28 EST,2018-01-14,18:20:28,-0400,3116563028,ewntesting,EWN,,"WA Flood Watch for Pilbara, Gascoyne Regions. #flood #WA  https://t.co/YxJP2oPF4M",en,[],[],['https://pbs.twimg.com/media/DTibGBFV4AEbhBg.jpg'],0,0,0,"['flood', 'wa']",[],https://twitter.com/ewntesting/status/952681854091501568,False,,1,https://pbs.twimg.com/media/DTibGBFV4AEbhBg.jpg,,,,,,,[],,,,
952678501991288832,952678501991288832,2018-01-14 18:07:09 EST,2018-01-14,18:07:09,-0400,53527083,julianconstruct,Julian Construction,,This is How Storms Can Cause Foundation Damage: #storms #damage #home #flood #flooding #contractor  https://t.co/2VBvMHXuoa  https://t.co/DsSNDtjXWw,en,[],['http://bit.ly/2mkBa0T'],['https://pbs.twimg.com/media/DTiYC5tXUAAUYsw.jpg'],0,0,1,"['storms', 'damage', 'home', 'flood', 'flooding', 'contractor']",[],https://twitter.com/julianconstruct/status/952678501991288832,False,,1,https://pbs.twimg.com/media/DTiYC5tXUAAUYsw.jpg,,,,,,,[],,,,
952677883184521216,952677883184521216,2018-01-14 18:04:41 EST,2018-01-14,18:04:41,-0400,3116563028,ewntesting,EWN,,"WA Flood Watch for North and West Kimberley Rivers, De Grey River, Pilbara Coastal Rivers. #flood #WA  https://t.co/2cLTsAqhsJ",en,[],[],['https://pbs.twimg.com/media/DTiXe2xVMAA1p86.jpg'],0,0,0,"['flood', 'wa']",[],https://twitter.com/ewntesting/status/952677883184521216,False,,1,https://pbs.twimg.com/media/DTiXe2xVMAA1p86.jpg,,,,,,,[],,,,
952677659762290689,952677659762290689,2018-01-14 18:03:48 EST,2018-01-14,18:03:48,-0400,3116563028,ewntesting,EWN,,"WA Flood Watch for North and West Kimberley Rivers, De Grey River, Pilbara Coastal Rivers. #flood #WA",en,[],[],[],0,0,0,"['flood', 'wa']",[],https://twitter.com/ewntesting/status/952677659762290689,False,,0,,,,,,,,[],,,,
952675579467198464,952675579467198464,2018-01-14 17:55:32 EST,2018-01-14,17:55:32,-0400,3116563028,ewntesting,EWN,,"WA Flood Watch for North and West Kimberley Rivers, De Grey River, Pilbara Coastal Rivers. #flood #WA  https://t.co/JPyGOL7a6b",en,[],[],['https://pbs.twimg.com/media/DTiVYyIV4AAX2oh.jpg'],0,0,0,"['flood', 'wa']",[],https://twitter.com/ewntesting/status/952675579467198464,False,,1,https://pbs.twimg.com/media/DTiVYyIV4AAX2oh.jpg,,,,,,,[],,,,
952672257167409152,952672257167409152,2018-01-14 17:42:20 EST,2018-01-14,17:42:20,-0400,3116563028,ewntesting,EWN,,WA Flood Watch for Gascoyne and Central West District River Catchments. #flood #WA  https://t.co/OS57aTr6ah,en,[],[],['https://pbs.twimg.com/media/DTiSXY8VwAEqXEd.jpg'],0,0,0,"['flood', 'wa']",[],https://twitter.com/ewntesting/status/952672257167409152,False,,1,https://pbs.twimg.com/media/DTiSXY8VwAEqXEd.jpg,,,,,,,[],,,,
952646723142287360,952646723142287360,2018-01-14 16:00:52 EST,2018-01-14,16:00:52,-0400,936292700848050178,bernardhidier,Bernard Hidier,,"""Only when the tide goes out do you discover who's been swimming naked"" Warren Buffett After recent #rating agencies warnings, #bonds market starts factoring in #environmental, #climatechange &amp; #Flood #Risk. #resilience #Sustainability #RiskManagement #mitigation #infrastructure  https://t.co/9V6Tpyx8v4",en,[],['https://twitter.com/ImpactAlpha/status/952562226342387712'],[],0,4,8,"['rating', 'bonds', 'environmental', 'climatechange', 'flood', 'risk', 'resilience', 'sustainability', 'riskmanagement', 'mitigation', 'infrastructure']",[],https://twitter.com/BernardHidier/status/952646723142287360,False,https://twitter.com/ImpactAlpha/status/952562226342387712,0,,,,,,,,[],,,,
952646641055608832,952646641055608832,2018-01-14 16:00:33 EST,2018-01-14,16:00:33,-0400,270440459,joshfitzwx,Josh Fitzpatrick,,#Weather Alert! #Flood Warning for the Ohio River at Belleville Lock.  It'll creep to or just above minor flood stage this afternoon and evening. This will primarily affect local roads. #TurnAroundDontDrown #OHwx #WVwx #FloodWarning #OhioRiver  https://t.co/L3Qb65yUbV,en,[],[],['https://pbs.twimg.com/media/DTh7AUSU0AAFxJ4.jpg'],0,0,0,"['weather', 'flood', 'turnarounddontdrown', 'ohwx', 'wvwx', 'floodwarning', 'ohioriver']",[],https://twitter.com/JoshFitzWx/status/952646641055608832,False,,1,https://pbs.twimg.com/media/DTh7AUSU0AAFxJ4.jpg,,,,,,,[],,,,
952635302182400000,952635302182400000,2018-01-14 15:15:29 EST,2018-01-14,15:15:29,-0400,436593884,kaylabeaudin,Kayla Beaudin,,Be ready for anything. Here are 11 tips to prevent #flood damage to your business.  https://t.co/YzrEo8l4Oy  https://t.co/yjUqD5Obn2,en,[],['http://bit.ly/2fN9nli'],['https://pbs.twimg.com/media/DThwwb8U8AA3Fr6.png'],0,0,0,['flood'],[],https://twitter.com/KaylaBeaudin/status/952635302182400000,False,,1,https://pbs.twimg.com/media/DThwwb8U8AA3Fr6.png,,,,,,,[],,,,
952632522269233152,952632522269233152,2018-01-14 15:04:27 EST,2018-01-14,15:04:27,-0400,55704450,willi_h2o,Willi H2O,,".@MillerMCPW .@MarkHackel , #CityOfWarren , #WarrenMI , #WarrenMichigan , #MacombCounty - Residents SHOULD know how their #sewage flows away from their home, especially in potential #FLOOD scenarios near #RedRunDrain involving #OaklandCounty #stormwater  https://t.co/psb6xtCJLZ",en,"[{'screen_name': 'millermcpw', 'name': 'candice miller mcpw', 'id': '851855862008303617'}, {'screen_name': 'markhackel', 'name': 'mark hackel', 'id': '111017967'}]",[],['https://pbs.twimg.com/media/DThtRd2W0Ac2WQ2.jpg'],0,1,0,"['cityofwarren', 'warrenmi', 'warrenmichigan', 'macombcounty', 'sewage', 'flood', 'redrundrain', 'oaklandcounty', 'stormwater']",[],https://twitter.com/Willi_H2O/status/952632522269233152,False,,1,https://pbs.twimg.com/media/DThtRd2W0Ac2WQ2.jpg,,,,,,,[],,,,
952631739851030528,952631286211928064,2018-01-14 15:01:20 EST,2018-01-14,15:01:20,-0400,2276880895,petabencana,PetaBencana.id,,"@maikudrop Hello, I am Bencana Bot, reply with #flood to send me your flood report.  https://t.co/vil5A4tr7X",en,[],[],['https://pbs.twimg.com/tweet_video_thumb/C4MFV65UkAAbNll.jpg'],0,0,0,['flood'],[],https://twitter.com/petabencana/status/952631739851030528,False,,1,https://pbs.twimg.com/tweet_video_thumb/C4MFV65UkAAbNll.jpg,,,,,,,[],,,,
952623525638045696,952623525638045696,2018-01-14 14:28:42 EST,2018-01-14,14:28:42,-0400,926462264344961024,savefloodinsure,Save Flood Insurance,,Mandatory #Flood Insurance  https://t.co/MAORgFG18J #floodinsurance #floodinsuranceagency #flooding,en,[],['http://saveflood.com/mandatory-flood-insurance/'],[],0,0,0,"['flood', 'floodinsurance', 'floodinsuranceagency', 'flooding']",[],https://twitter.com/SaveFloodInsure/status/952623525638045696,False,,0,,,,,,,,[],,,,
952620253212807169,952620253212807169,2018-01-14 14:15:41 EST,2018-01-14,14:15:41,-0400,1461603534,arsesa2005,SoccerField,,'We makes the best of everything': Resilience in wake of flooding on Newfoundland's west coast  https://t.co/B35BsxxtBr via @username #Newfoundland #Flood,en,[],['http://www.arsesaworldgist.com/2018/01/we-makes-best-of-everything-resilience.html'],[],0,0,0,"['newfoundland', 'flood']",[],https://twitter.com/arsesa2005/status/952620253212807169,False,,0,,,,,,,,[],,,,
952620143779237888,952620143779237888,2018-01-14 14:15:15 EST,2018-01-14,14:15:15,-0400,4715894776,dredhenderson,Dr Ed Henderson,,Just released Environment Agency plan to reduce #flood risks in #Kendal and Rivers Mint and Kent catchments #Cumbria includes building walls or embankments and upstream flood storage. @RG_Parkins  https://t.co/1gl1rlQgXy,en,"[{'screen_name': 'rg_parkins', 'name': 'r g parkins', 'id': '3018330954'}]",[],['https://pbs.twimg.com/media/DThi7apWsAEx2KP.jpg'],1,2,3,"['flood', 'kendal', 'cumbria']",[],https://twitter.com/DrEdHenderson/status/952620143779237888,False,,1,https://pbs.twimg.com/media/DThi7apWsAEx2KP.jpg,,,,,,,[],,,,
952616498308116480,952616454704123904,2018-01-14 14:00:46 EST,2018-01-14,14:00:46,-0400,2276880895,petabencana,PetaBencana.id,,"@luluirs Hello, I am Bencana Bot, reply with #flood to send me your flood report.  https://t.co/0n74wPO2Gk",en,[],[],['https://pbs.twimg.com/tweet_video_thumb/C4MFV65UkAAbNll.jpg'],0,0,0,['flood'],[],https://twitter.com/petabencana/status/952616498308116480,False,,1,https://pbs.twimg.com/tweet_video_thumb/C4MFV65UkAAbNll.jpg,,,,,,,[],,,,
952611306720374786,952611306720374786,2018-01-14 13:40:08 EST,2018-01-14,13:40:08,-0400,2371682762,curtis_ins,Curtis Insurance,,#InsuranceFact: Documenting your #Flood damages is easy with today’s cell phones.  https://t.co/mCRiBK7CFa  https://t.co/3WqWHXQkte,en,[],['http://bit.ly/curtis21'],['https://pbs.twimg.com/media/DTha7y3UQAAWHIB.jpg'],0,0,0,"['insurancefact', 'flood']",[],https://twitter.com/Curtis_Ins/status/952611306720374786,False,,1,https://pbs.twimg.com/media/DTha7y3UQAAWHIB.jpg,,,,,,,[],,,,
952608758257111042,952608758257111042,2018-01-14 13:30:01 EST,2018-01-14,13:30:01,-0400,21139563,eponline,EPonline,,"#FEMA transferred $1.46 billion of the NFIP’s financial risk to the private reinsurance market, increasing the NFIP’s #flood claims-paying ability.    https://t.co/Q9125OQRDx",en,[],['https://eponline.com/articles/2018/01/09/fema-expands-reinsurance-program-for-flood-claims.aspx?admgarea=News'],[],0,0,0,"['fema', 'flood']",[],https://twitter.com/EPonline/status/952608758257111042,False,,0,,,,,,,,[],,,,
952608093300387841,952608093300387841,2018-01-14 13:27:22 EST,2018-01-14,13:27:22,-0400,744359274,debragreenenews,Debra Greene,,Funding campaign for #flood victims. @UnitedWaySB &amp; @vcunitedway restablishes #ThomasFireandFloodFund:   https://t.co/SgT7c6HTWU. @UnitedWay @kclu #flooding #mudslides #montecito #santabarbara,en,"[{'screen_name': 'unitedwaysb', 'name': 'united way of sbc', 'id': '310391562'}, {'screen_name': 'vcunitedway', 'name': 'united way of vc', 'id': '26591089'}, {'screen_name': 'unitedway', 'name': 'united way', 'id': '16506355'}, {'screen_name': 'kclu', 'name': 'lulu', 'id': '149551273'}]",['http://kclu.org/post/united-way-establishes-fund-thomas-fire-and-flood-victims'],[],0,3,0,"['flood', 'thomasfireandfloodfund', 'flooding', 'mudslides', 'montecito', 'santabarbara']",[],https://twitter.com/DebraGreeneNews/status/952608093300387841,False,,0,,,,,,,,[],,,,
952606866298765312,952606866298765312,2018-01-14 13:22:30 EST,2018-01-14,13:22:30,-0400,878784555888635904,omniqor,Omniqor Restoration,,Thank you for the 5 stars! ⭐️⭐️⭐️⭐️⭐️ #Omniqor #Home #flood  https://t.co/o5VEocTbj8,en,[],[],['https://pbs.twimg.com/media/DThW4-NVQAAYqKC.jpg'],0,0,0,"['omniqor', 'home', 'flood']",[],https://twitter.com/omniqor/status/952606866298765312,False,,1,https://pbs.twimg.com/media/DThW4-NVQAAYqKC.jpg,,,,,,,[],,,,
952606416195420161,952606416195420161,2018-01-14 13:20:42 EST,2018-01-14,13:20:42,-0400,170034127,makeithappenjax,Make It Happen Bail,,Families still reeling from #HurricaneIrma on Jacksonville's westside  https://t.co/KpaBINi86G #afterthestorm #weather #jacksonville #hurricane #flood #hurricanerelief #irma #jax #firstcoast #ourjax #duval #florida #relief #MakeItHappen,en,[],['http://www.firstcoastnews.com/article/news/local/families-still-reeling-from-hurricane-irma-on-jacksonvilles-westside/77-507757073'],[],0,0,0,"['hurricaneirma', 'afterthestorm', 'weather', 'jacksonville', 'hurricane', 'flood', 'hurricanerelief', 'irma', 'jax', 'firstcoast', 'ourjax', 'duval', 'florida', 'relief', 'makeithappen']",[],https://twitter.com/MakeItHappenJax/status/952606416195420161,False,,0,,,,,,,,[],,,,
952601723012616193,952601723012616193,2018-01-14 13:02:03 EST,2018-01-14,13:02:03,-0400,2242429296,nationalhomerep,National Home Repair,,"Putting homes &amp; #businesses back together after a serious #flood tends to be a lengthy process, which adds to the trauma of those affected  We can help you  https://t.co/RWzZ5m9uZx",en,[],[],['https://pbs.twimg.com/media/DThSN-uUQAAeXKb.jpg'],0,0,0,"['businesses', 'flood']",[],https://twitter.com/nationalhomerep/status/952601723012616193,False,,1,https://pbs.twimg.com/media/DThSN-uUQAAeXKb.jpg,,,,,,,[],,,,
952600458048262151,952600458048262151,2018-01-14 12:57:02 EST,2018-01-14,12:57:02,-0400,3004607061,hkucuk_28,Huseyin KÜÇÜK,,"1- Haber su: 15 Ocak #pazartesi gunu: ""Türkiye’nin 2023 hedefi yolundaki dev projelerden biri olan Kanal İstanbul için kritik karar açıklanacak.""  Projenin mali ve ekonomik boyutunu bir baska ""flood'la"" ele alacagim..  Simdi asil meseleye donelim!  🔻🔻#Flood'a🔻🔻 baslayalim..!  https://t.co/6OwJHMcyIj",tr,[],['https://twitter.com/milliyet/status/952519765800693760'],[],6,35,36,"['pazartesi', 'flood']",[],https://twitter.com/hkucuk_28/status/952600458048262151,False,https://twitter.com/milliyet/status/952519765800693760,0,,,,,,,,[],,,,
952597684690538497,952597684690538497,2018-01-14 12:46:01 EST,2018-01-14,12:46:01,-0400,925021758796656641,diggtowin,digtowin,,Global warming will put millions more at flood risk in next 20 years: Study. #globalwarming #flood   https://t.co/q5djUvvSQU,en,[],['https://buff.ly/2DaUXZa'],[],0,0,0,"['globalwarming', 'flood']",[],https://twitter.com/diggtowin/status/952597684690538497,False,,0,,,,,,,,[],,,,
952597650855071744,952597650855071744,2018-01-14 12:45:53 EST,2018-01-14,12:45:53,-0400,4289485636,storiesflowcom,StoriesFlow.com,,"(Times Union) #Flood waters entering #Stockade, Scotia : SCHENECTADY — The National Weather Service said as of..  https://t.co/tCH33CPrfy",en,[],['https://www.storiesflow.com/11508211712/flood-stockade-scotia-waters-entering'],[],0,0,0,"['flood', 'stockade']",[],https://twitter.com/storiesflowcom/status/952597650855071744,False,,0,,,,,,,,[],,,,
952594724417916928,952594724417916928,2018-01-14 12:34:15 EST,2018-01-14,12:34:15,-0400,726878643025121280,easypronounce18,Easy Pronounce,,How to Pronounce Choc Knob ↺RT❤  https://t.co/fTobpRaaWk #squire #deluge #fast #nick #draft #lump #flood #moll #ascent #spon,en,[],['http://www.easypronounce.com/2782341'],[],0,0,0,"['squire', 'deluge', 'fast', 'nick', 'draft', 'lump', 'flood', 'moll', 'ascent', 'spon']",[],https://twitter.com/EasyPronounce18/status/952594724417916928,False,,0,,,,,,,,[],,,,
952594591882072064,952594591882072064,2018-01-14 12:33:43 EST,2018-01-14,12:33:43,-0400,726878643025121280,easypronounce18,Easy Pronounce,,How to Pronounce Bum Water ↺RT❤  https://t.co/ySBnZF6hxS #avoid #canal #dunk #flood #snitch #aqueduct #wateratthemouth #uset,en,[],['http://www.easypronounce.com/2782307'],[],0,0,0,"['avoid', 'canal', 'dunk', 'flood', 'snitch', 'aqueduct', 'wateratthemouth', 'uset']",[],https://twitter.com/EasyPronounce18/status/952594591882072064,False,,0,,,,,,,,[],,,,
952589479956697088,952589479956697088,2018-01-14 12:13:24 EST,2018-01-14,12:13:24,-0400,183688400,livewxradar,Rob Delp Weather,,CURRENT RADAR MAP 12:12PM EST see this map live at  https://t.co/HNLPnb8GMF #wx #weather #news #snow #lake #effect #storm #heavy #rain #flood #cold  https://t.co/LF5l2LQ8j5,en,[],['http://www.weather.pub'],['https://pbs.twimg.com/media/DThHEQtXUAU2-Yb.jpg'],0,0,0,"['wx', 'weather', 'news', 'snow', 'lake', 'effect', 'storm', 'heavy', 'rain', 'flood', 'cold']",[],https://twitter.com/livewxradar/status/952589479956697088,False,,1,https://pbs.twimg.com/media/DThHEQtXUAU2-Yb.jpg,,,,,,,[],,,,
952588473155969024,952588473155969024,2018-01-14 12:09:24 EST,2018-01-14,12:09:24,-0400,930405801176522753,risc_solutions,Resilient Infrastructure Sustainable Communities,,"#Bond investors are getting smarter about #flood risks , which could #impact the flow of capital to #coastal municipalities. Why care from #P3 or #EIB standpoints? Well, #greeninfrastructure and #resilience go hand in hand!    https://t.co/0bI0PT7ne1   #fema #usace @impact",en,"[{'screen_name': 'impact', 'name': 'jeong eon young', 'id': '2963716081'}]",['http://ow.ly/sz7930hLDiw'],[],0,0,1,"['bond', 'flood', 'impact', 'coastal', 'p3', 'eib', 'greeninfrastructure', 'resilience', 'fema', 'usace']",[],https://twitter.com/RISC_solutions/status/952588473155969024,False,,0,,,,,,,,[],,,,
952583594945347584,952583594945347584,2018-01-14 11:50:01 EST,2018-01-14,11:50:01,-0400,867896844852101121,fd_unveilings,FutureDanger Unveil,,FutureDanger Indicator: UNPRECEDENTED FLOODS KILL HeatMap Column 4&gt;  https://t.co/6FVomjoNoq   #Floods #Flood  #Flooding #HeatMap  https://t.co/R92ToXavTE,en,[],['https://goo.gl/U8kFQf'],['https://pbs.twimg.com/media/DThBuwWVQAYrwEe.jpg'],0,0,0,"['floods', 'flood', 'flooding', 'heatmap']",[],https://twitter.com/FD_Unveilings/status/952583594945347584,False,,1,https://pbs.twimg.com/media/DThBuwWVQAYrwEe.jpg,,,,,,,[],,,,
952571193290383360,952571193290383360,2018-01-14 11:00:45 EST,2018-01-14,11:00:45,-0400,69718883,uofeorg,UNIV of EXCELLENCE,,"Satan will cause a great #flood in #Jordan to destroy #Jews escaping #Israel, but the earth will swallow it up. (Read Revelation 12:15-16)",en,[],[],[],0,0,0,"['flood', 'jordan', 'jews', 'israel']",[],https://twitter.com/UofEORG/status/952571193290383360,False,,0,,,,,,,,[],,,,
952566260818108416,952566215863517185,2018-01-14 10:41:09 EST,2018-01-14,10:41:09,-0400,2276880895,petabencana,PetaBencana.id,,"@dzakyalifasya Hello, I am Bencana Bot, reply with #flood to send me your flood report.  https://t.co/PIAXBcZIRW",en,[],[],['https://pbs.twimg.com/tweet_video_thumb/C4MFV65UkAAbNll.jpg'],0,0,0,['flood'],[],https://twitter.com/petabencana/status/952566260818108416,False,,1,https://pbs.twimg.com/tweet_video_thumb/C4MFV65UkAAbNll.jpg,,,,,,,"[{'screen_name': 'dzakyalifasya', 'name': 'dzaky', 'id': '124169465'}]",,,,
952563743501758465,952563743501758465,2018-01-14 10:31:08 EST,2018-01-14,10:31:08,-0400,895521920,abcospecialties,ABCO Specialties,,Some #SundayMorning #AMJoy for #Harvey #flood #money #debt ? Free Bankruptcy Lawyer Consult in Conroe Magnolia Montgomery Porter Splendora New Caney New Waverly Huntsville Klein  Kingwood Willis The Woodlands Spring Texas  https://t.co/6gJtjqbJT7 #AD,en,[],['http://www.woodlandsbankruptcy.com'],[],0,2,0,"['sundaymorning', 'amjoy', 'harvey', 'flood', 'money', 'debt', 'ad']",[],https://twitter.com/AbcoSpecialties/status/952563743501758465,False,,0,,,,,,,,[],,,,
952562226342387712,952562226342387712,2018-01-14 10:25:07 EST,2018-01-14,10:25:07,-0400,594616066,impactalpha,ImpactAlpha,,"#Bond investors are getting smarter about #flood risks , which could #impact the flow of capital to #coastal municipalities. https://t.co/gBZMeeWZQP #impinv #fema",en,[],['https://news.impactalpha.com/bond-investors-are-getting-smarter-about-flood-risks-9af06bf7089a'],[],0,1,4,"['bond', 'flood', 'impact', 'coastal', 'impinv', 'fema']",[],https://twitter.com/ImpactAlpha/status/952562226342387712,False,,0,,,,,,,,[],,,,
952559718232358914,952559718232358914,2018-01-14 10:15:09 EST,2018-01-14,10:15:09,-0400,2339138737,ivanhoemd,"Ivan the Great, MD🇭🇺",,Turkish academic claims #ProphetNoah used #CellPhone to call his son before #flood  https://t.co/JseKKAWGCR | via @HDNER,en,"[{'screen_name': 'hdner', 'name': 'hürriyet daily news', 'id': '87645208'}]",['http://www.hurriyetdailynews.com/turkish-academic-claims-prophet-noah-used-cell-phone-to-call-his-son-before-flood-125380'],[],0,0,0,"['prophetnoah', 'cellphone', 'flood']",[],https://twitter.com/IvanhoeMd/status/952559718232358914,False,,0,,,,,,,,[],,,,
952559318880145409,952559318880145409,2018-01-14 10:13:33 EST,2018-01-14,10:13:33,-0400,4875065914,johnsoncounty3,Johnson Cnty ChemDry,,"We provide Emergency Water Damage Extraction, Clean Up, and Restoration Services in Burleson, Cleburne, and all of Johnson County, Tx.    #waterdamage #flood #emergency  https://t.co/5ksky8Tb1n",en,[],[],['https://pbs.twimg.com/media/DTgrgOoUQAAdzFP.jpg'],0,1,2,"['waterdamage', 'flood', 'emergency']",[],https://twitter.com/JohnsonCounty3/status/952559318880145409,False,,1,https://pbs.twimg.com/media/DTgrgOoUQAAdzFP.jpg,,,,,,,[],,,,
952559242329735169,951618453634367488,2018-01-14 10:13:15 EST,2018-01-14,10:13:15,-0400,3626023332,destira__,d e s t i,,@petabencana #flood,und,[],[],[],1,0,0,['flood'],[],https://twitter.com/destira__/status/952559242329735169,False,,0,,,,,,,,"[{'screen_name': 'petabencana', 'name': 'PetaBencana.id', 'id': '2276880895'}]",,,,
952558310410080256,952558310410080256,2018-01-14 10:09:33 EST,2018-01-14,10:09:33,-0400,35926848,captnjabberjaws,Captain TUCKER⚓🇨🇦$FTM,,Before and after the rain/melt/#Flood in Benoits Cove... @CornerBrook NL area. Happy everyone stayed safe. Well done folks.  https://t.co/wPHs9xsDq2,en,"[{'screen_name': 'cornerbrook', 'name': 'corner brook', 'id': '22135137'}]",[],['https://pbs.twimg.com/media/DTgqraJWAAEXEVI.jpg'],1,4,2,['flood'],[],https://twitter.com/CaptnJabberJaws/status/952558310410080256,False,,1,https://pbs.twimg.com/media/DTgqraJWAAEXEVI.jpg,,,,,,,[],,,,
952553390369685505,952553390369685505,2018-01-14 09:50:00 EST,2018-01-14,09:50:00,-0400,889002882,wvhumanities,WV Humanities,,"January 14, 1977, Gov Arch Moore accepted a $1 million settlement in the state's lawsuit against Pittston over the Buffalo Creek #Flood  https://t.co/pXx4KbBVrU #disaster  https://t.co/i4U1DNdnd7",en,[],['https://www.wvencyclopedia.org/articles/697'],['https://pbs.twimg.com/media/DTXTNEtW4AAsVUO.jpg'],1,1,1,"['flood', 'disaster']",[],https://twitter.com/WVHumanities/status/952553390369685505,False,,1,https://pbs.twimg.com/media/DTXTNEtW4AAsVUO.jpg,,,,,,,[],,,,
952550181911875584,952550181911875584,2018-01-14 09:37:15 EST,2018-01-14,09:37:15,-0400,19770834,emergency1,Robby Powers,,"Visit the Just In Time #Disaster #Training #Library to watch over 1,900 #Preparedness / #Response / #Recovery videos  https://t.co/EE02Dvsupv #Hurricane #JITDT #Flood #Tornado #Earthquake #Tsunami #Typhoon #WinterStorm #Volcano #Wildfire #Pandemic #Terrorism #Chemical #HazMat #USA",en,[],['http://jitdt.org'],[],0,1,0,"['disaster', 'training', 'library', 'preparedness', 'response', 'recovery', 'hurricane', 'jitdt', 'flood', 'tornado', 'earthquake', 'tsunami', 'typhoon', 'winterstorm', 'volcano', 'wildfire', 'pandemic', 'terrorism', 'chemical', 'hazmat', 'usa']",[],https://twitter.com/Emergency1/status/952550181911875584,False,,0,,,,,,,,[],,,,
952546631714394113,952546631714394113,2018-01-14 09:23:09 EST,2018-01-14,09:23:09,-0400,15216147,mpoobalan,Poobalan (பூபாலன்),,Look at the reason given RT @bernamadotcom: Online #flood victim registration system unsuitable to be expanded - .@shahidan_kassim  https://t.co/29wgx9UVb4  https://t.co/GiE31tQUoV,en,"[{'screen_name': 'bernamadotcom', 'name': 'bernama', 'id': '106669711'}, {'screen_name': 'shahidan_kassim', 'name': 'shahidan kassim', 'id': '316854056'}]",['http://bit.ly/2CYXpi9'],['https://pbs.twimg.com/media/DTgaIkXVQAArJgU.jpg'],0,0,0,['flood'],[],https://twitter.com/mpoobalan/status/952546631714394113,False,,1,https://pbs.twimg.com/media/DTgaIkXVQAArJgU.jpg,,,,,,,[],,,,
952544893271867392,952544893271867392,2018-01-14 09:16:14 EST,2018-01-14,09:16:14,-0400,2858511997,watertrends,Water News Global,,CANADA NFLD: Cold weather complicating cleanup of #Flood damage on #Newfoundland's west coast; Saturday saw heavy rain and rapid snowmelt; #FlashFreeze overnight | CBC News  https://t.co/i3oOciVkoc #ExtremeWeather,en,[],['http://www.cbc.ca/news/canada/newfoundland-labrador/crews-work-through-night-flooding-newfoundland-west-coast-1.4486827'],[],0,1,1,"['flood', 'newfoundland', 'flashfreeze', 'extremeweather']",[],https://twitter.com/WaterTrends/status/952544893271867392,False,,0,,,,,,,,[],,,,
952543383037161477,952543338976002048,2018-01-14 09:10:14 EST,2018-01-14,09:10:14,-0400,2276880895,petabencana,PetaBencana.id,,"@riswankinal48 Hello, I am Bencana Bot, reply with #flood to send me your flood report.  https://t.co/CXTls12tIh",en,[],[],['https://pbs.twimg.com/tweet_video_thumb/C4MFV65UkAAbNll.jpg'],0,0,0,['flood'],[],https://twitter.com/petabencana/status/952543383037161477,False,,1,https://pbs.twimg.com/tweet_video_thumb/C4MFV65UkAAbNll.jpg,,,,,,,"[{'screen_name': 'riswankinal48', 'name': 'riswan sheva', 'id': '3166249468'}]",,,,
952542104743538688,952542104743538688,2018-01-14 09:05:09 EST,2018-01-14,09:05:09,-0400,28409259,adjustersintl,Adjusters Intl.,,The most at-risk states for hurricane damage:  https://t.co/7JaOLifVcM #HurricaneMaria #Prepper #Flood #Disaster #Preparedness #Podcast #Download #Free  https://t.co/dhlzGpen7w,en,[],['https://adjustersinternational.com/podcast/hurricanes-and-windstorm-coverage/'],['https://pbs.twimg.com/media/DTgb_sqUMAAhBHi.jpg'],0,0,0,"['hurricanemaria', 'prepper', 'flood', 'disaster', 'preparedness', 'podcast', 'download', 'free']",[],https://twitter.com/AdjustersIntl/status/952542104743538688,False,,1,https://pbs.twimg.com/media/DTgb_sqUMAAhBHi.jpg,,,,,,,[],,,,
952541829035184128,952541829035184128,2018-01-14 09:04:04 EST,2018-01-14,09:04:04,-0400,4019933895,shopall3,shopall,,#Cold #Weather #Complicating #Cleanup of #Flood #Damage on #Ne... -  https://t.co/qpxxYL6BDz - #News  https://t.co/snRQjMFUs9,en,[],['https://wp.me/p8IYwe-fQ1'],['https://pbs.twimg.com/media/DTgbvpdXUAE9mi6.jpg'],0,0,0,"['cold', 'weather', 'complicating', 'cleanup', 'flood', 'damage', 'ne', 'news']",[],https://twitter.com/Shopall3/status/952541829035184128,False,,1,https://pbs.twimg.com/media/DTgbvpdXUAE9mi6.jpg,,,,,,,[],,,,
952541166855213056,952541166855213056,2018-01-14 09:01:26 EST,2018-01-14,09:01:26,-0400,100504361,mat4g13,Mat,,Online #flood victim registration system unsuitable to be expanded - .shahidan_kassim  https://t.co/bJV1APqFDs  https://t.co/vAxQ69l5er,en,[],['http://bit.ly/2CYXpi9'],['https://pbs.twimg.com/media/DTgaIkXVQAArJgU.jpg'],0,0,0,['flood'],[],https://twitter.com/mat4g13/status/952541166855213056,False,,1,https://pbs.twimg.com/media/DTgaIkXVQAArJgU.jpg,,,,,,,[],,,,
952540952668921857,952540952668921857,2018-01-14 09:00:35 EST,2018-01-14,09:00:35,-0400,712453724585775104,dsolutionsllc,disastersolutionsllc,,Good morning #Disaster Solutions #community! Get your #family #prepared today at  https://t.co/s1AnDL9hrp #emergency #flood #tornado #storm,en,[],['http://ift.tt/1UWwHg2'],[],0,1,2,"['disaster', 'community', 'family', 'prepared', 'emergency', 'flood', 'tornado', 'storm']",[],https://twitter.com/dsolutionsllc/status/952540952668921857,False,,0,,,,,,,,[],,,,
952540101501886464,952540101501886464,2018-01-14 08:57:12 EST,2018-01-14,08:57:12,-0400,106669711,bernamadotcom,BERNAMA,,Online #flood victim registration system unsuitable to be expanded - .@shahidan_kassim  https://t.co/xJpq74Uwbo  https://t.co/0svY7irzLW,en,"[{'screen_name': 'shahidan_kassim', 'name': 'shahidan kassim', 'id': '316854056'}]",['http://bit.ly/2CYXpi9'],['https://pbs.twimg.com/media/DTgaIkXVQAArJgU.jpg'],0,0,2,['flood'],[],https://twitter.com/bernamadotcom/status/952540101501886464,False,,1,https://pbs.twimg.com/media/DTgaIkXVQAArJgU.jpg,,,,,,,[],,,,
952529370500947968,952529370500947968,2018-01-14 08:14:33 EST,2018-01-14,08:14:33,-0400,2276880895,petabencana,PetaBencana.id,,"@marynovia_16 Hello, I am Bencana Bot, reply with #flood to send me your flood report.  https://t.co/Ocw3S6aHfL",en,[],[],['https://pbs.twimg.com/tweet_video_thumb/C4MFV65UkAAbNll.jpg'],1,0,0,['flood'],[],https://twitter.com/petabencana/status/952529370500947968,False,,1,https://pbs.twimg.com/tweet_video_thumb/C4MFV65UkAAbNll.jpg,,,,,,,[],,,,
952517701792014342,952517701792014342,2018-01-14 07:28:11 EST,2018-01-14,07:28:11,-0400,2276880895,petabencana,PetaBencana.id,,"@JokoHamdan Hello, I am Bencana Bot, reply with #flood to send me your flood report.  https://t.co/djiyrCjDgK",en,[],[],['https://pbs.twimg.com/tweet_video_thumb/C4MFV65UkAAbNll.jpg'],0,0,0,['flood'],[],https://twitter.com/petabencana/status/952517701792014342,False,,1,https://pbs.twimg.com/tweet_video_thumb/C4MFV65UkAAbNll.jpg,,,,,,,[],,,,
952516814428426240,952516814428426240,2018-01-14 07:24:40 EST,2018-01-14,07:24:40,-0400,3274763888,newsofnasik,NASIK NEWS - (NASHIK NEWS),,Ground Report | Hindi | Episode - 72 -  https://t.co/p3cLDOMADZ - #AoTribe #Cancer #CarbonEmission #CBI #Children #Diabetes #DOMESTICWORKER #EDUCATION #Environment #FARMER #Farming #FDI #Fees #FLOOD #GMCROP #GMSEEDS #GROUNDREPORT #HISTORY #India #IndianTourism #Industry -  Na ...  https://t.co/aXRpE0r0ZQ,tl,[],['https://goo.gl/nCJsEf'],['https://pbs.twimg.com/media/DTgE_l9XcAABSQL.jpg'],0,0,0,"['aotribe', 'cancer', 'carbonemission', 'cbi', 'children', 'diabetes', 'domesticworker', 'education', 'environment', 'farmer', 'farming', 'fdi', 'fees', 'flood', 'gmcrop', 'gmseeds', 'groundreport', 'history', 'india', 'indiantourism', 'industry']",[],https://twitter.com/newsofnasik/status/952516814428426240,False,,1,https://pbs.twimg.com/media/DTgE_l9XcAABSQL.jpg,,,,,,,[],,,,
952515696352743425,952515696352743425,2018-01-14 07:20:13 EST,2018-01-14,07:20:13,-0400,1433818507,royaltyfreeimag,FreeRoyaltyFreePhoto,,"RT realpixel321 ""#Tree in a #Pool of #Water in a Flooded #Forrest  https://t.co/TON3UdZAx9 #bush #flood""",en,[],['http://pixel321.com/premium-images/tree-in-a-pool-of-water-in-a-flooded-forrest/'],[],0,0,0,"['tree', 'pool', 'water', 'forrest', 'bush', 'flood']",[],https://twitter.com/RoyaltyFreeImag/status/952515696352743425,False,,0,,,,,,,,[],,,,
952515666455674881,952515666455674881,2018-01-14 07:20:06 EST,2018-01-14,07:20:06,-0400,2276880895,petabencana,PetaBencana.id,,"@tiaraervinda1 Hello, I am Bencana Bot, reply with #flood to send me your flood report.  https://t.co/uZ2pQudVz7",en,[],[],['https://pbs.twimg.com/tweet_video_thumb/C4MFV65UkAAbNll.jpg'],0,0,0,['flood'],[],https://twitter.com/petabencana/status/952515666455674881,False,,1,https://pbs.twimg.com/tweet_video_thumb/C4MFV65UkAAbNll.jpg,,,,,,,[],,,,
952515637120786432,952515637120786432,2018-01-14 07:19:59 EST,2018-01-14,07:19:59,-0400,16797866,gurlinthewurld,Vaxx Up💉 & 💚 Wear A Mask 😷,,'It was like Niagara Falls': how #California's rich and poor united against a tide of mud  #environment #wildfires #flood #mudslides @guardian   https://t.co/szfmgDsqgv  https://t.co/NMKhKmiRjp,en,"[{'screen_name': 'guardian', 'name': 'the guardian', 'id': '87818409'}]",['https://buff.ly/2D0iokC'],['https://pbs.twimg.com/media/DTgD7FsVAAA1T-1.jpg'],0,0,0,"['california', 'environment', 'wildfires', 'flood', 'mudslides']",[],https://twitter.com/gurlinthewurld/status/952515637120786432,False,,1,https://pbs.twimg.com/media/DTgD7FsVAAA1T-1.jpg,,,,,,,[],,,,
952511494457118721,952511494457118721,2018-01-14 07:03:31 EST,2018-01-14,07:03:31,-0400,738810684738310144,k_almik,Turna,,"Tüm yaşamı boyunca verdiği hutbeleri, emirleri,mektupları, hikmet ve vecizeleri (Nec’ül Belaga) ve kendi yazdığı divanı ortada. Hz. Ali’nin yazdıklarında ve söylediklerinde Aleviliğin izi bile yok ta diğer on bir İmamın eserlerinde var mı? Onlarda da yok tabii. E.Çınar  #Flood  https://t.co/XtUNzPl30d",tr,[],[],['https://pbs.twimg.com/media/DTf_X2SW4AIC-yG.jpg'],3,8,18,['flood'],[],https://twitter.com/k_almik/status/952511494457118721,False,,1,https://pbs.twimg.com/media/DTf_X2SW4AIC-yG.jpg,,,,,,,[],,,,
952508810941276160,952508810941276160,2018-01-14 06:52:51 EST,2018-01-14,06:52:51,-0400,2276880895,petabencana,PetaBencana.id,,"@lkbabybear Hello, I am Bencana Bot, reply with #flood to send me your flood report.  https://t.co/UcV7wbXPZ4",en,[],[],['https://pbs.twimg.com/tweet_video_thumb/C4MFV65UkAAbNll.jpg'],0,0,0,['flood'],[],https://twitter.com/petabencana/status/952508810941276160,False,,1,https://pbs.twimg.com/tweet_video_thumb/C4MFV65UkAAbNll.jpg,,,,,,,[],,,,
952507865872420864,952507865872420864,2018-01-14 06:49:06 EST,2018-01-14,06:49:06,-0400,927556130351566853,bjkmedyatakip,BJKʍΞdyaTakip🏆🏆,,Ulu Önder Mustafa Kemal Atatürk'ün validesi #ZübeydeHanım ı vefatının 95. yılında minnet ve rahmetle anıyoruz.   #Vasiyeti 📍 #flood  https://t.co/CPz3iPi9Dn,tr,[],[],"['https://pbs.twimg.com/media/DTf82R5XUAAw-5T.jpg', 'https://pbs.twimg.com/media/DTf82obWsAApa4Z.jpg']",1,5,10,"['zübeydehanım', 'vasiyeti', 'flood']",[],https://twitter.com/BjkMedyaTakip/status/952507865872420864,False,,1,https://pbs.twimg.com/media/DTf82R5XUAAw-5T.jpg,,,,,,,[],,,,
952502602817785856,952502602817785856,2018-01-14 06:28:11 EST,2018-01-14,06:28:11,-0400,2876507531,sarahlongwmtw,Sarah Long,,Flood warning continues for the Kennebec River at Augusta until this evening. At 3AM Sunday the stage was 14.3 feet &amp; flood stage is 12 feet. The river will continue to fall to below flood stage by late this afternoon. #MEwx #wmtw #flood #Augusta #Hallowell  https://t.co/TYyvnGIDa5,en,[],[],['https://pbs.twimg.com/media/DTf3mUqV4AA6Vrv.jpg'],1,0,2,"['mewx', 'wmtw', 'flood', 'augusta', 'hallowell']",[],https://twitter.com/SarahLongWMTW/status/952502602817785856,False,,1,https://pbs.twimg.com/media/DTf3mUqV4AA6Vrv.jpg,,,,,,,[],,,,
952502320159383553,952502320159383553,2018-01-14 06:27:04 EST,2018-01-14,06:27:04,-0400,2276880895,petabencana,PetaBencana.id,,"@idaikii_ Hello, I am Bencana Bot, reply with #flood to send me your flood report.  https://t.co/2dTQ6WIfEV",en,[],[],['https://pbs.twimg.com/tweet_video_thumb/C4MFV65UkAAbNll.jpg'],0,0,0,['flood'],[],https://twitter.com/petabencana/status/952502320159383553,False,,1,https://pbs.twimg.com/tweet_video_thumb/C4MFV65UkAAbNll.jpg,,,,,,,[],,,,
952501927190839296,952501927190839296,2018-01-14 06:25:30 EST,2018-01-14,06:25:30,-0400,2276880895,petabencana,PetaBencana.id,,"@MarcsandyGhina Hello, I am Bencana Bot, reply with #flood to send me your flood report.  https://t.co/8IFCz37xNQ",en,[],[],['https://pbs.twimg.com/tweet_video_thumb/C4MFV65UkAAbNll.jpg'],0,0,0,['flood'],[],https://twitter.com/petabencana/status/952501927190839296,False,,1,https://pbs.twimg.com/tweet_video_thumb/C4MFV65UkAAbNll.jpg,,,,,,,[],,,,
952499359177785344,952499359177785344,2018-01-14 06:15:18 EST,2018-01-14,06:15:18,-0400,2276880895,petabencana,PetaBencana.id,,"@deibysaw Hello, I am Bencana Bot, reply with #flood to send me your flood report.  https://t.co/bO6UQ9T1xo",en,[],[],['https://pbs.twimg.com/tweet_video_thumb/C4MFV65UkAAbNll.jpg'],0,0,0,['flood'],[],https://twitter.com/petabencana/status/952499359177785344,False,,1,https://pbs.twimg.com/tweet_video_thumb/C4MFV65UkAAbNll.jpg,,,,,,,[],,,,
952496767488049152,952496767488049152,2018-01-14 06:05:00 EST,2018-01-14,06:05:00,-0400,745610401262481409,htsspares,HTS Spares,,Go-ahead for £42m Humber flood defences upgrade  https://t.co/hAK936gcYc #Humber #Flood #Defences #Upgrade #GoAhead #Improvement #ConstructionUK  https://t.co/47qcy1tt5P,en,[],['http://www.theconstructionindex.co.uk/news/view/go-ahead-for-42m-humber-flood-defences-upgrade'],['https://pbs.twimg.com/media/DTQNvnnX4AA7nxM.jpg'],0,0,0,"['humber', 'flood', 'defences', 'upgrade', 'goahead', 'improvement', 'constructionuk']",[],https://twitter.com/HtsSpares/status/952496767488049152,False,,1,https://pbs.twimg.com/media/DTQNvnnX4AA7nxM.jpg,,,,,,,[],,,,
952477395566678016,952477395566678016,2018-01-14 04:48:01 EST,2018-01-14,04:48:01,-0400,3364014988,besiktasrescue,besiktasaramakurtarma,,DEPREM  https://t.co/DLrLDiTPYg 7.1       14.01.2018 Yer altı huzursuzluğu devam ediyor. #afet #itfaiye #arama #kurtarma #arastırma #search #rescue #afet #egitim #yangın #trafikkazası #fire #sel #heyelan #flood #disaster #wreckingcrew #turkey #türkiye #istanbul,tr,[],['http://www.besiktasaramakurtarma.com/7-1-deprem/'],[],0,0,0,"['afet', 'itfaiye', 'arama', 'kurtarma', 'arastırma', 'search', 'rescue', 'afet', 'egitim', 'yangın', 'trafikkazası', 'fire', 'sel', 'heyelan', 'flood', 'disaster', 'wreckingcrew', 'turkey', 'türkiye', 'istanbul']",[],https://twitter.com/besiktasrescue/status/952477395566678016,False,,0,,,,,,,,[],,,,
952473011088756736,952473011088756736,2018-01-14 04:30:36 EST,2018-01-14,04:30:36,-0400,1329776498,smartdroid2000,smart droid,,10 day #weather forecast and #flood alert for #Bangladesh on your #android  https://t.co/SnL3qGGgSR,en,[],['https://play.google.com/store/apps/details?id=com.smartdroid.weather'],[],0,0,0,"['weather', 'flood', 'bangladesh', 'android']",[],https://twitter.com/smartdroid2000/status/952473011088756736,False,,0,,,,,,,,[],,,,
952472867651837952,952472867651837952,2018-01-14 04:30:02 EST,2018-01-14,04:30:02,-0400,868211017632894977,fd_natdisaster,FutureDanger Nature,,FutureDanger Indicator: UNPRECEDENTED FLOODS KILL HeatMap Column 4&gt;  https://t.co/HpREN2Iy6i   #Flooding  #Floods #Flood #HeatMap  https://t.co/odlM2uSINt,en,[],['https://goo.gl/U8kFQf'],['https://pbs.twimg.com/media/DTfdBk5UQAEr5pb.jpg'],0,0,0,"['flooding', 'floods', 'flood', 'heatmap']",[],https://twitter.com/FD_NatDisaster/status/952472867651837952,False,,1,https://pbs.twimg.com/media/DTfdBk5UQAEr5pb.jpg,,,,,,,[],,,,
952468706780643328,952468706780643328,2018-01-14 04:13:30 EST,2018-01-14,04:13:30,-0400,3472363152,karimuto816,Yaku Utto,,hala oi....nagbaha na sad sa amo-a... keep safe... #rain rain go away... 🙏🙏🙏😿😿😿 #flood in my village 😢😢😢😢 #talusobfalls flooded,tl,[],[],[],0,0,0,"['rain', 'flood', 'talusobfalls']",[],https://twitter.com/karimuto816/status/952468706780643328,False,,0,,,,,,,,[],,,,
952468167665836032,952468167665836032,2018-01-14 04:11:21 EST,2018-01-14,04:11:21,-0400,199303600,naomijfry,Naomi Tustin,,I think you need to lower the shower curtain rail unless you want customers using towels to wash your bathroom floors! #flood @TravelodgeUK  https://t.co/7LczHE1iWV,en,"[{'screen_name': 'travelodgeuk', 'name': 'travelodge uk', 'id': '41601068'}]",[],['https://pbs.twimg.com/media/DTfYuekWkAA3oy-.jpg'],1,0,0,['flood'],[],https://twitter.com/naomijfry/status/952468167665836032,False,,1,https://pbs.twimg.com/media/DTfYuekWkAA3oy-.jpg,,,,,,,[],,,,
952466730881699840,952466730881699840,2018-01-14 04:05:39 EST,2018-01-14,04:05:39,-0400,299462619,indonesianpod,IndonesianPod101,,banjir noun meaning flood in Indonesian  https://t.co/3y3zOBSn57  #Indonesian #flood,in,[],['http://bit.ly/2p2hOii'],[],0,0,0,"['indonesian', 'flood']",[],https://twitter.com/IndonesianPod/status/952466730881699840,False,,0,,,,,,,,[],,,,
952453451115462658,952453451115462658,2018-01-14 03:12:53 EST,2018-01-14,03:12:53,-0400,2367477707,colincvr,c,,#Flood warnings issued for #Fiji Sunday 14th Jan 2018.  See   https://t.co/hvqX4ytaZR Fiji Met office for updates.  Stay safe! #weather #flooding #Pacific,en,[],['http://www.met.gov.fj/aifs_prods/20016.txt'],[],0,0,0,"['flood', 'fiji', 'weather', 'flooding', 'pacific']",[],https://twitter.com/Colincvr/status/952453451115462658,False,,0,,,,,,,,[],,,,
952441831240986624,952441831240986624,2018-01-14 02:26:42 EST,2018-01-14,02:26:42,-0400,77680953,nicolausdito,Nicolaus Hanindito,,"""16 of 365"" ° ° ° ° ° ° ° ° ° ° ° ° #mirror #mountains #lake #swamp #water #flood #beach #nature…  https://t.co/WASFAhcYyi",und,[],['https://www.instagram.com/p/Bd6-QbgBUC1/'],[],0,0,0,"['mirror', 'mountains', 'lake', 'swamp', 'water', 'flood', 'beach', 'nature']",[],https://twitter.com/nicolausdito/status/952441831240986624,False,,0,,,,,,,,[],,,,
952441477686181888,952441477686181888,2018-01-14 02:25:18 EST,2018-01-14,02:25:18,-0400,581499199,movingdecoy,Sean Wong,,Has anyone gotten the #Flood #rtorrent front end to work when the docroot is not / ??,en,[],[],[],0,0,0,"['flood', 'rtorrent']",[],https://twitter.com/MovingDecoy/status/952441477686181888,False,,0,,,,,,,,[],,,,
952436115255865346,952436115255865346,2018-01-14 02:03:59 EST,2018-01-14,02:03:59,-0400,2276880895,petabencana,PetaBencana.id,,"@daniel_hendrata Hello, I am Bencana Bot, reply with #flood to send me your flood report.  https://t.co/iGjEar0aXm",en,[],[],['https://pbs.twimg.com/tweet_video_thumb/C4MFV65UkAAbNll.jpg'],0,0,0,['flood'],[],https://twitter.com/petabencana/status/952436115255865346,False,,1,https://pbs.twimg.com/tweet_video_thumb/C4MFV65UkAAbNll.jpg,,,,,,,[],,,,
952432713285316608,952432713285316608,2018-01-14 01:50:28 EST,2018-01-14,01:50:28,-0400,2276880895,petabencana,PetaBencana.id,,"@nnabmhrn Hello, I am Bencana Bot, reply with #flood to send me your flood report.  https://t.co/HW0QFSWVCD",en,[],[],['https://pbs.twimg.com/tweet_video_thumb/C4MFV65UkAAbNll.jpg'],0,0,0,['flood'],[],https://twitter.com/petabencana/status/952432713285316608,False,,1,https://pbs.twimg.com/tweet_video_thumb/C4MFV65UkAAbNll.jpg,,,,,,,[],,,,
952432212510584833,952432168956936194,2018-01-14 01:48:29 EST,2018-01-14,01:48:29,-0400,2276880895,petabencana,PetaBencana.id,,"@alsaparilla Hello, I am Bencana Bot, reply with #flood to send me your flood report.  https://t.co/Hzo90InHC6",en,[],[],['https://pbs.twimg.com/tweet_video_thumb/C4MFV65UkAAbNll.jpg'],0,0,0,['flood'],[],https://twitter.com/petabencana/status/952432212510584833,False,,1,https://pbs.twimg.com/tweet_video_thumb/C4MFV65UkAAbNll.jpg,,,,,,,"[{'screen_name': 'alsaparilla', 'name': 'alifsyailendra', 'id': '4673472439'}]",,,,
952421289750220805,952421289750220805,2018-01-14 01:05:05 EST,2018-01-14,01:05:05,-0400,83875900,bedlamfury,Zashnain Zainal,,Wading in water. #Malaysia #banjir #flood #aid  https://t.co/LlkyU7QZma,en,[],['https://www.thestar.com.my/news/nation/2018/01/14/news-nibbles/'],[],0,1,0,"['malaysia', 'banjir', 'flood', 'aid']",[],https://twitter.com/bedlamfury/status/952421289750220805,False,,0,,,,,,,,[],,,,
952418052548608000,952415685853900800,2018-01-14 00:52:13 EST,2018-01-14,00:52:13,-0400,2798847037,femlinkpacific,femLINKpacific,,"@FijiGov_RMDNDM #womensweatherwatch #flood reports from the western division - Ba, Rakiraki and Tavua  https://t.co/ANnYubaM7s",en,[],[],"['https://pbs.twimg.com/media/DTerJZ6VMAIuE6A.jpg', 'https://pbs.twimg.com/media/DTerJqXUMAAghJH.jpg', 'https://pbs.twimg.com/media/DTerJ4lUMAAI05t.jpg', 'https://pbs.twimg.com/media/DTerKdoU8AA2Htv.jpg']",0,2,0,"['womensweatherwatch', 'flood']",[],https://twitter.com/femlinkpacific/status/952418052548608000,False,,1,https://pbs.twimg.com/media/DTerJZ6VMAIuE6A.jpg,,,,,,,[],,,,
952414214978768896,952414214978768896,2018-01-14 00:36:58 EST,2018-01-14,00:36:58,-0400,3274763888,newsofnasik,NASIK NEWS - (NASHIK NEWS),,Ground Report | Hindi | Episode - 73 -  https://t.co/jfglwQU5sK - #Cancer #CarbonEmission #CBI #Children #Diabetes #DOMESTICWORKER #EDUCATION #Environment #FARMER #Farming #FDI #Fees #FLOOD #FoodGrains #GMCROP #GMSEEDS #GROUNDREPORT #HISTORY #India #IndianTourism -  Nasik News  https://t.co/rkeevdFSSG,tl,[],['https://goo.gl/3QfkGw'],['https://pbs.twimg.com/media/DTenriDWsAAnQT7.jpg'],0,0,0,"['cancer', 'carbonemission', 'cbi', 'children', 'diabetes', 'domesticworker', 'education', 'environment', 'farmer', 'farming', 'fdi', 'fees', 'flood', 'foodgrains', 'gmcrop', 'gmseeds', 'groundreport', 'history', 'india', 'indiantourism']",[],https://twitter.com/newsofnasik/status/952414214978768896,False,,1,https://pbs.twimg.com/media/DTenriDWsAAnQT7.jpg,,,,,,,[],,,,
952407117243211777,952407117243211777,2018-01-14 00:08:46 EST,2018-01-14,00:08:46,-0400,2276880895,petabencana,PetaBencana.id,,"@farianyrizqa Hello, I am Bencana Bot, reply with #flood to send me your flood report.  https://t.co/fyvgy0OsMK",en,[],[],['https://pbs.twimg.com/tweet_video_thumb/C4MFV65UkAAbNll.jpg'],0,0,0,['flood'],[],https://twitter.com/petabencana/status/952407117243211777,False,,1,https://pbs.twimg.com/tweet_video_thumb/C4MFV65UkAAbNll.jpg,,,,,,,[],,,,
952398951356956672,952398951356956672,2018-01-13 23:36:19 EST,2018-01-13,23:36:19,-0400,3295945757,asbestosmoldct,Asbestos Mold CT,,3 Steps To Minimize #Flood Damage!  https://t.co/2S2LiY0i83 via @asbestosmoldct #CT  https://t.co/mJeG8XJbhO,en,"[{'screen_name': 'asbestosmoldct', 'name': 'asbestos mold ct', 'id': '3295945757'}]",['http://www.asbestosmoldct.com/minimize-flood-damage/'],['https://pbs.twimg.com/media/DTeZy2UV4AEZauB.jpg'],0,0,0,"['flood', 'ct']",[],https://twitter.com/asbestosmoldct/status/952398951356956672,False,,1,https://pbs.twimg.com/media/DTeZy2UV4AEZauB.jpg,,,,,,,[],,,,
952396398875430917,952396398875430917,2018-01-13 23:26:10 EST,2018-01-13,23:26:10,-0400,2276880895,petabencana,PetaBencana.id,,"@DanellaSantoso Hello, I am Bencana Bot, reply with #flood to send me your flood report.  https://t.co/74lpmhZhmt",en,[],[],['https://pbs.twimg.com/tweet_video_thumb/C4MFV65UkAAbNll.jpg'],0,0,0,['flood'],[],https://twitter.com/petabencana/status/952396398875430917,False,,1,https://pbs.twimg.com/tweet_video_thumb/C4MFV65UkAAbNll.jpg,,,,,,,[],,,,
952396019479621632,952396019479621632,2018-01-13 23:24:40 EST,2018-01-13,23:24:40,-0400,183688400,livewxradar,Rob Delp Weather,,CURRENT RADAR MAP 11:24PM EST see this map live at  https://t.co/HNLPnbqhEd #wx #weather #news #snow #lake #effect #storm #heavy #rain #flood #cold  https://t.co/Fvyx2Brmxo,en,[],['http://www.weather.pub'],['https://pbs.twimg.com/media/DTeXH1PWsAAh3X-.jpg'],0,0,0,"['wx', 'weather', 'news', 'snow', 'lake', 'effect', 'storm', 'heavy', 'rain', 'flood', 'cold']",[],https://twitter.com/livewxradar/status/952396019479621632,False,,1,https://pbs.twimg.com/media/DTeXH1PWsAAh3X-.jpg,,,,,,,[],,,,
952386799728406534,952386799728406534,2018-01-13 22:48:02 EST,2018-01-13,22:48:02,-0400,868211017632894977,fd_natdisaster,FutureDanger Nature,,FutureDanger Indicator: UNPRECEDENTED FLOODS KILL HeatMap Column 4&gt;  https://t.co/HpREN2Iy6i  #Flood  #Flooding  #Floods #FutureDanger  https://t.co/Ib0RHSplfk,en,[],['https://goo.gl/U8kFQf'],['https://pbs.twimg.com/media/DTeOvunVMAAjwPC.jpg'],0,0,0,"['flood', 'flooding', 'floods', 'futuredanger']",[],https://twitter.com/FD_NatDisaster/status/952386799728406534,False,,1,https://pbs.twimg.com/media/DTeOvunVMAAjwPC.jpg,,,,,,,[],,,,
952383140349333504,952383140349333504,2018-01-13 22:33:29 EST,2018-01-13,22:33:29,-0400,135508175,tambalastrategy,Scott Canady,,Debate over private policies trips up long-term #NFIP extension by Congress. #flood #floodinsurance  https://t.co/nkA38pQGwZ,en,[],['https://fb.me/1tKJzl7Qm'],[],0,0,1,"['nfip', 'flood', 'floodinsurance']",[],https://twitter.com/TambalaStrategy/status/952383140349333504,False,,0,,,,,,,,[],,,,
952379001426927616,844187066355265537,2018-01-13 22:17:02 EST,2018-01-13,22:17:02,-0400,1703872754,_connectivist_,The Connectivist,,@AVTECHSoftware Did you know businesses are 100000000x more likely to suffer from bankruptcy by being sucked dry by “software as a service” tech companies than from #flood damage?,en,[],[],[],0,2,2,['flood'],[],https://twitter.com/_Connectivist_/status/952379001426927616,False,,0,,,,,,,,"[{'screen_name': 'AVTECHSoftware', 'name': 'AVTECH Software, Inc', 'id': '40236897'}]",,,,
952375485920526338,952375485920526338,2018-01-13 22:03:04 EST,2018-01-13,22:03:04,-0400,428556919,ewnalerts,EWN Alerts,,WA Flood Watch for Gascoyne &amp; Central West District river catchments. #flood #WA  https://t.co/ceQTw2adjs,en,[],['http://bit.ly/2mCf9db'],[],0,1,0,"['flood', 'wa']",[],https://twitter.com/EWNAlerts/status/952375485920526338,False,,0,,,,,,,,[],,,,
952374579330105345,952374579330105345,2018-01-13 21:59:28 EST,2018-01-13,21:59:28,-0400,2276880895,petabencana,PetaBencana.id,,"@archie_han Hello, I am Bencana Bot, reply with #flood to send me your flood report.  https://t.co/gKvLU6OXNb",en,[],[],['https://pbs.twimg.com/tweet_video_thumb/C4MFV65UkAAbNll.jpg'],0,0,0,['flood'],[],https://twitter.com/petabencana/status/952374579330105345,False,,1,https://pbs.twimg.com/tweet_video_thumb/C4MFV65UkAAbNll.jpg,,,,,,,[],,,,
952369450937860096,952369450937860096,2018-01-13 21:39:05 EST,2018-01-13,21:39:05,-0400,771349047055646720,uccmajorbantam,UCC Major Bantam AAA,,2nd Period ends as does the PP.  20 mins left to decide the game. #flood,en,[],[],[],0,0,2,['flood'],[],https://twitter.com/UCCMAJORBANTAM/status/952369450937860096,False,,0,,,,,,,,[],,,,
952369175174893568,952369175174893568,2018-01-13 21:38:00 EST,2018-01-13,21:38:00,-0400,55186601,nst_online,New Straits Times,,"Pahang #flood situation little changed; 1,658 people remain at #shelters   https://t.co/EA9oYkCnx9  https://t.co/rAOlS9bZyS",en,[],['https://www.nst.com.my/news/nation/2018/01/324920/pahang-flood-situation-little-changed-1658-people-remain-shelters'],['https://pbs.twimg.com/media/DTd-tceUMAA84c3.jpg'],0,11,8,"['flood', 'shelters']",[],https://twitter.com/NST_Online/status/952369175174893568,False,,1,https://pbs.twimg.com/media/DTd-tceUMAA84c3.jpg,,,,,,,[],,,,
952349593450270721,952349593450270721,2018-01-13 20:20:11 EST,2018-01-13,20:20:11,-0400,714504478960037889,businessnewseye,Business News,,"New #Downtown #Milwaukee towers will #Flood the #Market with high-end #Apartments; others on hold:  https://t.co/c4hLg5tvBA,  https://t.co/LyWgp9T0SU  https://t.co/QCa9WpAEis",en,[],"['http://www.mambolook.com/link/14919554', 'http://www.mambolook.com/markets']",['https://pbs.twimg.com/media/DTds6GpWsAUTkw1.jpg'],0,0,0,"['downtown', 'milwaukee', 'flood', 'market', 'apartments']",[],https://twitter.com/BusinessNewsEye/status/952349593450270721,False,,1,https://pbs.twimg.com/media/DTds6GpWsAUTkw1.jpg,,,,,,,[],,,,
952345118014693376,952345118014693376,2018-01-13 20:02:24 EST,2018-01-13,20:02:24,-0400,183688400,livewxradar,Rob Delp Weather,,CURRENT RADAR MAP 8:01PM EST see this map live at  https://t.co/HNLPnb8GMF #wx #weather #news #snow #lake #effect #storm #heavy #rain #flood #cold  https://t.co/NpNLgBQMvu,en,[],['http://www.weather.pub'],['https://pbs.twimg.com/media/DTdo1D8X0AAAIqK.jpg'],0,0,0,"['wx', 'weather', 'news', 'snow', 'lake', 'effect', 'storm', 'heavy', 'rain', 'flood', 'cold']",[],https://twitter.com/livewxradar/status/952345118014693376,False,,1,https://pbs.twimg.com/media/DTdo1D8X0AAAIqK.jpg,,,,,,,[],,,,
952342525955645441,952342525955645441,2018-01-13 19:52:06 EST,2018-01-13,19:52:06,-0400,2284108344,servpro9796,SERVPRO of Carbondale/Clarks Summit/Old Forge,,This is what happens when a sprinkler head bursts n no one is around. 5ft of water in the basement. Total disaster. #Flood #FloatingCouch #Servpro9796  https://t.co/Gsm9NbtP2k,en,[],[],['https://pbs.twimg.com/media/DTdma1CVwAEKBTX.jpg'],0,0,0,"['flood', 'floatingcouch', 'servpro9796']",[],https://twitter.com/Servpro9796/status/952342525955645441,False,,1,https://pbs.twimg.com/media/DTdma1CVwAEKBTX.jpg,,,,,,,[],,,,
952337501716279296,952337501716279296,2018-01-13 19:32:08 EST,2018-01-13,19:32:08,-0400,631589680,mark_s_aldrich,Mark Aldrich,,"#Flood, Part 2: The ice in the #WallkillRiver backed up and the rising waters flooded the plain…  https://t.co/12JPnFm0oD",en,[],['https://www.instagram.com/p/Bd6Oz6fDXA3/'],[],0,0,0,"['flood', 'wallkillriver']",[],https://twitter.com/Mark_S_Aldrich/status/952337501716279296,False,,0,,,,,,,,[],,,,
