id,conversation_id,created_at,date,time,timezone,user_id,username,name,place,tweet,language,mentions,urls,photos,replies_count,retweets_count,likes_count,hashtags,cashtags,link,retweet,quote_url,video,thumbnail,near,geo,source,user_rt_id,user_rt,retweet_id,reply_to,retweet_date,translate,trans_src,trans_dest
585949466957520896,585949466957520896,2015-04-08 19:36:53 EDT,2015-04-08,19:36:53,-0400,37427113,dborri,Dino Borri,,Don't take 7ave to go downtown.... Huge flood btw 14st and 7ave #Newyork #water #disaster #flood  https://t.co/rPfZruYrL4,en,[],['https://instagram.com/p/1O41Nkt8fr/'],[],0,0,0,"['newyork', 'water', 'disaster', 'flood']",[],https://twitter.com/dborri/status/585949466957520896,False,,0,,,,,,,,[],,,,
585947108479467520,585947108479467520,2015-04-08 19:27:31 EDT,2015-04-08,19:27:31,-0400,1287407173,hannahemoch,Hannah,,14th st #nyc #flood #nycnews @MTA @NotifyNYC  http://t.co/BTwAGsKS48,en,"[{'screen_name': 'mta', 'name': 'mta. wear a mask. stop the spread.', 'id': '94129050'}, {'screen_name': 'notifynyc', 'name': 'nycem - notify nyc', 'id': '16145875'}]",[],"['https://pbs.twimg.com/media/CCGzyE_UEAAgGXd.jpg', 'https://pbs.twimg.com/media/CCGzyE-UoAAnnXH.jpg']",2,2,0,"['nyc', 'flood', 'nycnews']",[],https://twitter.com/hannahemoch/status/585947108479467520,False,,1,https://pbs.twimg.com/media/CCGzyE_UEAAgGXd.jpg,,,,,,,[],,,,
585945252814573568,585945252814573568,2015-04-08 19:20:09 EDT,2015-04-08,19:20:09,-0400,35778956,njspotlightnews,NJ Spotlight News,,"Coming up at 7:30 pm on #NJTVNews - #Flood control, #DREAMAct one year later, access to home #healthcare, teaching science with #hiphop.",en,[],[],[],0,0,1,"['njtvnews', 'flood', 'dreamact', 'healthcare', 'hiphop']",[],https://twitter.com/NJSpotlightNews/status/585945252814573568,False,,0,,,,,,,,[],,,,
585944254708592640,585944254708592640,2015-04-08 19:16:11 EDT,2015-04-08,19:16:11,-0400,3074729885,03e23186ff3e433,Charles Hayes,,@idarbwire #us8h #flood,und,[],[],[],0,0,0,"['us8h', 'flood']",[],https://twitter.com/03e23186ff3e433/status/585944254708592640,False,,0,,,,,,,,[],,,,
585941025824219136,585941025824219136,2015-04-08 19:03:21 EDT,2015-04-08,19:03:21,-0400,20998647,weatherchannel,The Weather Channel,,"Here we go again: Flash #flood warning for Louisville, KY until 11pm EDT. Heavy rain right over city.  http://t.co/3aEQc6seAU",en,[],[],['https://pbs.twimg.com/media/CCGuQiSUoAExQPd.png'],3,44,25,['flood'],[],https://twitter.com/weatherchannel/status/585941025824219136,False,,1,https://pbs.twimg.com/media/CCGuQiSUoAExQPd.png,,,,,,,[],,,,
585940402609512449,585940402609512449,2015-04-08 19:00:52 EDT,2015-04-08,19:00:52,-0400,172711156,italiano_ins,Italiano Insurance,,Did you know that your #homeowners #insurance doesn't cover #flood #damage? Get a #quote today!  http://t.co/MV5kSUQU4I #Insurance #Tampa,en,[],['http://ow.ly/LfLt9'],[],0,0,0,"['homeowners', 'insurance', 'flood', 'damage', 'quote', 'insurance', 'tampa']",[],https://twitter.com/Italiano_Ins/status/585940402609512449,False,,0,,,,,,,,[],,,,
585939182956187650,585939182956187650,2015-04-08 18:56:02 EDT,2015-04-08,18:56:02,-0400,2596802863,anthonyhead13,Anthony Hiberts,,RT photo_nsk: #Сибирь #Саяны #пейзаж #Siberia #mountains #lake #flood #sky #landscape_captures #landscap… …  http://t.co/zXIgqlP46m,tl,[],['http://goo.gl/8mCQ6Q'],[],0,0,1,"['сибирь', 'саяны', 'пейзаж', 'siberia', 'mountains', 'lake', 'flood', 'sky', 'landscape_captures', 'landscap']",[],https://twitter.com/Anthonyhead13/status/585939182956187650,False,,0,,,,,,,,[],,,,
585937540969930752,585937540969930752,2015-04-08 18:49:30 EDT,2015-04-08,18:49:30,-0400,10016422,stardustgirl,Stardustgirl,,"I must live in a castle, I'm surrounded by a moat. #flood #stupidweather #mustbespring",en,[],[],[],0,0,1,"['flood', 'stupidweather', 'mustbespring']",[],https://twitter.com/stardustgirl/status/585937540969930752,False,,0,,,,,,,,[],,,,
585930725079195648,585930725079195648,2015-04-08 18:22:25 EDT,2015-04-08,18:22:25,-0400,1536412436,globalfloodnews,GlobalFloodSystem,,#flood #disaster Chile pull out of 2016 Dakar because of floods - Bangkok Post: Bangkok PostChile pull out of ...  http://t.co/1JruH5ZSWo,en,[],['http://bit.ly/1E7uBB1'],[],0,0,0,"['flood', 'disaster']",[],https://twitter.com/GlobalFloodNews/status/585930725079195648,False,,0,,,,,,,,[],,,,
585929722170908672,585929722170908672,2015-04-08 18:18:26 EDT,2015-04-08,18:18:26,-0400,51395912,awesomusxprime,Jory.,,"If April showers do bring May flowers, Jasper is going to be an arboretum next month...but without all of the super neat info. #rain #flood",en,[],[],[],0,0,0,"['rain', 'flood']",[],https://twitter.com/AwesomusxPrime/status/585929722170908672,False,,0,,,,,,,,[],,,,
585929370868420609,585929370868420609,2015-04-08 18:17:02 EDT,2015-04-08,18:17:02,-0400,1924046688,apocalypticpost,Apocalyptic Fiction,,ARkStorm by prepper fiction author Ron Foster Book Trailer:  http://t.co/4qNggVOEY8 via @YouTube #ARkStorm #preppers #prepper  #flood,en,"[{'screen_name': 'youtube', 'name': 'youtube', 'id': '10228272'}]",['http://youtu.be/nFeaOj3ngDo?list=UUmXsYthWqCj5n4w-xj-Alng'],[],0,1,0,"['arkstorm', 'preppers', 'prepper', 'flood']",[],https://twitter.com/ApocalypticPost/status/585929370868420609,False,,0,,,,,,,,[],,,,
585927261792182272,585927261792182272,2015-04-08 18:08:39 EDT,2015-04-08,18:08:39,-0400,2585523085,disaworldnews,Disaster World News,,Flood risk below average in Iowa - UI The Daily Iowan  http://t.co/Ni4oW77ohO #Flood,en,[],['http://news.google.com/news/url?sa=t&fd=R&ct2=us&usg=AFQjCNEgjF0C30_07aIKQKenDiZWwnTOmQ&clid=c3a7d30bb8a4878e06b80cf16b898331&ei=nqUlVeDHMYjrmALewIGADA&url=http://www.dailyiowan.com/2015/04/08/Metro/41669.html'],[],0,0,0,['flood'],[],https://twitter.com/DisaWorldNews/status/585927261792182272,False,,0,,,,,,,,[],,,,
585926828763836416,585926828763836416,2015-04-08 18:06:56 EDT,2015-04-08,18:06:56,-0400,2774822323,cenkyweather,Cen Ky Weather,,Flash #Flood Warning including #Frankfort and #Lexington spreading to Bourbon and Nicholas Counties until Midnight. #KYwx,en,[],[],[],0,0,0,"['flood', 'frankfort', 'lexington', 'kywx']",[],https://twitter.com/CenKyWeather/status/585926828763836416,False,,0,,,,,,,,[],,,,
585924715211927552,585924715211927552,2015-04-08 17:58:32 EDT,2015-04-08,17:58:32,-0400,982762350,nwsbuffalo,NWS Buffalo,,(2/4) #Flood watch for north country Thu eve thru Sat morning. More details:  http://t.co/275KboYCkG #ARTwx  http://t.co/Gy2m5k95on,en,[],['http://go.usa.gov/3DXnx'],['https://pbs.twimg.com/media/CCGfOWsUoAINsfd.png'],0,0,1,"['flood', 'artwx']",[],https://twitter.com/NWSBUFFALO/status/585924715211927552,False,,1,https://pbs.twimg.com/media/CCGfOWsUoAINsfd.png,,,,,,,[],,,,
585923886086234112,585923886086234112,2015-04-08 17:55:15 EDT,2015-04-08,17:55:15,-0400,229871054,adventistrisk,Adventist Risk Manag,,April showers bring May flowers. Key Facts About #Flood Readiness  http://t.co/qXIA4JAYGd,en,[],['http://ow.ly/LiLHO'],[],0,0,0,['flood'],[],https://twitter.com/adventistrisk/status/585923886086234112,False,,0,,,,,,,,[],,,,
585922619310022656,585922619310022656,2015-04-08 17:50:13 EDT,2015-04-08,17:50:13,-0400,35778956,njspotlightnews,NJ Spotlight News,,"Coming up at 6 pm on #NJTVNews - #Flood control, #DREAMAct one year later, access to home #healthcare, teaching science with #hiphop.",en,[],[],[],0,1,0,"['njtvnews', 'flood', 'dreamact', 'healthcare', 'hiphop']",[],https://twitter.com/NJSpotlightNews/status/585922619310022656,False,,0,,,,,,,,[],,,,
585922095491723265,585922095491723265,2015-04-08 17:48:08 EDT,2015-04-08,17:48:08,-0400,160649687,metropolitanind,Metropolitan Ind.,,#Innovative solutions for #flood control!  http://t.co/yJbqcFx060,en,[],['http://ow.ly/i/ahDHl'],[],0,0,0,"['innovative', 'flood']",[],https://twitter.com/MetropolitanInd/status/585922095491723265,False,,0,,,,,,,,[],,,,
585922065665953794,585922065665953794,2015-04-08 17:48:01 EDT,2015-04-08,17:48:01,-0400,437600565,healthyia_cfhi,HealthyIowa_CFHI,,Increased #flood frequency in central U.S. related to increased temperatures and #rainfall.  http://t.co/UBCUfcu6Rt #climatechange,en,[],['http://bit.ly/1CbSKkj'],[],0,0,0,"['flood', 'rainfall', 'climatechange']",[],https://twitter.com/HealthyIA_CFHI/status/585922065665953794,False,,0,,,,,,,,[],,,,
585921686186266624,585921686186266624,2015-04-08 17:46:30 EDT,2015-04-08,17:46:30,-0400,2961758534,healthhhyyy,The Healthy Archive,,#flood #ocean #bible #religion #noah #mystery Proof of Noah’s Flood Found at Bottom of Atlantic Ocean  http://t.co/BWMfotQEcV via @3tags_org,en,"[{'screen_name': '3tags_org', 'name': 'louisassdacosta', 'id': '836448547298033664'}]",['http://3tags.org/l/kqBe'],[],0,1,0,"['flood', 'ocean', 'bible', 'religion', 'noah', 'mystery']",[],https://twitter.com/healthhhyyy/status/585921686186266624,False,,0,,,,,,,,[],,,,
585919873097666560,585915409670377472,2015-04-08 17:39:18 EDT,2015-04-08,17:39:18,-0400,236860391,jfsdanaturalist,John Salewicz,,@indywx #zionsville #inwx #flood #warning  http://t.co/9BkpAnu7T0,und,[],[],['https://pbs.twimg.com/media/CCGbAr5UsAElmjg.jpg'],0,0,0,"['zionsville', 'inwx', 'flood', 'warning']",[],https://twitter.com/jfsdanaturalist/status/585919873097666560,False,,1,https://pbs.twimg.com/media/CCGbAr5UsAElmjg.jpg,,,,,,,[],,,,
585919437330583552,585919437330583552,2015-04-08 17:37:34 EDT,2015-04-08,17:37:34,-0400,2585523085,disaworldnews,Disaster World News,,$30 Million Dollar Flood Control Wall Now Under Construction in Bloomsburg -  http://t.co/fIjFurRcBT  http://t.co/pW0t6KRyHb #Flood,en,[],"['http://wnep.com', 'http://news.google.com/news/url?sa=t&fd=R&ct2=us&usg=AFQjCNE2CeIDKZVtMZqssUq8Vn-01f8NFg&clid=c3a7d30bb8a4878e06b80cf16b898331&ei=rJ4lVZDCBMi1mQLtmYCYDQ&url=http://wnep.com/2015/04/08/30-million-dollar-flood-control-wall-now-under-construction-in-bloomsburg/']",[],0,0,0,['flood'],[],https://twitter.com/DisaWorldNews/status/585919437330583552,False,,0,,,,,,,,[],,,,
585919436030402560,585919436030402560,2015-04-08 17:37:34 EDT,2015-04-08,17:37:34,-0400,2585523085,disaworldnews,Disaster World News,,"Flood watch issued in CNY as 'signficant rises' in rivers, creeks expected -  http://t.co/tbxxZ1swg9  http://t.co/42F2JzyHjK #Flood",en,[],"['http://Syracuse.com', 'http://news.google.com/news/url?sa=t&fd=R&ct2=us&usg=AFQjCNGOdOYA0Rp63P8YtMAF8kKy77Vz6A&clid=c3a7d30bb8a4878e06b80cf16b898331&ei=rJ4lVZDCBMi1mQLtmYCYDQ&url=http://www.syracuse.com/weather/index.ssf/2015/04/signficant_rises_in_rivers_creeks_in_tug_hill_expected_as_rain_falls_and_snow_me.html']",[],0,0,0,['flood'],[],https://twitter.com/DisaWorldNews/status/585919436030402560,False,,0,,,,,,,,[],,,,
585916651314388992,585916651314388992,2015-04-08 17:26:30 EDT,2015-04-08,17:26:30,-0400,1536412436,globalfloodnews,GlobalFloodSystem,,#flood #disaster Chile pull out of 2016 Dakar because of floods: Chile will not participate in the 2016 Dakar ...  http://t.co/3XiThvjIvH,en,[],['http://yhoo.it/1E7fLdE'],[],0,0,0,"['flood', 'disaster']",[],https://twitter.com/GlobalFloodNews/status/585916651314388992,False,,0,,,,,,,,[],,,,
585913665976545280,585913665976545280,2015-04-08 17:14:38 EDT,2015-04-08,17:14:38,-0400,1536412436,globalfloodnews,GlobalFloodSystem,,#flood #disaster Chile pull out of 2016 Dakar because of floods - The West Australian: The West AustralianChil...  http://t.co/e0W3HbzZA7,en,[],['http://bit.ly/1E7cyuD'],[],0,0,0,"['flood', 'disaster']",[],https://twitter.com/GlobalFloodNews/status/585913665976545280,False,,0,,,,,,,,[],,,,
585913665225822208,585913665225822208,2015-04-08 17:14:38 EDT,2015-04-08,17:14:38,-0400,1536412436,globalfloodnews,GlobalFloodSystem,,#flood #disaster Rainwater floods eastern Missouri police station - KFVS: Daily Journal OnlineRainwater floods...  http://t.co/Yq4MKxTnnc,en,[],['http://bit.ly/1E7cyei'],[],0,0,0,"['flood', 'disaster']",[],https://twitter.com/GlobalFloodNews/status/585913665225822208,False,,0,,,,,,,,[],,,,
585913412263247873,585913412263247873,2015-04-08 17:13:37 EDT,2015-04-08,17:13:37,-0400,814884224,worldalerts247,WORLD ALERTS ²⁴/7,,Flood - Madagascar-  http://t.co/21BL2923XC #flood #fb,ht,[],['http://www.ubalert.com/1hWb'],[],0,0,0,"['flood', 'fb']",[],https://twitter.com/WorldALERTS247/status/585913412263247873,False,,0,,,,,,,,[],,,,
585912789908254720,585912789908254720,2015-04-08 17:11:09 EDT,2015-04-08,17:11:09,-0400,2447791813,asl_insurance,ASL,,Top 5 #Flood #Insurance Issues to Watch This Year  http://t.co/bbgVmaDMtS,en,[],['http://www.iamagazine.com/markets/read/2015/04/06/top-5-flood-insurance-issues-to-watch-this-year'],[],0,0,0,"['flood', 'insurance']",[],https://twitter.com/ASL_Insurance/status/585912789908254720,False,,0,,,,,,,,[],,,,
585912391524818945,585909471009996800,2015-04-08 17:09:34 EDT,2015-04-08,17:09:34,-0400,908190000,watt_tracy74,Tracy Watt 🏴󠁧󠁢󠁳󠁣󠁴󠁿,"{'type': 'Point', 'coordinates': [57.11699691, -2.62905878]}","@br1mcg @Kevster9 you're right, love or hate him he always try's his best. #Flood 👍🏻",en,"[{'screen_name': 'kevster9', 'name': 'kevin alexander', 'id': '1673197958'}]",[],[],0,0,1,['flood'],[],https://twitter.com/watt_tracy74/status/585912391524818945,False,,0,,,,,,,,[],,,,
585910673026064384,582991477061500928,2015-04-08 17:02:44 EDT,2015-04-08,17:02:44,-0400,2562111571,geospatialb4b,Bill Raymor,,@NHC_Surge at #Intermap we have #InsitePro that has data for the other 86% to evaluate #Flood &amp; storm surge.for the entire U.S.,en,[],[],[],0,0,0,"['intermap', 'insitepro', 'flood']",[],https://twitter.com/GeospatialB4B/status/585910673026064384,False,,0,,,,,,,,[],,,,
585909056776339456,585909056776339456,2015-04-08 16:56:19 EDT,2015-04-08,16:56:19,-0400,2778981708,whipray16,Larry Littrell,, http://t.co/lfVPmFRjRq order up! #flood #tide #limitededition #deal,en,[],['http://instagram.com/p/1OKD4kFlS-/'],[],0,0,0,"['flood', 'tide', 'limitededition', 'deal']",[],https://twitter.com/Whipray16/status/585909056776339456,False,,0,,,,,,,,[],,,,
585907345143640066,585907345143640066,2015-04-08 16:49:31 EDT,2015-04-08,16:49:31,-0400,1358581064,danewyorktimez,Da NY Timez Gangsta,,Yo! One Street Artist Is Calling Out Bill Cosby All Around    http://t.co/a2Le5AajnX  #bill #flood #york #photo,en,[],['http://www.danewyorktimez.com/2015/04/03/one-street-artist-is-calling-out-bill-cosby-all-around-new-york/'],[],0,0,0,"['bill', 'flood', 'york', 'photo']",[],https://twitter.com/DaNewYorkTimez/status/585907345143640066,False,,0,,,,,,,,[],,,,
585906213562515456,585906213562515456,2015-04-08 16:45:01 EDT,2015-04-08,16:45:01,-0400,281064390,lex_ins,Lexington Insurance,,Join us tomorrow for a live webcast at 2:00pm on #flood preparedness:  http://t.co/INHDKi8Y4K,en,[],['http://1.lextogo.com/1FMBY2j'],[],0,0,0,['flood'],[],https://twitter.com/Lex_Ins/status/585906213562515456,False,,0,,,,,,,,[],,,,
585905032538775552,585905032538775552,2015-04-08 16:40:20 EDT,2015-04-08,16:40:20,-0400,90661065,aiblc1234,AI/BLC,,Rising Flood Insurance Rates: Building Resilience &amp; Protecting Affordable Housing:  http://t.co/lfex3u9Wrv #floodinsurance #flood #home,en,[],['http://ow.ly/Llk21'],[],0,0,1,"['floodinsurance', 'flood', 'home']",[],https://twitter.com/AIBLC1234/status/585905032538775552,False,,0,,,,,,,,[],,,,
585904105945755649,585904105945755649,2015-04-08 16:36:39 EDT,2015-04-08,16:36:39,-0400,1454822300,asisaves,ASI,,What's your plan if disaster strikes? Be sure you have an escape plan and #flood #insurance  http://t.co/2pqlZm50jg,en,[],['http://fb.me/1x0BL4AaV'],[],0,0,0,"['flood', 'insurance']",[],https://twitter.com/ASIsaves/status/585904105945755649,False,,0,,,,,,,,[],,,,
585903144594440193,585903144594440193,2015-04-08 16:32:49 EDT,2015-04-08,16:32:49,-0400,35054382,mrmgrady,MIKE #BLM #WEAR-A-MASK🏳️‍🌈👨🏿‍🤝‍👨🏼,,@STLFireDept: Flash #flood #warnings throughout the area.  Don't drive thru standing water. WHEN IN DOUBT FIND ANOTHER ROUTE!!,en,[],[],[],0,0,0,"['flood', 'warnings']",[],https://twitter.com/mrmgrady/status/585903144594440193,False,,0,,,,,,,,[],,,,
585902942919774208,585902942919774208,2015-04-08 16:32:01 EDT,2015-04-08,16:32:01,-0400,24755833,cbbainhomes,Coldwell Banker Bain,,9 Things to Know About Flood Insurance  http://t.co/dObXKEz4Ti #Flood #Insurance  http://t.co/m62CmhyfkQ,en,[],['http://hubs.ly/y0H4Dl0'],['https://pbs.twimg.com/media/CCGLn00W4AEblvX.jpg'],0,0,0,"['flood', 'insurance']",[],https://twitter.com/CBBainHomes/status/585902942919774208,False,,1,https://pbs.twimg.com/media/CCGLn00W4AEblvX.jpg,,,,,,,[],,,,
585902940138905601,585902940138905601,2015-04-08 16:32:01 EDT,2015-04-08,16:32:01,-0400,1948036550,cbbainmarketing,Strictly Marketing,,9 Things to Know About Flood Insurance  http://t.co/GiXQHzFr97 #Flood #Insurance  http://t.co/zJQSz5ozWM,en,[],['http://hubs.ly/y0H4Dm0'],['https://pbs.twimg.com/media/CCGLnqhWMAESC2j.jpg'],0,0,0,"['flood', 'insurance']",[],https://twitter.com/cbbainmarketing/status/585902940138905601,False,,1,https://pbs.twimg.com/media/CCGLnqhWMAESC2j.jpg,,,,,,,[],,,,
585902470578184192,585902470578184192,2015-04-08 16:30:09 EDT,2015-04-08,16:30:09,-0400,1452396050,stlfiredept,St. Louis Fire Dept,,Flash #flood #warnings throughout the area.  Don't chance driving through standing water. WHEN IN DOUBT FIND ANOTHER ROUTE!! #STLCity,en,[],[],[],0,4,0,"['flood', 'warnings', 'stlcity']",[],https://twitter.com/STLFireDept/status/585902470578184192,False,,0,,,,,,,,[],,,,
585898679275429889,585898679275429889,2015-04-08 16:15:05 EDT,2015-04-08,16:15:05,-0400,45195411,ubalert,ubAlert,,Flood - Madagascar-  http://t.co/ZhQXg1VxrK #flood #fb,ht,[],['http://www.ubalert.com/1hWb'],[],0,1,0,"['flood', 'fb']",[],https://twitter.com/ubalert/status/585898679275429889,False,,0,,,,,,,,[],,,,
585897710403751938,585897710403751938,2015-04-08 16:11:14 EDT,2015-04-08,16:11:14,-0400,85636450,disasteraware,DisasterAWARE,"{'type': 'Point', 'coordinates': [-17.51834, 47.41699]}",#FLOOD New Alert: Flood - Madagascar Severity: WARNING  http://t.co/OqTaqyeOqB,en,[],['http://www.pdc.org/'],[],0,1,0,['flood'],[],https://twitter.com/disasteraware/status/585897710403751938,False,,0,,,,,,,,[],,,,
585895609065963521,585895609065963521,2015-04-08 16:02:53 EDT,2015-04-08,16:02:53,-0400,2585523085,disaworldnews,Disaster World News,,Great Flood to release barrel-aged bottles - The Courier-Journal  http://t.co/vVet5orXYn #Flood,en,[],['http://news.google.com/news/url?sa=t&fd=R&ct2=us&usg=AFQjCNHUZaQyGVgaHexdB6gePw-uk5Yo0A&clid=c3a7d30bb8a4878e06b80cf16b898331&cid=52778798812967&ei=24glVejOEoOimAK9v4GQBw&url=http://www.courier-journal.com/story/life/food/spirits/beer/2015/04/08/great-flood-release-barrel-aged-bottles/25473899/'],[],0,0,0,['flood'],[],https://twitter.com/DisaWorldNews/status/585895609065963521,False,,0,,,,,,,,[],,,,
585895608004780034,585895608004780034,2015-04-08 16:02:53 EDT,2015-04-08,16:02:53,-0400,2585523085,disaworldnews,Disaster World News,,"Delaware, are you prepared for a flood? - Delmarva Daily Times  http://t.co/mjrhygKnIk #Flood",en,[],['http://news.google.com/news/url?sa=t&fd=R&ct2=us&usg=AFQjCNFe1trxIUlQGPkvu4wAN6D2FgoGTA&clid=c3a7d30bb8a4878e06b80cf16b898331&ei=24glVejOEoOimAK9v4GQBw&url=http://www.delmarvanow.com/story/news/local/delaware/2015/04/08/delaware-flood-preparedness/25470657/'],[],0,0,0,['flood'],[],https://twitter.com/DisaWorldNews/status/585895608004780034,False,,0,,,,,,,,[],,,,
585894400062001152,585894400062001152,2015-04-08 15:58:05 EDT,2015-04-08,15:58:05,-0400,275109780,jeswork,JES Foundation Repair,,Having SMART VENT Flood Vents installed at your #home can lower your #flood #insurance by as much as 83 percent....  http://t.co/wHhi1FRYxE,en,[],['http://fb.me/2JtIxwlkp'],[],0,0,0,"['home', 'flood', 'insurance']",[],https://twitter.com/JESWork/status/585894400062001152,False,,0,,,,,,,,[],,,,
585892717890240513,585892717890240513,2015-04-08 15:51:23 EDT,2015-04-08,15:51:23,-0400,894421428,otherbots,Otherbots,,#army #UAV #Photo #copter #flood #flight #fly #air #inspection #perimeter #control #fire #service #protection #city…  http://t.co/qg4ApHRvxL,und,[],[],['https://pbs.twimg.com/media/CCGCUpaWgAAmUgW.jpg'],0,0,0,"['army', 'uav', 'photo', 'copter', 'flood', 'flight', 'fly', 'air', 'inspection', 'perimeter', 'control', 'fire', 'service', 'protection', 'city']",[],https://twitter.com/Otherbots/status/585892717890240513,False,,1,https://pbs.twimg.com/media/CCGCUpaWgAAmUgW.jpg,,,,,,,[],,,,
585891749681242112,585891749681242112,2015-04-08 15:47:33 EDT,2015-04-08,15:47:33,-0400,122387909,iclrcanada,Glenn McGillivray,,From the photo desk: World's largest underground #flood diversion facility  http://t.co/ea92ELjvuP via @torontostar,en,"[{'screen_name': 'torontostar', 'name': 'toronto star', 'id': '12848262'}]",['http://www.thestar.com/photos/from_the_photo_desk/2015/04/world-s-largest-underground-flood-diversion-facility.html'],[],1,3,1,['flood'],[],https://twitter.com/ICLRCanada/status/585891749681242112,False,,0,,,,,,,,[],,,,
585891600095674369,585891600095674369,2015-04-08 15:46:57 EDT,2015-04-08,15:46:57,-0400,2585523085,disaworldnews,Disaster World News,,Flood research continues for KPIC - Keizertimes  http://t.co/IxO4rqa1Zv #Flood,en,[],['http://news.google.com/news/url?sa=t&fd=R&ct2=us&usg=AFQjCNH7-ZAhbrwctk29akRlWwXlnx5w8w&clid=c3a7d30bb8a4878e06b80cf16b898331&ei=4YElVfj-HMi1mQLtmYCYDQ&url=http://keizertimes.com/2015/04/08/flood-research-continues-for-kpic/'],[],0,0,0,['flood'],[],https://twitter.com/DisaWorldNews/status/585891600095674369,False,,0,,,,,,,,[],,,,
585891599055466497,585891599055466497,2015-04-08 15:46:57 EDT,2015-04-08,15:46:57,-0400,2585523085,disaworldnews,Disaster World News,,Make A Difference Day Awards: Flood recovery in Detroit - USA TODAY  http://t.co/4N5XsChLu9 #Flood,en,[],['http://news.google.com/news/url?sa=t&fd=R&ct2=us&usg=AFQjCNGyuaXzO1ey_nwOtLRa9Y2d7_6jyg&clid=c3a7d30bb8a4878e06b80cf16b898331&ei=4YElVfj-HMi1mQLtmYCYDQ&url=http://www.usatoday.com/story/news/2015/04/08/make-a-difference-day-awards-detroit/25434631/'],[],0,0,0,['flood'],[],https://twitter.com/DisaWorldNews/status/585891599055466497,False,,0,,,,,,,,[],,,,
585891598082379776,585891598082379776,2015-04-08 15:46:56 EDT,2015-04-08,15:46:56,-0400,2585523085,disaworldnews,Disaster World News,,"Burst of severe weather causes more flooding in Louisville, Southern Indiana - WDRB  http://t.co/oeS7V7vWtX #Flood",en,[],['http://news.google.com/news/url?sa=t&fd=R&ct2=us&usg=AFQjCNGQVwdoHCJ6l8cahe8_M9C8rYnhCQ&clid=c3a7d30bb8a4878e06b80cf16b898331&cid=52778798194823&ei=4YElVfj-HMi1mQLtmYCYDQ&url=http://www.wdrb.com/story/28744732/burst-of-severe-weather-causes-more-flooding-in-louisville-southern-indiana'],[],0,0,0,['flood'],[],https://twitter.com/DisaWorldNews/status/585891598082379776,False,,0,,,,,,,,[],,,,
585887337722183680,585887337722183680,2015-04-08 15:30:01 EDT,2015-04-08,15:30:01,-0400,257507999,firstonsite_can,First Onsite,,RT @InsureHunter: Spring #flooding season has arrived – are you ready for it?  http://t.co/wdT3YW7Za7 #flood,en,[],['http://bit.ly/1pzR9Pu'],[],0,0,0,"['flooding', 'flood']",[],https://twitter.com/firstonsite_can/status/585887337722183680,False,,0,,,,,,,,[],,,,
585884457330024448,585884457330024448,2015-04-08 15:18:34 EDT,2015-04-08,15:18:34,-0400,270440459,joshfitzwx,Josh Fitzpatrick,,Flash #Flood Watch for the Tri-State through Thursday AM. Watching flood prone areas during heavy rain. Never drive through flooding. #WSAZ,en,[],[],[],0,1,1,"['flood', 'wsaz']",[],https://twitter.com/JoshFitzWx/status/585884457330024448,False,,0,,,,,,,,[],,,,
585883546193158145,585883546193158145,2015-04-08 15:14:57 EDT,2015-04-08,15:14:57,-0400,2585523085,disaworldnews,Disaster World News,,REAL ESTATE: Flood insurance premiums rise - Press-Enterprise  http://t.co/37mTTouKoD #Flood,en,[],['http://news.google.com/news/url?sa=t&fd=R&ct2=us&usg=AFQjCNFbd4Un8kcmRV9u_Z4TrCLF-BzVRA&clid=c3a7d30bb8a4878e06b80cf16b898331&cid=52778797372454&ei=23olVaD0N66wmQL9ooCYAg&url=http://www.pe.com/articles/insurance-764120-premiums-flood.html'],[],0,0,0,['flood'],[],https://twitter.com/DisaWorldNews/status/585883546193158145,False,,0,,,,,,,,[],,,,
585882333343064065,585882333343064065,2015-04-08 15:10:08 EDT,2015-04-08,15:10:08,-0400,2213419177,mamaroneckhh,Mamaroneck HamletHub,,#FEMA #Hazard#Mitigation#Plan #Flood #FEMA  http://t.co/UJS7IUr8Qp  http://t.co/Zrn4JoCZFL,de,[],['http://bit.ly/1FCzyke'],['https://pbs.twimg.com/media/CCF44MSWAAEc0pw.jpg'],0,0,0,"['fema', 'flood', 'fema']",[],https://twitter.com/MamaroneckHH/status/585882333343064065,False,,1,https://pbs.twimg.com/media/CCF44MSWAAEc0pw.jpg,,,,,,,[],,,,
585881034857783296,585881034857783296,2015-04-08 15:04:58 EDT,2015-04-08,15:04:58,-0400,302081524,alfreddbyrd,Alfred D. Byrd,,#Free for #Kindle  He releases a #flood through fire and ice.  The Drowning Land: An #Atlantean #Alphabet   http://t.co/fPyskxketL,en,[],['http://www.amazon.com/Drowning-Land-Atlantean-Alphabet-ebook/dp/B00T39WTJ4'],[],0,0,0,"['free', 'kindle', 'flood', 'atlantean', 'alphabet']",[],https://twitter.com/AlfredDByrd/status/585881034857783296,False,,0,,,,,,,,[],,,,
585880544090562560,585880544090562560,2015-04-08 15:03:01 EDT,2015-04-08,15:03:01,-0400,1536412436,globalfloodnews,GlobalFloodSystem,,"#flood #disaster 44 Dead, 25 Injured in J-K Floods: J-K Government - The New Indian Express: The New Indian Ex...  http://t.co/yo2pUNtSkh",en,[],['http://bit.ly/1Cpv7F3'],[],0,0,0,"['flood', 'disaster']",[],https://twitter.com/GlobalFloodNews/status/585880544090562560,False,,0,,,,,,,,[],,,,
585880543285260288,585880543285260288,2015-04-08 15:03:01 EDT,2015-04-08,15:03:01,-0400,1536412436,globalfloodnews,GlobalFloodSystem,,#flood #disaster Platte River program says it's not to blame for area floods - NTV: Platte River program says ...  http://t.co/tb5yZseKFQ,en,[],['http://bit.ly/1PkuYMM'],[],0,0,0,"['flood', 'disaster']",[],https://twitter.com/GlobalFloodNews/status/585880543285260288,False,,0,,,,,,,,[],,,,
585878642976100352,585861225386389506,2015-04-08 14:55:28 EDT,2015-04-08,14:55:28,-0400,117058047,piyush37,Piyush C.Sharma,"{'type': 'Point', 'coordinates': [23.23798197, 77.44168746]}",@DainikBhaskar:Retaining wall of #Nala in Gautam Nagar-Rachna Nagar area has collapsed at many places obstructing waterway risking #flood.,en,[],[],[],0,0,0,"['nala', 'flood']",[],https://twitter.com/Piyush37/status/585878642976100352,False,,0,,,,,,,,[],,,,
585877394541551616,585877394541551616,2015-04-08 14:50:30 EDT,2015-04-08,14:50:30,-0400,1536412436,globalfloodnews,GlobalFloodSystem,,"#flood #disaster 44 dead in Kashmir floods, says minister: Jammu, April 8 (IANS): A total of 44 people were ki...  http://t.co/BLVKQOp11c",en,[],['http://bit.ly/1CprKxS'],[],0,0,0,"['flood', 'disaster']",[],https://twitter.com/GlobalFloodNews/status/585877394541551616,False,,0,,,,,,,,[],,,,
585876190298243073,585876190298243073,2015-04-08 14:45:43 EDT,2015-04-08,14:45:43,-0400,299898323,emasterfinder,Restoration Master,,"Flooding is more common in the spring, make sure to protect your property from #flood damage.  http://t.co/Bc0eb3htDk",en,[],['http://ow.ly/LmdOB'],[],0,0,0,['flood'],[],https://twitter.com/emasterfinder/status/585876190298243073,False,,0,,,,,,,,[],,,,
585876057238200321,585876057238200321,2015-04-08 14:45:11 EDT,2015-04-08,14:45:11,-0400,14753993,rsoe_edis,RSOE EDIS,,Situation Update No. 6 | FL-20150329-47540-IND - #Flood event's update is available! |  http://t.co/kbknbM2iQ0,en,[],['http://bit.ly/1Msnfxx'],[],0,0,0,['flood'],[],https://twitter.com/RSOE_EDIS/status/585876057238200321,False,,0,,,,,,,,[],,,,
585869386893795328,585869386893795328,2015-04-08 14:18:41 EDT,2015-04-08,14:18:41,-0400,46548501,eastkyracing,Jamie_41255,,"I'm all about the saying ""April showers brings May flowers"", but this getting a little ridiculous #kywx #rainraingoaway #flood",en,[],[],[],0,0,0,"['kywx', 'rainraingoaway', 'flood']",[],https://twitter.com/eastkyracing/status/585869386893795328,False,,0,,,,,,,,[],,,,
585867335162007552,585867335162007552,2015-04-08 14:10:32 EDT,2015-04-08,14:10:32,-0400,2585523085,disaworldnews,Disaster World News,,Volunteers arrive in Bourbon County to help with flood cleanup - WKYT  http://t.co/UfIW6pEUZs #Flood,en,[],['http://news.google.com/news/url?sa=t&fd=R&ct2=us&usg=AFQjCNGqdXQ2ihLPavivPtWeX_efofwAhA&clid=c3a7d30bb8a4878e06b80cf16b898331&cid=52778798768703&ei=qWwlVfifEqeymQLJooDgAw&url=http://www.wkyt.com/home/headlines/Volunteers-arrive-in-Bourbon-County-to-help-with-flood-cleanup--299064341.html'],[],0,0,0,['flood'],[],https://twitter.com/DisaWorldNews/status/585867335162007552,False,,0,,,,,,,,[],,,,
585863537832099840,585863537832099840,2015-04-08 13:55:26 EDT,2015-04-08,13:55:26,-0400,235709796,ecoarakaki,Eco Arakaki Birsen,,Little #flood in #mayfair  http://t.co/24QYvCgLlo,en,[],[],['https://pbs.twimg.com/media/CCFnxdlWAAQ6rlm.jpg'],0,0,0,"['flood', 'mayfair']",[],https://twitter.com/ecoarakaki/status/585863537832099840,False,,1,https://pbs.twimg.com/media/CCFnxdlWAAQ6rlm.jpg,,,,,,,[],,,,
585862622429388802,585862622429388802,2015-04-08 13:51:48 EDT,2015-04-08,13:51:48,-0400,1536412436,globalfloodnews,GlobalFloodSystem,,"#flood #disaster 44 dead, 25 injured in Jammu and Kashmir floods, says Mufti government - Daily News &amp; Analysi...  http://t.co/nOEqXgp7AA",en,[],['http://bit.ly/1FhH7iM'],[],0,0,0,"['flood', 'disaster']",[],https://twitter.com/GlobalFloodNews/status/585862622429388802,False,,0,,,,,,,,[],,,,
585862621766651904,585862621766651904,2015-04-08 13:51:48 EDT,2015-04-08,13:51:48,-0400,1536412436,globalfloodnews,GlobalFloodSystem,,#flood #disaster Bosnia and Herzegovina: Many families affected by last year's floods are still ... - Preventi...  http://t.co/uP3QGEhfY4,en,[],['http://bit.ly/1CpbEEv'],[],0,0,0,"['flood', 'disaster']",[],https://twitter.com/GlobalFloodNews/status/585862621766651904,False,,0,,,,,,,,[],,,,
585859365007130624,585859365007130624,2015-04-08 13:38:52 EDT,2015-04-08,13:38:52,-0400,31261487,stephenhacker,Stephen Hacker,,At least trout lilies seem to enjoy the damp. #flowers #flood  https://t.co/JCitKkFZJu,en,[],['https://instagram.com/p/1OP262JBpx/'],[],0,0,0,"['flowers', 'flood']",[],https://twitter.com/stephenhacker/status/585859365007130624,False,,0,,,,,,,,[],,,,
585856184701231105,585856184701231105,2015-04-08 13:26:13 EDT,2015-04-08,13:26:13,-0400,456864723,climatenexus,Climate Nexus,,Rising #flood risks may force coastal neighborhoods - if not entire cities - to be abandoned  http://t.co/E6aTWVwSlH via @ClimateCentral,en,"[{'screen_name': 'climatecentral', 'name': 'climate central', 'id': '15463610'}]",['http://bit.ly/1HQZSHi'],[],0,1,3,['flood'],[],https://twitter.com/ClimateNexus/status/585856184701231105,False,,0,,,,,,,,[],,,,
585855039345823744,585855039345823744,2015-04-08 13:21:40 EDT,2015-04-08,13:21:40,-0400,156354387,sk__671,SK,,"#kinjadeals #deals #flood #dealhacker #lifehackerdeals Today's Best Deals: The Newest Roku, Apple Watch Charger,…  http://t.co/2apSyi55ns",en,[],['http://dlvr.it/9JSVT4'],[],0,0,0,"['kinjadeals', 'deals', 'flood', 'dealhacker', 'lifehackerdeals']",[],https://twitter.com/sk__671/status/585855039345823744,False,,0,,,,,,,,[],,,,
585854760940470272,585854760940470272,2015-04-08 13:20:34 EDT,2015-04-08,13:20:34,-0400,629084145,geekinfonow,GeekinfoNow,,"Today's Best Deals: The Newest Roku, Apple Watch Charger,…  http://t.co/DjMT9f0Qpc #kinjadeals #deals #flood #dealhacker #lifehacker #tech",en,[],['http://dlvr.it/9JSYQY'],[],0,0,0,"['kinjadeals', 'deals', 'flood', 'dealhacker', 'lifehacker', 'tech']",[],https://twitter.com/GeekInfoNow/status/585854760940470272,False,,0,,,,,,,,[],,,,
585854702996201472,585854702996201472,2015-04-08 13:20:20 EDT,2015-04-08,13:20:20,-0400,156354387,sk__671,SK,,"#kinjadeals #deals #flood #dealhacker #lifehackerdeals Today's Best Deals: The Newest Roku, Apple Watch Charger,…  http://t.co/AKpdHldsgZ",en,[],['http://dlvr.it/9JSZs2'],[],0,0,0,"['kinjadeals', 'deals', 'flood', 'dealhacker', 'lifehackerdeals']",[],https://twitter.com/sk__671/status/585854702996201472,False,,0,,,,,,,,[],,,,
585851587043655681,585851587043655681,2015-04-08 13:07:57 EDT,2015-04-08,13:07:57,-0400,1399867488,ucsshana,"Shana Udvardy, CFM",,Listening now: National Academies webinar:  Affordability of National #Flood #Insurance Premiums--Report 1  https://t.co/vclKEjQAH6,en,[],['https://nasevents.webex.com/mw0401lsp13/mywebex/default.do?nomenu=true&siteurl=nasevents&service=6&rnd=0.6014562329012592&main_url=https%3A%2F%2Fnasevents.webex.com%2Fec0701lsp13%2Feventcenter%2Fevent%2FeventAction.do%3FtheAction%3Ddetail%26confViewID%3D1751700144%26%26EMK%3D4832534b000000027afbdd2ad7d922957bd02db85d6ea5ebb1a4dca7aa856cc4c87c55990f8d6a79%26%26%26siteurl%3Dnasevents'],[],0,0,0,"['flood', 'insurance']",[],https://twitter.com/UCSshana/status/585851587043655681,False,,0,,,,,,,,[],,,,
585851260886188033,585851260886188033,2015-04-08 13:06:39 EDT,2015-04-08,13:06:39,-0400,3045210969,leomoyes,Leo Moyes,,@idarbwire #GS7U #FLOOD,und,[],[],[],0,0,0,"['gs7u', 'flood']",[],https://twitter.com/LeoMoyes/status/585851260886188033,False,,0,,,,,,,,[],,,,
585845588110999552,585845588110999552,2015-04-08 12:44:07 EDT,2015-04-08,12:44:07,-0400,29254783,mynameismervin,Mervin Flores,"{'type': 'Point', 'coordinates': [40.711912, -74.088036]}",Corrosion 2015 2 pieces. #hurricanesandy #flood #floodwater #waves #water #rust #corrosion #clayart…  https://t.co/16eZlwz1Cx,en,[],['https://instagram.com/p/1OJl9Eqjuy/'],[],0,0,0,"['hurricanesandy', 'flood', 'floodwater', 'waves', 'water', 'rust', 'corrosion', 'clayart']",[],https://twitter.com/mynameismervin/status/585845588110999552,False,,0,,,,,,,,[],,,,
585843581199462400,585843581199462400,2015-04-08 12:36:08 EDT,2015-04-08,12:36:08,-0400,29254783,mynameismervin,Mervin Flores,"{'type': 'Point', 'coordinates': [40.711912, -74.088036]}",Corrosion 2015 1 of 2 pieces. #hurricanesandy #flood #floodwater #waves #water #rust #corrosion…  https://t.co/WJxCRi9ql8,en,[],['https://instagram.com/p/1OIrjMKjtD/'],[],0,0,0,"['hurricanesandy', 'flood', 'floodwater', 'waves', 'water', 'rust', 'corrosion']",[],https://twitter.com/mynameismervin/status/585843581199462400,False,,0,,,,,,,,[],,,,
585842180045975552,585842180045975552,2015-04-08 12:30:34 EDT,2015-04-08,12:30:34,-0400,29254783,mynameismervin,Mervin Flores,"{'type': 'Point', 'coordinates': [40.711912, -74.088036]}",Corrosion 2015 1 of 2 pieces. #hurricanesandy #flood #floodwater #waves #water #rust #corrosion…  https://t.co/TjYjwLWzRD,en,[],['https://instagram.com/p/1OICupqjrr/'],[],0,0,0,"['hurricanesandy', 'flood', 'floodwater', 'waves', 'water', 'rust', 'corrosion']",[],https://twitter.com/mynameismervin/status/585842180045975552,False,,0,,,,,,,,[],,,,
585840703588048896,585840703588048896,2015-04-08 12:24:42 EDT,2015-04-08,12:24:42,-0400,7825222,chris_bavender,Chris Bavender,,Did the morning #rain cause your roof to #leak or basement to #flood? Like to talk to you/get video for my story tonight on @WISH_TV,en,"[{'screen_name': 'wish_tv', 'name': 'wish-tv', 'id': '16285710'}]",[],[],2,2,0,"['rain', 'leak', 'flood']",[],https://twitter.com/chris_bavender/status/585840703588048896,False,,0,,,,,,,,[],,,,
585836858677932032,585836858677932032,2015-04-08 12:09:26 EDT,2015-04-08,12:09:26,-0400,1536412436,globalfloodnews,GlobalFloodSystem,,"#flood #disaster 44 dead in Kashmir floods, says minister: Jammu, April 8 (IANS) A total of 44 people were kil...  http://t.co/qOdDnRs875",en,[],['http://yhoo.it/1FhckTa'],[],0,0,0,"['flood', 'disaster']",[],https://twitter.com/GlobalFloodNews/status/585836858677932032,False,,0,,,,,,,,[],,,,
585835688949587969,585835688949587969,2015-04-08 12:04:47 EDT,2015-04-08,12:04:47,-0400,2585523085,disaworldnews,Disaster World News,,MSD urging customers to consider flood insurance -  http://t.co/CXCcyyAIvE  http://t.co/IuGS5qNrJK #Flood,en,[],"['http://fox2now.com', 'http://news.google.com/news/url?sa=t&fd=R&ct2=us&usg=AFQjCNFnXRap55YzYakXGWx67kC0m74R6g&clid=c3a7d30bb8a4878e06b80cf16b898331&cid=52778798726850&ei=6E8lVaCzI83YmALjpYCwCQ&url=http://fox2now.com/2015/04/08/msd-urging-customers-to-consider-flood-insurance/']",[],0,0,0,['flood'],[],https://twitter.com/DisaWorldNews/status/585835688949587969,False,,0,,,,,,,,[],,,,
585834805406765056,585834805406765056,2015-04-08 12:01:16 EDT,2015-04-08,12:01:16,-0400,234861640,mifarmbureauins,FarmBureauInsurance,,The @NWS reports 5-20% flood risk for MI. We’re in good shape compared to 40-90% last spring. Be #flood smart:  http://t.co/vWZHZgJ5aM,en,"[{'screen_name': 'nws', 'name': 'national weather service', 'id': '454313925'}]",['http://1.usa.gov/1OVXXX3'],[],0,0,0,['flood'],[],https://twitter.com/mifarmbureauins/status/585834805406765056,False,,0,,,,,,,,[],,,,
585832993605943296,585832993605943296,2015-04-08 11:54:04 EDT,2015-04-08,11:54:04,-0400,197850646,millarcompany,David R. Millar,,Don't be afraid be prepared! Crazy Awesome Tips On Being Prepared For A Flood!  http://t.co/jD2pXvigjw #flood #russianriver,en,[],['http://buff.ly/19YO761'],[],0,2,0,"['flood', 'russianriver']",[],https://twitter.com/millarcompany/status/585832993605943296,False,,0,,,,,,,,[],,,,
585826284435075072,585826284435075072,2015-04-08 11:27:24 EDT,2015-04-08,11:27:24,-0400,1399867488,ucsshana,"Shana Udvardy, CFM","{'type': 'Point', 'coordinates': [38.9146946, -77.0338723]}",@ClimateCentral @johnupton: Here's how to fix the National #Flood #Insurance Program &amp; retreat from #coasts @NRDC  http://t.co/UsJFsu00tq,en,"[{'screen_name': 'johnupton', 'name': 'john upton', 'id': '17833557'}, {'screen_name': 'nrdc', 'name': 'nrdc 🌎🏡', 'id': '18713552'}]",['http://bit.ly/1DgrCW5'],[],0,0,0,"['flood', 'insurance', 'coasts']",[],https://twitter.com/UCSshana/status/585826284435075072,False,,0,,,,,,,,[],,,,
585826236691251200,585826236691251200,2015-04-08 11:27:13 EDT,2015-04-08,11:27:13,-0400,2587883436,maryalicenjtv,Mary Alice Williams,,#Flood control triggers a flood of questions. Tonight on #NJTVNews,en,[],[],[],0,0,0,"['flood', 'njtvnews']",[],https://twitter.com/MaryAliceNJTV/status/585826236691251200,False,,0,,,,,,,,[],,,,
585823901919354880,585823901919354880,2015-04-08 11:17:56 EDT,2015-04-08,11:17:56,-0400,306287076,info4alerts,Info4Disasters,,SEVERE WEATHER WARNINGS IN OH &amp; MO see Radar  http://t.co/8ktC8RIAqy #wx #weather #news #tornado #hail #flood #winds  http://t.co/Ibg9sw3dXu -,en,[],['http://www.Livewxradar.com'],['https://pbs.twimg.com/media/CCFDuwxVIAAElV4.png'],0,0,1,"['wx', 'weather', 'news', 'tornado', 'hail', 'flood', 'winds']",[],https://twitter.com/Info4Alerts/status/585823901919354880,False,,1,https://pbs.twimg.com/media/CCFDuwxVIAAElV4.png,,,,,,,[],,,,
585823897439768576,585823897439768576,2015-04-08 11:17:55 EDT,2015-04-08,11:17:55,-0400,183688400,livewxradar,Rob Delp Weather,,SEVERE WEATHER WARNINGS IN OH &amp; MO see Radar  http://t.co/OAgwGnqovG #wx #weather #news #tornado #hail #flood #winds  http://t.co/zD8nxvGgyj,en,[],['http://www.Livewxradar.com'],['https://pbs.twimg.com/media/CCFDuwxVIAAElV4.png'],0,0,0,"['wx', 'weather', 'news', 'tornado', 'hail', 'flood', 'winds']",[],https://twitter.com/livewxradar/status/585823897439768576,False,,1,https://pbs.twimg.com/media/CCFDuwxVIAAElV4.png,,,,,,,[],,,,
585823252985073665,585823252985073665,2015-04-08 11:15:22 EDT,2015-04-08,11:15:22,-0400,456865788,allanmargolin,Allan Margolin,,A MOVING CLIMATE? How #Flood Insurance Could Drive Americans From Coasts  http://t.co/M3SeCvKQYx via @ClimateCentral #climate,en,"[{'screen_name': 'climatecentral', 'name': 'climate central', 'id': '15463610'}]",['http://ow.ly/LkRxu'],[],0,0,0,"['flood', 'climate']",[],https://twitter.com/AllanMargolin/status/585823252985073665,False,,0,,,,,,,,[],,,,
585822247304200192,585822247304200192,2015-04-08 11:11:22 EDT,2015-04-08,11:11:22,-0400,413265036,haleyparks22,Haley,,@andy_hadley I'm putting in my request for #10000reasons for this week. It's been my favorite since my first #Flood here. 👍,en,[],[],[],0,0,0,"['10000reasons', 'flood']",[],https://twitter.com/Haleyparks22/status/585822247304200192,False,,0,,,,,,,,[],,,,
585819853921058816,585819853921058816,2015-04-08 11:01:51 EDT,2015-04-08,11:01:51,-0400,2585523085,disaworldnews,Disaster World News,,Georgetown turns to property owners for help with flood plan -  http://t.co/gUIT2a2yGQ  http://t.co/83AcyzU36N #Flood,en,[],"['http://KXAN.com', 'http://news.google.com/news/url?sa=t&fd=R&ct2=us&usg=AFQjCNGKTesrIQr0LfGe2TqJqbTb6cGtgw&clid=c3a7d30bb8a4878e06b80cf16b898331&ei=wkElVaC_H6KYmgLcvYHIAg&url=http://kxan.com/2015/04/08/georgetown-wants-to-keep-people-safe-during-heavy-rains/']",[],0,0,0,['flood'],[],https://twitter.com/DisaWorldNews/status/585819853921058816,False,,0,,,,,,,,[],,,,
585815565882814464,585815565882814464,2015-04-08 10:44:49 EDT,2015-04-08,10:44:49,-0400,175113947,usgs_kentucky,USGS Kentucky,,USGS scientist Wayne Eichert documenting high-water marks near lock 4 on the Kentucky River at Frankfort. #flood  http://t.co/VzMBh1ZGsG,en,[],[],['https://pbs.twimg.com/media/CCE8Jw9W4AAsEmp.jpg'],0,0,1,['flood'],[],https://twitter.com/USGS_Kentucky/status/585815565882814464,False,,1,https://pbs.twimg.com/media/CCE8Jw9W4AAsEmp.jpg,,,,,,,[],,,,
585813692614324224,585813692614324224,2015-04-08 10:37:22 EDT,2015-04-08,10:37:22,-0400,175170072,jeansteeley,Jean Steeley,,The Epic of Gilgamesh  http://t.co/YUsyyNGcjR Character analysis #Myth #Legend #flood,en,[],['http://www.shmoop.com/gilgamesh/'],[],0,0,0,"['myth', 'legend', 'flood']",[],https://twitter.com/jeansteeley/status/585813692614324224,False,,0,,,,,,,,[],,,,
585813528700821505,585813528700821505,2015-04-08 10:36:43 EDT,2015-04-08,10:36:43,-0400,64786050,ciresnews,CIRES Communication,,"Fungi thrived in flooded CO homes months after #flood waters receded, CIRES/@CUBoulder study:  http://t.co/PlKwvC1DDg",en,"[{'screen_name': 'cuboulder', 'name': 'cu boulder', 'id': '741150194'}]",['http://bit.ly/1FgGAO3'],[],0,0,0,['flood'],[],https://twitter.com/CIRESnews/status/585813528700821505,False,,0,,,,,,,,[],,,,
585809660893990912,585809660893990912,2015-04-08 10:21:21 EDT,2015-04-08,10:21:21,-0400,1536412436,globalfloodnews,GlobalFloodSystem,,#flood #disaster Cleanup begins after Friday floods - Journal-Times: Journal-TimesCleanup begins after Friday ...  http://t.co/gO6BjHSs1p,en,[],['http://bit.ly/1FgDdH9'],[],0,0,0,"['flood', 'disaster']",[],https://twitter.com/GlobalFloodNews/status/585809660893990912,False,,0,,,,,,,,[],,,,
585807746022428673,585807746022428673,2015-04-08 10:13:45 EDT,2015-04-08,10:13:45,-0400,2585523085,disaworldnews,Disaster World News,,La Grange voters overwhelmingly approve sale tax hike for flood relief - Chicago Tribune  http://t.co/gvCUIufVda #Flood,en,[],['http://news.google.com/news/url?sa=t&fd=R&ct2=us&usg=AFQjCNET3x9Cnb3JXPlGJCM3L_xXUfZJpg&clid=c3a7d30bb8a4878e06b80cf16b898331&ei=UDQlVdD5MIGMmgKC-YHQAw&url=http://www.chicagotribune.com/suburbs/la-grange/news/ct-dlg-sales-tax-referendum-tl-0409-20150408-story.html'],[],0,0,0,['flood'],[],https://twitter.com/DisaWorldNews/status/585807746022428673,False,,0,,,,,,,,[],,,,
585807315665813505,585807315665813505,2015-04-08 10:12:02 EDT,2015-04-08,10:12:02,-0400,467613031,herbcarver,Herb Carver,,Why Congress wanted to revamp the #flood #insurance program in 2014.  http://t.co/WH8GFjsTcQ via @Washingtonpost #adjuster,en,"[{'screen_name': 'washingtonpost', 'name': 'the washington post', 'id': '2467791'}]",['http://wpo.st/3YTA0'],[],0,0,0,"['flood', 'insurance', 'adjuster']",[],https://twitter.com/HerbCarver/status/585807315665813505,False,,0,,,,,,,,[],,,,
585805498810769408,585805498810769408,2015-04-08 10:04:49 EDT,2015-04-08,10:04:49,-0400,123940753,texan_insurance,Texan Insurance,,How to know what you're getting when you buy #flood #insurance  http://t.co/QSMz1lUkqR,en,[],['http://www.floodsmart.gov/floodsmart/pages/residential_coverage/understanding_the_basics.jsp?utm_source=s5_twitter_post&utm_medium=twitter&utm_campaign=s5_78701'],[],0,0,0,"['flood', 'insurance']",[],https://twitter.com/Texan_insurance/status/585805498810769408,False,,0,,,,,,,,[],,,,
585805042143354880,585805042143354880,2015-04-08 10:03:00 EDT,2015-04-08,10:03:00,-0400,1952701322,icehubme,ICEHub,,Looking for a better way to prepare? Look to #PrepareAthon for your #flood-prep toolkit needs! Read more at  http://t.co/pMSXr1nDpc,en,[],['http://1.usa.gov/1nCL2wj'],[],0,0,0,"['prepareathon', 'flood']",[],https://twitter.com/ICEHubMe/status/585805042143354880,False,,0,,,,,,,,[],,,,
585804569021698049,585804569021698049,2015-04-08 10:01:07 EDT,2015-04-08,10:01:07,-0400,128076975,evac2go,Evac2Go™,,Looking for a better way to prepare? Look to #PrepareAthon for your #flood-prep toolkit needs! Read more at  http://t.co/8tY7XgVmlp,en,[],['http://1.usa.gov/1nCL2wj'],[],0,0,0,"['prepareathon', 'flood']",[],https://twitter.com/Evac2Go/status/585804569021698049,False,,0,,,,,,,,[],,,,
585801835736391681,585801835736391681,2015-04-08 09:50:15 EDT,2015-04-08,09:50:15,-0400,90661065,aiblc1234,AI/BLC,,Rising Flood Insurance Rates: Building Resilience &amp; Protecting Affordable Housing:  http://t.co/Myk7gnCoLv #floodinsurance #flood #home,en,[],['http://ow.ly/Llgzs'],[],0,0,1,"['floodinsurance', 'flood', 'home']",[],https://twitter.com/AIBLC1234/status/585801835736391681,False,,0,,,,,,,,[],,,,
585800955670749184,570186258489712640,2015-04-08 09:46:46 EDT,2015-04-08,09:46:46,-0400,232447216,juliahart923,𝐽𝑢𝑙𝑖𝑎,,@Trincynna @middlejac @swat4hire @MamaVampR @0PsycheCat0 @GF006 @Scorcha75 @SanDiegoN8v Pretty much. #Flood,en,"[{'screen_name': 'middlejac', 'name': 'judi carpenter', 'id': '810245406'}, {'screen_name': '0psychecat0', 'name': 'psychecat', 'id': '2715971641'}, {'screen_name': 'gf006', 'name': 'geraldine #thanks for the memories daredevil', 'id': '163413198'}, {'screen_name': 'sandiegon8v', 'name': '🦁bloodyhellkaren🦈', 'id': '194021607'}]",[],[],1,1,2,['flood'],[],https://twitter.com/JuliaHart923/status/585800955670749184,False,,0,,,,,,,,[],,,,
585800517529415680,570186258489712640,2015-04-08 09:45:01 EDT,2015-04-08,09:45:01,-0400,38771902,trincynna,Nicole 😸🦇,,@JuliaHart923 @middlejac @swat4hire @MamaVampR @0PsycheCat0 @GF006 @Scorcha75 @SanDiegoN8v me too. Basically #Flood all over again😏,en,"[{'screen_name': 'middlejac', 'name': 'judi carpenter', 'id': '810245406'}, {'screen_name': '0psychecat0', 'name': 'psychecat', 'id': '2715971641'}, {'screen_name': 'gf006', 'name': 'geraldine #thanks for the memories daredevil', 'id': '163413198'}, {'screen_name': 'sandiegon8v', 'name': '🦁bloodyhellkaren🦈', 'id': '194021607'}]",[],[],1,1,3,['flood'],[],https://twitter.com/Trincynna/status/585800517529415680,False,,0,,,,,,,,[],,,,
585798699785265153,585798699785265153,2015-04-08 09:37:48 EDT,2015-04-08,09:37:48,-0400,2981511015,basecampconnect,Base Camp Connect,,New Interactive Storm-Surge Map Helps #residents See Potential #flood Risks @EmergencyMgtMag  http://t.co/oyuEsKVsUf,en,"[{'screen_name': 'emergencymgtmag', 'name': 'emergency management', 'id': '35778794'}]",['http://bit.ly/1a5eEig'],[],0,0,0,"['residents', 'flood']",[],https://twitter.com/BaseCampConnect/status/585798699785265153,False,,0,,,,,,,,[],,,,
585793088502812672,585793088502812672,2015-04-08 09:15:30 EDT,2015-04-08,09:15:30,-0400,394816774,martinecoates,Martine Coates,,1997 #marine #volcanics from #soufriere hills #volcano may be more similar to high-density #flood deposits. #science  http://t.co/FO2Yt2qAjb,en,[],[],['https://pbs.twimg.com/media/CCEntZuWYAAlV4u.png'],1,0,0,"['marine', 'volcanics', 'soufriere', 'volcano', 'flood', 'science']",[],https://twitter.com/MartineCoates/status/585793088502812672,False,,1,https://pbs.twimg.com/media/CCEntZuWYAAlV4u.png,,,,,,,[],,,,
585790632263815168,585790632263815168,2015-04-08 09:05:44 EDT,2015-04-08,09:05:44,-0400,264755551,comettwit,La comète,,@idarbwire #AXVQ #flood,und,[],[],[],0,0,0,"['axvq', 'flood']",[],https://twitter.com/comettwit/status/585790632263815168,False,,0,,,,,,,,[],,,,
585789398450507779,585789398450507779,2015-04-08 09:00:50 EDT,2015-04-08,09:00:50,-0400,2241042007,msc_frame,MSc Flood Risk @ University of Chester,,"#CPD #flood #resilience course feedback:""The session about how to engage the community was v. useful"" next course 16.04.15 - BOOK NOW!",en,[],[],[],0,0,0,"['cpd', 'flood', 'resilience']",[],https://twitter.com/MSc_FRAME/status/585789398450507779,False,,0,,,,,,,,[],,,,
585788683762212864,585788683762212864,2015-04-08 08:58:00 EDT,2015-04-08,08:58:00,-0400,415407467,floodschool,NationalFloodSchool,,#Buckskin #flood #cash #to #come #early  http://t.co/ezkGzF1qR5  http://t.co/nUB0Em7yxz,und,[],['http://www.floodzone.co.uk/articles/buckskin-flood-cash-to-come-early/'],['https://pbs.twimg.com/media/CCEjtBXWIAAhlUK.jpg'],0,0,0,"['buckskin', 'flood', 'cash', 'to', 'come', 'early']",[],https://twitter.com/FloodSchool/status/585788683762212864,False,,1,https://pbs.twimg.com/media/CCEjtBXWIAAhlUK.jpg,,,,,,,[],,,,
585782859538935810,585782859538935810,2015-04-08 08:34:51 EDT,2015-04-08,08:34:51,-0400,1975757360,faithcomesalive,Faith Comes Alive,,"Is the ""Flood Account"" in the Bible real? Maybe it was global or maybe Local  http://t.co/kR3PsbDuVr  #flood #bible  http://t.co/YqINzMfu11",en,[],['http://faithcomesalive.ca/maybe.htm'],['https://pbs.twimg.com/media/CCEeaAkUEAAt08B.png'],0,2,0,"['flood', 'bible']",[],https://twitter.com/faithcomesalive/status/585782859538935810,False,,1,https://pbs.twimg.com/media/CCEeaAkUEAAt08B.png,,,,,,,[],,,,
585775793676091392,585775793676091392,2015-04-08 08:06:47 EDT,2015-04-08,08:06:47,-0400,2585523085,disaworldnews,Disaster World News,,Suspected drunk driver crashes car into North Hollywood flood control channel - Los Angeles Times  http://t.co/NeU5StLyUD #Flood,en,[],['http://news.google.com/news/url?sa=t&fd=R&ct2=us&usg=AFQjCNFP85bs62roOM8KzgHfhCf5oFny3A&clid=c3a7d30bb8a4878e06b80cf16b898331&ei=nxclVcDYIaO1mQLQ4ICoAQ&url=http://www.latimes.com/local/lanow/la-me-ln-dui-driver-north-hollywood-20150408-story.html'],[],0,0,0,['flood'],[],https://twitter.com/DisaWorldNews/status/585775793676091392,False,,0,,,,,,,,[],,,,
585775767126204417,585775767126204417,2015-04-08 08:06:40 EDT,2015-04-08,08:06:40,-0400,300876599,wfp_europe,WFP Europe,,Timely #food aid from @WFP &amp; @eu_echo helped this young #flood survivor from #Bangladesh recover from #malnutrition  http://t.co/TtM25hZlwI,en,"[{'screen_name': 'wfp', 'name': 'world food programme', 'id': '27830610'}, {'screen_name': 'eu_echo', 'name': 'eu civil protection and humanitarian aid 🇪🇺', 'id': '470099591'}]",[],['https://pbs.twimg.com/media/CCEX81vVIAAFY3X.jpg'],0,7,4,"['food', 'flood', 'bangladesh', 'malnutrition']",[],https://twitter.com/WFP_Europe/status/585775767126204417,False,,1,https://pbs.twimg.com/media/CCEX81vVIAAFY3X.jpg,,,,,,,[],,,,
585774364651626496,585774364651626496,2015-04-08 08:01:06 EDT,2015-04-08,08:01:06,-0400,2588315462,stopeasternpa,STOP Eastern PA,,"Tip: In the event of a #flood warning, disconnect electronics and move valuables to the 2nd floor.  http://t.co/zzYjX5jXXo",en,[],[],['https://pbs.twimg.com/media/CCEWrkTWIAAJNxF.jpg'],0,0,0,['flood'],[],https://twitter.com/STOPEasternPA/status/585774364651626496,False,,1,https://pbs.twimg.com/media/CCEWrkTWIAAJNxF.jpg,,,,,,,[],,,,
585773878431068162,585773878431068162,2015-04-08 07:59:10 EDT,2015-04-08,07:59:10,-0400,561204083,stranger_poetry,stranger,,as in [the parable of] days before the #flood they were marrying &amp; giving in marriage &amp; knew NOT - so shall also be the coming  [Matt 24:38],en,[],[],[],0,0,0,['flood'],[],https://twitter.com/stranger_poetry/status/585773878431068162,False,,0,,,,,,,,[],,,,
585773170692661248,585773170692661248,2015-04-08 07:56:21 EDT,2015-04-08,07:56:21,-0400,1433185729,flood_list,FloodList,,"After the #flood in #Chañaral, Chile. Photo: Armando Godoyl  http://t.co/miJh7NvleA  http://t.co/I7f79wQjq0",en,[],['http://floodlist.com/america/northern-chile-floods-march-2015-facts-figures-and-photos'],['https://pbs.twimg.com/media/CCEVmCHWAAAqRQm.jpg'],0,1,0,"['flood', 'chañaral']",[],https://twitter.com/Flood_List/status/585773170692661248,False,,1,https://pbs.twimg.com/media/CCEVmCHWAAAqRQm.jpg,,,,,,,[],,,,
585772634920636416,585772634920636416,2015-04-08 07:54:13 EDT,2015-04-08,07:54:13,-0400,142614009,bbcweather,BBC Weather,,"USA: Heavy rain triggered a flash #flood in St. Louis, #Missouri on 7th April. Jo  http://t.co/AOATtvYJq9",en,[],[],"['https://pbs.twimg.com/media/CCEVG1WWYAAae6-.jpg', 'https://pbs.twimg.com/media/CCEVG2-W0AACtUg.jpg', 'https://pbs.twimg.com/media/CCEVG1kW8AEWKRH.jpg', 'https://pbs.twimg.com/media/CCEVG2RWIAAe0Rq.jpg']",1,10,7,"['flood', 'missouri']",[],https://twitter.com/bbcweather/status/585772634920636416,False,,1,https://pbs.twimg.com/media/CCEVG1WWYAAae6-.jpg,,,,,,,[],,,,
585771507504250880,585771507504250880,2015-04-08 07:49:45 EDT,2015-04-08,07:49:45,-0400,1246232677,h2odragansavic,Dragan Savic,,#Opensource #publication: Fast #2D #flood #simulation #model  http://t.co/uuY5ylLh8L via @researchgate,en,"[{'screen_name': 'researchgate', 'name': 'researchgate', 'id': '18237848'}]",['http://www.researchgate.net/publication/257164480'],[],0,0,1,"['opensource', 'publication', '2d', 'flood', 'simulation', 'model']",[],https://twitter.com/H2ODraganSavic/status/585771507504250880,False,,0,,,,,,,,[],,,,
585771411974856705,585771411974856705,2015-04-08 07:49:22 EDT,2015-04-08,07:49:22,-0400,1650808657,emotorcars,Earth MotorCars,,Crazy #Fire #Truck driving through #flood! Would you do this? #earthmotorcars  http://t.co/WzHHOAzjYN,en,[],['http://fb.me/6nKPtplIZ'],[],0,0,0,"['fire', 'truck', 'flood', 'earthmotorcars']",[],https://twitter.com/EMotorcars/status/585771411974856705,False,,0,,,,,,,,[],,,,
585771113021448193,585771113021448193,2015-04-08 07:48:11 EDT,2015-04-08,07:48:11,-0400,1536412436,globalfloodnews,GlobalFloodSystem,,#flood #disaster Police department floods ... again - Daily Journal Online: Daily Journal OnlinePolice departm...  http://t.co/vrQuZuC8D4,en,[],['http://bit.ly/1N8to2a'],[],0,0,0,"['flood', 'disaster']",[],https://twitter.com/GlobalFloodNews/status/585771113021448193,False,,0,,,,,,,,[],,,,
585770814013710337,585770814013710337,2015-04-08 07:46:59 EDT,2015-04-08,07:46:59,-0400,804609882,floodservicesca,FloodServices Canada,,"TRCA has adopted new terminology for #flood messages that is being used across, #Ontario. See more at  http://t.co/soClFE3uND",en,[],['http://goo.gl/rQ1rvo'],[],0,0,0,"['flood', 'ontario']",[],https://twitter.com/FloodServicesCa/status/585770814013710337,False,,0,,,,,,,,[],,,,
585769760626835456,585769760626835456,2015-04-08 07:42:48 EDT,2015-04-08,07:42:48,-0400,1358581064,danewyorktimez,Da NY Timez Gangsta,,Yo! One Street Artist Is Calling Out Bill Cosby All Around    http://t.co/a2Le5AajnX  #bill #flood #york #photo,en,[],['http://www.danewyorktimez.com/2015/04/03/one-street-artist-is-calling-out-bill-cosby-all-around-new-york/'],[],0,0,0,"['bill', 'flood', 'york', 'photo']",[],https://twitter.com/DaNewYorkTimez/status/585769760626835456,False,,0,,,,,,,,[],,,,
585767874897321984,585767874897321984,2015-04-08 07:35:19 EDT,2015-04-08,07:35:19,-0400,1411036152,purcontents,PurContents,,#Flood insurance is not the same as #homeowner's insurance.  Make sure you're covered.,en,[],[],[],0,0,0,"['flood', 'homeowner']",[],https://twitter.com/PurContents/status/585767874897321984,False,,0,,,,,,,,[],,,,
585767837823795200,585767837823795200,2015-04-08 07:35:10 EDT,2015-04-08,07:35:10,-0400,572523060,onejos,Onejos,,@idarbwire #IGLM #anytime #barrel #block #boat #bomb #boo #breadbox #cake #chum #clown #decoy #dopples #error #fireworks #fizz #flood,und,[],[],[],0,0,0,"['iglm', 'anytime', 'barrel', 'block', 'boat', 'bomb', 'boo', 'breadbox', 'cake', 'chum', 'clown', 'decoy', 'dopples', 'error', 'fireworks', 'fizz', 'flood']",[],https://twitter.com/Onejos/status/585767837823795200,False,,0,,,,,,,,[],,,,
585767283043217408,585767283043217408,2015-04-08 07:32:57 EDT,2015-04-08,07:32:57,-0400,572523060,onejos,Onejos,,@idarbwire #IGLM #flood,und,[],[],[],0,0,0,"['iglm', 'flood']",[],https://twitter.com/Onejos/status/585767283043217408,False,,0,,,,,,,,[],,,,
585762137215205377,585762137215205377,2015-04-08 07:12:31 EDT,2015-04-08,07:12:31,-0400,40877535,naomijauneaud,Naomi JAUNEAUD,,#herbiehancock #flood #liveinjapan  https://t.co/dJyhkKpm6S,und,[],['https://instagram.com/p/1NjpOzliHK/'],[],0,0,0,"['herbiehancock', 'flood', 'liveinjapan']",[],https://twitter.com/NaomiJauneaud/status/585762137215205377,False,,0,,,,,,,,[],,,,
585759747380490240,585759747380490240,2015-04-08 07:03:01 EDT,2015-04-08,07:03:01,-0400,1358081534,brooklynltrgrp,Brooklyn LTRG🌈,,Would you sell your house to the government after a #flood event? #Sandy...  http://t.co/UAGWDPraDt,en,[],['http://fb.me/1Qi5MuJaU'],[],0,0,0,"['flood', 'sandy']",[],https://twitter.com/BrooklynLTRGrp/status/585759747380490240,False,,0,,,,,,,,[],,,,
585754437702000641,585754437702000641,2015-04-08 06:41:55 EDT,2015-04-08,06:41:55,-0400,229964761,frudex,Vlad Larichev 🇷🇺🇩🇪🇪🇺🌍,,New Interactive Storm-Surge Map Helps Residents See Potential #Flood Risks  http://t.co/HEFtmYjq3u,en,[],['http://www.emergencymgmt.com/disaster/New-Interactive-Storm-Surge-Map-Potential-Flood-Risks.html'],[],0,0,1,['flood'],[],https://twitter.com/frudex/status/585754437702000641,False,,0,,,,,,,,[],,,,
585753509276082176,585753509276082176,2015-04-08 06:38:14 EDT,2015-04-08,06:38:14,-0400,338433674,chinavitae,ChinaVitae,,Wang Yang says China faces tough task of flood control and draught relief as experts predicted more bad weather #flood #china,en,[],[],[],0,0,0,"['flood', 'china']",[],https://twitter.com/ChinaVitae/status/585753509276082176,False,,0,,,,,,,,[],,,,
585749127872421888,585749127872421888,2015-04-08 06:20:49 EDT,2015-04-08,06:20:49,-0400,464490846,thenakedfarmers,Sophie Love 🎧🎤👩‍🌾,,#Trutles sunbathing after the #flood. #wildoz  http://t.co/6OWf1idf58,en,[],[],['https://pbs.twimg.com/media/CCD_uNSUgAA-K2s.jpg'],0,1,0,"['trutles', 'flood', 'wildoz']",[],https://twitter.com/TheNakedFarmers/status/585749127872421888,False,,1,https://pbs.twimg.com/media/CCD_uNSUgAA-K2s.jpg,,,,,,,[],,,,
585741467425079297,585741467425079297,2015-04-08 05:50:23 EDT,2015-04-08,05:50:23,-0400,278573305,engnaturesway,Hydro International,,CASE STUDY: Rural storage areas and giant flow control devices hold back 571m gallons of #flood water in Glasgow  http://t.co/6WGxHPDej4,en,[],['http://ow.ly/L7ker'],[],1,1,2,['flood'],[],https://twitter.com/engnaturesway/status/585741467425079297,False,,0,,,,,,,,[],,,,
585738107372318720,585738107372318720,2015-04-08 05:37:01 EDT,2015-04-08,05:37:01,-0400,386437530,yannorpheus,Orpheus,,Fin du #Flood #PolitiqueDeComptoirDeCafé... Désolé pour la gène occasionnée... Merci de votre compréhension... Toussa...,fr,[],[],[],3,1,4,"['flood', 'politiquedecomptoirdecafé']",[],https://twitter.com/YannOrpheus/status/585738107372318720,False,,0,,,,,,,,[],,,,
585737741737955328,585737741737955328,2015-04-08 05:35:34 EDT,2015-04-08,05:35:34,-0400,1536412436,globalfloodnews,GlobalFloodSystem,,"#flood #disaster Lightning storms, deluge of hail and flash floods swamp central United States - Daily Mail: D...  http://t.co/Wlc9vOdhlO",en,[],['http://bit.ly/1akdorS'],[],0,0,0,"['flood', 'disaster']",[],https://twitter.com/GlobalFloodNews/status/585737741737955328,False,,0,,,,,,,,[],,,,
585737740970565633,585737740970565633,2015-04-08 05:35:34 EDT,2015-04-08,05:35:34,-0400,1536412436,globalfloodnews,GlobalFloodSystem,,#flood #disaster Fears of more floods in Diego Martin - Trinidad Guardian: Trinidad GuardianFears of more floo...  http://t.co/RE4OlvMLBO,en,[],['http://bit.ly/1akdorQ'],[],0,0,0,"['flood', 'disaster']",[],https://twitter.com/GlobalFloodNews/status/585737740970565633,False,,0,,,,,,,,[],,,,
585731924343271424,585731924343271424,2015-04-08 05:12:27 EDT,2015-04-08,05:12:27,-0400,2585523085,disaworldnews,Disaster World News,,Rains to continue through flood awareness week - Towanda Daily Review  http://t.co/nSYqb0fR2R #Flood,en,[],['http://news.google.com/news/url?sa=t&fd=R&ct2=us&usg=AFQjCNH1dRx9uheYXVSbtbueT9_p5w2y6w&clid=c3a7d30bb8a4878e06b80cf16b898331&ei=m-0kVdDcEIzhmALiv4HIDg&url=http://thedailyreview.com/news/rains-to-continue-through-flood-awareness-week-1.1859925'],[],0,0,0,['flood'],[],https://twitter.com/DisaWorldNews/status/585731924343271424,False,,0,,,,,,,,[],,,,
585728838036037632,585728838036037632,2015-04-08 05:00:11 EDT,2015-04-08,05:00:11,-0400,2241042007,msc_frame,MSc Flood Risk @ University of Chester,,"#CPD #flood #resilience course feedback:""Policy developments outlined by the @NatFloodForum were useful"" next course 16.04.15 book now!",en,"[{'screen_name': 'natfloodforum', 'name': 'national flood forum', 'id': '91701282'}]",[],[],0,0,0,"['cpd', 'flood', 'resilience']",[],https://twitter.com/MSc_FRAME/status/585728838036037632,False,,0,,,,,,,,[],,,,
585728837385879553,585728837385879553,2015-04-08 05:00:11 EDT,2015-04-08,05:00:11,-0400,2241042007,msc_frame,MSc Flood Risk @ University of Chester,,Interested in #flood modelling but don't know where to start?Join our Introductory course on 29/06/15 £236 - books up fast don't miss out!,en,[],[],[],0,1,4,['flood'],[],https://twitter.com/MSc_FRAME/status/585728837385879553,False,,0,,,,,,,,[],,,,
585728276431249408,585728276431249408,2015-04-08 04:57:58 EDT,2015-04-08,04:57:58,-0400,2179674433,coastalp_uk,Coastal Partners,,New #flood defences at #Anchorage Park to be built soon - look out for more updates @portsmouthtoday @PortsmthNewsHub  http://t.co/ASukvD3fUg,en,"[{'screen_name': 'portsmouthtoday', 'name': 'portsmouth city council', 'id': '119695706'}]",[],['https://pbs.twimg.com/media/CCDswzeWEAA5G1p.jpg'],0,0,0,"['flood', 'anchorage']",[],https://twitter.com/CoastalP_UK/status/585728276431249408,False,,1,https://pbs.twimg.com/media/CCDswzeWEAA5G1p.jpg,,,,,,,[],,,,
585727602968678400,585727602968678400,2015-04-08 04:55:17 EDT,2015-04-08,04:55:17,-0400,865361,memoristic,Pierre Ristic 🌻,,Notez que le 16/9 passe pas au niveau de tous les pixels #narmol   https://t.co/noIsyRBxl6 #test #CM #flood  http://t.co/sZXl8tkVhe,fr,[],['https://www.dropbox.com/s/ql3v2mgrhk3wplt/Grilles-album-twitter.zip'],['https://pbs.twimg.com/media/CCDsJmiWEAA-7xW.png'],0,0,0,"['narmol', 'test', 'cm', 'flood']",[],https://twitter.com/memoristic/status/585727602968678400,False,,1,https://pbs.twimg.com/media/CCDsJmiWEAA-7xW.png,,,,,,,[],,,,
585725526171643904,585725526171643904,2015-04-08 04:47:02 EDT,2015-04-08,04:47:02,-0400,865361,memoristic,Pierre Ristic 🌻,,Je teste l'alignement des albums avec 1 cochon paysage et 2 portraits  https://t.co/noIsyRBxl6 #test #CM #flood  http://t.co/ng0C1z7umB,fr,[],['https://www.dropbox.com/s/ql3v2mgrhk3wplt/Grilles-album-twitter.zip'],"['https://pbs.twimg.com/media/CCDqQtsXIAATYXN.jpg', 'https://pbs.twimg.com/media/CCDqQjtW0AIQDRM.jpg', 'https://pbs.twimg.com/media/CCDqQjbW8AA6EQw.jpg']",1,0,0,"['test', 'cm', 'flood']",[],https://twitter.com/memoristic/status/585725526171643904,False,,1,https://pbs.twimg.com/media/CCDqQtsXIAATYXN.jpg,,,,,,,[],,,,
585724736224829440,585724736224829440,2015-04-08 04:43:54 EDT,2015-04-08,04:43:54,-0400,865361,memoristic,Pierre Ristic 🌻,,Je teste l'alignement des albums avec 1 visage paysage et 2 portraits  https://t.co/noIsyRBxl6 #test #CM #flood  http://t.co/v2SlZqvY9p,fr,[],['https://www.dropbox.com/s/ql3v2mgrhk3wplt/Grilles-album-twitter.zip'],"['https://pbs.twimg.com/media/CCDpivVWYAEEWmK.jpg', 'https://pbs.twimg.com/media/CCDpipmW4AA3g4J.jpg', 'https://pbs.twimg.com/media/CCDpiq5WIAAsVZA.jpg']",1,0,0,"['test', 'cm', 'flood']",[],https://twitter.com/memoristic/status/585724736224829440,False,,1,https://pbs.twimg.com/media/CCDpivVWYAEEWmK.jpg,,,,,,,[],,,,
585723608921681921,585723608921681921,2015-04-08 04:39:25 EDT,2015-04-08,04:39:25,-0400,865361,memoristic,Pierre Ristic 🌻,,Je teste l'alignement des albums twitter avec 1 objet paysage et 2 portraits  https://t.co/noIsyRBxl6 #test #CM #flood  http://t.co/dcBklvJLyy,fr,[],['https://www.dropbox.com/s/ql3v2mgrhk3wplt/Grilles-album-twitter.zip'],"['https://pbs.twimg.com/media/CCDohH3WAAA2q7q.jpg', 'https://pbs.twimg.com/media/CCDog_JWEAATrDP.jpg', 'https://pbs.twimg.com/media/CCDohC2W4AEYalJ.jpg']",1,0,0,"['test', 'cm', 'flood']",[],https://twitter.com/memoristic/status/585723608921681921,False,,1,https://pbs.twimg.com/media/CCDohH3WAAA2q7q.jpg,,,,,,,[],,,,
585722694861254657,585722694861254657,2015-04-08 04:35:47 EDT,2015-04-08,04:35:47,-0400,415407467,floodschool,NationalFloodSchool,,#Flood prevention work will #benefit 140 homes in #Tyneside  http://t.co/vGp2eu0WyL  http://t.co/qcigovD6ZF,en,[],['http://www.shieldsgazette.com/news/local-news/flood-prevention-work-will-benefit-140-homes-1-7197530'],['https://pbs.twimg.com/media/CCDnr1SUIAAOpeP.jpg'],0,0,0,"['flood', 'benefit', 'tyneside']",[],https://twitter.com/FloodSchool/status/585722694861254657,False,,1,https://pbs.twimg.com/media/CCDnr1SUIAAOpeP.jpg,,,,,,,[],,,,
585721056477982721,585721056477982721,2015-04-08 04:29:16 EDT,2015-04-08,04:29:16,-0400,865361,memoristic,Pierre Ristic 🌻,,Je teste l'alignement des albums twitter avec 4 portraits dont 1 objet  https://t.co/noIsyRBxl6 #test #CM #flood  http://t.co/NMPGEIJgQm,fr,[],['https://www.dropbox.com/s/ql3v2mgrhk3wplt/Grilles-album-twitter.zip'],"['https://pbs.twimg.com/media/CCDmMilWgAECu1d.jpg', 'https://pbs.twimg.com/media/CCDmMD6WMAA2-wD.jpg', 'https://pbs.twimg.com/media/CCDmMFGWEAENP1y.jpg', 'https://pbs.twimg.com/media/CCDmMC9WgAAqqPC.jpg']",0,0,0,"['test', 'cm', 'flood']",[],https://twitter.com/memoristic/status/585721056477982721,False,,1,https://pbs.twimg.com/media/CCDmMilWgAECu1d.jpg,,,,,,,[],,,,
585719776850345984,585719776850345984,2015-04-08 04:24:11 EDT,2015-04-08,04:24:11,-0400,865361,memoristic,Pierre Ristic 🌻,,Je teste l'alignement des albums twitter avec 4 portraits dont 1 cochon  https://t.co/noIsyRBxl6 #test #CM #flood  http://t.co/jr0KQEmaLK,fr,[],['https://www.dropbox.com/s/ql3v2mgrhk3wplt/Grilles-album-twitter.zip'],"['https://pbs.twimg.com/media/CCDlCC4W0AATlBA.jpg', 'https://pbs.twimg.com/media/CCDlBWWW0AAvroR.jpg', 'https://pbs.twimg.com/media/CCDlBdmWAAE6hRW.jpg', 'https://pbs.twimg.com/media/CCDlBWGWEAAG5Oa.jpg']",2,0,0,"['test', 'cm', 'flood']",[],https://twitter.com/memoristic/status/585719776850345984,False,,1,https://pbs.twimg.com/media/CCDlCC4W0AATlBA.jpg,,,,,,,[],,,,
585718937108746240,585718937108746240,2015-04-08 04:20:51 EDT,2015-04-08,04:20:51,-0400,865361,memoristic,Pierre Ristic 🌻,,Je teste l'alignement des albums twitter avec 4 paysages dont 1 cochon  https://t.co/noIsyRBxl6 #test #CM #flood #algo  http://t.co/joegn21jTa,fr,[],['https://www.dropbox.com/s/ql3v2mgrhk3wplt/Grilles-album-twitter.zip'],"['https://pbs.twimg.com/media/CCDkRMJW0AAXOsx.jpg', 'https://pbs.twimg.com/media/CCDkQ9KWYAAnsW3.jpg', 'https://pbs.twimg.com/media/CCDkQ8_WAAA63Mw.jpg', 'https://pbs.twimg.com/media/CCDkQ4wXIAEGUVo.jpg']",1,0,2,"['test', 'cm', 'flood', 'algo']",[],https://twitter.com/memoristic/status/585718937108746240,False,,1,https://pbs.twimg.com/media/CCDkRMJW0AAXOsx.jpg,,,,,,,[],,,,
585717342174326784,585717342174326784,2015-04-08 04:14:31 EDT,2015-04-08,04:14:31,-0400,865361,memoristic,Pierre Ristic 🌻,,Je teste l'alignement des albums twitter avec 4 paysages dont un objet   https://t.co/noIsyRBxl6 #test #CM #flood  http://t.co/vXHUL3B2v8,fr,[],['https://www.dropbox.com/s/ql3v2mgrhk3wplt/Grilles-album-twitter.zip'],"['https://pbs.twimg.com/media/CCDi0YIWIAA5jqw.jpg', 'https://pbs.twimg.com/media/CCDi0GTW4AAEYex.jpg', 'https://pbs.twimg.com/media/CCDi0JXWgAABc78.jpg', 'https://pbs.twimg.com/media/CCDi0FeXIAA-fLO.jpg']",1,0,0,"['test', 'cm', 'flood']",[],https://twitter.com/memoristic/status/585717342174326784,False,,1,https://pbs.twimg.com/media/CCDi0YIWIAA5jqw.jpg,,,,,,,[],,,,
585713518084759553,585711167412297730,2015-04-08 03:59:19 EDT,2015-04-08,03:59:19,-0400,865361,memoristic,Pierre Ristic 🌻,,Je teste l'alignement des albums twitter avec 4 portraits dont 1 @tomg_  https://t.co/C2Bh4eO4gR … #test #CM #flood  http://t.co/RnwAMZNuoY,fr,"[{'screen_name': 'tomg_', 'name': 'thomas gouritin', 'id': '19712036'}]",['https://www.dropbox.com/s/ql3v2mgrhk3wplt/Grilles-album-twitter.zip?dl=0'],"['https://pbs.twimg.com/media/CCDfVvZXIAAiiF_.jpg', 'https://pbs.twimg.com/media/CCDfVl4WEAEXJCh.jpg', 'https://pbs.twimg.com/media/CCDfVkdXIAAUAVa.jpg', 'https://pbs.twimg.com/media/CCDfVikW0AAhO2d.jpg']",1,0,1,"['test', 'cm', 'flood']",[],https://twitter.com/memoristic/status/585713518084759553,False,,1,https://pbs.twimg.com/media/CCDfVvZXIAAiiF_.jpg,,,,,,,[],,,,
585712970279313409,585712970279313409,2015-04-08 03:57:08 EDT,2015-04-08,03:57:08,-0400,232657094,emerg_nc,@EMERG_NC,,@jmlytton13 Thank you for Following @EMERG_NC  http://t.co/xajjc5hBvm 919 EMERG NC #water #flood #fire #damage  http://t.co/UBVaXku64B,en,"[{'screen_name': 'emerg_nc', 'name': '@emerg_nc', 'id': '232657094'}]",['http://emerg-nc.com'],['https://pbs.twimg.com/media/CCDeLIPWEAAXGEm.jpg'],0,0,0,"['water', 'flood', 'fire', 'damage']",[],https://twitter.com/EMERG_NC/status/585712970279313409,False,,1,https://pbs.twimg.com/media/CCDeLIPWEAAXGEm.jpg,,,,,,,[],,,,
585712668364902400,585712668364902400,2015-04-08 03:55:56 EDT,2015-04-08,03:55:56,-0400,232657094,emerg_nc,@EMERG_NC,,@BadAdvisorDog Thank you for Following @EMERG_NC  http://t.co/xajjc5hBvm 919 EMERG NC #water #flood #fire #damage  http://t.co/UBVaXku64B,en,"[{'screen_name': 'emerg_nc', 'name': '@emerg_nc', 'id': '232657094'}]",['http://emerg-nc.com'],['https://pbs.twimg.com/media/CCDeLIPWEAAXGEm.jpg'],0,0,0,"['water', 'flood', 'fire', 'damage']",[],https://twitter.com/EMERG_NC/status/585712668364902400,False,,1,https://pbs.twimg.com/media/CCDeLIPWEAAXGEm.jpg,,,,,,,[],,,,
585712477939363841,585712477939363841,2015-04-08 03:55:11 EDT,2015-04-08,03:55:11,-0400,865361,memoristic,Pierre Ristic 🌻,,Je teste l'alignement des albums twitter avec 1 paysage puis 2 portraits   https://t.co/noIsyRBxl6 #test #CM #flood  http://t.co/QsAWrzxE2r,fr,[],['https://www.dropbox.com/s/ql3v2mgrhk3wplt/Grilles-album-twitter.zip'],"['https://pbs.twimg.com/media/CCDeY2GWgAIvkCt.jpg', 'https://pbs.twimg.com/media/CCDeZK_W4AAcdnE.jpg', 'https://pbs.twimg.com/media/CCDeZNvWEAARHd1.jpg']",0,0,1,"['test', 'cm', 'flood']",[],https://twitter.com/memoristic/status/585712477939363841,False,,1,https://pbs.twimg.com/media/CCDeY2GWgAIvkCt.jpg,,,,,,,[],,,,
585712236422889472,585710642360950784,2015-04-08 03:54:13 EDT,2015-04-08,03:54:13,-0400,232657094,emerg_nc,@EMERG_NC,,@lmccormick227 Thank you for Following @EMERG_NC  http://t.co/xajjc5hBvm 919 EMERG NC #water #flood #fire #damage  http://t.co/UBVaXku64B,en,"[{'screen_name': 'emerg_nc', 'name': '@emerg_nc', 'id': '232657094'}]",['http://emerg-nc.com'],['https://pbs.twimg.com/media/CCDeLIPWEAAXGEm.jpg'],0,0,0,"['water', 'flood', 'fire', 'damage']",[],https://twitter.com/EMERG_NC/status/585712236422889472,False,,1,https://pbs.twimg.com/media/CCDeLIPWEAAXGEm.jpg,,,,,,,[],,,,
585712048111296512,585712048111296512,2015-04-08 03:53:28 EDT,2015-04-08,03:53:28,-0400,2353572371,bishop1023,CEO Of 10/23™,,#Flood RT❗️🔥#NewMusic🔥 by @uptdot #YouDidntKnow #WeWorking #Support  https://t.co/Tf6q8m5fc8  #YouWillNotBeDisappointed,en,"[{'screen_name': 'uptdot', 'name': 'vrh', 'id': '2238301909'}]",['https://soundcloud.com/uptdot_1400/dot-you-didnt-know-ft-tjay-the-poet'],[],0,0,0,"['flood', 'newmusic', 'youdidntknow', 'weworking', 'support', 'youwillnotbedisappointed']",[],https://twitter.com/bishop1023/status/585712048111296512,False,,0,,,,,,,,[],,,,
585711841424322560,585711841424322560,2015-04-08 03:52:39 EDT,2015-04-08,03:52:39,-0400,865361,memoristic,Pierre Ristic 🌻,,Je teste l'alignement des albums twitter avec 1 portrait puis 2 paysages  https://t.co/noIsyRBxl6  #test #CM #flood  http://t.co/BzE5hTtyhA,fr,[],['https://www.dropbox.com/s/ql3v2mgrhk3wplt/Grilles-album-twitter.zip'],"['https://pbs.twimg.com/media/CCDdzsOWYAIwkCI.jpg', 'https://pbs.twimg.com/media/CCDd0LGWgAI-7us.jpg', 'https://pbs.twimg.com/media/CCDd0JSW0AQUlcx.jpg']",0,0,0,"['test', 'cm', 'flood']",[],https://twitter.com/memoristic/status/585711841424322560,False,,1,https://pbs.twimg.com/media/CCDdzsOWYAIwkCI.jpg,,,,,,,[],,,,
585711516701306880,585711516701306880,2015-04-08 03:51:22 EDT,2015-04-08,03:51:22,-0400,865361,memoristic,Pierre Ristic 🌻,,Je teste l'alignement des albums twitter avec 4 images paysage de 16/9  https://t.co/C2Bh4eO4gR #test #CM #flood  http://t.co/h31hoOwV25,fr,[],['https://www.dropbox.com/s/ql3v2mgrhk3wplt/Grilles-album-twitter.zip?dl=0'],"['https://pbs.twimg.com/media/CCDdgj1XIAETN1v.jpg', 'https://pbs.twimg.com/media/CCDdhMqW0AAHFV2.jpg', 'https://pbs.twimg.com/media/CCDdhLSW0AEWXxF.jpg', 'https://pbs.twimg.com/media/CCDdhI9WAAEYtPj.jpg']",0,0,0,"['test', 'cm', 'flood']",[],https://twitter.com/memoristic/status/585711516701306880,False,,1,https://pbs.twimg.com/media/CCDdgj1XIAETN1v.jpg,,,,,,,[],,,,
585711167412297730,585711167412297730,2015-04-08 03:49:58 EDT,2015-04-08,03:49:58,-0400,865361,memoristic,Pierre Ristic 🌻,,Je teste l'alignement des albums twitter avec 4 images verticales de 16/9  https://t.co/C2Bh4eO4gR #test #CM #flood  http://t.co/Oeg64ms0Wi,fr,[],['https://www.dropbox.com/s/ql3v2mgrhk3wplt/Grilles-album-twitter.zip?dl=0'],"['https://pbs.twimg.com/media/CCDdMLcWEAAzka2.jpg', 'https://pbs.twimg.com/media/CCDdM1kW4AAqQJ7.jpg', 'https://pbs.twimg.com/media/CCDdM3UWIAI2hVn.jpg', 'https://pbs.twimg.com/media/CCDdM2sWIAEQ19T.jpg']",1,0,0,"['test', 'cm', 'flood']",[],https://twitter.com/memoristic/status/585711167412297730,False,,1,https://pbs.twimg.com/media/CCDdMLcWEAAzka2.jpg,,,,,,,[],,,,
585707359374331906,585707359374331906,2015-04-08 03:34:51 EDT,2015-04-08,03:34:51,-0400,2837789694,royalexpertgrp,Royal Expert™ Group,,"#Malaysia #Kelantan.End of 2014, 23 people were killed in the #flood and over 200K people evacuated from their homes.  http://t.co/ocB5pri9jW",en,[],[],['https://pbs.twimg.com/media/CCDZvQbW4AA4cuS.jpg'],0,1,1,"['malaysia', 'kelantan', 'flood']",[],https://twitter.com/RoyalExpertGrp/status/585707359374331906,False,,1,https://pbs.twimg.com/media/CCDZvQbW4AA4cuS.jpg,,,,,,,[],,,,
585706483393961984,585706483393961984,2015-04-08 03:31:22 EDT,2015-04-08,03:31:22,-0400,2837789694,royalexpertgrp,Royal Expert™ Group,,CSR program conducted by Ortus Expert White #Malaysia #Kelantan #Flood  https://t.co/cwRdsU25Jc  http://t.co/Um0l39K4aa  http://t.co/amDumtoM6I,en,[],"['https://www.facebook.com/OfficialRoyalExpertGroup', 'http://royalexpertgroup.com/']",['https://pbs.twimg.com/media/CCDY8RPWIAQY_EZ.jpg'],0,1,1,"['malaysia', 'kelantan', 'flood']",[],https://twitter.com/RoyalExpertGrp/status/585706483393961984,False,,1,https://pbs.twimg.com/media/CCDY8RPWIAQY_EZ.jpg,,,,,,,[],,,,
585705926184828928,585705926184828928,2015-04-08 03:29:09 EDT,2015-04-08,03:29:09,-0400,18761095,nickziade,Nick Ziade,,#flood #travelling #work #bangkok  Beautiful day lol  https://t.co/TjKBBfm7UN,en,[],['https://instagram.com/p/1NKFSYNHZr/'],[],0,0,0,"['flood', 'travelling', 'work', 'bangkok']",[],https://twitter.com/nickziade/status/585705926184828928,False,,0,,,,,,,,[],,,,
585698794777481217,585698794777481217,2015-04-08 03:00:49 EDT,2015-04-08,03:00:49,-0400,593187118,aidr_news,AIDR,,"New @BREWatford research program tackles built environment #resilience, esp. regarding #flood, wind &amp; overheating  http://t.co/MhlO09qwjz",en,"[{'screen_name': 'brewatford', 'name': 'breanne atford', 'id': '4864006282'}]",['http://ow.ly/Lkljv'],[],0,2,1,"['resilience', 'flood']",[],https://twitter.com/AIDR_News/status/585698794777481217,False,,0,,,,,,,,[],,,,
585697829978578944,585697829978578944,2015-04-08 02:56:59 EDT,2015-04-08,02:56:59,-0400,404093275,australianwarni,Australianwarnings,,#Victoria #Flood #VIC #CTCorp Update:~~4:51 pm  Minor Flood Warning for the Snow...: #Victoria #Flood #VIC #CT...  http://t.co/gNwX9JWkAX,en,[],['http://on.fb.me/1CmoQtA'],[],0,1,0,"['victoria', 'flood', 'vic', 'ctcorp', 'victoria', 'flood', 'vic', 'ct']",[],https://twitter.com/Australianwarni/status/585697829978578944,False,,0,,,,,,,,[],,,,
585697821917110272,585697821917110272,2015-04-08 02:56:57 EDT,2015-04-08,02:56:57,-0400,404093275,australianwarni,Australianwarnings,,#Victoria #Flood #VIC #CTCorp Update:~~ 3:59 pm  Minor Flood Warning for the Can...: #Victoria #Flood #VIC #CT...  http://t.co/1Uwh7ohohX,en,[],['http://on.fb.me/1FeNXFR'],[],0,0,0,"['victoria', 'flood', 'vic', 'ctcorp', 'victoria', 'flood', 'vic', 'ct']",[],https://twitter.com/Australianwarni/status/585697821917110272,False,,0,,,,,,,,[],,,,
585697503628103680,585697503628103680,2015-04-08 02:55:41 EDT,2015-04-08,02:55:41,-0400,404093275,australianwarni,Australianwarnings,,#Victoria #Flood #VIC #CTCorp Update:~~4:51 pm  Minor Flood Warning for the Snowy River. Issued at 4:51 pm EST on...  http://t.co/cTFFbM1jCU,en,[],['http://fb.me/3ThL2FmKr'],[],0,0,0,"['victoria', 'flood', 'vic', 'ctcorp']",[],https://twitter.com/Australianwarni/status/585697503628103680,False,,0,,,,,,,,[],,,,
585697478521057281,585697478521057281,2015-04-08 02:55:35 EDT,2015-04-08,02:55:35,-0400,328516460,caspertwincorp,Caspertwin Corp,,#Victoria #Flood #VIC #CTCorp Update:~~4:51 pm  Minor Flood Warning for the Snowy River. Issued at 4:51 pm EST on...  http://t.co/gtRPwGNC9B,en,[],['http://fb.me/3DW73dw3K'],[],0,0,0,"['victoria', 'flood', 'vic', 'ctcorp']",[],https://twitter.com/CaspertwinCorp/status/585697478521057281,False,,0,,,,,,,,[],,,,
585696226521309184,585696226521309184,2015-04-08 02:50:36 EDT,2015-04-08,02:50:36,-0400,334335935,clairresantos,claire,,@_SABmarin02 OKAY KA LANG GIRL?!?!?! #flood #uwesafriendster,tl,[],[],[],1,0,1,"['flood', 'uwesafriendster']",[],https://twitter.com/clairresantos/status/585696226521309184,False,,0,,,,,,,,[],,,,
585696075694104577,585696075694104577,2015-04-08 02:50:00 EDT,2015-04-08,02:50:00,-0400,359288159,floodadviceuk,Warwick York Chartered Surveyors,,Today's Free copy of The Ark is out! Subscribe for free for daily Twitter and email update links  #flood #ukfloods    http://t.co/6v4QLrJxc9,en,[],['http://paper.li/FloodAdviceUK/1398519991?edition_id=a62d5890-ddbb-11e4-944f-0cc47a0d15fd'],[],0,0,0,"['flood', 'ukfloods']",[],https://twitter.com/FloodAdviceUK/status/585696075694104577,False,,0,,,,,,,,[],,,,
585684677161279489,585684677161279489,2015-04-08 02:04:43 EDT,2015-04-08,02:04:43,-0400,404093275,australianwarni,Australianwarnings,,#Victoria #Flood #VIC #CTCorp Update:~~ 3:59 pm  Minor Flood Warning for the Cann and Genoa Rivers.  Issued at...  http://t.co/MfuK57Kcfl,en,[],['http://fb.me/7dex97rrg'],[],0,0,0,"['victoria', 'flood', 'vic', 'ctcorp']",[],https://twitter.com/Australianwarni/status/585684677161279489,False,,0,,,,,,,,[],,,,
585684650707787777,585684650707787777,2015-04-08 02:04:36 EDT,2015-04-08,02:04:36,-0400,328516460,caspertwincorp,Caspertwin Corp,,#Victoria #Flood #VIC #CTCorp Update:~~ 3:59 pm  Minor Flood Warning for the Cann and Genoa Rivers.  Issued at...  http://t.co/TMHPqir4Am,en,[],['http://fb.me/7cZHH78xp'],[],0,0,0,"['victoria', 'flood', 'vic', 'ctcorp']",[],https://twitter.com/CaspertwinCorp/status/585684650707787777,False,,0,,,,,,,,[],,,,
585682974374567937,585682974374567937,2015-04-08 01:57:57 EDT,2015-04-08,01:57:57,-0400,1693967522,willrogowski,Will Rogowski,,"Cities Convention in London, UK #Resilient #Cities #Water #Flood  http://t.co/NO5M1jnPr3",en,[],['http://www.royalhaskoningdhv.com/en-gb/news-room/events/cities-convention-in-london-uk/4520#.VSTDLivAFPw.twitter'],[],0,0,0,"['resilient', 'cities', 'water', 'flood']",[],https://twitter.com/WillRogowski/status/585682974374567937,False,,0,,,,,,,,[],,,,
585678669886181376,585678669886181376,2015-04-08 01:40:50 EDT,2015-04-08,01:40:50,-0400,1536412436,globalfloodnews,GlobalFloodSystem,,#Global #Flood #News is out!  http://t.co/8SeD7zLeyr Stories via @matthewkeevil @howtomap @Whicheloe,en,"[{'screen_name': 'matthewkeevil', 'name': 'matthew r. keevil', 'id': '17050788'}, {'screen_name': 'howtomap', 'name': 'how to map', 'id': '1106849745790631937'}, {'screen_name': 'whicheloe', 'name': 'rosie', 'id': '27229080'}]",['http://paper.li/GlobalFloodNews/1373268934?edition_id=ea11c320-ddb1-11e4-b0cf-002590a5ba2d'],[],0,1,0,"['global', 'flood', 'news']",[],https://twitter.com/GlobalFloodNews/status/585678669886181376,False,,0,,,,,,,,[],,,,
585676900422520832,585676900422520832,2015-04-08 01:33:49 EDT,2015-04-08,01:33:49,-0400,2887269778,grandislandbot,IslandBot,,RT DisaWorldNews: Platte River program says it didn't cause flood damage - Grand Island Independent  http://t.co/YuRFIj15ss #Flood,en,[],['http://ift.tt/1c6Nc5p'],[],0,0,0,['flood'],[],https://twitter.com/GrandIslandBot/status/585676900422520832,False,,0,,,,,,,,[],,,,
585676361542565888,585676361542565888,2015-04-08 01:31:40 EDT,2015-04-08,01:31:40,-0400,1536412436,globalfloodnews,GlobalFloodSystem,,"#flood #disaster Flood control,draught relief urgent tasks this year: vice premier: With worse floods and drau...  http://t.co/nfrnc7t6uO",en,[],['http://bit.ly/1Cm89P5'],[],0,0,0,"['flood', 'disaster']",[],https://twitter.com/GlobalFloodNews/status/585676361542565888,False,,0,,,,,,,,[],,,,
585676359550296065,585676359550296065,2015-04-08 01:31:40 EDT,2015-04-08,01:31:40,-0400,1536412436,globalfloodnews,GlobalFloodSystem,,"#flood #disaster 1,704 farmers in Kelantan suffered RM26.49 million losses in floods – Bernama: The massive fl...  http://t.co/dG9lbq8HLu",en,[],['http://bit.ly/1Cm89P3'],[],0,0,0,"['flood', 'disaster']",[],https://twitter.com/GlobalFloodNews/status/585676359550296065,False,,0,,,,,,,,[],,,,
585676203148894209,585676203148894209,2015-04-08 01:31:02 EDT,2015-04-08,01:31:02,-0400,2585523085,disaworldnews,Disaster World News,,Platte River program says it didn't cause flood damage - Grand Island Independent  http://t.co/PCsEc0ZcBZ #Flood,en,[],['http://news.google.com/news/url?sa=t&fd=R&ct2=us&usg=AFQjCNESqeUCKYeyEt3Stv9wDVy9UzUshw&clid=c3a7d30bb8a4878e06b80cf16b898331&cid=52778798114469&ei=bbwkVYiINOramALcxICwDw&url=http://www.theindependent.com/news/local/platte-river-program-says-it-didn-t-cause-flood-damage/article_1db0ac50-dda8-11e4-86a1-dbc02f6420ab.html'],[],0,0,0,['flood'],[],https://twitter.com/DisaWorldNews/status/585676203148894209,False,,0,,,,,,,,[],,,,
585668075481071617,585668075481071617,2015-04-08 00:58:45 EDT,2015-04-08,00:58:45,-0400,2585523085,disaworldnews,Disaster World News,,Flood Protection Installed in Fallon - KOLO  http://t.co/pEfqNnIEQx #Flood,en,[],['http://news.google.com/news/url?sa=t&fd=R&ct2=us&usg=AFQjCNFR8nmuf5sG8d6bkzCzJlmJNfyWdA&clid=c3a7d30bb8a4878e06b80cf16b898331&cid=52778798226424&ei=K7UkVbioJM3YmALjpYCwCQ&url=http://www.kolotv.com/home/headlines/Flood-Protection-Installed-in-Fallon-298988351.html'],[],0,0,0,['flood'],[],https://twitter.com/DisaWorldNews/status/585668075481071617,False,,0,,,,,,,,[],,,,
585667021167267840,585667021167267840,2015-04-08 00:54:33 EDT,2015-04-08,00:54:33,-0400,103811443,aineelee,Ainee,,Music on my way #rain #traffic #music #flood #BkkOnly made with #picplaypost app #fastfamily #furious7  https://t.co/U3jjQajzXZ,en,[],['https://instagram.com/p/1M4Y_9vVLp/'],[],0,0,1,"['rain', 'traffic', 'music', 'flood', 'bkkonly', 'picplaypost', 'fastfamily', 'furious7']",[],https://twitter.com/aineelee/status/585667021167267840,False,,0,,,,,,,,[],,,,
585662907825987584,585662907825987584,2015-04-08 00:38:12 EDT,2015-04-08,00:38:12,-0400,99238580,cucucucum,wywy's stories,,ถ้าจะท่วมขนาดนี้.....นี่ยังต้องมาทำงานอยู่ยะ!!!! #ฝนตกหนัก #น้ำท่วม #ลุยน้ำมาทำงาน #คือไร #flood…  http://t.co/fvjO7ncYTu,th,[],['http://ln.is/instagram.com/p/mvxSa'],[],0,0,0,"['ฝนตกหนัก', 'น้ำท่วม', 'ลุยน้ำมาทำงาน', 'คือไร', 'flood']",[],https://twitter.com/cucucucum/status/585662907825987584,False,,0,,,,,,,,[],,,,
585655803459346433,585655803459346433,2015-04-08 00:09:59 EDT,2015-04-08,00:09:59,-0400,386905988,quentinsound,Quentin Sound,,4 days until everything changes in the visual music game...... I mean that!!!  #flood music video…  https://t.co/DxNuRk2EoK,en,[],['https://instagram.com/p/1MzSgojQYO/'],[],0,0,0,['flood'],[],https://twitter.com/QuentinSound/status/585655803459346433,False,,0,,,,,,,,[],,,,
585639900780826625,585639900780826625,2015-04-07 23:06:47 EDT,2015-04-07,23:06:47,-0400,2585523085,disaworldnews,Disaster World News,,La Quinta hires firm for drainage study - The Desert Sun  http://t.co/By8FYsuAqL #Flood,en,[],['http://news.google.com/news/url?sa=t&fd=R&ct2=us&usg=AFQjCNGvrJWraeh_QlsZBqLsKoP94Butcw&clid=c3a7d30bb8a4878e06b80cf16b898331&ei=DJkkVfD0PJC1mQKg6oCACQ&url=http://www.desertsun.com/story/news/local/2015/04/07/la-quinta-flood-control-storm-drainage-study-rbi-contract/25439659/'],[],0,0,0,['flood'],[],https://twitter.com/DisaWorldNews/status/585639900780826625,False,,0,,,,,,,,[],,,,
585639484739444738,585639484739444738,2015-04-07 23:05:08 EDT,2015-04-07,23:05:08,-0400,2522741258,aimepanganiban,.,,#PhotoGrid  Thanks  po isupportdarrenespanto  #Flood #SuperThanks  https://t.co/Dkq0W6Dgza,en,[],['https://instagram.com/p/1Mr3kQE8WK/'],[],0,0,0,"['photogrid', 'flood', 'superthanks']",[],https://twitter.com/AimePanganiban/status/585639484739444738,False,,0,,,,,,,,[],,,,
585638631022407681,585638631022407681,2015-04-07 23:01:44 EDT,2015-04-07,23:01:44,-0400,404093275,australianwarni,Australianwarnings,,#QLD #Flood #Queensland #CTCorp   Wed 09:53 EST Qld Final Flood Warning for the...: #QLD #Flood #Queensland #C...  http://t.co/wng7bAnHmT,en,[],['http://on.fb.me/1CcYUBH'],[],0,0,0,"['qld', 'flood', 'queensland', 'ctcorp', 'qld', 'flood', 'queensland', 'c']",[],https://twitter.com/Australianwarni/status/585638631022407681,False,,0,,,,,,,,[],,,,
585637902522175488,585637902522175488,2015-04-07 22:58:51 EDT,2015-04-07,22:58:51,-0400,1486973784,u4u_voice,U4UVoice,,"Minister for Relief &amp; Rehabilitation, Syed Basharat Bukhari announces some relief for #flood affected....  http://t.co/96hjcA4Wgg",en,[],['http://fb.me/6xWJhwahB'],[],0,0,0,['flood'],[],https://twitter.com/U4U_Voice/status/585637902522175488,False,,0,,,,,,,,[],,,,
585636974725324800,585636974725324800,2015-04-07 22:55:10 EDT,2015-04-07,22:55:10,-0400,802076233,carlsum1986,Carl,,#bangkok #rain #Flood  http://t.co/9gJ73h3BP8,und,[],[],"['https://pbs.twimg.com/media/CCCZsVFWIAEv-oV.jpg', 'https://pbs.twimg.com/media/CCCZta3WIAAtPP9.jpg']",0,0,0,"['bangkok', 'rain', 'flood']",[],https://twitter.com/carlsum1986/status/585636974725324800,False,,1,https://pbs.twimg.com/media/CCCZsVFWIAEv-oV.jpg,,,,,,,[],,,,
585636152151015425,585636152151015425,2015-04-07 22:51:53 EDT,2015-04-07,22:51:53,-0400,270440459,joshfitzwx,Josh Fitzpatrick,,Flash #Flood Watch cancelled for much of the region except southeastern Kentucky into Wednesday morning. WSAZ #kywx  http://t.co/PlZwbxY6K4,en,[],[],['https://pbs.twimg.com/media/CCCY-LYWAAIAeKy.jpg'],0,0,0,"['flood', 'kywx']",[],https://twitter.com/JoshFitzWx/status/585636152151015425,False,,1,https://pbs.twimg.com/media/CCCY-LYWAAIAeKy.jpg,,,,,,,[],,,,
585635062433116162,585635062433116162,2015-04-07 22:47:34 EDT,2015-04-07,22:47:34,-0400,223884051,aoy_anthana,AnthanaS,"{'type': 'Point', 'coordinates': [13.76266408, 100.49429915]}",On the day that I have a morning meeting 😭 | Bangkok Rain 08.04.2015 💦 #Rainy #Flood #Bangkok @…  https://t.co/56K4GizfLM,en,[],['https://instagram.com/p/1Mp22xk_7m/'],[],0,0,0,"['rainy', 'flood', 'bangkok']",[],https://twitter.com/Aoy_Anthana/status/585635062433116162,False,,0,,,,,,,,[],,,,
585634456305848321,585634456305848321,2015-04-07 22:45:09 EDT,2015-04-07,22:45:09,-0400,47800098,ksharifirad,K.Sheriff,,"#Malaysia #Kelantan.End of 2014, 23 people were killed in the #flood and over 200K people evacuated from their homes.  http://t.co/fUohPztOZH",en,[],[],['https://pbs.twimg.com/media/CCCXbwfWIAEn5EO.jpg'],0,2,1,"['malaysia', 'kelantan', 'flood']",[],https://twitter.com/ksharifirad/status/585634456305848321,False,,1,https://pbs.twimg.com/media/CCCXbwfWIAEn5EO.jpg,,,,,,,[],,,,
585631113839845377,585631113839845377,2015-04-07 22:31:52 EDT,2015-04-07,22:31:52,-0400,206074057,acpush,Alex Chen,"{'type': 'Point', 'coordinates': [13.73489858, 100.56550918]}",#flood #heavyrain #Bangkok #遇水則發 @ Legacy Suites Bangkok  https://t.co/z5CVGmjVTG,en,[],['https://instagram.com/p/1MoD8qGs0P/'],[],0,0,0,"['flood', 'heavyrain', 'bangkok', '遇水則發']",[],https://twitter.com/ACpush/status/585631113839845377,False,,0,,,,,,,,[],,,,
585629102738124801,585629102738124801,2015-04-07 22:23:53 EDT,2015-04-07,22:23:53,-0400,114724899,tiamo_ti,Samati,,นี่คือกรุงเทพมหานครของคนไทย #asoke #bangkok #Thailand #flood  http://t.co/kYCQceEzfL,th,[],[],['https://pbs.twimg.com/media/CCCSisgWEAEJ89y.jpg'],1,1,0,"['asoke', 'bangkok', 'thailand', 'flood']",[],https://twitter.com/Tiamo_Ti/status/585629102738124801,False,,1,https://pbs.twimg.com/media/CCCSisgWEAEJ89y.jpg,,,,,,,[],,,,
585624429297856514,585624429297856514,2015-04-07 22:05:18 EDT,2015-04-07,22:05:18,-0400,282746547,tistweets,Teeters Insurance,,Affordability of National Flood Insurance Program Premiums: Report 1 (2015) #flood #insurance #fema #nfip  http://t.co/qRAUBaUodx,en,[],['http://ow.ly/LjfRK'],[],0,0,0,"['flood', 'insurance', 'fema', 'nfip']",[],https://twitter.com/TISTWEETS/status/585624429297856514,False,,0,,,,,,,,[],,,,
585618167881453569,585618167881453569,2015-04-07 21:40:26 EDT,2015-04-07,21:40:26,-0400,1358091847,mauielectric,Hawaiian Electric - Maui County,,"#Flood #Safety: If caught in the house by suddenly rising waters, move to the 2nd floor or to the roof. Wait for help / rescue teams.",en,[],[],[],0,0,1,"['flood', 'safety']",[],https://twitter.com/MauiElectric/status/585618167881453569,False,,0,,,,,,,,[],,,,
585606504641916928,585606504641916928,2015-04-07 20:54:05 EDT,2015-04-07,20:54:05,-0400,1536412436,globalfloodnews,GlobalFloodSystem,,#flood #disaster Action Report: Clogged city drain floods store - WWL: WWLAction Report: Clogged city drain fl...  http://t.co/4TWnyiFaBp,en,[],['http://bit.ly/1E2ce0r'],[],0,0,0,"['flood', 'disaster']",[],https://twitter.com/GlobalFloodNews/status/585606504641916928,False,,0,,,,,,,,[],,,,
585604837364084736,585604837364084736,2015-04-07 20:47:27 EDT,2015-04-07,20:47:27,-0400,311027046,d4vegifford,Dave Gifford,,"If anyone happens to have any pitch around the house, I'd like to have it for a project I'm working on. #flood #rainraingoaway",en,[],[],[],0,0,0,"['flood', 'rainraingoaway']",[],https://twitter.com/D4vegifford/status/585604837364084736,False,,0,,,,,,,,[],,,,
585601630176935936,585601630176935936,2015-04-07 20:34:43 EDT,2015-04-07,20:34:43,-0400,54295944,a_harr,Randy Garrington,,Went for a walk at lunch today and the road was a river. #flood #weather #hd #rain #street #river #creek  https://t.co/jyqGxJFpEF,en,[],['https://instagram.com/p/1Map3RR0Qi/'],[],0,0,0,"['flood', 'weather', 'hd', 'rain', 'street', 'river', 'creek']",[],https://twitter.com/A_Harr/status/585601630176935936,False,,0,,,,,,,,[],,,,
585600217501827072,585600217501827072,2015-04-07 20:29:06 EDT,2015-04-07,20:29:06,-0400,2585523085,disaworldnews,Disaster World News,,Flood protection means lower premiums in Moorhead - Minnesota Public Radio News  http://t.co/pJbKTJMWu8 #Flood,en,[],['http://news.google.com/news/url?sa=t&fd=R&ct2=us&usg=AFQjCNHBVglhQisQp1x-cpzWTbOXZ8bQjg&clid=c3a7d30bb8a4878e06b80cf16b898331&cid=52778798017712&ei=QnUkVYDKEeramALcxICwDw&url=http://www.mprnews.org/story/2015/04/07/flood-protection-moorhead'],[],0,0,0,['flood'],[],https://twitter.com/DisaWorldNews/status/585600217501827072,False,,0,,,,,,,,[],,,,
585599241583783936,585599241583783936,2015-04-07 20:25:13 EDT,2015-04-07,20:25:13,-0400,260382536,plymouthenergy,Plymouth Rock Energy,,Worried about your #basement getting a #flood this season? We've got a few tips to help prevent that.  http://t.co/wnE6fOXVkq,en,[],[],['https://pbs.twimg.com/media/CCB3aAeXIAMMORa.jpg'],0,1,0,"['basement', 'flood']",[],https://twitter.com/plymouthenergy/status/585599241583783936,False,,1,https://pbs.twimg.com/media/CCB3aAeXIAMMORa.jpg,,,,,,,[],,,,
585598755484913665,585598755484913665,2015-04-07 20:23:17 EDT,2015-04-07,20:23:17,-0400,16564282,andreabutera,Andrea Butera,,"*STORM REPORT* Emergency mgr reports 6"" to 8"" of water in several places on Hwy 52 btwn Ravenna &amp; Tipton Ridge, KY. #KYwx #flood",en,[],[],[],0,1,1,"['kywx', 'flood']",[],https://twitter.com/AndreaButera/status/585598755484913665,False,,0,,,,,,,,[],,,,
585594086427602944,585594086427602944,2015-04-07 20:04:44 EDT,2015-04-07,20:04:44,-0400,63263890,card787,Rick McKinnon,,"""@ChadMJackson: Flood on Hanover and Parmenter Street.  #northend #flood #Boston  http://t.co/M0FL9tOjFT"" @DGreekD @Btobrien9",en,"[{'screen_name': 'chadmjackson', 'name': 'chad jackson', 'id': '94635681'}, {'screen_name': 'dgreekd', 'name': 'demetri vidalis, p.e', 'id': '26688318'}, {'screen_name': 'btobrien9', 'name': ""brendan o'brien"", 'id': '320424961'}]",[],['https://pbs.twimg.com/media/CCAIFHZVEAA_b69.jpg'],1,0,2,"['northend', 'flood', 'boston']",[],https://twitter.com/card787/status/585594086427602944,False,,1,https://pbs.twimg.com/media/CCAIFHZVEAA_b69.jpg,,,,,,,[],,,,
