id,conversation_id,created_at,date,time,timezone,user_id,username,name,place,tweet,language,mentions,urls,photos,replies_count,retweets_count,likes_count,hashtags,cashtags,link,retweet,quote_url,video,thumbnail,near,geo,source,user_rt_id,user_rt,retweet_id,reply_to,retweet_date,translate,trans_src,trans_dest
401861654356697088,401861654356697088,2013-11-16 18:57:39 EST,2013-11-16,18:57:39,-0400,47754266,rehantoday,Rehan Arshad #PalestiniansLivesMatter 🇵🇸,,#SaudiArabia | #Flood in Riyadh ! Residents advised to stay indoors  http://t.co/BX0MgxuCOX,en,[],['http://rt.com/news/saudi-arabia-rare-flooding-844/'],[],0,0,0,"['saudiarabia', 'flood']",[],https://twitter.com/RehanToday/status/401861654356697088,False,,0,,,,,,,,[],,,,
401858029328822272,401858029328822272,2013-11-16 18:43:15 EST,2013-11-16,18:43:15,-0400,814884224,worldalerts247,WORLD ALERTS ²⁴/7,,Thousand Affected by Western Cape Floods-  http://t.co/l84FM9RLiZ #flood #fb,en,[],['http://www.ubalert.com/GUAb'],[],0,0,0,"['flood', 'fb']",[],https://twitter.com/WorldALERTS247/status/401858029328822272,False,,0,,,,,,,,[],,,,
401857413499736064,401857413499736064,2013-11-16 18:40:48 EST,2013-11-16,18:40:48,-0400,277224691,_sheisethiopian,†Ethίopία̣̣ŵίt ♍ίℓka,,#Flood in #Saudi .. lol there's no country out there that is closer to God than #Ehiopia.This is just a warning. #SomeonetellSaudiArabia,en,[],[],[],2,4,5,"['flood', 'saudi', 'ehiopia', 'someonetellsaudiarabia']",[],https://twitter.com/_SheIsEthiopian/status/401857413499736064,False,,0,,,,,,,,[],,,,
401855547592302592,401855547592302592,2013-11-16 18:33:23 EST,2013-11-16,18:33:23,-0400,16318652,spectrumnews1tx,Spectrum News 1 Texas,,"Volunteers, students helped clean up #flood debris from #WilliamsonCreek Saturday. YNN's @rexcastilloynn has more:  http://t.co/Z5CobJ3pYX",en,[],['http://bit.ly/HZ33UL'],[],0,1,0,"['flood', 'williamsoncreek']",[],https://twitter.com/SpectrumNews1TX/status/401855547592302592,False,,0,,,,,,,,[],,,,
401853334631378944,401853334631378944,2013-11-16 18:24:35 EST,2013-11-16,18:24:35,-0400,45195411,ubalert,ubAlert,,Thousand Affected by Western Cape Floods-  http://t.co/TmcLfhC6xd #flood #fb,en,[],['http://www.ubalert.com/GUAb'],[],0,0,0,"['flood', 'fb']",[],https://twitter.com/ubalert/status/401853334631378944,False,,0,,,,,,,,[],,,,
401834544501755904,401834544501755904,2013-11-16 17:09:55 EST,2013-11-16,17:09:55,-0400,1536412436,globalfloodnews,GlobalFloodSystem,,"#flood #disaster Vietnam Floods, After Days of Rains, Kill 26, Government Says: Floods have killed at least 26...  http://t.co/daeo7ZPP0G",en,[],['http://bloom.bg/1bDzh2i'],[],0,0,0,"['flood', 'disaster']",[],https://twitter.com/GlobalFloodNews/status/401834544501755904,False,,0,,,,,,,,[],,,,
401834543935549440,401834543935549440,2013-11-16 17:09:55 EST,2013-11-16,17:09:55,-0400,1536412436,globalfloodnews,GlobalFloodSystem,,#flood #disaster Floods hit thousands in S.Africa: Widespread flooding after heavy rains in South Africa has a...  http://t.co/Gw0sqRao7n,en,[],['http://yhoo.it/18EhFPq'],[],0,0,0,"['flood', 'disaster']",[],https://twitter.com/GlobalFloodNews/status/401834543935549440,False,,0,,,,,,,,[],,,,
401828089405394944,401828089405394944,2013-11-16 16:44:16 EST,2013-11-16,16:44:16,-0400,1228871870,majorcurators,Major Curators,,Noah - Official Trailer Take Notes On How To Really Make It Rain #movie #trailer #flood…  http://t.co/VVE8A4ZMtE,en,[],['http://tmblr.co/Z7hMZs_amFZl'],[],0,0,0,"['movie', 'trailer', 'flood']",[],https://twitter.com/MajorCurators/status/401828089405394944,False,,0,,,,,,,,[],,,,
401826857328189440,401767673874235392,2013-11-16 16:39:23 EST,2013-11-16,16:39:23,-0400,41753344,tannergoetz,Tanner Goetz,,@courtlynf haha stupid mop.. #Flood #Payless,en,[],[],[],0,0,0,"['flood', 'payless']",[],https://twitter.com/tannergoetz/status/401826857328189440,False,,0,,,,,,,,[],,,,
401826658434678784,401826658434678784,2013-11-16 16:38:35 EST,2013-11-16,16:38:35,-0400,852896238,chaiselogan,Chaise Logan,,"Dear future chaise,         Do not! I repeat DO NOT! Take pregnant wife to emotionally taxing movie! #flood #zone #tears 😭😭😭",en,[],[],[],0,0,4,"['flood', 'zone', 'tears']",[],https://twitter.com/chaiselogan/status/401826658434678784,False,,0,,,,,,,,[],,,,
401825330161152000,401825330161152000,2013-11-16 16:33:18 EST,2013-11-16,16:33:18,-0400,402754470,tbokor17,Tanner Bokor,,Attention south residence! 24 hour flood watch is now in affect! @evanparadis @DillanCarlson4 and myself are JFM'ing our moustaches #flood,en,"[{'screen_name': 'evanparadis', 'name': 'evan paradis', 'id': '803745439'}, {'screen_name': 'dillancarlson4', 'name': 'dill', 'id': '509087320'}]",[],[],2,2,1,['flood'],[],https://twitter.com/Tbokor17/status/401825330161152000,False,,0,,,,,,,,[],,,,
401823781284347904,401823781284347904,2013-11-16 16:27:09 EST,2013-11-16,16:27:09,-0400,1536412436,globalfloodnews,GlobalFloodSystem,,#flood #disaster Crazy Photos Are Coming Out Of Saudi Arabia After Rain Leaves Capital Flooded - Business Insi...  http://t.co/t8wkxglXLO,en,[],['http://bit.ly/1cAwGEJ'],[],0,0,0,"['flood', 'disaster']",[],https://twitter.com/GlobalFloodNews/status/401823781284347904,False,,0,,,,,,,,[],,,,
401818953103994880,401818953103994880,2013-11-16 16:07:58 EST,2013-11-16,16:07:58,-0400,47220873,_subaryan_,Ryan Goodworth,,Flooded parking garage. Perfect reflection. #car #park #garage #cement #water #flood #reflection…  http://t.co/4W2pVJsK2E,en,[],['http://instagram.com/p/gyjx_IvUuR/'],[],0,0,0,"['car', 'park', 'garage', 'cement', 'water', 'flood', 'reflection']",[],https://twitter.com/_SubaRyan_/status/401818953103994880,False,,0,,,,,,,,[],,,,
401816700796293120,401816700796293120,2013-11-16 15:59:01 EST,2013-11-16,15:59:01,-0400,50153202,bader_albannay,bader,,How is my saudis doing ? #ksa #flood,en,[],[],[],0,0,0,"['ksa', 'flood']",[],https://twitter.com/Bader_AlBannay/status/401816700796293120,False,,0,,,,,,,,[],,,,
401814798876176384,401814798876176384,2013-11-16 15:51:28 EST,2013-11-16,15:51:28,-0400,14571751,alexbreitler,Alex Breitler,,SacBee's @matt_weiser reports increases in #flood insurance rates are starting to hit rural #sacdelta properties  http://t.co/JbQGX90GYm,en,"[{'screen_name': 'matt_weiser', 'name': 'matt weiser 🐳', 'id': '18029055'}]",['http://sacb.ee/1eY9BAC'],[],0,0,0,"['flood', 'sacdelta']",[],https://twitter.com/alexbreitler/status/401814798876176384,False,,0,,,,,,,,[],,,,
401814608169959424,401814608169959424,2013-11-16 15:50:42 EST,2013-11-16,15:50:42,-0400,50677191,crystalsuicide,Amal Abdeh DeLaMora,,The city of Riyadh drowning in the rain #riyadh #ksa #flood #rain #drowning #saturday #night #omg…  http://t.co/AqLZgdizAt,en,[],['http://instagram.com/p/gyh0ByD8lF/'],[],0,0,0,"['riyadh', 'ksa', 'flood', 'rain', 'drowning', 'saturday', 'night', 'omg']",[],https://twitter.com/CrystalSuicide/status/401814608169959424,False,,0,,,,,,,,[],,,,
401812473906356225,401812473906356225,2013-11-16 15:42:13 EST,2013-11-16,15:42:13,-0400,1536412436,globalfloodnews,GlobalFloodSystem,,#flood #disaster Western Cape floods claim woman's life - Mail &amp; Guardian Online: South African Broadcasting C...  http://t.co/7EONGmmOBK,en,[],['http://bit.ly/1dEcZNg'],[],0,0,0,"['flood', 'disaster']",[],https://twitter.com/GlobalFloodNews/status/401812473906356225,False,,0,,,,,,,,[],,,,
401810388666564609,401810388666564609,2013-11-16 15:33:56 EST,2013-11-16,15:33:56,-0400,165839023,ocamilomoraes,Camilo Moraes,,O rio subiu e deu até pescaria da Perimetral. #river #fishing #flood @ Praia dos Ingazeiros  http://t.co/wqRbAl3BFi,pt,[],['http://instagram.com/p/gyf4zGr8la/'],[],0,0,0,"['river', 'fishing', 'flood']",[],https://twitter.com/ocamilomoraes/status/401810388666564609,False,,0,,,,,,,,[],,,,
401808574961451009,401806367939649536,2013-11-16 15:26:44 EST,2013-11-16,15:26:44,-0400,366750826,sal0300,S.N. Mirza,,"@sarahrizvi @BBhuttoZardari many times,I think countless times! Was occupying the cubicle for 5 yrs n saw his ppl dying  starved #flood 2ice",en,"[{'screen_name': 'bbhuttozardari', 'name': 'bilawalbhuttozardari', 'id': '339040963'}]",[],[],0,0,0,['flood'],[],https://twitter.com/Sal0300/status/401808574961451009,False,,0,,,,,,,,[],,,,
401807040810860544,401807040810860544,2013-11-16 15:20:38 EST,2013-11-16,15:20:38,-0400,35707603,matthewteller,Matthew Teller,,"“Staff announcement: clean-up team to aisles 1, 2, 3, 4, er…”  http://t.co/bSlWxPsilh v @ahmed #flood #Riyadh",en,"[{'screen_name': 'ahmed', 'name': 'ahmed al omran', 'id': '5242'}]",['https://twitter.com/badrseen/status/401798662915108864/photo/1'],[],0,3,2,"['flood', 'riyadh']",[],https://twitter.com/matthewteller/status/401807040810860544,False,,0,,,,,,,,[],,,,
401804620491915264,401804620491915264,2013-11-16 15:11:01 EST,2013-11-16,15:11:01,-0400,719882077,menna_hass,Menna Hassan,,"The ministry won't make it off, they will give us boats to go to school. #educationtodeath #flood #studentlife #riyadh #school #childabuse",en,[],[],[],0,0,0,"['educationtodeath', 'flood', 'studentlife', 'riyadh', 'school', 'childabuse']",[],https://twitter.com/Menna_Hass/status/401804620491915264,False,,0,,,,,,,,[],,,,
401792422260539392,401792422260539392,2013-11-16 14:22:33 EST,2013-11-16,14:22:33,-0400,1542860124,1985roxas,Aᴎ THoᴎY💎,,Bagyong yolanda #strikes #riyadh #flood #saharamall  http://t.co/7jFlTscMM4,tl,[],['http://instagram.com/p/gyXXFxNlI0/'],[],0,0,0,"['strikes', 'riyadh', 'flood', 'saharamall']",[],https://twitter.com/1985Roxas/status/401792422260539392,False,,0,,,,,,,,[],,,,
401789716694986752,401789716694986752,2013-11-16 14:11:48 EST,2013-11-16,14:11:48,-0400,71563139,iraqhurr_eng,Radio Free Iraq,,"#Iraq: Locals in #Baghdad &amp; #Baqouba (#Diyala) count #flood damages, hope in solutions  http://t.co/9NJOlVZ67v +  http://t.co/BkF1rRic0q",en,[],"['http://bit.ly/I79apl', 'http://bit.ly/1f0hHc8']",[],0,1,0,"['iraq', 'baghdad', 'baqouba', 'diyala', 'flood']",[],https://twitter.com/iraqhurr_eng/status/401789716694986752,False,,0,,,,,,,,[],,,,
401786069706080256,401786069706080256,2013-11-16 13:57:18 EST,2013-11-16,13:57:18,-0400,178172516,themethourpeh,Temi,"{'type': 'Point', 'coordinates': [6.52747, 3.36794]}","The #problems that #flood your #life aren't meant to drown you, but to #teach you how to #swim. Stay #strong",en,[],[],[],0,0,0,"['problems', 'flood', 'life', 'teach', 'swim', 'strong']",[],https://twitter.com/Themethourpeh/status/401786069706080256,False,,0,,,,,,,,[],,,,
401784289580154881,401784289580154881,2013-11-16 13:50:14 EST,2013-11-16,13:50:14,-0400,2184343274,platinumrskmgmt,Platinum Risk,,Not sure if you should purchase #flood #insurance for your home? Here's a great resource that can help you decide:  http://t.co/NLqK8L9EIN,en,[],['http://www.floodsmart.gov/floodsmart/pages/faqs/faqs_considering.jsp'],[],0,0,0,"['flood', 'insurance']",[],https://twitter.com/PlatinumRskMgmt/status/401784289580154881,False,,0,,,,,,,,[],,,,
401772322069430272,401772322069430272,2013-11-16 13:02:40 EST,2013-11-16,13:02:40,-0400,19881931,smartcitiesdive,Smart Cities Dive,,Local #businesses vote on #flood protection in #England. @DavidKThorpe  http://t.co/EPjFn15sSc,en,"[{'screen_name': 'davidkthorpe', 'name': 'david thorpe', 'id': '251677490'}]",['http://ow.ly/qNX0c'],[],0,0,0,"['businesses', 'flood', 'england']",[],https://twitter.com/smartcitiesdive/status/401772322069430272,False,,0,,,,,,,,[],,,,
401771696434077696,401771696434077696,2013-11-16 13:00:11 EST,2013-11-16,13:00:11,-0400,17565913,thestormreport,Storm Report Radio,,#Flood washes out months of repairs to fire-damaged national forests -  http://t.co/RbUxh5Md6R via @coloradoan  #coflood #cowx,en,"[{'screen_name': 'coloradoan', 'name': 'coloradoan', 'id': '15691595'}]",['http://noconow.co/19rOOxs'],[],0,0,0,"['flood', 'coflood', 'cowx']",[],https://twitter.com/thestormreport/status/401771696434077696,False,,0,,,,,,,,[],,,,
401770303753568256,401770303753568256,2013-11-16 12:54:39 EST,2013-11-16,12:54:39,-0400,282069575,christellerj,Christelle Reade-Jahn,,"""@manleycom: @Christellerj All ok there chez vous? #flood #somersetwest"" #Scary need to get a Jetski to go to the Spar for croissants!",en,"[{'screen_name': 'christellerj', 'name': 'christelle reade-jahn', 'id': '282069575'}]",[],[],1,1,0,"['flood', 'somersetwest', 'scary']",[],https://twitter.com/christellerj/status/401770303753568256,False,,0,,,,,,,,[],,,,
401766577433235456,401766577433235456,2013-11-16 12:39:51 EST,2013-11-16,12:39:51,-0400,138748025,manleysocial_,Ian & Lise Manley,,@Christellerj All ok there chez vous? #flood #somersetwest,fr,[],[],[],0,0,0,"['flood', 'somersetwest']",[],https://twitter.com/manleysocial_/status/401766577433235456,False,,0,,,,,,,,[],,,,
401766523544424448,401766523544424448,2013-11-16 12:39:38 EST,2013-11-16,12:39:38,-0400,26450710,haudtt,Hau Dinh,,VTV blames hydro power-plants for worsening #flood in central #Vietnam. At least 31 have been killed.   http://t.co/fVXo2p3Kal,en,[],['http://youtu.be/zR2P43Qk8rw'],[],0,0,0,"['flood', 'vietnam']",[],https://twitter.com/haudtt/status/401766523544424448,False,,0,,,,,,,,[],,,,
401762135656525824,401762135656525824,2013-11-16 12:22:12 EST,2013-11-16,12:22:12,-0400,256690397,argthemuse,Allison Argy-Burgess,,Art Galllery of Calgary artRISE Fundraiser for Flood Rebuild Fund &amp;Elephant Artist Relief  http://t.co/J4wpY7plgG #yycarts #fundraiser #flood,en,[],['http://artrubicon.com/4450/art-galllery-calgary-artrise-fundraiser-flood-rebuild-fund-elephant-artist-relief/'],[],0,0,0,"['yycarts', 'fundraiser', 'flood']",[],https://twitter.com/Argthemuse/status/401762135656525824,False,,0,,,,,,,,[],,,,
401754350021668865,401754350021668865,2013-11-16 11:51:15 EST,2013-11-16,11:51:15,-0400,98001094,reclaimrestoreu,Lynda Lee Wright,,For info about #SomersetWest #Flood see @Somerset_West &amp; @vwsfires.,en,"[{'screen_name': 'somerset_west', 'name': 'somerset west', 'id': '233193554'}, {'screen_name': 'vwsfires', 'name': 'vws wildfires', 'id': '71473149'}]",[],[],0,0,0,"['somersetwest', 'flood']",[],https://twitter.com/reclaimrestoreu/status/401754350021668865,False,,0,,,,,,,,[],,,,
401750031620784128,401750031620784128,2013-11-16 11:34:06 EST,2013-11-16,11:34:06,-0400,738820711,arkstormprepper,ARkstorm Prepper,,ARkstorm: The Ones That Made It audio book  http://t.co/EELGvVnUZR #flood #survival #preppers,en,[],['http://www.audible.com/pd/Sci-Fi-Fantasy/ARkstorm-Audiobook/B00F9A6GFO/ref=sr_1_4?qid=1380684766&sr=1-4'],[],0,0,0,"['flood', 'survival', 'preppers']",[],https://twitter.com/ARkstormPrepper/status/401750031620784128,False,,0,,,,,,,,[],,,,
401748557847625728,401748557847625728,2013-11-16 11:28:14 EST,2013-11-16,11:28:14,-0400,20389382,karenwhiteink,Karen White,,"So busy twittering about the @MaWSIG webinar, I totally forgot I'd set the freezer to defrost. #fail #flood",en,"[{'screen_name': 'mawsig', 'name': 'mawsig', 'id': '1096618700'}]",[],[],2,0,0,"['fail', 'flood']",[],https://twitter.com/KarenWhiteInk/status/401748557847625728,False,,0,,,,,,,,[],,,,
401746089621356544,401746089621356544,2013-11-16 11:18:26 EST,2013-11-16,11:18:26,-0400,155681801,paddyyy13,Patrick Lewis,,England starting to like they've got a good squad together! Few players need to go before 2015 though #ashton #tompkins #flood,en,[],[],[],0,0,1,"['ashton', 'tompkins', 'flood']",[],https://twitter.com/paddyyy13/status/401746089621356544,False,,0,,,,,,,,[],,,,
401745580302827520,401730190985793536,2013-11-16 11:16:25 EST,2013-11-16,11:16:25,-0400,619435319,mstechrewards,TechRewards,,@Shin2_D oh good! We were worried about the #Flood.,en,[],[],[],0,0,0,['flood'],[],https://twitter.com/MSTechRewards/status/401745580302827520,False,,0,,,,,,,,[],,,,
401743206020575232,401743206020575232,2013-11-16 11:06:59 EST,2013-11-16,11:06:59,-0400,51675110,robbyvp10,Robby VP,,hoping this won't happen again #flood #Jakarta #indonesia  http://t.co/kSW635JUut,en,[],['http://instagram.com/p/gyBbytLXsX/'],[],0,0,0,"['flood', 'jakarta', 'indonesia']",[],https://twitter.com/robbyvp10/status/401743206020575232,False,,0,,,,,,,,[],,,,
401742401909170176,401742401909170176,2013-11-16 11:03:47 EST,2013-11-16,11:03:47,-0400,403539516,disaster_update,Recent Natural Disasters,,"Landslides, floods kill 5 in #Vietnam  http://t.co/9U6jlRqPKR #specialreports #flood #recentnaturaldisasters",en,[],['http://goo.gl/fb/mPDdq'],[],0,1,0,"['vietnam', 'specialreports', 'flood', 'recentnaturaldisasters']",[],https://twitter.com/Disaster_Update/status/401742401909170176,False,,0,,,,,,,,[],,,,
401729544278667265,401729544278667265,2013-11-16 10:12:41 EST,2013-11-16,10:12:41,-0400,142709372,purecountry106,Central Ontario's Pure Country 106,,#MNR Issues #Flood #Advisory for Parry Sound-Muskoka  http://t.co/NFvzGamoUy #Muskoka #News,en,[],['http://kicx106.com/parry-sound-muskoka-flood-advisory/#Parrysound'],[],0,2,1,"['mnr', 'flood', 'advisory', 'muskoka', 'news']",[],https://twitter.com/PureCountry106/status/401729544278667265,False,,0,,,,,,,,[],,,,
401727589330337792,401727589330337792,2013-11-16 10:04:55 EST,2013-11-16,10:04:55,-0400,1536412436,globalfloodnews,GlobalFloodSystem,,"#flood #disaster Floods in central VN kill 19: HANOI, Vietnam (AP) - Floods and landslides triggered by heavy ...  http://t.co/2bBal7idCz",en,[],['http://bit.ly/1aftkbp'],[],0,0,0,"['flood', 'disaster']",[],https://twitter.com/GlobalFloodNews/status/401727589330337792,False,,0,,,,,,,,[],,,,
401726578272776194,401726578272776194,2013-11-16 10:00:54 EST,2013-11-16,10:00:54,-0400,1524666164,lighting4yoo,dom lighting,,Philips 223040 65Watt BR30 DuraMax Indoor...  http://t.co/yQoqJxKG85 #223040 #3Pack #65Watt #BR30 #DuraMax #Flood #Indoor #Philips,en,[],['http://www.shortvale.com/9f7mn'],[],0,0,0,"['3pack', '65watt', 'br30', 'duramax', 'flood', 'indoor', 'philips']",[],https://twitter.com/lighting4yoo/status/401726578272776194,False,,0,,,,,,,,[],,,,
401719198159998977,401719198159998977,2013-11-16 09:31:35 EST,2013-11-16,09:31:35,-0400,284151567,ellliemitchell,Ellie Critchley,"{'type': 'Point', 'coordinates': [50.95630813, -2.5142055]}",#England #Rugby #Flood 🏉,und,[],[],[],0,0,0,"['england', 'rugby', 'flood']",[],https://twitter.com/ElllieMitchell/status/401719198159998977,False,,0,,,,,,,,[],,,,
401717093823164416,401717093823164416,2013-11-16 09:23:13 EST,2013-11-16,09:23:13,-0400,612536362,_gabslr,Gabrielle Le Roux,,Road in front of @lequaf ....that water? Yes. That all happened #franschhoek #flood  http://t.co/XGYZrUQyJK,en,"[{'screen_name': 'lequaf', 'name': 'le quartier français', 'id': '146438653'}]",[],['https://pbs.twimg.com/media/BZMvkXiIEAAGHhY.jpg'],0,1,1,"['franschhoek', 'flood']",[],https://twitter.com/_GabsLR/status/401717093823164416,False,,1,https://pbs.twimg.com/media/BZMvkXiIEAAGHhY.jpg,,,,,,,[],,,,
401712140811513856,401712140811513856,2013-11-16 09:03:32 EST,2013-11-16,09:03:32,-0400,84674670,mediatribune,Media Tribune,,Media Tribune's - #SMEM #Flood News is out!  http://t.co/NvLzhvNbPq Stories via @iqbaltubagus,en,"[{'screen_name': 'iqbaltubagus', 'name': '𝖎𝖖𝖇𝖆𝖑𝖙𝖚𝖇𝖆𝖌𝖚𝖘𐂃', 'id': '366493186'}]",['http://paper.li/MediaTribune/1307368943'],[],0,0,0,"['smem', 'flood']",[],https://twitter.com/MediaTribune/status/401712140811513856,False,,0,,,,,,,,[],,,,
401707235614916608,401707235614916608,2013-11-16 08:44:02 EST,2013-11-16,08:44:02,-0400,241704707,davewhite_,Dave White,,Oh... #flood  http://t.co/gqvpMyttVg,und,[],[],['https://pbs.twimg.com/media/BZMmmhiIYAAebmU.jpg'],0,0,0,['flood'],[],https://twitter.com/DaveWhite_/status/401707235614916608,False,,1,https://pbs.twimg.com/media/BZMmmhiIYAAebmU.jpg,,,,,,,[],,,,
401702590108676096,401702590108676096,2013-11-16 08:25:35 EST,2013-11-16,08:25:35,-0400,212359352,adri_lid,adrisee,,To much #rain in #Bergen #Norway #water #cars #flood #instaweather #latergram #crazy #rainy #wet…  http://t.co/7gJsQ6c2VK,en,[],['http://instagram.com/p/gxuyi9mjtz/'],[],0,0,0,"['rain', 'bergen', 'norway', 'water', 'cars', 'flood', 'instaweather', 'latergram', 'crazy', 'rainy', 'wet']",[],https://twitter.com/adri_lid/status/401702590108676096,False,,0,,,,,,,,[],,,,
401694206218878976,401694206218878976,2013-11-16 07:52:16 EST,2013-11-16,07:52:16,-0400,1536412436,globalfloodnews,GlobalFloodSystem,,"#flood #disaster One dead, another missing in Cape Town floods - eNCA: One dead, another missing in Cape Town ...  http://t.co/DMzFd4jfQr",en,[],['http://bit.ly/1eYTWB6'],[],0,0,0,"['flood', 'disaster']",[],https://twitter.com/GlobalFloodNews/status/401694206218878976,False,,0,,,,,,,,[],,,,
401693622984130560,401693622984130560,2013-11-16 07:49:57 EST,2013-11-16,07:49:57,-0400,551487642,still_nyte,Nyte,,Ayooo check me out rt if u dig it  https://t.co/CSiz1iWCVu #VMR #FLOOD,en,[],['https://soundcloud.com/nyte_vmr/work-nyte'],[],0,0,0,"['vmr', 'flood']",[],https://twitter.com/Still_Nyte/status/401693622984130560,False,,0,,,,,,,,[],,,,
401693259078311936,401693259078311936,2013-11-16 07:48:30 EST,2013-11-16,07:48:30,-0400,85493505,aaghunalbantany,اندرا غغون عنوان,,#hujan #rain #jalanbanjir #banjir #flood #serang #banten  http://t.co/EPmIdRIHOG,und,[],['http://instagram.com/p/gxqXUSiQb_/'],[],0,0,0,"['hujan', 'rain', 'jalanbanjir', 'banjir', 'flood', 'serang', 'banten']",[],https://twitter.com/aaghunalbantany/status/401693259078311936,False,,0,,,,,,,,[],,,,
401692396909375489,401692396909375489,2013-11-16 07:45:05 EST,2013-11-16,07:45:05,-0400,1536412436,globalfloodnews,GlobalFloodSystem,,"#flood #disaster Floods in central VN kill 19: HANOI, Vietnam (AP) - Floods and landslides triggered by heavy ...  http://t.co/SuwmEWaccA",en,[],['http://bit.ly/18D2FkT'],[],0,0,0,"['flood', 'disaster']",[],https://twitter.com/GlobalFloodNews/status/401692396909375489,False,,0,,,,,,,,[],,,,
401692396259246081,401692396259246081,2013-11-16 07:45:05 EST,2013-11-16,07:45:05,-0400,1536412436,globalfloodnews,GlobalFloodSystem,,#flood #disaster 19 killed as floods hit Vietnam: Floods and landslides triggered by heavy rains in central Vi...  http://t.co/0nWDXpHzjT,en,[],['http://bit.ly/1eYWr6w'],[],0,2,0,"['flood', 'disaster']",[],https://twitter.com/GlobalFloodNews/status/401692396259246081,False,,0,,,,,,,,[],,,,
401692395617538048,401692395617538048,2013-11-16 07:45:04 EST,2013-11-16,07:45:04,-0400,1536412436,globalfloodnews,GlobalFloodSystem,,"#flood #disaster Floods kill 15 in Vietnam: Hanoi, Nov 16 (IANS): Floods triggered by Storm Podul which hit Vi...  http://t.co/ogmkLiFbeW",en,[],['http://bit.ly/1eYWoYz'],[],0,0,0,"['flood', 'disaster']",[],https://twitter.com/GlobalFloodNews/status/401692395617538048,False,,0,,,,,,,,[],,,,
401688762050023426,401688762050023426,2013-11-16 07:30:38 EST,2013-11-16,07:30:38,-0400,1536412436,globalfloodnews,GlobalFloodSystem,,"#flood Over 2,600 evacuees flew to Manila - AFP:  MANILA, Philippines - The exodus out of affected areas incre...  http://t.co/vTCHzHIt9R",en,[],['http://bit.ly/1czdabH'],[],0,0,0,['flood'],[],https://twitter.com/GlobalFloodNews/status/401688762050023426,False,,0,,,,,,,,[],,,,
401688115821019136,401688115821019136,2013-11-16 07:28:04 EST,2013-11-16,07:28:04,-0400,1225622803,ssinclair1611,Steven Sinclair,,@Alex_Verbeek Interesting you should Follow! I was reading about Scheveningen &amp; #Noordwaard #flood #management projects just yesterday,en,[],[],[],0,0,0,"['noordwaard', 'flood', 'management']",[],https://twitter.com/SSinclair1611/status/401688115821019136,False,,0,,,,,,,,[],,,,
401687865295650816,401687865295650816,2013-11-16 07:27:04 EST,2013-11-16,07:27:04,-0400,613641024,radaltonltd,RA Dalton,,Problems with your #sewage system due to the #rain &amp; #floods - call us on 01388 537030 for help #bizitweet #like2 #flood,en,[],[],[],0,0,0,"['sewage', 'rain', 'floods', 'bizitweet', 'like2', 'flood']",[],https://twitter.com/RADaltonLtd/status/401687865295650816,False,,0,,,,,,,,[],,,,
401686203990163456,401686203990163456,2013-11-16 07:20:28 EST,2013-11-16,07:20:28,-0400,98001094,reclaimrestoreu,Lynda Lee Wright,,#SomersetWest #Flood #Help look at the tweets from @vwsfires for address. Need blankets cloths toiletries NG Kerk SW &amp; Scout Hall Strand,en,"[{'screen_name': 'vwsfires', 'name': 'vws wildfires', 'id': '71473149'}]",[],[],0,0,0,"['somersetwest', 'flood', 'help']",[],https://twitter.com/reclaimrestoreu/status/401686203990163456,False,,0,,,,,,,,[],,,,
401685839295811584,401685839295811584,2013-11-16 07:19:01 EST,2013-11-16,07:19:01,-0400,562770917,ddrainage,Direct Drainage,,Problems with #flood? We stock submersible #pumps at discount prices  http://t.co/OU9XKjcMVX #floods #weather #rain,en,[],['http://goo.gl/1W2XY'],[],0,0,0,"['flood', 'pumps', 'floods', 'weather', 'rain']",[],https://twitter.com/DDrainage/status/401685839295811584,False,,0,,,,,,,,[],,,,
401683006592942080,401683006592942080,2013-11-16 07:07:46 EST,2013-11-16,07:07:46,-0400,59348453,choc_pretty_,🌈,,#Flood 😂,und,[],[],[],0,0,0,['flood'],[],https://twitter.com/Choc_Pretty_/status/401683006592942080,False,,0,,,,,,,,[],,,,
401682758369808384,401682758369808384,2013-11-16 07:06:47 EST,2013-11-16,07:06:47,-0400,128850805,ridha_ziw,Ridha Fauziah,,#jakarta #january2013 #flood #bundaranHI #car #jeep  http://t.co/OsYFvdm22e,und,[],['http://instagram.com/p/gxl4DGLOhv/'],[],0,0,0,"['jakarta', 'january2013', 'flood', 'bundaranhi', 'car', 'jeep']",[],https://twitter.com/ridha_ziw/status/401682758369808384,False,,0,,,,,,,,[],,,,
401681358176911360,401681358176911360,2013-11-16 07:01:13 EST,2013-11-16,07:01:13,-0400,1960515716,corebusplans,Andrew,,"""@MariettedTH:  #SomersetWest from the air, completely water-logged and still the rain keeps coming...#flood  http://t.co/JtZiwxJJO6""",en,"[{'screen_name': 'mariettedth', 'name': 'mariette dt-helmbold', 'id': '21783124'}]",[],['https://pbs.twimg.com/media/BZL_7DNIgAEk92z.jpg'],1,1,0,"['somersetwest', 'flood']",[],https://twitter.com/CoreBusPlans/status/401681358176911360,False,,1,https://pbs.twimg.com/media/BZL_7DNIgAEk92z.jpg,,,,,,,[],,,,
401670017759973376,401670017759973376,2013-11-16 06:16:09 EST,2013-11-16,06:16:09,-0400,138538188,leafletpro,Mark Harding,,#StokeBiz One call flood &amp; fire restoration for all your restoration needs #fire #flood #mould call Tom on 07717 846843 #bizitalk #FPSBS,en,[],[],[],0,3,0,"['stokebiz', 'fire', 'flood', 'mould', 'bizitalk', 'fpsbs']",[],https://twitter.com/LeafletPro/status/401670017759973376,False,,0,,,,,,,,[],,,,
401668761616261120,401668761616261120,2013-11-16 06:11:10 EST,2013-11-16,06:11:10,-0400,1643630636,bexiii2000,Bexxxxxi:)♥ ,,#flood:(  http://t.co/hOhVTU55Hg,und,[],[],['https://pbs.twimg.com/media/BZMDnEdCMAAynvQ.jpg'],0,0,0,['flood'],[],https://twitter.com/bexiii2000/status/401668761616261120,False,,1,https://pbs.twimg.com/media/BZMDnEdCMAAynvQ.jpg,,,,,,,[],,,,
401668359709663233,401668359709663233,2013-11-16 06:09:34 EST,2013-11-16,06:09:34,-0400,1536412436,globalfloodnews,GlobalFloodSystem,,#flood #disaster 19 killed as floods hit Vietnam - Irish Independent: Irish Independent19 killed as floods hit...  http://t.co/n8ThrOside,en,[],['http://bit.ly/1d4GZ8Q'],[],0,0,0,"['flood', 'disaster']",[],https://twitter.com/GlobalFloodNews/status/401668359709663233,False,,0,,,,,,,,[],,,,
401668358883385344,401668358883385344,2013-11-16 06:09:34 EST,2013-11-16,06:09:34,-0400,1536412436,globalfloodnews,GlobalFloodSystem,,#flood #disaster Rescue teams alert after Cape floods - eNCA: South African Broadcasting CorporationRescue tea...  http://t.co/FbvZBsR5AA,en,[],['http://bit.ly/1cz0QYQ'],[],0,0,0,"['flood', 'disaster']",[],https://twitter.com/GlobalFloodNews/status/401668358883385344,False,,0,,,,,,,,[],,,,
401666392287899648,401666392287899648,2013-11-16 06:01:45 EST,2013-11-16,06:01:45,-0400,1172992802,angelsson96,Fresh Jesus ,,Shits Gonna Get Bad Folks If You Don't Meet The Deadline! #Earthquake #Hurricane #Flood #Fire,en,[],[],[],0,0,0,"['earthquake', 'hurricane', 'flood', 'fire']",[],https://twitter.com/AngelsSon96/status/401666392287899648,False,,0,,,,,,,,[],,,,
401664706857144320,401664706857144320,2013-11-16 05:55:03 EST,2013-11-16,05:55:03,-0400,21783124,mariettedth,Mariette dT-Helmbold,,"Our neighbourhood in #SomersetWest from the air, completely water-logged and still the rain keeps coming...#flood  http://t.co/U5uzE8pIh1",en,[],[],['https://pbs.twimg.com/media/BZL_7DNIgAEk92z.jpg'],8,59,9,"['somersetwest', 'flood']",[],https://twitter.com/MariettedTH/status/401664706857144320,False,,1,https://pbs.twimg.com/media/BZL_7DNIgAEk92z.jpg,,,,,,,[],,,,
401662089301098497,401662089301098497,2013-11-16 05:44:39 EST,2013-11-16,05:44:39,-0400,142770268,yolandawalsh,Yolanda Walsh,,Totally pooped pooches after yesterday's #flood adventures. So grateful to be safe and sound  http://t.co/PQ7njwZjtu,en,[],[],['https://pbs.twimg.com/media/BZL9irIIEAAFyuF.jpg'],0,1,0,['flood'],[],https://twitter.com/YolandaWalsh/status/401662089301098497,False,,1,https://pbs.twimg.com/media/BZL9irIIEAAFyuF.jpg,,,,,,,[],,,,
401645065979707392,401645065979707392,2013-11-16 04:37:00 EST,2013-11-16,04:37:00,-0400,1925223031,onedollarsaves,One Dollar Saves,,LNo efforts are too small or in vain! #poverty nor #typhoon nor #flood can stop us! Together we are mighty.  http://t.co/EM2coB251g #donate,en,[],['http://onedollarsaves.com'],[],0,0,0,"['poverty', 'typhoon', 'flood', 'donate']",[],https://twitter.com/OneDollarSaves/status/401645065979707392,False,,0,,,,,,,,[],,,,
401644000651640834,401644000651640834,2013-11-16 04:32:46 EST,2013-11-16,04:32:46,-0400,1616940212,watershedinnov,Watershed Innovation,,Planning Your #Flood Protection Strategy In Advance  http://t.co/CawQZhpnXS,en,[],['http://ezinearticles.com/?Planning-Your-Flood-Protection-Strategy-In-Advance&id=8115402'],[],0,0,0,['flood'],[],https://twitter.com/WatershedInnov/status/401644000651640834,False,,0,,,,,,,,[],,,,
401643270213603328,401637027155689472,2013-11-16 04:29:52 EST,2013-11-16,04:29:52,-0400,36712279,dahirkulane,Dahir  Kulane,,@FawziaYusufAdam  We salute and thank you for your hard work and effort in supporting #Flood #Disaster Victims in #Jowhar #Puntland #Somalia,en,[],[],[],0,0,0,"['flood', 'disaster', 'jowhar', 'puntland', 'somalia']",[],https://twitter.com/Dahirkulane/status/401643270213603328,False,,0,,,,,,,,[],,,,
401639279429820416,401639279429820416,2013-11-16 04:14:00 EST,2013-11-16,04:14:00,-0400,320061592,creativeafrica,Jaco Vollgraaff,,They are re-redirecting traffic coming in to #MosselBay in the De Bakke area.. So the town is accessible.. #Flood,en,[],[],[],1,3,1,"['mosselbay', 'flood']",[],https://twitter.com/CreativeAfrica/status/401639279429820416,False,,0,,,,,,,,[],,,,
401634504458383360,401634504458383360,2013-11-16 03:55:02 EST,2013-11-16,03:55:02,-0400,43300014,johnny_s_lak,Johnny Lak,,#capetown #strand #flood #vscocam  http://t.co/0Y5cCdnIew,und,[],['http://instagram.com/p/gxQCiIMqYk/'],[],0,0,1,"['capetown', 'strand', 'flood', 'vscocam']",[],https://twitter.com/Johnny_S_Lak/status/401634504458383360,False,,0,,,,,,,,[],,,,
401629282952175616,401629282952175616,2013-11-16 03:34:17 EST,2013-11-16,03:34:17,-0400,21930346,grape_head85,Emma Ward,"{'type': 'Point', 'coordinates': [16.0407088, 108.25057615]}",This is what we woke up to this morning #flood #vietnam  http://t.co/VO8T4uSW5Y,en,[],[],['https://pbs.twimg.com/media/BZLftG3CcAAau8r.jpg'],1,0,0,"['flood', 'vietnam']",[],https://twitter.com/grape_head85/status/401629282952175616,False,,1,https://pbs.twimg.com/media/BZLftG3CcAAau8r.jpg,,,,,,,[],,,,
401627747174596608,401627747174596608,2013-11-16 03:28:11 EST,2013-11-16,03:28:11,-0400,814884224,worldalerts247,WORLD ALERTS ²⁴/7,,15 People Killed by Floods Triggered by Storm Podul in Central Vietnam-  http://t.co/hytrrTGcua #flood #fb,en,[],['http://www.ubalert.com/KSAb'],[],0,0,0,"['flood', 'fb']",[],https://twitter.com/WorldALERTS247/status/401627747174596608,False,,0,,,,,,,,[],,,,
401623415523524608,401623415523524608,2013-11-16 03:10:58 EST,2013-11-16,03:10:58,-0400,831026246,capetownpeople,CapeTownPeople,,Delay on the N2 in Somerset as lanes our close due to #flood if possible use alternative route  http://t.co/0n8tTw6b7Z,en,[],[],['https://pbs.twimg.com/media/BZLaXlFCYAAiSGy.jpg'],0,0,0,['flood'],[],https://twitter.com/CapeTownPeople/status/401623415523524608,False,,1,https://pbs.twimg.com/media/BZLaXlFCYAAiSGy.jpg,,,,,,,[],,,,
401622953038598144,401622953038598144,2013-11-16 03:09:08 EST,2013-11-16,03:09:08,-0400,45195411,ubalert,ubAlert,,15 People Killed by Floods Triggered by Storm Podul in Central Vietnam-  http://t.co/AwLuDOqe3z #flood #fb,en,[],['http://www.ubalert.com/KSAb'],[],0,1,0,"['flood', 'fb']",[],https://twitter.com/ubalert/status/401622953038598144,False,,0,,,,,,,,[],,,,
401616540837371904,401616540837371904,2013-11-16 02:43:39 EST,2013-11-16,02:43:39,-0400,539811606,jennyjonescx,Jenny Jones,,@BBCBreaking @southafricans: Flooded #capetown #flood #2013 #globalwarming  http://t.co/q3kbNIWVvl,en,"[{'screen_name': 'southafricans', 'name': 'south africa', 'id': '34213247'}]",['http://instagram.com/p/gvm1ZQF_AY/'],[],0,0,0,"['capetown', 'flood', 'globalwarming']",[],https://twitter.com/JennyJonescx/status/401616540837371904,False,,0,,,,,,,,[],,,,
401616440308281344,401616440308281344,2013-11-16 02:43:15 EST,2013-11-16,02:43:15,-0400,539811606,jennyjonescx,Jenny Jones,,@HalaGorani @southafricans: Flooded #capetown #flood #2013 #globalwarming  http://t.co/q3kbNIWVvl,en,"[{'screen_name': 'southafricans', 'name': 'south africa', 'id': '34213247'}]",['http://instagram.com/p/gvm1ZQF_AY/'],[],0,0,0,"['capetown', 'flood', 'globalwarming']",[],https://twitter.com/JennyJonescx/status/401616440308281344,False,,0,,,,,,,,[],,,,
401616229884239872,401616229884239872,2013-11-16 02:42:25 EST,2013-11-16,02:42:25,-0400,539811606,jennyjonescx,Jenny Jones,,@kuminaidoo @southafricans: Flooded #capetown #flood #2013 #globalwarming  http://t.co/q3kbNIWVvl,en,"[{'screen_name': 'southafricans', 'name': 'south africa', 'id': '34213247'}]",['http://instagram.com/p/gvm1ZQF_AY/'],[],0,0,0,"['capetown', 'flood', 'globalwarming']",[],https://twitter.com/JennyJonescx/status/401616229884239872,False,,0,,,,,,,,[],,,,
401615562922397697,401615562922397697,2013-11-16 02:39:46 EST,2013-11-16,02:39:46,-0400,539778787,moggie_01,Mohan,,What a rain I think #chennai gonna have a #flood 😕,en,[],[],[],0,0,0,"['chennai', 'flood']",[],https://twitter.com/Moggie_01/status/401615562922397697,False,,0,,,,,,,,[],,,,
401611144814534656,401611144814534656,2013-11-16 02:22:13 EST,2013-11-16,02:22:13,-0400,250489330,gatterwe,Gatterwe Simone,,sold at @cafepress.com : The #flood of #Rome #Wine #Stopper - thanks to the customer!  http://t.co/u1yjI5TS9q #waterfall #fantasy #Colosseum,en,"[{'screen_name': 'cafepress', 'name': 'cafepress', 'id': '14519892'}]",['http://www.cafepress.com/gatterwe.1007104339#.Uocc9ci-SnU.twitter'],[],0,0,0,"['flood', 'rome', 'wine', 'stopper', 'waterfall', 'fantasy', 'colosseum']",[],https://twitter.com/gatterwe/status/401611144814534656,False,,0,,,,,,,,[],,,,
401610627010924545,401610627010924545,2013-11-16 02:20:09 EST,2013-11-16,02:20:09,-0400,1536412436,globalfloodnews,GlobalFloodSystem,,#flood #disaster 5 killed in Vietnam floods: Floods and landslides triggered by heavy rains have killed five p...  http://t.co/ppdiylz5qA,en,[],['http://bit.ly/1d4iIjd'],[],0,0,0,"['flood', 'disaster']",[],https://twitter.com/GlobalFloodNews/status/401610627010924545,False,,0,,,,,,,,[],,,,
401605272583798784,401605272583798784,2013-11-16 01:58:53 EST,2013-11-16,01:58:53,-0400,460824087,philmagomes23,Broomstick Babe,,@WogsyEllis Shocking flood pictures from #SomersetWest Medi-Clinic #flood  http://t.co/CYxKTlYQiE”,en,[],['http://ow.ly/qSIL5'],[],0,1,0,"['somersetwest', 'flood']",[],https://twitter.com/philmagomes23/status/401605272583798784,False,,0,,,,,,,,[],,,,
401604062019203072,401604062019203072,2013-11-16 01:54:04 EST,2013-11-16,01:54:04,-0400,1536412436,globalfloodnews,GlobalFloodSystem,,#flood #disaster Western Cape hit by flash floods - Eyewitness News: iAfrica.comWestern Cape hit by flash floo...  http://t.co/XYCqp95D1A,en,[],['http://bit.ly/1dBXaXu'],[],0,0,0,"['flood', 'disaster']",[],https://twitter.com/GlobalFloodNews/status/401604062019203072,False,,0,,,,,,,,[],,,,
401604061448769536,401604061448769536,2013-11-16 01:54:04 EST,2013-11-16,01:54:04,-0400,1536412436,globalfloodnews,GlobalFloodSystem,,#flood #disaster Jakarta on standby as floods begin to hit - Jakarta Post: Jakarta PostJakarta on standby as f...  http://t.co/jg7t7LLktK,et,[],['http://bit.ly/1dBX7Lt'],[],0,0,0,"['flood', 'disaster']",[],https://twitter.com/GlobalFloodNews/status/401604061448769536,False,,0,,,,,,,,[],,,,
401604060790267904,401604060790267904,2013-11-16 01:54:04 EST,2013-11-16,01:54:04,-0400,1536412436,globalfloodnews,GlobalFloodSystem,,#flood #disaster Five killed in Vietnam flooding - Evening Standard: Irish IndependentFive killed in Vietnam f...  http://t.co/RZKoJNneyJ,en,[],['http://bit.ly/1dBXaH6'],[],0,0,0,"['flood', 'disaster']",[],https://twitter.com/GlobalFloodNews/status/401604060790267904,False,,0,,,,,,,,[],,,,
401602339637055488,401602339637055488,2013-11-16 01:47:13 EST,2013-11-16,01:47:13,-0400,394529895,215_blazinrain,Blazin Rain,,Sorry 4 da #timeline #flood but i can't keep calm my youngin turned 3 feeling #Blessed  http://t.co/ukRHsUAZly,en,[],['http://instagram.com/p/gxBHAenB4q/'],[],0,0,0,"['timeline', 'flood', 'blessed']",[],https://twitter.com/215_blazinrain/status/401602339637055488,False,,0,,,,,,,,[],,,,
401595830026907648,401595830026907648,2013-11-16 01:21:21 EST,2013-11-16,01:21:21,-0400,359288159,floodadviceuk,Warwick York Chartered Surveyors,,In addition to our consultancy services we offer a FREE helpline on ALL flood related matters. See website for details. #Flood #flooding,en,[],[],[],0,0,0,"['flood', 'flooding']",[],https://twitter.com/FloodAdviceUK/status/401595830026907648,False,,0,,,,,,,,[],,,,
401595687030501376,401595687030501376,2013-11-16 01:20:47 EST,2013-11-16,01:20:47,-0400,22598815,elmakapelma,Elma Smit,,My father in-law was in this hospital 2 weeks ago... Shocking flood pictures from #SomersetWest Medi-Clinic #flood  http://t.co/CVnrVIXuOV,en,[],['http://ow.ly/qSIL5'],[],1,4,1,"['somersetwest', 'flood']",[],https://twitter.com/Elmakapelma/status/401595687030501376,False,,0,,,,,,,,[],,,,
401595593622970368,401411108135002112,2013-11-16 01:20:25 EST,2013-11-16,01:20:25,-0400,86127780,c3dplus,"Brian Hailey, PE",,"The power of water amazes me. “@HawaiiFloodPlan: Check out this video of a flash #flood in progess in Hana, #Maui!  http://t.co/CKB3N6B4Io”",en,"[{'screen_name': 'hawaiifloodplan', 'name': 'hawaii flood plan', 'id': '836026958'}]",['http://ow.ly/27tJ5R'],[],0,0,0,"['flood', 'maui']",[],https://twitter.com/C3DPlus/status/401595593622970368,False,,0,,,,,,,,[],,,,
401594716929536000,401594716929536000,2013-11-16 01:16:56 EST,2013-11-16,01:16:56,-0400,404093275,australianwarni,Australianwarnings,,#TAS #Flood #Corp  RENEWED WARNING: MINOR FLOOD WARNING FOR THE LOWER MACQUARIE...: #TAS #Flood #Corp RENEWED ...  http://t.co/Yz64qRIlRv,en,[],['http://on.fb.me/1d4d94x'],[],0,0,0,"['tas', 'flood', 'corp', 'tas', 'flood', 'corp']",[],https://twitter.com/Australianwarni/status/401594716929536000,False,,0,,,,,,,,[],,,,
401594333096189952,401594333096189952,2013-11-16 01:15:24 EST,2013-11-16,01:15:24,-0400,2191658539,jakarta_travel,Jasatama Wisata,,"Ini banjir karena hujan di sungai manunggal jogja kmrn,jadi banjir g cm di #jakarta  tuips...#flood #river #rain  http://t.co/dzkBRCzU6Z",in,[],[],['https://pbs.twimg.com/media/BZK_6wxCIAA-efC.jpg'],0,0,0,"['jakarta', 'flood', 'river', 'rain']",[],https://twitter.com/Jakarta_Travel/status/401594333096189952,False,,1,https://pbs.twimg.com/media/BZK_6wxCIAA-efC.jpg,,,,,,,[],,,,
401588867402588160,401588867402588160,2013-11-16 00:53:41 EST,2013-11-16,00:53:41,-0400,215317125,john_schippers1,John Schippers,,Thouhts go out to the people in the Western Cape affected by flooding. Thank you to the brave men and woman of the emergency services #flood,en,[],[],[],0,0,0,['flood'],[],https://twitter.com/John_Schippers1/status/401588867402588160,False,,0,,,,,,,,[],,,,
401588731632558081,401588731632558081,2013-11-16 00:53:09 EST,2013-11-16,00:53:09,-0400,47034638,robbyfischer,Robby Fischer,,Two replies from @tmbg! LOVED them since #Flood. Amazing NY band. Listen to their stuff. They're amazing. :),en,"[{'screen_name': 'tmbg', 'name': 'they might be giants', 'id': '180540375'}]",[],[],0,0,0,['flood'],[],https://twitter.com/robbyfischer/status/401588731632558081,False,,0,,,,,,,,[],,,,
401585004926754816,401585004926754816,2013-11-16 00:38:20 EST,2013-11-16,00:38:20,-0400,1536412436,globalfloodnews,GlobalFloodSystem,,#Global #Flood #News is out!  http://t.co/Md3w8sX3hT Stories via @FPSgeog @GlobalFloodNews @JolyFox,en,"[{'screen_name': 'fpsgeog', 'name': 'fpsgeog', 'id': '2788596301'}, {'screen_name': 'globalfloodnews', 'name': 'globalfloodsystem', 'id': '1536412436'}, {'screen_name': 'jolyfox', 'name': 'joly fox', 'id': '189963344'}]",['http://paper.li/GlobalFloodNews/1373268934'],[],0,1,0,"['global', 'flood', 'news']",[],https://twitter.com/GlobalFloodNews/status/401585004926754816,False,,0,,,,,,,,[],,,,
401582704812380160,401582704812380160,2013-11-16 00:29:12 EST,2013-11-16,00:29:12,-0400,85228480,f_t_l_o_m,SHELZ_ARISTOCRAT,,Video: #flood  http://t.co/OYVktFCjLF,en,[],['http://tmblr.co/ZYFl1q_X1_sQ'],[],0,0,0,['flood'],[],https://twitter.com/F_T_L_O_M/status/401582704812380160,False,,0,,,,,,,,[],,,,
401582703356952577,401582703356952577,2013-11-16 00:29:12 EST,2013-11-16,00:29:12,-0400,85228480,f_t_l_o_m,SHELZ_ARISTOCRAT,,#flood  http://t.co/NotoWcc9JM,und,[],['http://instagram.com/p/gw4cGFAagp/'],[],0,0,0,['flood'],[],https://twitter.com/F_T_L_O_M/status/401582703356952577,False,,0,,,,,,,,[],,,,
401569365994127360,401567712549158912,2013-11-15 23:36:12 EST,2013-11-15,23:36:12,-0400,47034638,robbyfischer,Robby Fischer,,@tmbg @alexzjohnson I've been a fan of yall's since #Flood. I'm honored for the reply :) #NYC is the 1st song I think of when I think of NY.,en,"[{'screen_name': 'alexzjohnson', 'name': 'alexz johnson', 'id': '31049965'}]",[],[],0,0,0,"['flood', 'nyc']",[],https://twitter.com/robbyfischer/status/401569365994127360,False,,0,,,,,,,,[],,,,
401568443973259264,401568443973259264,2013-11-15 23:32:32 EST,2013-11-15,23:32:32,-0400,766849646,katie_dorman7,Katie Dorman,,omg best sleepover 😂 #flood @betinapuliafico @biancagadze @HAYjessie_WAHOO @nicolebadami,en,"[{'screen_name': 'biancagadze', 'name': 'bianca gadze', 'id': '1004787530'}, {'screen_name': 'nicolebadami', 'name': 'nicole badami', 'id': '749830782'}]",[],[],0,1,2,['flood'],[],https://twitter.com/Katie_Dorman7/status/401568443973259264,False,,0,,,,,,,,[],,,,
401566172648202241,401566172648202241,2013-11-15 23:23:30 EST,2013-11-15,23:23:30,-0400,1536412436,globalfloodnews,GlobalFloodSystem,,"#flood #disaster Floods kill 5 and leave 4 missing in Vietnam: HANOI, Vietnam (AP) Disaster officials and stat...  http://t.co/s4SytWhJvH",en,[],['http://bit.ly/18CbLON'],[],0,0,0,"['flood', 'disaster']",[],https://twitter.com/GlobalFloodNews/status/401566172648202241,False,,0,,,,,,,,[],,,,
401561191668932608,401489100248604672,2013-11-15 23:03:43 EST,2013-11-15,23:03:43,-0400,18368991,shafferdc,Shaffer,,"@NewJackBrenn 95... we were more worried about ""Player's Ball to ballers"" and Mystic Stylez. #flood",en,[],[],[],1,0,0,['flood'],[],https://twitter.com/ShafferDC/status/401561191668932608,False,,0,,,,,,,,[],,,,
401555629380075520,401555629380075520,2013-11-15 22:41:37 EST,2013-11-15,22:41:37,-0400,470366658,affordins,AFFORDABLE INSURANCE,,It's a fact: Only 18 percent of Americans have #flood #insurance. Ask us about this important coverage!,en,[],[],[],0,0,0,"['flood', 'insurance']",[],https://twitter.com/affordins/status/401555629380075520,False,,0,,,,,,,,[],,,,
401554862166781952,401554862166781952,2013-11-15 22:38:34 EST,2013-11-15,22:38:34,-0400,21930346,grape_head85,Emma Ward,"{'type': 'Point', 'coordinates': [16.01455533, 108.26153256]}","So yesterday we arrived by cab, today we left by boat #flood #vietnam @ Hội An  http://t.co/7NLRzkNCya",en,[],['http://instagram.com/p/gwrvJjBuAE/'],[],0,0,0,"['flood', 'vietnam']",[],https://twitter.com/grape_head85/status/401554862166781952,False,,0,,,,,,,,[],,,,
401547865584988162,401547865584988162,2013-11-15 22:10:46 EST,2013-11-15,22:10:46,-0400,187959719,tara_papworth,Paps,,Ok so this is where the rain goes #flood #hoian #vietnam  http://t.co/6GBB8b0xtz,en,[],[],['https://pbs.twimg.com/media/BZKVp_bCAAEQ3sT.jpg'],4,0,0,"['flood', 'hoian', 'vietnam']",[],https://twitter.com/tara_papworth/status/401547865584988162,False,,1,https://pbs.twimg.com/media/BZKVp_bCAAEQ3sT.jpg,,,,,,,[],,,,
401536758703075328,401536758703075328,2013-11-15 21:26:38 EST,2013-11-15,21:26:38,-0400,367938605,bkobserver,BKObserver,,It has potential for a @Dave_White thrasher novel - nice guy/friend zoned and then turns out to be a psychotic mass murderer at night #flood,en,"[{'screen_name': 'dave_white', 'name': 'dave white', 'id': '14706648'}]",[],[],1,0,0,['flood'],[],https://twitter.com/BKObserver/status/401536758703075328,False,,0,,,,,,,,[],,,,
401536483657396224,401536483657396224,2013-11-15 21:25:32 EST,2013-11-15,21:25:32,-0400,188057155,welcometothepit,WNC Print,,Noah says ye shall not pass!  #flood,en,[],[],[],0,0,0,['flood'],[],https://twitter.com/WELCOMETOTHEPIT/status/401536483657396224,False,,0,,,,,,,,[],,,,
401525069999910912,401525069999910912,2013-11-15 20:40:11 EST,2013-11-15,20:40:11,-0400,1536412436,globalfloodnews,GlobalFloodSystem,,#flood #disaster Pahang expects floods to hit several districts early next month - The Star Online: Pahang exp...  http://t.co/Tjc2kEJugj,en,[],['http://bit.ly/18BWdur'],[],0,0,0,"['flood', 'disaster']",[],https://twitter.com/GlobalFloodNews/status/401525069999910912,False,,0,,,,,,,,[],,,,
401514287031926784,401514287031926784,2013-11-15 19:57:20 EST,2013-11-15,19:57:20,-0400,28980371,meaganjd,Ｍｅａｇａｎ 🌍 | ♎︎,,"Good luck to all the rescue teams, disaster management folks, hospitals and other helpful souls. Difficult times ahead #capetown #flood",en,[],[],[],0,2,0,"['capetown', 'flood']",[],https://twitter.com/MeaganJD/status/401514287031926784,False,,0,,,,,,,,[],,,,
401508675279675392,401508675279675392,2013-11-15 19:35:02 EST,2013-11-15,19:35:02,-0400,28980371,meaganjd,Ｍｅａｇａｎ 🌍 | ♎︎,,Any idea where we can get sandbags in cape town #capetown #flood,en,[],[],[],0,0,0,"['capetown', 'flood']",[],https://twitter.com/MeaganJD/status/401508675279675392,False,,0,,,,,,,,[],,,,
401508060281470977,401508060281470977,2013-11-15 19:32:35 EST,2013-11-15,19:32:35,-0400,22415526,robbiefar,Rob Farrelly,"{'type': 'Point', 'coordinates': [51.64996481, 0.1246161]}",Help the police knock a door down #baller #flood #drama #faketanfriday,en,[],[],[],1,0,1,"['baller', 'flood', 'drama', 'faketanfriday']",[],https://twitter.com/robbiefar/status/401508060281470977,False,,0,,,,,,,,[],,,,
401505062838476800,401505062838476800,2013-11-15 19:20:41 EST,2013-11-15,19:20:41,-0400,83882080,qberugby,QBE Rugby,,Toby #Flood is the most experienced player in the #England squad. He has 3 caps against the #AllBlacks. Will he make an appearance today?,en,[],[],[],1,0,1,"['flood', 'england', 'allblacks']",[],https://twitter.com/QBErugby/status/401505062838476800,False,,0,,,,,,,,[],,,,
401500276785311744,401500276785311744,2013-11-15 19:01:40 EST,2013-11-15,19:01:40,-0400,767036004,upayr,Have a GREEN Year!,,"In A Storm's Wake, 2 #Books Help Make Sense Of What Remains  http://t.co/J31n2YBMIx #TyphoonHaiyan #Philippines #Dogeaters #Flood",en,[],['http://www.npr.org/2013/11/15/245473217/a-must-read-for-a-typhoons-aftermath'],[],0,2,1,"['books', 'typhoonhaiyan', 'philippines', 'dogeaters', 'flood']",[],https://twitter.com/upayr/status/401500276785311744,False,,0,,,,,,,,[],,,,
