id,conversation_id,created_at,date,time,timezone,user_id,username,name,place,tweet,language,mentions,urls,photos,replies_count,retweets_count,likes_count,hashtags,cashtags,link,retweet,quote_url,video,thumbnail,near,geo,source,user_rt_id,user_rt,retweet_id,reply_to,retweet_date,translate,trans_src,trans_dest
954499638127607809,954499638127607809,2018-01-19 18:43:42 EST,2018-01-19,18:43:42,-0400,164630850,hjmrdck,Heather Murdock,,Check out the work our team at @Ebbwater is doing to engage a community in northern British Columbia on social media about understanding #flood risk💧#RiskComm #DRR  https://t.co/RDgvsDDn5m,en,"[{'screen_name': 'ebbwater', 'name': 'ebbwater', 'id': '1370169828'}]",['https://twitter.com/Ebbwater/status/954498289507774465'],[],0,0,1,"['flood', 'riskcomm', 'drr']",[],https://twitter.com/HJMrdck/status/954499638127607809,False,https://twitter.com/Ebbwater/status/954498289507774465,0,,,,,,,,[],,,,
954498501865435136,954498501865435136,2018-01-19 18:39:11 EST,2018-01-19,18:39:11,-0400,821718911456608256,emerghub,EmergHub,,"Send evacuation notices to residents during a #wildfire, #flood, or any #naturaldisaster with Alerts  https://t.co/YGjT3V2z2w",en,[],['http://1nk.io/sKcy'],[],0,2,1,"['wildfire', 'flood', 'naturaldisaster']",[],https://twitter.com/emerghub/status/954498501865435136,False,,0,,,,,,,,[],,,,
954498289507774465,954498289507774465,2018-01-19 18:38:20 EST,2018-01-19,18:38:20,-0400,1370169828,ebbwater,Ebbwater,,Ebbwater is working with the City of Dawson Creek to help better understand #flood risk in the community 🏘️ We are engaging the community through social media:  https://t.co/XQQcun4SlO Have a look and let us know what you think! #RiskComm #DRR,en,[],['http://bit.ly/2mVFa7m'],[],0,2,5,"['flood', 'riskcomm', 'drr']",[],https://twitter.com/Ebbwater/status/954498289507774465,False,,0,,,,,,,,[],,,,
954473118700945408,954473118700945408,2018-01-19 16:58:19 EST,2018-01-19,16:58:19,-0400,2276880895,petabencana,PetaBencana.id,,"@Titi_6663 Hello, I am Bencana Bot, reply with #flood to send me your flood report.  https://t.co/x8C54LDg2F",en,[],[],['https://pbs.twimg.com/tweet_video_thumb/C4MFV65UkAAbNll.jpg'],0,0,0,['flood'],[],https://twitter.com/petabencana/status/954473118700945408,False,,1,https://pbs.twimg.com/tweet_video_thumb/C4MFV65UkAAbNll.jpg,,,,,,,[],,,,
954470313374441473,954470313374441473,2018-01-19 16:47:10 EST,2018-01-19,16:47:10,-0400,275437561,siobhankhall,Siobhan Kennedy-Hall,,#Flood defence closures increasing.  We need to act now to effect changes.  https://t.co/ZAibB0uAdr,en,[],['https://twitter.com/alanbarrierea/status/953907425593176064'],[],0,0,0,['flood'],[],https://twitter.com/SiobhanKHall/status/954470313374441473,False,https://twitter.com/alanbarrierea/status/953907425593176064,0,,,,,,,,[],,,,
954468094499590144,954468094499590144,2018-01-19 16:38:21 EST,2018-01-19,16:38:21,-0400,3295945757,asbestosmoldct,Asbestos Mold CT,,3 Steps To Minimize #Flood Damage!  https://t.co/2S2LiY0i83 via @asbestosmoldct #CT  https://t.co/hjcpwJ2yLk,en,"[{'screen_name': 'asbestosmoldct', 'name': 'asbestos mold ct', 'id': '3295945757'}]",['http://www.asbestosmoldct.com/minimize-flood-damage/'],['https://pbs.twimg.com/media/DT7zrFMXcAEQ0kM.jpg'],0,0,0,"['flood', 'ct']",[],https://twitter.com/asbestosmoldct/status/954468094499590144,False,,1,https://pbs.twimg.com/media/DT7zrFMXcAEQ0kM.jpg,,,,,,,[],,,,
954462894753828864,954462894753828864,2018-01-19 16:17:41 EST,2018-01-19,16:17:41,-0400,421257993,pf_photographer,paul fuller,,And finally... #hackneymarshes #hackney #clapton #sunset #flood #ricohgx100 #ricohcapliogx100…  https://t.co/AV5hb3dHjL,en,[],['https://www.instagram.com/p/BeJVVCal49Y/'],[],0,0,1,"['hackneymarshes', 'hackney', 'clapton', 'sunset', 'flood', 'ricohgx100', 'ricohcapliogx100']",[],https://twitter.com/pf_photographer/status/954462894753828864,False,,0,,,,,,,,[],,,,
954459716893093888,954459716893093888,2018-01-19 16:05:04 EST,2018-01-19,16:05:04,-0400,45195411,ubalert,ubAlert,,"Floods - Central Pennsylvania, United States-  https://t.co/ffbGA9QXZb #flood #fb",ro,[],['http://www.ubalert.com/fhtc'],[],0,0,0,"['flood', 'fb']",[],https://twitter.com/ubalert/status/954459716893093888,False,,0,,,,,,,,[],,,,
954458450628661248,954458450628661248,2018-01-19 16:00:02 EST,2018-01-19,16:00:02,-0400,581226573,malonetelegram,Malone Telegram,,"Some Fort Covington #flood water diverted, two houses still without power #NNY  https://t.co/mMLq8F8v2E",en,[],['http://www.mymalonetelegram.com/mtg01/some-fort-covington-flood-water-diverted-two-houses-still-without-power-20180119'],[],0,0,0,"['flood', 'nny']",[],https://twitter.com/MaloneTelegram/status/954458450628661248,False,,0,,,,,,,,[],,,,
954453406952935428,954452310582792193,2018-01-19 15:39:59 EST,2018-01-19,15:39:59,-0400,342772619,goatys_news,GOATY'S NEWS UK-COVID19 airbourne indoors-mask up!,,#Flood warnings are issued for the #UK but not for #NorthernIreland - Why is that? Are those in NI less flood prone than those in the rest of the UK?,en,[],[],[],0,0,0,"['flood', 'uk', 'northernireland']",[],https://twitter.com/Goatys_News/status/954453406952935428,False,,0,,,,,,,,[],,,,
954452747683803136,954452747683803136,2018-01-19 15:37:22 EST,2018-01-19,15:37:22,-0400,865302340794011648,first_call247,FirstCall247,,"For more information on renovation steps that should be followed after a flood has occurred in your home, please contact First Call 24/7. 1-866-637-9699  Read our new blog post ""After the Flood"" @  https://t.co/jRXmmGgs6p #Flood #FloodRemoval #Flooding #FloodDamage #Floods  https://t.co/MREXY0WDpt",en,[],['https://www.firstcall24-7.com/after-the-flood-renovations-will-pull-your-house-back-from-the-brink'],['https://pbs.twimg.com/media/DT7lsiUX4AAGU63.jpg'],0,0,0,"['flood', 'floodremoval', 'flooding', 'flooddamage', 'floods']",[],https://twitter.com/First_Call247/status/954452747683803136,False,,1,https://pbs.twimg.com/media/DT7lsiUX4AAGU63.jpg,,,,,,,[],,,,
954452310582792193,954452310582792193,2018-01-19 15:35:38 EST,2018-01-19,15:35:38,-0400,342772619,goatys_news,GOATY'S NEWS UK-COVID19 airbourne indoors-mask up!,,Hundreds of #flood line calls unanswered - No #NI flood warning system in place. #NorthernIreland #Flooding...  https://t.co/yKMVeAZJiW,en,[],['https://fb.me/1EI1BLblH'],[],1,2,0,"['flood', 'ni', 'northernireland', 'flooding']",[],https://twitter.com/Goatys_News/status/954452310582792193,False,,0,,,,,,,,[],,,,
954449079232278528,954449079232278528,2018-01-19 15:22:47 EST,2018-01-19,15:22:47,-0400,2451088940,cctvsteve,CCTV DRAIN SURVEYS,,#drains #sewers #blocked #flood  https://t.co/3W5CXNCbpa will cure your drainage problem. give us a call on 0800 9997365 available 7 days a week. @Sheffieldis @SYorkshireHour @BarnsleysHour  https://t.co/c7U33ywbv1,en,"[{'screen_name': 'sheffieldis', 'name': '#sheffieldissuper', 'id': '864982249'}, {'screen_name': 'syorkshirehour', 'name': 'southyorkshirehour', 'id': '1483256466'}, {'screen_name': 'barnsleyshour', 'name': '#barnsleyhour', 'id': '1483113552'}]",['http://www.cctvdrainsurveys.com'],"['https://pbs.twimg.com/media/DT7hSWzWsAEsWpQ.jpg', 'https://pbs.twimg.com/media/DT7iD01WAAA_F4x.jpg', 'https://pbs.twimg.com/media/DT7iVBTX4AA6DRc.jpg']",0,0,1,"['drains', 'sewers', 'blocked', 'flood']",[],https://twitter.com/CCTVsteve/status/954449079232278528,False,,1,https://pbs.twimg.com/media/DT7hSWzWsAEsWpQ.jpg,,,,,,,[],,,,
954441089796268033,954441089796268033,2018-01-19 14:51:03 EST,2018-01-19,14:51:03,-0400,280423382,tempestrestor,Tempest Restoration,,Check out the governments interactive map of #flood risk areas.   https://t.co/cuvbf7TfZi #FloodRisk,en,[],['https://flood-warning-information.service.gov.uk/long-term-flood-risk/map'],[],0,0,0,"['flood', 'floodrisk']",[],https://twitter.com/tempestrestor/status/954441089796268033,False,,0,,,,,,,,[],,,,
954433312004689921,954433312004689921,2018-01-19 14:20:08 EST,2018-01-19,14:20:08,-0400,3855320495,anaonrisk,Ana Alberto,,Have a #flood preparedness plan? Read this timely guide:  https://t.co/y174V072ej  | #risk #management #getALIGNED,en,[],['http://ow.ly/T4V8J'],[],0,0,3,"['flood', 'risk', 'management', 'getaligned']",[],https://twitter.com/AnaOnRisk/status/954433312004689921,False,,0,,,,,,,,[],,,,
954432733421457408,954432733421457408,2018-01-19 14:17:50 EST,2018-01-19,14:17:50,-0400,24187549,isciences,"ISCIENCES, LLC",,#Water forecast thru March. Wetter than norm #Ireland #CentralEurope #EuropeanRussia #Poland #Germany #RhineRiver #DanubeRiver #DnieperRiver #Lithuania #Belarus #flood. Drier than norm: #Spain #Portugal #Corsica #Sardinia #Italy #Sicily #Crimea #drought  https://t.co/jdj59qOFWP  https://t.co/6ohjwoEeyQ,en,[],['http://ow.ly/Cfin30hT4NW'],['https://pbs.twimg.com/media/DT7Tgv7W4AARACe.jpg'],0,2,1,"['water', 'ireland', 'centraleurope', 'europeanrussia', 'poland', 'germany', 'rhineriver', 'danuberiver', 'dnieperriver', 'lithuania', 'belarus', 'flood', 'spain', 'portugal', 'corsica', 'sardinia', 'italy', 'sicily', 'crimea', 'drought']",[],https://twitter.com/isciences/status/954432733421457408,False,,1,https://pbs.twimg.com/media/DT7Tgv7W4AARACe.jpg,,,,,,,[],,,,
954428661171720193,954428661171720193,2018-01-19 14:01:39 EST,2018-01-19,14:01:39,-0400,816615007685316609,ccc_restoration,CCC Restoration,,"The record-breaking 2005 #floods in Toronto paled in comparison to the July 8, 2013 #flood that caused $850 million in damages in the GTA.  https://t.co/iQFKMx1Hao",en,[],['http://ow.ly/MYRZ30hz2ov'],[],0,0,0,"['floods', 'flood']",[],https://twitter.com/ccc_restoration/status/954428661171720193,False,,0,,,,,,,,[],,,,
954428246967304192,954428246967304192,2018-01-19 14:00:01 EST,2018-01-19,14:00:01,-0400,2573054168,ibc_west,IBC West,,"#flooding in #canada has become a real problem, impacting people across the #country.   Yet few #Canadians appreciate their #flood risk and even fewer #Understand the #coverage #available.  Here's a breakdown on the differences -  https://t.co/hDzlLyRyfm @Get_Prepared  https://t.co/jGKaVkirwO",en,"[{'screen_name': 'get_prepared', 'name': 'get prepared', 'id': '84478909'}]",['https://goo.gl/bF7jGu'],['https://pbs.twimg.com/media/DT6wzfjWAAEwxH5.jpg'],0,0,0,"['flooding', 'canada', 'country', 'canadians', 'flood', 'understand', 'coverage', 'available']",[],https://twitter.com/IBC_West/status/954428246967304192,False,,1,https://pbs.twimg.com/media/DT6wzfjWAAEwxH5.jpg,,,,,,,[],,,,
954421038942650369,954421038942650369,2018-01-19 13:31:22 EST,2018-01-19,13:31:22,-0400,221198126,albertchen_cws,Albert Chen,,"Great discussion with @NERC_FFIR #ECRs @R0b1et @Metbirder @FloodSkinner @212jess Jo,  Greg, &amp; Lee for preparing an overview paper about #EndToEnd flash #flood #forecasting @Water_UofExeter  https://t.co/rwHi0Kv7jh",en,"[{'screen_name': 'nerc_ffir', 'name': 'ffir research', 'id': '2396482687'}, {'screen_name': 'r0b1et', 'name': 'dr rob thompson', 'id': '54865808'}, {'screen_name': 'metbirder', 'name': 'david flack', 'id': '2593402302'}, {'screen_name': 'floodskinner', 'name': 'dr chris skinner - 🌊🎲🎮', 'id': '83615374'}, {'screen_name': 'water_uofexeter', 'name': 'exeter water systems', 'id': '1261608500'}]",['https://twitter.com/NERC_FFIR/status/954359142482837504'],[],0,3,5,"['ecrs', 'endtoend', 'flood', 'forecasting']",[],https://twitter.com/AlbertChen_CWS/status/954421038942650369,False,https://twitter.com/NERC_FFIR/status/954359142482837504,0,,,,,,,,[],,,,
954419421715615744,954419421715615744,2018-01-19 13:24:57 EST,2018-01-19,13:24:57,-0400,701136245812961284,sparktpgh,Sparkt,,Ice jams &amp; warmer weather threaten flooding - What you need to know: @PittsburghUSACE @USCG @Allegheny_Co  https://t.co/aAyuHOQXrr  #icejam #AlleghenyRiver #KiskiRiver #OhioRiver #MonongahelaRiver #pgh #weather #ice #flood #flooding #news,en,"[{'screen_name': 'pittsburghusace', 'name': 'corps of engineers', 'id': '76980285'}, {'screen_name': 'uscg', 'name': 'u.s. coast guard', 'id': '15113565'}, {'screen_name': 'allegheny_co', 'name': 'allegheny county', 'id': '537463383'}]",['http://bit.ly/2DxutkT'],[],0,0,0,"['icejam', 'alleghenyriver', 'kiskiriver', 'ohioriver', 'monongahelariver', 'pgh', 'weather', 'ice', 'flood', 'flooding', 'news']",[],https://twitter.com/sparktpgh/status/954419421715615744,False,,0,,,,,,,,[],,,,
954418769434218497,954418769434218497,2018-01-19 13:22:21 EST,2018-01-19,13:22:21,-0400,4019933895,shopall3,shopall,,#Sixers #Fans #Flood Rihanna’s #Social #Media for #Date with ... -  https://t.co/IFU6vFFbUD - #Rihannas #Topstories  https://t.co/P2U1KVFzF4,en,[],['https://wp.me/p8I90K-gGL'],['https://pbs.twimg.com/media/DT7G0AnX0AUg5us.jpg'],0,0,0,"['sixers', 'fans', 'flood', 'social', 'media', 'date', 'rihannas', 'topstories']",[],https://twitter.com/Shopall3/status/954418769434218497,False,,1,https://pbs.twimg.com/media/DT7G0AnX0AUg5us.jpg,,,,,,,[],,,,
954417633553735682,954417633553735682,2018-01-19 13:17:50 EST,2018-01-19,13:17:50,-0400,2508203324,ivanhazmaps,Ivan Maddox,,Great work here from @rkvinukollu - thanks for putting this out there! #flood  https://t.co/PV1NFToa4y,en,"[{'screen_name': 'rkvinukollu', 'name': 'raghuveer vinukollu', 'id': '1615498208'}]",['https://lnkd.in/e-fgyTY'],[],0,3,5,['flood'],[],https://twitter.com/IvanHazMaps/status/954417633553735682,False,,0,,,,,,,,[],,,,
954412307110653954,954412307110653954,2018-01-19 12:56:40 EST,2018-01-19,12:56:40,-0400,31126039,youradm1nangel,Joanne Wilson,,Fantastic to know the resource comes from within the communities to help those in the community at times like these 👍 #volunteers #resourcetorisk #flood #safercommunities  https://t.co/dbAc3sTB2E,en,[],['https://twitter.com/rnli/status/954353013346521088'],[],0,0,1,"['volunteers', 'resourcetorisk', 'flood', 'safercommunities']",[],https://twitter.com/YourAdm1nAngel/status/954412307110653954,False,https://twitter.com/rnli/status/954353013346521088,0,,,,,,,,[],,,,
954410631825969153,954410631825969153,2018-01-19 12:50:01 EST,2018-01-19,12:50:01,-0400,461345380,bilio_muydunuz,Biliyor Muydunuz,,"Zeki insanlarda gözlemlenen ortak özellikler: #flood  *Her şeyden önce bu insanlarla alakalı ilk bilinmesi gereken şey, kendini zeki sanmak ile gerçekten zeki olmak arasındaki farkı ayırt edebilirler.",tr,[],[],[],7,66,433,['flood'],[],https://twitter.com/bilio_muydunuz/status/954410631825969153,False,,0,,,,,,,,[],,,,
954409484234969090,954409484234969090,2018-01-19 12:45:27 EST,2018-01-19,12:45:27,-0400,29408771,l_e_ba,Laurent E.B.,,Envol #birds #seine #flood #ig_paris #igersparis #ig_france #igersfrance #ig_europe #ig_europa #ig_countryaward #igworldclub #instagramersofthemonth_january  https://t.co/QUTuqbF5Bz  https://t.co/0zU4hQSLu8,ca,[],['http://ift.tt/2DPrWQz'],['https://pbs.twimg.com/media/DT6-XhXW4AAqzPp.jpg'],0,0,0,"['birds', 'seine', 'flood', 'ig_paris', 'igersparis', 'ig_france', 'igersfrance', 'ig_europe', 'ig_europa', 'ig_countryaward', 'igworldclub', 'instagramersofthemonth_january']",[],https://twitter.com/L_E_Ba/status/954409484234969090,False,,1,https://pbs.twimg.com/media/DT6-XhXW4AAqzPp.jpg,,,,,,,[],,,,
954408154867040256,954408154867040256,2018-01-19 12:40:10 EST,2018-01-19,12:40:10,-0400,2777062050,above_plus,Joseph Deutsch,,Why is flood insurance so important?   https://t.co/8HZky13Zk4   #flood #insurance,en,[],['http://www.fidellaplus.com/three-key-financial-lessons-2017/'],[],0,0,0,"['flood', 'insurance']",[],https://twitter.com/Above_Plus/status/954408154867040256,False,,0,,,,,,,,[],,,,
954408119207170049,954408119207170049,2018-01-19 12:40:02 EST,2018-01-19,12:40:02,-0400,200076288,floodexpert,Ambiental,,#Flood risk analysis &amp; flood warning systems for #Malaysia - #Ambiental  https://t.co/TslZCVXLeB  https://t.co/BvDHCObEgh,en,[],['https://goo.gl/WGwLNi'],['https://pbs.twimg.com/media/DT69IBRXUAE9H2x.jpg'],0,0,0,"['flood', 'malaysia', 'ambiental']",[],https://twitter.com/floodexpert/status/954408119207170049,False,,1,https://pbs.twimg.com/media/DT69IBRXUAE9H2x.jpg,,,,,,,[],,,,
954406780792172544,954406780792172544,2018-01-19 12:34:43 EST,2018-01-19,12:34:43,-0400,29408771,l_e_ba,Laurent E.B.,,Le niveau monte.... #seine #flood #skyporn #ig_paris #igersparis #ig_france #igersfrance #ig_europe #ig_europa #ig_countryaward #igworldclub #instagramersofthemonth_january  https://t.co/2DIbxzAlQq  https://t.co/QFN6WW2ycl,fr,[],['http://ift.tt/2EXPNx5'],['https://pbs.twimg.com/media/DT676KRXUAAOqSh.jpg'],0,0,1,"['seine', 'flood', 'skyporn', 'ig_paris', 'igersparis', 'ig_france', 'igersfrance', 'ig_europe', 'ig_europa', 'ig_countryaward', 'igworldclub', 'instagramersofthemonth_january']",[],https://twitter.com/L_E_Ba/status/954406780792172544,False,,1,https://pbs.twimg.com/media/DT676KRXUAAOqSh.jpg,,,,,,,[],,,,
954406498746097664,954406498746097664,2018-01-19 12:33:35 EST,2018-01-19,12:33:35,-0400,2276880895,petabencana,PetaBencana.id,,"@Skyscr_ Hello, I am Bencana Bot, reply with #flood to send me your flood report.  https://t.co/jU15AHZoeH",en,[],[],['https://pbs.twimg.com/tweet_video_thumb/C4MFV65UkAAbNll.jpg'],0,0,0,['flood'],[],https://twitter.com/petabencana/status/954406498746097664,False,,1,https://pbs.twimg.com/tweet_video_thumb/C4MFV65UkAAbNll.jpg,,,,,,,[],,,,
954405844908523521,954405801174614016,2018-01-19 12:31:00 EST,2018-01-19,12:31:00,-0400,2276880895,petabencana,PetaBencana.id,,"@Shafa_JKT48 Hello, I am Bencana Bot, reply with #flood to send me your flood report.  https://t.co/Upy6T0tl0k",en,[],[],['https://pbs.twimg.com/tweet_video_thumb/C4MFV65UkAAbNll.jpg'],0,0,1,['flood'],[],https://twitter.com/petabencana/status/954405844908523521,False,,1,https://pbs.twimg.com/tweet_video_thumb/C4MFV65UkAAbNll.jpg,,,,,,,"[{'screen_name': 'Shafa_JKT48', 'name': 'ShafaLoverz', 'id': '877902024'}]",,,,
954403851850960897,954403851850960897,2018-01-19 12:23:04 EST,2018-01-19,12:23:04,-0400,3314059234,newjerseycpcus,New Jersey CPCUs,,Up to speed with changes in the #nfip and #floodinsurance programs?  We are!  Contact us to find out how to become a #cpcu like the cool kids!⠀ .⠀ .⠀ .⠀ #flood #njcpcu #insurance #nj #insuranceclaims #insurancelife #insuranceclaim #insuranceagent #in…  https://t.co/M0i6gcWxjT  https://t.co/T9f9EBgeAG,en,[],['http://ift.tt/2DRlQiR'],['https://pbs.twimg.com/media/DT65Pn8XkAAZrdJ.jpg'],0,0,1,"['nfip', 'floodinsurance', 'cpcu', 'flood', 'njcpcu', 'insurance', 'nj', 'insuranceclaims', 'insurancelife', 'insuranceclaim', 'insuranceagent', 'in']",[],https://twitter.com/NewJerseyCPCUs/status/954403851850960897,False,,1,https://pbs.twimg.com/media/DT65Pn8XkAAZrdJ.jpg,,,,,,,[],,,,
954403100508467201,954403100508467201,2018-01-19 12:20:05 EST,2018-01-19,12:20:05,-0400,711596227960434693,sciencetopnews,Science News,,"Heavy #Rain expected in the evening, high #Flood risk at Sime Darby: #Pub:  https://t.co/mfcgbVoWGM,  https://t.co/ZC8h7K89gj  https://t.co/toKaEvf6Id",en,[],"['http://www.mambolook.com/link/15039327', 'http://www.mambolook.com/rains/heavy-rains']",['https://pbs.twimg.com/media/DT64j7TWkAEZmZx.jpg'],0,0,0,"['rain', 'flood', 'pub']",[],https://twitter.com/ScienceTopNews/status/954403100508467201,False,,1,https://pbs.twimg.com/media/DT64j7TWkAEZmZx.jpg,,,,,,,[],,,,
954402994036060160,954402994036060160,2018-01-19 12:19:40 EST,2018-01-19,12:19:40,-0400,3260760274,huggiebuggy,BoycieBoy,,#FLOOD Tweet World Leaders and Ask Them to Help Millions Affected by Recent Hurricanes and...  https://t.co/5pEJkZPrLV #globalcitizen,en,[],['http://glblctzn.me/2rnxoru'],[],0,0,0,"['flood', 'globalcitizen']",[],https://twitter.com/HuggieBuggy/status/954402994036060160,False,,0,,,,,,,,[],,,,
954399355682766849,954399355682766849,2018-01-19 12:05:12 EST,2018-01-19,12:05:12,-0400,2276880895,petabencana,PetaBencana.id,,"@natasyaafnds Hello, I am Bencana Bot, reply with #flood to send me your flood report.  https://t.co/SPbE4bGsjK",en,[],[],['https://pbs.twimg.com/tweet_video_thumb/C4MFV65UkAAbNll.jpg'],0,0,0,['flood'],[],https://twitter.com/petabencana/status/954399355682766849,False,,1,https://pbs.twimg.com/tweet_video_thumb/C4MFV65UkAAbNll.jpg,,,,,,,[],,,,
954396033605296128,954396033605296128,2018-01-19 11:52:00 EST,2018-01-19,11:52:00,-0400,2276880895,petabencana,PetaBencana.id,,"@roraparamitha Hello, I am Bencana Bot, reply with #flood to send me your flood report.  https://t.co/SsdBJvlUXP",en,[],[],['https://pbs.twimg.com/tweet_video_thumb/C4MFV65UkAAbNll.jpg'],0,0,0,['flood'],[],https://twitter.com/petabencana/status/954396033605296128,False,,1,https://pbs.twimg.com/tweet_video_thumb/C4MFV65UkAAbNll.jpg,,,,,,,[],,,,
954395913832816641,954395913832816641,2018-01-19 11:51:32 EST,2018-01-19,11:51:32,-0400,895521920,abcospecialties,ABCO Specialties,,#Harvey #flood #debt ?Free Bankruptcy Lawyer Consult in Conroe Magnolia Montgomery Porter Splendora New Caney New Waverly Huntsville Klein  Kingwood Willis The Woodlands Spring Texas for #money #DebtFree  https://t.co/6gJtjqbJT7 #AD,en,[],['http://www.woodlandsbankruptcy.com'],[],0,0,1,"['harvey', 'flood', 'debt', 'money', 'debtfree', 'ad']",[],https://twitter.com/AbcoSpecialties/status/954395913832816641,False,,0,,,,,,,,[],,,,
954395642369110016,954395642369110016,2018-01-19 11:50:27 EST,2018-01-19,11:50:27,-0400,355768271,govbusiness,Government Business,,New #flood scheme that reduces the risk of flooding to over 200 homes and businesses in Selly Park South has officially opened @EnvAgency @BhamCityCouncil @StAndrewsCare -  https://t.co/ke38iZteuC,en,"[{'screen_name': 'envagency', 'name': 'environment agency', 'id': '47331384'}, {'screen_name': 'bhamcitycouncil', 'name': 'bham city council', 'id': '412425734'}, {'screen_name': 'standrewscare', 'name': ""st andrew's"", 'id': '1354537748'}]",['http://bit.ly/2DtD1tS'],[],0,0,1,['flood'],[],https://twitter.com/GovBusiness/status/954395642369110016,False,,0,,,,,,,,[],,,,
954394192528232448,954394192528232448,2018-01-19 11:44:41 EST,2018-01-19,11:44:41,-0400,926431247571804160,wgmin_enviro,@wgmin_enviro,,"Newyddion: £700,000 ar gyfer gwella amddiffynfeydd llifogydd yn y Mwmbwls   https://t.co/MwEv2mMWRq  News: #Mumbles in #Swansea one step closer to improved #flood defences thanks to nearly £700k of Welsh Govt funding   https://t.co/Rul2oGd5Io  https://t.co/TfoKelnKox",cy,[],"['http://gov.wales/newsroom/environmentandcountryside/2018/180119-mumbles-one-step-closer-to-improved-flood-defences-thanks-to-700k-welsh-government-funding/?skip=1&lang=cy', 'http://gov.wales/newsroom/environmentandcountryside/2018/180119-mumbles-one-step-closer-to-improved-flood-defences-thanks-to-700k-welsh-government-funding/?lang=en']",['https://pbs.twimg.com/media/DT6vySOXcAA6rWg.jpg'],1,1,3,"['mumbles', 'swansea', 'flood']",[],https://twitter.com/wgmin_enviro/status/954394192528232448,False,,1,https://pbs.twimg.com/media/DT6vySOXcAA6rWg.jpg,,,,,,,[],,,,
954391326509821952,954391326509821952,2018-01-19 11:33:18 EST,2018-01-19,11:33:18,-0400,2276880895,petabencana,PetaBencana.id,,"@Putri_SeptiaANS Hello, I am Bencana Bot, reply with #flood to send me your flood report.  https://t.co/8cGw8ANFE4",en,[],[],['https://pbs.twimg.com/tweet_video_thumb/C4MFV65UkAAbNll.jpg'],0,0,0,['flood'],[],https://twitter.com/petabencana/status/954391326509821952,False,,1,https://pbs.twimg.com/tweet_video_thumb/C4MFV65UkAAbNll.jpg,,,,,,,[],,,,
954391156187529216,954391156187529216,2018-01-19 11:32:38 EST,2018-01-19,11:32:38,-0400,2276880895,petabencana,PetaBencana.id,,"@wonkyustar Hello, I am Bencana Bot, reply with #flood to send me your flood report.  https://t.co/j0A0s1jojK",en,[],[],['https://pbs.twimg.com/tweet_video_thumb/C4MFV65UkAAbNll.jpg'],0,0,0,['flood'],[],https://twitter.com/petabencana/status/954391156187529216,False,,1,https://pbs.twimg.com/tweet_video_thumb/C4MFV65UkAAbNll.jpg,,,,,,,[],,,,
954388720253325313,954388720253325313,2018-01-19 11:22:57 EST,2018-01-19,11:22:57,-0400,229502710,envagencymids,Env Agency Midlands,,"Read all the info about the new £2.7m #flood scheme delivered in partnership with @BhamCityCouncil and @StAndrewsCare. Reducing flood risk for over 200 homes in #SellyPark south, #Birmingham.  https://t.co/ZBy4PjxrWE  https://t.co/nBSZxIDORd",en,"[{'screen_name': 'bhamcitycouncil', 'name': 'bham city council', 'id': '412425734'}, {'screen_name': 'standrewscare', 'name': ""st andrew's"", 'id': '1354537748'}]",['http://ow.ly/y9yP30hSNQJ'],"['https://pbs.twimg.com/media/DT6re11VoAADRgB.jpg', 'https://pbs.twimg.com/media/DT6re2zVoAA1IAt.jpg']",0,7,3,"['flood', 'sellypark', 'birmingham']",[],https://twitter.com/EnvAgencyMids/status/954388720253325313,False,,1,https://pbs.twimg.com/media/DT6re11VoAADRgB.jpg,,,,,,,[],,,,
954385761326972929,954385761326972929,2018-01-19 11:11:11 EST,2018-01-19,11:11:11,-0400,2276880895,petabencana,PetaBencana.id,,"@wi2n_leaf Hello, I am Bencana Bot, reply with #flood to send me your flood report.  https://t.co/q2FdWlHxN1",en,[],[],['https://pbs.twimg.com/tweet_video_thumb/C4MFV65UkAAbNll.jpg'],0,0,0,['flood'],[],https://twitter.com/petabencana/status/954385761326972929,False,,1,https://pbs.twimg.com/tweet_video_thumb/C4MFV65UkAAbNll.jpg,,,,,,,[],,,,
954385520586645505,954385520586645505,2018-01-19 11:10:14 EST,2018-01-19,11:10:14,-0400,122387909,iclrcanada,Glenn McGillivray,,Drone's-eye view of #flood damage in western #Newfoundland helps crews tackling repairs  https://t.co/O9gI32VZK6,en,[],['http://www.cbc.ca/1.4490795'],[],1,5,1,"['flood', 'newfoundland']",[],https://twitter.com/ICLRCanada/status/954385520586645505,False,,0,,,,,,,,[],,,,
954383308279992320,954383308279992320,2018-01-19 11:01:26 EST,2018-01-19,11:01:26,-0400,439585596,u_of_excellence,THEUNIVOF EXCELLENCE,,"Satan will cause a great #flood in #Jordan to destroy #Jews escaping #Israel, but the earth will swallow it up. (Read Revelation 12:15-16)",en,[],[],[],0,0,0,"['flood', 'jordan', 'jews', 'israel']",[],https://twitter.com/U_OF_EXCELLENCE/status/954383308279992320,False,,0,,,,,,,,[],,,,
954381730072457216,954381730072457216,2018-01-19 10:55:10 EST,2018-01-19,10:55:10,-0400,3254057365,miracles_real,Zipporah Goldstein,,"Satan will cause a great #flood in #Jordan to destroy #Jews escaping #Israel, but the earth will swallow it up. (Read Revelation 12:15-16)",en,[],[],[],0,0,0,"['flood', 'jordan', 'jews', 'israel']",[],https://twitter.com/MIRACLES_REAL/status/954381730072457216,False,,0,,,,,,,,[],,,,
954381693502328832,954381693502328832,2018-01-19 10:55:01 EST,2018-01-19,10:55:01,-0400,200076288,floodexpert,Ambiental,,#ClimateChange and #Flood Risk Danger: Revealed  https://t.co/oIdw4JcQVX #Ambiental  https://t.co/bbbSWPilI2,da,[],['https://goo.gl/yjlX59'],['https://pbs.twimg.com/media/DT6lF3JWsAAd_9n.jpg'],0,0,0,"['climatechange', 'flood', 'ambiental']",[],https://twitter.com/floodexpert/status/954381693502328832,False,,1,https://pbs.twimg.com/media/DT6lF3JWsAAd_9n.jpg,,,,,,,[],,,,
954380035242196993,954380035242196993,2018-01-19 10:48:26 EST,2018-01-19,10:48:26,-0400,3027022853,wxcory,Cory Smith,,The Ohio River flooding Point Park in downtown Parkersburg earlier this week. Should flood again given warm temps and rain in the next few days. #pkbwx #wvwx #ohwx #flood #movwx  https://t.co/eAzMOb1Tao,en,[],[],['https://pbs.twimg.com/media/DT6jh6xWsAEW47B.jpg'],0,0,0,"['pkbwx', 'wvwx', 'ohwx', 'flood', 'movwx']",[],https://twitter.com/wxcory/status/954380035242196993,False,,1,https://pbs.twimg.com/media/DT6jh6xWsAEW47B.jpg,,,,,,,[],,,,
954379668035129345,954379668035129345,2018-01-19 10:46:59 EST,2018-01-19,10:46:59,-0400,2209247298,bereadyflorida,Be Ready Florida,,You should access and watch the #Insurance Information videos that are part of the the Just In Time #Disaster #Training Library. These videos can be found at  https://t.co/yVIFuxFe6a #JITDT #Flood #Hurricane #Homeowner #Homeowners #NFIP #FloodInsurance,en,[],['http://ow.ly/Q12Bv'],[],0,1,0,"['insurance', 'disaster', 'training', 'jitdt', 'flood', 'hurricane', 'homeowner', 'homeowners', 'nfip', 'floodinsurance']",[],https://twitter.com/BeReadyFlorida/status/954379668035129345,False,,0,,,,,,,,[],,,,
954378988859817984,954378988859817984,2018-01-19 10:44:17 EST,2018-01-19,10:44:17,-0400,215810399,themendezteam,Marisol Nunez Mendez,,"Now, we offer #auto, #home and #flood #insurance / Ahora ofrecemos #seguro de auto, #hogar y de #inundación (832) 298-0151  https://t.co/dsvFUpFIsG",es,[],[],['https://pbs.twimg.com/media/DT6ioZbWAAAj_yt.jpg'],0,0,0,"['auto', 'home', 'flood', 'insurance', 'seguro', 'hogar', 'inundación']",[],https://twitter.com/TheMendezTeam/status/954378988859817984,False,,1,https://pbs.twimg.com/media/DT6ioZbWAAAj_yt.jpg,,,,,,,[],,,,
954377494202802176,954377494202802176,2018-01-19 10:38:20 EST,2018-01-19,10:38:20,-0400,2276880895,petabencana,PetaBencana.id,,"@Frischi27 Hello, I am Bencana Bot, reply with #flood to send me your flood report.  https://t.co/jZXTfvrEiL",en,[],[],['https://pbs.twimg.com/tweet_video_thumb/C4MFV65UkAAbNll.jpg'],0,0,0,['flood'],[],https://twitter.com/petabencana/status/954377494202802176,False,,1,https://pbs.twimg.com/tweet_video_thumb/C4MFV65UkAAbNll.jpg,,,,,,,[],,,,
954377434677178368,954377434677178368,2018-01-19 10:38:06 EST,2018-01-19,10:38:06,-0400,194687281,kmsrumley,KMSRumley,,@tompowercbc So excited to hear #TheyMightBeGiants with a new release #Flood is one of my faves!,en,[],[],[],0,0,0,"['theymightbegiants', 'flood']",[],https://twitter.com/kmsrumley/status/954377434677178368,False,,0,,,,,,,,[],,,,
954376281164009474,954376281164009474,2018-01-19 10:33:31 EST,2018-01-19,10:33:31,-0400,342269002,thebdma,BDMA,,"Following the adverse stormy weather &amp; high tides this week, 11 #flood ALERTS are remaining  https://t.co/mgftEz0DMT",en,[],[],['https://pbs.twimg.com/media/DT6gKxdXcAE9Tdz.jpg'],0,0,0,['flood'],[],https://twitter.com/TheBDMA/status/954376281164009474,False,,1,https://pbs.twimg.com/media/DT6gKxdXcAE9Tdz.jpg,,,,,,,[],,,,
954375055277985793,954375055277985793,2018-01-19 10:28:39 EST,2018-01-19,10:28:39,-0400,2848497676,ianjonesea,Ian Jones,,Fantastic afternoon today at the opening of our Selly Park South #flood scheme. So pleased to have the community voice so perfectly articulated by John Clayton of the local Flood Action Group  https://t.co/v8YS3ZkpDw #TeamEA #Birmingham  https://t.co/XlAwjAPGnQ,en,[],['http://www.gov.uk/government/news/new-multi-million-pound-flood-scheme-in-birmingham-opened'],"['https://pbs.twimg.com/media/DT6fBkpWkAAUmLh.jpg', 'https://pbs.twimg.com/media/DT6fBkjWkAA6kMd.jpg', 'https://pbs.twimg.com/media/DT6fBkmWAAAOxTF.jpg', 'https://pbs.twimg.com/media/DT6fBkiXkAUzyAf.jpg']",1,2,5,"['flood', 'teamea', 'birmingham']",[],https://twitter.com/IanJonesEA/status/954375055277985793,False,,1,https://pbs.twimg.com/media/DT6fBkpWkAAUmLh.jpg,,,,,,,[],,,,
954374442771034112,954374442771034112,2018-01-19 10:26:13 EST,2018-01-19,10:26:13,-0400,2276880895,petabencana,PetaBencana.id,,"@diiahkyungsoo Hello, I am Bencana Bot, reply with #flood to send me your flood report.  https://t.co/XmH47GYgXV",en,[],[],['https://pbs.twimg.com/tweet_video_thumb/C4MFV65UkAAbNll.jpg'],0,0,0,['flood'],[],https://twitter.com/petabencana/status/954374442771034112,False,,1,https://pbs.twimg.com/tweet_video_thumb/C4MFV65UkAAbNll.jpg,,,,,,,[],,,,
954373985520750593,954373985520750593,2018-01-19 10:24:24 EST,2018-01-19,10:24:24,-0400,3674084055,flood_serv,Flood Advisory Serv,,Take a look at our interactive house to see where #flood water can enter a property:  https://t.co/GtOOaIpCgf #floodaware  https://t.co/CKesWZ9YZH,en,[],"['http://www.floodadvisoryservice.co.uk/flood-products', 'https://twitter.com/floodre/status/953960275782373378']",[],0,5,2,"['flood', 'floodaware']",[],https://twitter.com/flood_serv/status/954373985520750593,False,https://twitter.com/floodre/status/953960275782373378,0,,,,,,,,[],,,,
954372725153390592,954372725153390592,2018-01-19 10:19:23 EST,2018-01-19,10:19:23,-0400,2848497676,ianjonesea,Ian Jones,,Our very own Mr Clarke doing a great job of sharing the story behind our Selly Park South #flood scheme #TeamEA #Birmingham  https://t.co/qcLHspy3hU,en,[],['https://twitter.com/envagencymids/status/954330814661169152'],[],0,2,9,"['flood', 'teamea', 'birmingham']",[],https://twitter.com/IanJonesEA/status/954372725153390592,False,https://twitter.com/envagencymids/status/954330814661169152,0,,,,,,,,[],,,,
954369140751466497,954369140751466497,2018-01-19 10:05:09 EST,2018-01-19,10:05:09,-0400,4259135175,icca_canada,Intact Centre | Centre Intact,,What to do before and after a #flood - @InsuranceBureau shares tips.  https://t.co/mAvZcQ6fKE,en,"[{'screen_name': 'insurancebureau', 'name': 'ibc', 'id': '274025365'}]",['https://goo.gl/GeCm5G'],[],0,0,0,['flood'],[],https://twitter.com/ICCA_Canada/status/954369140751466497,False,,0,,,,,,,,[],,,,
954368312003190789,954368312003190789,2018-01-19 10:01:51 EST,2018-01-19,10:01:51,-0400,816615007685316609,ccc_restoration,CCC Restoration,,"Assessing the preparedness of 15 Canadian cities to limit #flood damage, Ottawa and Winnipeg were the only cities to receive high grades. Halifax failed. Mississauga, Edmonton, Fredericton, Whitehorse, Charlottetown, Quebec City, Regina, and Vancouver barely got a passing grade.",en,[],[],[],0,0,0,['flood'],[],https://twitter.com/ccc_restoration/status/954368312003190789,False,,0,,,,,,,,[],,,,
954367856535273473,954367856535273473,2018-01-19 10:00:02 EST,2018-01-19,10:00:02,-0400,1329776498,smartdroid2000,smart droid,,10 day #weather forecast and #flood alert for #Bangladesh on your #android  https://t.co/SnL3qGGgSR,en,[],['https://play.google.com/store/apps/details?id=com.smartdroid.weather'],[],0,0,0,"['weather', 'flood', 'bangladesh', 'android']",[],https://twitter.com/smartdroid2000/status/954367856535273473,False,,0,,,,,,,,[],,,,
954366627855790083,954366627855790083,2018-01-19 09:55:10 EST,2018-01-19,09:55:10,-0400,2276880895,petabencana,PetaBencana.id,,"@hiimiracle Hello, I am Bencana Bot, reply with #flood to send me your flood report.  https://t.co/LZviROLCt2",en,[],[],['https://pbs.twimg.com/tweet_video_thumb/C4MFV65UkAAbNll.jpg'],0,0,0,['flood'],[],https://twitter.com/petabencana/status/954366627855790083,False,,1,https://pbs.twimg.com/tweet_video_thumb/C4MFV65UkAAbNll.jpg,,,,,,,[],,,,
954365934545883137,954365934545883137,2018-01-19 09:52:24 EST,2018-01-19,09:52:24,-0400,119804070,wedgwoodins,Wedgwood Insurance,,"Vice President of Commercial Lines, @krowe99, spoke recently with @CBCNL on the need for #OverlandWater coverage in light of the recent floods on the west coast. If you have questions about your coverage do not hesitate to get in touch. #insurance #flood   https://t.co/2CCgGrtqF3  https://t.co/OPdy9lezDV",en,"[{'screen_name': 'krowe99', 'name': 'kent rowe', 'id': '109588842'}, {'screen_name': 'cbcnl', 'name': 'cbc newfoundland and labrador', 'id': '18999907'}]",['http://bit.ly/2Dlo0X3'],"['https://pbs.twimg.com/media/DT6WWkfW4AcSw2K.jpg', 'https://pbs.twimg.com/media/DT6WWkeX4AAYvVq.jpg', 'https://pbs.twimg.com/media/DT6WqUSWsAEURUS.jpg']",0,4,7,"['overlandwater', 'insurance', 'flood']",[],https://twitter.com/WedgwoodIns/status/954365934545883137,False,,1,https://pbs.twimg.com/media/DT6WWkfW4AcSw2K.jpg,,,,,,,[],,,,
954364990735122432,954364990735122432,2018-01-19 09:48:39 EST,2018-01-19,09:48:39,-0400,22138209,eastdevon,East Devon #HandsFaceSpaceFreshAir,,Interesting morning with @Water_UofExeter and @Pell_Frischmann talking about opportunities mapping for #SuDS for #flood benefit #EDDCengineers,en,"[{'screen_name': 'water_uofexeter', 'name': 'exeter water systems', 'id': '1261608500'}, {'screen_name': 'pell_frischmann', 'name': 'pell frischmann', 'id': '3056606679'}]",[],[],1,1,1,"['suds', 'flood', 'eddcengineers']",[],https://twitter.com/eastdevon/status/954364990735122432,False,,0,,,,,,,,[],,,,
954364760165818368,954364760165818368,2018-01-19 09:47:44 EST,2018-01-19,09:47:44,-0400,2276880895,petabencana,PetaBencana.id,,"@w_adityasari Hello, I am Bencana Bot, reply with #flood to send me your flood report.  https://t.co/eoswbaAPwo",en,[],[],['https://pbs.twimg.com/tweet_video_thumb/C4MFV65UkAAbNll.jpg'],0,0,0,['flood'],[],https://twitter.com/petabencana/status/954364760165818368,False,,1,https://pbs.twimg.com/tweet_video_thumb/C4MFV65UkAAbNll.jpg,,,,,,,[],,,,
954359199496065030,954359199496065030,2018-01-19 09:25:38 EST,2018-01-19,09:25:38,-0400,38683804,newsgeneration,News Generation,,ICYMI: AUDIO: Economic Losses from Disasters in 2017 is Estimated at $306 Billion @SwissRe #NaturalDisasters #Flood #Insurance  https://t.co/w07VsRgl6w  https://t.co/fmCWXBnwkK,en,"[{'screen_name': 'swissre', 'name': 'swiss re', 'id': '16866956'}]",['http://bit.ly/2DrwjDR'],['https://pbs.twimg.com/media/DT6Qnd1W0AIBCF0.jpg'],0,0,0,"['naturaldisasters', 'flood', 'insurance']",[],https://twitter.com/newsgeneration/status/954359199496065030,False,,1,https://pbs.twimg.com/media/DT6Qnd1W0AIBCF0.jpg,,,,,,,[],,,,
954358246474637312,954358246474637312,2018-01-19 09:21:51 EST,2018-01-19,09:21:51,-0400,2276880895,petabencana,PetaBencana.id,,"@mintaemint Hello, I am Bencana Bot, reply with #flood to send me your flood report.  https://t.co/bL0lYZu7o8",en,[],[],['https://pbs.twimg.com/tweet_video_thumb/C4MFV65UkAAbNll.jpg'],0,0,0,['flood'],[],https://twitter.com/petabencana/status/954358246474637312,False,,1,https://pbs.twimg.com/tweet_video_thumb/C4MFV65UkAAbNll.jpg,,,,,,,[],,,,
954358020837986304,954358020837986304,2018-01-19 09:20:57 EST,2018-01-19,09:20:57,-0400,122387909,iclrcanada,Glenn McGillivray,,"ICLR News, a selection of the week's top natural hazard news, is now available  https://t.co/8tFvobRreM #storm #wildfire #flood #earthquake #mudslide  https://t.co/1tMBk1OhY1",en,[],['http://bit.ly/2EVgMJH'],['https://pbs.twimg.com/media/DT6PjUiVwAATG-D.jpg'],0,1,0,"['storm', 'wildfire', 'flood', 'earthquake', 'mudslide']",[],https://twitter.com/ICLRCanada/status/954358020837986304,False,,1,https://pbs.twimg.com/media/DT6PjUiVwAATG-D.jpg,,,,,,,[],,,,
954354461371121666,954354461371121666,2018-01-19 09:06:49 EST,2018-01-19,09:06:49,-0400,2276880895,petabencana,PetaBencana.id,,"@dyoloveofmylife Hello, I am Bencana Bot, reply with #flood to send me your flood report.  https://t.co/20jsT3IrIH",en,[],[],['https://pbs.twimg.com/tweet_video_thumb/C4MFV65UkAAbNll.jpg'],0,0,0,['flood'],[],https://twitter.com/petabencana/status/954354461371121666,False,,1,https://pbs.twimg.com/tweet_video_thumb/C4MFV65UkAAbNll.jpg,,,,,,,[],,,,
954353087728308225,954353087728308225,2018-01-19 09:01:21 EST,2018-01-19,09:01:21,-0400,292953274,ashton_bennett,Ashton Bennett,,CF Møller's hybrid #flood defences will create new nature park in #Denmark!  https://t.co/K1dMa3VqnF,da,[],['http://ow.ly/e5nX30hK2PB'],[],0,0,0,"['flood', 'denmark']",[],https://twitter.com/Ashton_Bennett/status/954353087728308225,False,,0,,,,,,,,[],,,,
954352893007671296,954352893007671296,2018-01-19 09:00:35 EST,2018-01-19,09:00:35,-0400,712453724585775104,dsolutionsllc,disastersolutionsllc,,Good morning #Disaster Solutions #community! Get your #family #prepared today at  https://t.co/s1AnDL9hrp #emergency #flood #tornado #storm,en,[],['http://ift.tt/1UWwHg2'],[],0,0,0,"['disaster', 'community', 'family', 'prepared', 'emergency', 'flood', 'tornado', 'storm']",[],https://twitter.com/dsolutionsllc/status/954352893007671296,False,,0,,,,,,,,[],,,,
954352556121128960,954352556121128960,2018-01-19 08:59:15 EST,2018-01-19,08:59:15,-0400,928043080745447424,_blackhill_,BlackhillRestoration,,@_Blackhill_  has crews working 24/7 on #BurstPipes from the #HardFreeze in #Texas    On your worst day; we’re your best friend.    https://t.co/x23KkNGs68  #Frozen #pipes #Claims #insuranceadjuster #insurance #waterdamage #Flood #restoration  https://t.co/Nv55nDyWdK,en,[],['http://blackhillrestoration.com/'],['https://pbs.twimg.com/media/DT6Klm0VQAIwtxW.jpg'],0,1,1,"['burstpipes', 'hardfreeze', 'texas', 'frozen', 'pipes', 'claims', 'insuranceadjuster', 'insurance', 'waterdamage', 'flood', 'restoration']",[],https://twitter.com/_Blackhill_/status/954352556121128960,False,,1,https://pbs.twimg.com/media/DT6Klm0VQAIwtxW.jpg,,,,,,,[],,,,
954348703946543104,954348703946543104,2018-01-19 08:43:56 EST,2018-01-19,08:43:56,-0400,229502710,envagencymids,Env Agency Midlands,,The £2.7m #flood scheme for #SellyPark south has been officially opened by MP @Steve_McCabe. New flood walls and flood storage area reduce flood risk for over 200 homes.  https://t.co/xzbmZO8ytK,en,"[{'screen_name': 'steve_mccabe', 'name': 'steve mccabe', 'id': '21408041'}]",[],"['https://pbs.twimg.com/media/DT6GnQrWsAASFxI.jpg', 'https://pbs.twimg.com/media/DT6GnP7WsAY8o0r.jpg', 'https://pbs.twimg.com/media/DT6GnRyXkAA6noJ.jpg', 'https://pbs.twimg.com/media/DT6GnSkXUAUaM4U.jpg']",1,4,9,"['flood', 'sellypark']",[],https://twitter.com/EnvAgencyMids/status/954348703946543104,False,,1,https://pbs.twimg.com/media/DT6GnQrWsAASFxI.jpg,,,,,,,[],,,,
954345598206947328,954345598206947328,2018-01-19 08:31:36 EST,2018-01-19,08:31:36,-0400,2276880895,petabencana,PetaBencana.id,,"@Letter__A Hello, I am Bencana Bot, reply with #flood to send me your flood report.  https://t.co/8KA9zsmILe",en,[],[],['https://pbs.twimg.com/tweet_video_thumb/C4MFV65UkAAbNll.jpg'],0,0,0,['flood'],[],https://twitter.com/petabencana/status/954345598206947328,False,,1,https://pbs.twimg.com/tweet_video_thumb/C4MFV65UkAAbNll.jpg,,,,,,,[],,,,
954345352567689216,954345352567689216,2018-01-19 08:30:37 EST,2018-01-19,08:30:37,-0400,252541548,envagencyanglia,EnvAgencyAnglia,,Find out more about options to strengthen local decision-making around #flood risk management by ensuring the right bodies are managing the right watercourses in Suffolk. Public consultation ends on Feb 12  https://t.co/kp3MLqK15G @The_WMA  @suffolkcc  @SuffolkCoastal &amp; @waveneydc  https://t.co/P8ZklvM9hS,en,"[{'screen_name': 'the_wma', 'name': 'the_wma', 'id': '617968103'}, {'screen_name': 'suffolkcc', 'name': 'suffolk cc', 'id': '41368144'}, {'screen_name': 'suffolkcoastal', 'name': 'suffolk coastal conservatives', 'id': '1033625349186379777'}]",['http://ow.ly/p2jt30hK6mz'],['https://pbs.twimg.com/media/DT6ECf6W0AEwvef.jpg'],0,4,3,['flood'],[],https://twitter.com/EnvAgencyAnglia/status/954345352567689216,False,,1,https://pbs.twimg.com/media/DT6ECf6W0AEwvef.jpg,,,,,,,[],,,,
954340876469223425,954340876469223425,2018-01-19 08:12:50 EST,2018-01-19,08:12:50,-0400,211214368,immortaz,Alexey Potapov,,"The Big Data Wave ) #photography #symbolism #flood #overwhelmed #toomuch @ New York, New York  https://t.co/QH2xQlVMIM",en,[],['https://www.instagram.com/p/BeId1k6Fj6K/'],[],0,0,0,"['photography', 'symbolism', 'flood', 'overwhelmed', 'toomuch']",[],https://twitter.com/immortaz/status/954340876469223425,False,,0,,,,,,,,[],,,,
954339408735432704,954339408735432704,2018-01-19 08:07:00 EST,2018-01-19,08:07:00,-0400,108360875,nlintheusa,Netherlands Embassy 🇺🇸,,A Dutch Bridge Designed To #Flood As #Water Levels Rise  https://t.co/oG3G3a589S via @FastCoDesign  https://t.co/Ik3hzWh1We,en,"[{'screen_name': 'fastcodesign', 'name': 'co.design', 'id': '158865339'}]",['https://www.fastcodesign.com/90156536/a-dutch-bridge-designed-to-flood-as-water-levels-rise'],['https://pbs.twimg.com/media/DT2Qn9PX0AMHMv0.jpg'],1,3,7,"['flood', 'water']",[],https://twitter.com/NLintheUSA/status/954339408735432704,False,,1,https://pbs.twimg.com/media/DT2Qn9PX0AMHMv0.jpg,,,,,,,[],,,,
954337585366577152,954337585366577152,2018-01-19 07:59:45 EST,2018-01-19,07:59:45,-0400,2276880895,petabencana,PetaBencana.id,,"@sistwinz Hello, I am Bencana Bot, reply with #flood to send me your flood report.  https://t.co/dNUVBiM8cG",en,[],[],['https://pbs.twimg.com/tweet_video_thumb/C4MFV65UkAAbNll.jpg'],0,0,0,['flood'],[],https://twitter.com/petabencana/status/954337585366577152,False,,1,https://pbs.twimg.com/tweet_video_thumb/C4MFV65UkAAbNll.jpg,,,,,,,[],,,,
954335141274497024,954335141274497024,2018-01-19 07:50:03 EST,2018-01-19,07:50:03,-0400,280423382,tempestrestor,Tempest Restoration,,"A recent #flood #restoration hard floor cleaning project that we carried out, we think the `Before` and `After` pictures speak for themselves!  https://t.co/0DFlnCi8SZ",en,[],[],"['https://pbs.twimg.com/media/DT56wC6VAAE76eB.jpg', 'https://pbs.twimg.com/media/DT56wMLUQAA01HG.jpg']",0,0,0,"['flood', 'restoration']",[],https://twitter.com/tempestrestor/status/954335141274497024,False,,1,https://pbs.twimg.com/media/DT56wC6VAAE76eB.jpg,,,,,,,[],,,,
954330814661169152,954330814661169152,2018-01-19 07:32:51 EST,2018-01-19,07:32:51,-0400,229502710,envagencymids,Env Agency Midlands,,We’ve just been filming with @bbcmtd and @JoanneWrittle. Talking about the new #SellyPark south #flood scheme reducing flood risk for over 200 homes.  https://t.co/iq6zBWxuJd,en,"[{'screen_name': 'bbcmtd', 'name': 'bbc midlands today', 'id': '17633923'}, {'screen_name': 'joannewrittle', 'name': 'joanne writtle', 'id': '1172192149926027264'}]",[],['https://pbs.twimg.com/media/DT52uFJXUAAbBVA.jpg'],0,0,3,"['sellypark', 'flood']",[],https://twitter.com/EnvAgencyMids/status/954330814661169152,False,,1,https://pbs.twimg.com/media/DT52uFJXUAAbBVA.jpg,,,,,,,[],,,,
954325828057292800,954325828057292800,2018-01-19 07:13:02 EST,2018-01-19,07:13:02,-0400,268201193,deccanherald,Deccan Herald,,"In the SEEDS-CRED report titled 'Decoding the Monsoon Floods' - had analysed disaster data from Bangladesh, India, Nepal and Myanmar between 2000 and 2017, reports @mrityunjaybose #flood  https://t.co/H7WmjGc1C4",en,[],['http://www.deccanherald.com/content/654735/floods-top-natural-disasters-list.html'],[],0,1,1,['flood'],[],https://twitter.com/DeccanHerald/status/954325828057292800,False,,0,,,,,,,,[],,,,
954325555481997318,954325555481997318,2018-01-19 07:11:57 EST,2018-01-19,07:11:57,-0400,1118397098,adbindonesia,ADB in Indonesia,,Read how ADB collaborates with local community on #flood forecasting and early warning in #Indonesia's Bengawan Solo river:  https://t.co/wE56tECrIb,en,[],['https://twitter.com/adbpublications/status/950712013877071872'],[],0,1,2,"['flood', 'indonesia']",[],https://twitter.com/ADBIndonesia/status/954325555481997318,False,https://twitter.com/adbpublications/status/950712013877071872,0,,,,,,,,[],,,,
954321561951064064,954321561951064064,2018-01-19 06:56:05 EST,2018-01-19,06:56:05,-0400,252541548,envagencyanglia,EnvAgencyAnglia,,Find out more about the #Ipswich Tidal #Flood Barrier project in the latest edition of @ncedigital after @KatSmaleNCE visited the site in December. #FloodAware  https://t.co/beEkW0Uvgi  https://t.co/yOdrqRrHBg,en,"[{'screen_name': 'ncedigital', 'name': 'new civil engineer', 'id': '16043037'}]",['https://www.newcivilengineer.com/business-culture/crunching-carbon-ipswich-flood-barrier/10027057.article?blocktitle=In-Depth-In-Full&contentID=14369'],['https://pbs.twimg.com/media/DT5t7NNWAAA6ZFm.jpg'],0,1,1,"['ipswich', 'flood', 'floodaware']",[],https://twitter.com/EnvAgencyAnglia/status/954321561951064064,False,,1,https://pbs.twimg.com/media/DT5t7NNWAAA6ZFm.jpg,,,,,,,[],,,,
954320702705774593,954320702705774593,2018-01-19 06:52:40 EST,2018-01-19,06:52:40,-0400,2276880895,petabencana,PetaBencana.id,,"@AnindityaAqila Hello, I am Bencana Bot, reply with #flood to send me your flood report.  https://t.co/3rSKZpBfCQ",en,[],[],['https://pbs.twimg.com/tweet_video_thumb/C4MFV65UkAAbNll.jpg'],0,0,0,['flood'],[],https://twitter.com/petabencana/status/954320702705774593,False,,1,https://pbs.twimg.com/tweet_video_thumb/C4MFV65UkAAbNll.jpg,,,,,,,[],,,,
954320251201769472,954320251201769472,2018-01-19 06:50:52 EST,2018-01-19,06:50:52,-0400,46096376,steube,Fred Steube,,Here’s What Our Planet Earth Will Look Like if all the Ice Melts    https://t.co/2EouovKwwA #climatechange #GlobalWarming #Flood #ClimateAction #climate,en,[],[],[],0,1,5,"['climatechange', 'globalwarming', 'flood', 'climateaction', 'climate']",[],https://twitter.com/steube/status/954320251201769472,False,,1,https://pbs.twimg.com/media/C99w64bXcAA0uAK.jpg,,,,,,,[],,,,
954320122017206274,954320122017206274,2018-01-19 06:50:22 EST,2018-01-19,06:50:22,-0400,1153797890,pumptechltd,Pump Technology,,With the met office announcing severe weather warnings in parts of the UK - you might want to take a look at our #Flood protection service and #flood water #pump  https://t.co/509gV1boFR  https://t.co/wOP8K4sLK1,en,[],['http://ow.ly/5jjv30hSqX7'],['https://pbs.twimg.com/media/DT5tArXXcAAaMt7.jpg'],0,0,1,"['flood', 'flood', 'pump']",[],https://twitter.com/PumpTechLtd/status/954320122017206274,False,,1,https://pbs.twimg.com/media/DT5tArXXcAAaMt7.jpg,,,,,,,[],,,,
954320032498151426,954320032498151426,2018-01-19 06:50:00 EST,2018-01-19,06:50:00,-0400,936880607040192514,blockchainekono,Blockchain Ekonomisi,,"Arkadaşlar @lightning Network ile ilgili yaptığım paylaşımlardan ""#Mainnet"" ve ""#Testnet"" nedir diye sorular geldi. Kısa bir #flood ile açıklamaya çalışacağım.👇",tr,"[{'screen_name': 'lightning', 'name': 'lightning labs⚡️', 'id': '730518593004134400'}]",[],[],3,17,54,"['mainnet', 'testnet', 'flood']",[],https://twitter.com/blockchainekono/status/954320032498151426,False,,0,,,,,,,,[],,,,
954317616801337344,954317616801337344,2018-01-19 06:40:24 EST,2018-01-19,06:40:24,-0400,809001086803738625,toniriess,Toni Riess,,after last night #storm #stormwarning now #Flood #sunny #creek #Biber village #BuchSH #Switzerland #Schweiz former filming location of BBC Serie #Colditz 1971 (ep. 15)  https://t.co/VoOnkakkgH,en,[],[],"['https://pbs.twimg.com/media/DT5qPG6XUAAfeCt.jpg', 'https://pbs.twimg.com/media/DT5qPFJWkAAFuPK.jpg', 'https://pbs.twimg.com/media/DT5qPMrX4AA9hBm.jpg', 'https://pbs.twimg.com/media/DT5qPWXX4AAhM32.jpg']",0,0,0,"['storm', 'stormwarning', 'flood', 'sunny', 'creek', 'biber', 'buchsh', 'switzerland', 'schweiz', 'colditz']",[],https://twitter.com/ToniRiess/status/954317616801337344,False,,1,https://pbs.twimg.com/media/DT5qPG6XUAAfeCt.jpg,,,,,,,[],,,,
954317427814285313,954317427814285313,2018-01-19 06:39:39 EST,2018-01-19,06:39:39,-0400,332453189,hhohhok,blankcorp,, https://t.co/VkiRyNmKDa #flood #boat #field #sunset #photography #scenery  https://t.co/snlGqQjC7S,und,[],['https://www.shutterstock.com/image-photo/village-rice-fields-became-flooded-during-788371528'],['https://pbs.twimg.com/media/DT5qYtHVQAAVUh3.jpg'],0,0,0,"['flood', 'boat', 'field', 'sunset', 'photography', 'scenery']",[],https://twitter.com/hhohhok/status/954317427814285313,False,,1,https://pbs.twimg.com/media/DT5qYtHVQAAVUh3.jpg,,,,,,,[],,,,
954315176706060290,954315176706060290,2018-01-19 06:30:43 EST,2018-01-19,06:30:43,-0400,3414456190,rmsi_global,RMSI Pvt. Ltd.,,#Meetings are at full swing at the 11th India Rendezvous at Mumbai! We are showcasing our #innovative solutions for #property #RiskManagement  and #CropInsurance @AIReDaily #AIRrend #agriculture #earthquake #cyclone #flood #risk #insurance  https://t.co/huZnYksTxx,en,"[{'screen_name': 'airedaily', 'name': 'asiainsurancereview', 'id': '117668109'}]",[],['https://pbs.twimg.com/media/DT5oUvWUQAAidML.jpg'],0,0,2,"['meetings', 'innovative', 'property', 'riskmanagement', 'cropinsurance', 'airrend', 'agriculture', 'earthquake', 'cyclone', 'flood', 'risk', 'insurance']",[],https://twitter.com/RMSI_Global/status/954315176706060290,False,,1,https://pbs.twimg.com/media/DT5oUvWUQAAidML.jpg,,,,,,,[],,,,
954314242500513792,954314242500513792,2018-01-19 06:27:00 EST,2018-01-19,06:27:00,-0400,66979136,un_spider,UN-SPIDER,,Flooding is one the most common and costly disasters. 3D elevation data using the #LiDAR remote sensing method supports #Flood #risks18 assessments:  https://t.co/AL1Jt5nfuq  https://t.co/JSWfLCyB7s,en,[],['http://un-spider.org/news-and-events/news/north-carolina-flood-inundation-maps-highlight-role-3d-elevation-data-disaster'],['https://pbs.twimg.com/media/DT5jhrxXUAAGDtc.jpg'],0,6,10,"['lidar', 'flood', 'risks18']",[],https://twitter.com/UN_SPIDER/status/954314242500513792,False,,1,https://pbs.twimg.com/media/DT5jhrxXUAAGDtc.jpg,,,,,,,[],,,,
954310263695552512,954310219810484224,2018-01-19 06:11:11 EST,2018-01-19,06:11:11,-0400,2276880895,petabencana,PetaBencana.id,,"@TimmyWarouw Hello, I am Bencana Bot, reply with #flood to send me your flood report.  https://t.co/0SS1ro0lc0",en,[],[],['https://pbs.twimg.com/tweet_video_thumb/C4MFV65UkAAbNll.jpg'],0,0,0,['flood'],[],https://twitter.com/petabencana/status/954310263695552512,False,,1,https://pbs.twimg.com/tweet_video_thumb/C4MFV65UkAAbNll.jpg,,,,,,,"[{'screen_name': 'TimmyWarouw', 'name': 'Timmy Warouw', 'id': '1358558004'}]",,,,
954307043212619776,949744921862385664,2018-01-19 05:58:23 EST,2018-01-19,05:58:23,-0400,1639836846,o_franco_aleman,Franck Marc ✌,,Octavio Paz   https://t.co/du6TFXVWcF  #literatura #México #PremioNobel #literature #poetry #NobelPrize  #photography #nature #NaturePhotography #river #Flood,es,[],['http://www.nobelprize.org/nobel_prizes/literature/laureates/1990/paz-bio.html'],[],1,1,1,"['literatura', 'méxico', 'premionobel', 'literature', 'poetry', 'nobelprize', 'photography', 'nature', 'naturephotography', 'river', 'flood']",[],https://twitter.com/o_franco_aleman/status/954307043212619776,False,,0,,,,,,,,[],,,,
954304582477275136,954304582477275136,2018-01-19 05:48:37 EST,2018-01-19,05:48:37,-0400,758076823372718080,justcanadiangal,Old Woman’s Chair,,Flooding soon. @NASA has aps. where #flood will occur if glacier x melts. 80% melted now. #science reported #threeyears  https://t.co/8BNti4YTmj,en,"[{'screen_name': 'nasa', 'name': 'nasa', 'id': '11348282'}]",['https://twitter.com/bouygues_c/status/951124232116764672'],[],0,0,0,"['flood', 'science', 'threeyears']",[],https://twitter.com/JustCanadianGal/status/954304582477275136,False,https://twitter.com/bouygues_c/status/951124232116764672,0,,,,,,,,[],,,,
954303400203751424,954303400203751424,2018-01-19 05:43:55 EST,2018-01-19,05:43:55,-0400,1394440826,bluegreencities,UrbanFloodResilience,,WIREs Water article calls for for #risk #models to incorporate large-scale processes and feedbacks as well as modifications to European Flood Directive to better assess large-scale #flood risks  https://t.co/Rzvtt7ZsLB  https://t.co/MwtkBAFvj1,en,[],['http://onlinelibrary.wiley.com/doi/10.1002/wat2.1266/full'],['https://pbs.twimg.com/media/DT5dls4X0AAbeDi.jpg'],0,0,6,"['risk', 'models', 'flood']",[],https://twitter.com/BlueGreenCities/status/954303400203751424,False,,1,https://pbs.twimg.com/media/DT5dls4X0AAbeDi.jpg,,,,,,,[],,,,
954302078838562816,954302078838562816,2018-01-19 05:38:40 EST,2018-01-19,05:38:40,-0400,627454913,oasislmf,#OASISLMF,,Insuring #Flood: @SwissRe and the Private Market Response  https://t.co/b53uLaAO0o  https://t.co/5NPL59wa7E,en,"[{'screen_name': 'swissre', 'name': 'swiss re', 'id': '16866956'}]",['https://buff.ly/2mSGaZd'],['https://pbs.twimg.com/media/DT5crs6WsAAzpHb.jpg'],0,0,0,['flood'],[],https://twitter.com/OASISLMF/status/954302078838562816,False,,1,https://pbs.twimg.com/media/DT5crs6WsAAzpHb.jpg,,,,,,,[],,,,
954301992595279872,954301992595279872,2018-01-19 05:38:19 EST,2018-01-19,05:38:19,-0400,3095468219,claredinnisea,Clare Dinnis,,Lots of exciting new opportunities to join #TeamEA. Fancy helping us update our national #flood risk assessment? engage with #communities? look after our #assets? work with #developers to reduce #flood risk? forecast #flood response? Just apply before Wed 24 Jan!  https://t.co/54CZXV03Dh,en,[],['https://twitter.com/envagency/status/952854550494502913'],[],0,3,1,"['teamea', 'flood', 'communities', 'assets', 'developers', 'flood', 'flood']",[],https://twitter.com/ClareDinnisEA/status/954301992595279872,False,https://twitter.com/envagency/status/952854550494502913,0,,,,,,,,[],,,,
954301848990691328,954301848990691328,2018-01-19 05:37:45 EST,2018-01-19,05:37:45,-0400,1394440826,bluegreencities,UrbanFloodResilience,,Consultation by @EnvAgency could see more #flood risk responsibilities devolved to internal drainage boards and local (including district) councils  https://t.co/y4u03YqV8T,en,"[{'screen_name': 'envagency', 'name': 'environment agency', 'id': '47331384'}]",['https://www.gov.uk/government/consultations/rationalising-the-main-river-network-de-maining-proposals'],[],0,0,0,['flood'],[],https://twitter.com/BlueGreenCities/status/954301848990691328,False,,0,,,,,,,,[],,,,
954301479006842880,954301479006842880,2018-01-19 05:36:17 EST,2018-01-19,05:36:17,-0400,2276880895,petabencana,PetaBencana.id,,"@DDeaember Hello, I am Bencana Bot, reply with #flood to send me your flood report.  https://t.co/WfmPr29p2O",en,[],[],['https://pbs.twimg.com/tweet_video_thumb/C4MFV65UkAAbNll.jpg'],0,0,0,['flood'],[],https://twitter.com/petabencana/status/954301479006842880,False,,1,https://pbs.twimg.com/tweet_video_thumb/C4MFV65UkAAbNll.jpg,,,,,,,[],,,,
954298484613509120,954298484613509120,2018-01-19 05:24:23 EST,2018-01-19,05:24:23,-0400,2276880895,petabencana,PetaBencana.id,,"@ariska2201 Hello, I am Bencana Bot, reply with #flood to send me your flood report.  https://t.co/0b8GTtMWI9",en,[],[],['https://pbs.twimg.com/tweet_video_thumb/C4MFV65UkAAbNll.jpg'],0,0,0,['flood'],[],https://twitter.com/petabencana/status/954298484613509120,False,,1,https://pbs.twimg.com/tweet_video_thumb/C4MFV65UkAAbNll.jpg,,,,,,,[],,,,
954298257211117568,954298257211117568,2018-01-19 05:23:29 EST,2018-01-19,05:23:29,-0400,4019933895,shopall3,shopall,,"With #Expiration #Looming, #NAR, #NAHB #Applaud #Flood #Insura... -  https://t.co/hkGVLhvkIv - #Breakingnews #Mortgage",en,[],['http://bit.ly/2DpsVZW'],[],0,0,0,"['expiration', 'looming', 'nar', 'nahb', 'applaud', 'flood', 'insura', 'breakingnews', 'mortgage']",[],https://twitter.com/Shopall3/status/954298257211117568,False,,0,,,,,,,,[],,,,
954297674638901248,954297674638901248,2018-01-19 05:21:10 EST,2018-01-19,05:21:10,-0400,2276880895,petabencana,PetaBencana.id,,"@Anisabudi_ Hello, I am Bencana Bot, reply with #flood to send me your flood report.  https://t.co/97K5fzOylG",en,[],[],['https://pbs.twimg.com/tweet_video_thumb/C4MFV65UkAAbNll.jpg'],0,0,0,['flood'],[],https://twitter.com/petabencana/status/954297674638901248,False,,1,https://pbs.twimg.com/tweet_video_thumb/C4MFV65UkAAbNll.jpg,,,,,,,[],,,,
954296842577235968,954296842577235968,2018-01-19 05:17:51 EST,2018-01-19,05:17:51,-0400,2585710458,future_reports,Future Climate Info,,"If a #flood #FurtherAction is identified, don't fear... we partner with @JBAConsulting to offer affordable services to help you gain a greater understanding of the risk of flooding to a property. Find out more today.  https://t.co/w7P8Lyknb9",en,"[{'screen_name': 'jbaconsulting', 'name': 'jba consulting', 'id': '205183711'}]",['https://twitter.com/JBAConsulting/status/954288060002455552'],[],0,0,2,"['flood', 'furtheraction']",[],https://twitter.com/Future_Reports/status/954296842577235968,False,https://twitter.com/JBAConsulting/status/954288060002455552,0,,,,,,,,[],,,,
954292499903807488,954292499903807488,2018-01-19 05:00:36 EST,2018-01-19,05:00:36,-0400,229502710,envagencymids,Env Agency Midlands,,"Our multi-million #flood scheme, delivered with support from @BhamCityCouncil and @StAndrewsCare, reducing flood risk for over 200 homes and businesses in #Selly Park South, #Birmingham officially opens today!  https://t.co/W3a4EVoZ3P",en,"[{'screen_name': 'bhamcitycouncil', 'name': 'bham city council', 'id': '412425734'}, {'screen_name': 'standrewscare', 'name': ""st andrew's"", 'id': '1354537748'}]",[],"['https://pbs.twimg.com/media/DT5T-EiXUAANe3Y.jpg', 'https://pbs.twimg.com/media/DT5T-F1X0AAUwTW.jpg']",1,2,5,"['flood', 'selly', 'birmingham']",[],https://twitter.com/EnvAgencyMids/status/954292499903807488,False,,1,https://pbs.twimg.com/media/DT5T-EiXUAANe3Y.jpg,,,,,,,[],,,,
954290586781036544,954290586781036544,2018-01-19 04:53:00 EST,2018-01-19,04:53:00,-0400,745610401262481409,htsspares,HTS Spares,,Race starts for £1.5bn flood defence framework  https://t.co/tEYnko9PUd #Race #Flood #Defence #Framework #ConstructionUK  https://t.co/q3FToWFFor,en,[],['http://www.constructionenquirer.com/2018/01/12/race-starts-for-1-5bn-flood-defence-framework/'],['https://pbs.twimg.com/media/DTpsXj4XkAUyxK0.jpg'],0,0,1,"['race', 'flood', 'defence', 'framework', 'constructionuk']",[],https://twitter.com/HtsSpares/status/954290586781036544,False,,1,https://pbs.twimg.com/media/DTpsXj4XkAUyxK0.jpg,,,,,,,[],,,,
954284790588497921,954284790588497921,2018-01-19 04:29:58 EST,2018-01-19,04:29:58,-0400,2276880895,petabencana,PetaBencana.id,,"@pcyhndyn Hello, I am Bencana Bot, reply with #flood to send me your flood report.  https://t.co/krWbwifTRU",en,[],[],['https://pbs.twimg.com/tweet_video_thumb/C4MFV65UkAAbNll.jpg'],0,0,0,['flood'],[],https://twitter.com/petabencana/status/954284790588497921,False,,1,https://pbs.twimg.com/tweet_video_thumb/C4MFV65UkAAbNll.jpg,,,,,,,[],,,,
954283253011136512,954283253011136512,2018-01-19 04:23:51 EST,2018-01-19,04:23:51,-0400,2276880895,petabencana,PetaBencana.id,,"@fatma127dream Hello, I am Bencana Bot, reply with #flood to send me your flood report.  https://t.co/eryiWtlb8k",en,[],[],['https://pbs.twimg.com/tweet_video_thumb/C4MFV65UkAAbNll.jpg'],0,0,0,['flood'],[],https://twitter.com/petabencana/status/954283253011136512,False,,1,https://pbs.twimg.com/tweet_video_thumb/C4MFV65UkAAbNll.jpg,,,,,,,[],,,,
954282304737873920,954282304737873920,2018-01-19 04:20:05 EST,2018-01-19,04:20:05,-0400,1354301905,morganmarineltd,Morgan Marine Ltd.,,An important consultation from the #EnvironmentAgency to give communities more say in the ways rivers are managed and maintained - a vital strand of #flood risk management. Have your say. #FloodManagement   https://t.co/FXlGuw5498,en,[],['http://bit.ly/2rmPude'],[],0,0,0,"['environmentagency', 'flood', 'floodmanagement']",[],https://twitter.com/MorganMarineLtd/status/954282304737873920,False,,0,,,,,,,,[],,,,
954281881029165056,954271466325004288,2018-01-19 04:18:24 EST,2018-01-19,04:18:24,-0400,852207218,scottlambkin,scott8970,,@V_of_Europe #Europe being #blackmailed by #Turkey #Membership or they will #flood #EU with #immigrants,en,[],[],[],1,0,1,"['europe', 'blackmailed', 'turkey', 'membership', 'flood', 'eu', 'immigrants']",[],https://twitter.com/scottlambkin/status/954281881029165056,False,,0,,,,,,,,"[{'screen_name': 'V_of_Europe', 'name': 'Voice of Europe 🌍', 'id': '4717892303'}]",,,,
954280877621624832,954278617617350656,2018-01-19 04:14:25 EST,2018-01-19,04:14:25,-0400,2291022783,imasitifsudraja,Imasiti F Sudrajat,,@petabencana #flood,und,[],[],[],1,0,0,['flood'],[],https://twitter.com/ImasitiFSudraja/status/954280877621624832,False,,0,,,,,,,,"[{'screen_name': 'petabencana', 'name': 'PetaBencana.id', 'id': '2276880895'}]",,,,
954278617617350656,954278617617350656,2018-01-19 04:05:26 EST,2018-01-19,04:05:26,-0400,2276880895,petabencana,PetaBencana.id,,"@ImasitiFSudraja Hello, I am Bencana Bot, reply with #flood to send me your flood report.  https://t.co/PFAbELhDia",en,[],[],['https://pbs.twimg.com/tweet_video_thumb/C4MFV65UkAAbNll.jpg'],1,0,0,['flood'],[],https://twitter.com/petabencana/status/954278617617350656,False,,1,https://pbs.twimg.com/tweet_video_thumb/C4MFV65UkAAbNll.jpg,,,,,,,[],,,,
954278519055544320,954278519055544320,2018-01-19 04:05:03 EST,2018-01-19,04:05:03,-0400,2242429296,nationalhomerep,National Home Repair,,Check out the governments interactive map of #flood risk areas.   https://t.co/cG5hkJiyih #FloodRisk,en,[],['http://bit.ly/2flb8t8'],[],0,0,0,"['flood', 'floodrisk']",[],https://twitter.com/nationalhomerep/status/954278519055544320,False,,0,,,,,,,,[],,,,
954277037241352192,954277037241352192,2018-01-19 03:59:09 EST,2018-01-19,03:59:09,-0400,2276880895,petabencana,PetaBencana.id,,"@Iqbal32701603 Hello, I am Bencana Bot, reply with #flood to send me your flood report.  https://t.co/EZ9TU0DhAk",en,[],[],['https://pbs.twimg.com/tweet_video_thumb/C4MFV65UkAAbNll.jpg'],0,0,0,['flood'],[],https://twitter.com/petabencana/status/954277037241352192,False,,1,https://pbs.twimg.com/tweet_video_thumb/C4MFV65UkAAbNll.jpg,,,,,,,[],,,,
954273869090689024,954273869090689024,2018-01-19 03:46:34 EST,2018-01-19,03:46:34,-0400,2829418196,hydrology_wsl,Massimiliano Zappa,,One more real-time example of using the #PeakBox to guide decision concerning #flood mitigation Blog on the Peak-Box:  https://t.co/Q9FTvlkLPE  https://t.co/HpMt7dxr8O,en,[],['https://hepex.irstea.fr/heps-challenges-the-wisdom-of-the-crowds/'],['https://pbs.twimg.com/media/DT5Cm34XkAEzuAe.jpg'],0,1,1,"['peakbox', 'flood']",[],https://twitter.com/Hydrology_WSL/status/954273869090689024,False,,1,https://pbs.twimg.com/media/DT5Cm34XkAEzuAe.jpg,,,,,,,[],,,,
954269769288515584,954269769288515584,2018-01-19 03:30:17 EST,2018-01-19,03:30:17,-0400,719872124320641024,gm_prepared,GM Prepared,,Is your #business ready to respond to and recover from an emergency like a #flood? Download the 10 Minute Plan here:  https://t.co/hdH5IAqzu9,en,[],['https://www.bitc.org.uk/programmes/business-emergency-resilience-group-berg/prepare'],[],0,1,4,"['business', 'flood']",[],https://twitter.com/GM_prepared/status/954269769288515584,False,,0,,,,,,,,[],,,,
954267899258052608,954267899258052608,2018-01-19 03:22:51 EST,2018-01-19,03:22:51,-0400,2276880895,petabencana,PetaBencana.id,,"@viradevianaaa Hello, I am Bencana Bot, reply with #flood to send me your flood report.  https://t.co/yHu8i2DUnI",en,[],[],['https://pbs.twimg.com/tweet_video_thumb/C4MFV65UkAAbNll.jpg'],0,0,0,['flood'],[],https://twitter.com/petabencana/status/954267899258052608,False,,1,https://pbs.twimg.com/tweet_video_thumb/C4MFV65UkAAbNll.jpg,,,,,,,[],,,,
954266261483003906,954266261483003906,2018-01-19 03:16:20 EST,2018-01-19,03:16:20,-0400,105111921,seedsindia,SEEDS India,,56% of India’s proposed #SmartCities are located in districts with #flood events higher than the national average. #Switch2Sendai  #DEPPLabBD  Read the 'Decoding the Monsoon Floods' report here:  https://t.co/RKnZeXGpk1,en,[],['http://bit.ly/2mNNF3m'],[],1,5,6,"['smartcities', 'flood', 'switch2sendai', 'depplabbd']",[],https://twitter.com/SeedsIndia/status/954266261483003906,False,,0,,,,,,,,[],,,,
954266019102519296,954266019102519296,2018-01-19 03:15:23 EST,2018-01-19,03:15:23,-0400,2276880895,petabencana,PetaBencana.id,,"@dksoxong Hello, I am Bencana Bot, reply with #flood to send me your flood report.  https://t.co/SMzh84kSYX",en,[],[],['https://pbs.twimg.com/tweet_video_thumb/C4MFV65UkAAbNll.jpg'],0,0,0,['flood'],[],https://twitter.com/petabencana/status/954266019102519296,False,,1,https://pbs.twimg.com/tweet_video_thumb/C4MFV65UkAAbNll.jpg,,,,,,,[],,,,
954265450006892544,954265450006892544,2018-01-19 03:13:07 EST,2018-01-19,03:13:07,-0400,278857342,snakenov,스낵넢으,,Come across this nice #place during the #operations to #pekan #flood…  https://t.co/wDaRzzwCSg,en,[],['https://www.instagram.com/p/BeH7i3KBWDVJlv5iCVu0GbSGz4J-54JIMA9fA80/'],[],0,0,0,"['place', 'operations', 'pekan', 'flood']",[],https://twitter.com/snakenov/status/954265450006892544,False,,0,,,,,,,,[],,,,
954263592752304128,954263592752304128,2018-01-19 03:05:44 EST,2018-01-19,03:05:44,-0400,146069752,lahcenhaddad,"Lahcen Haddad, PhD",,"The poor often resort to #forests for survival when their #livelihoods are threatened by #drought, #flood, war, or opression as is the case with #Rohingya refugees in #Bengladesh! Saving forests entails working with them to ensure their rights while teaching sustainble forest use  https://t.co/MLAfhKmzJi",en,[],['https://twitter.com/rnfrstalliance/status/954201867965403136'],[],0,1,0,"['forests', 'livelihoods', 'drought', 'flood', 'rohingya', 'bengladesh']",[],https://twitter.com/Lahcenhaddad/status/954263592752304128,False,https://twitter.com/rnfrstalliance/status/954201867965403136,0,,,,,,,,[],,,,
954247871506808832,954247871506808832,2018-01-19 02:03:16 EST,2018-01-19,02:03:16,-0400,2191774418,safeboxesltd,Vittoria Safe Boxes,,Is your home the safest place to keep #valuables? Protect your valuables from being #stolen #lost #fire or #flood! Use our #safetydepositboxes! #Birmingham #JewelleryQuarter #Manchester #London #Liverpool  https://t.co/WcWPJBG8Bq,en,[],[],['https://pbs.twimg.com/media/DT4rYDqVAAAFI77.jpg'],0,0,0,"['valuables', 'stolen', 'lost', 'fire', 'flood', 'safetydepositboxes', 'birmingham', 'jewelleryquarter', 'manchester', 'london', 'liverpool']",[],https://twitter.com/SafeBoxesLtd/status/954247871506808832,False,,1,https://pbs.twimg.com/media/DT4rYDqVAAAFI77.jpg,,,,,,,[],,,,
954247790099554304,954245346548375553,2018-01-19 02:02:56 EST,2018-01-19,02:02:56,-0400,1551431636,hellodennisa_,ca~,,@petabencana #flood,und,[],[],[],1,0,0,['flood'],[],https://twitter.com/hellodennisa_/status/954247790099554304,False,,0,,,,,,,,"[{'screen_name': 'petabencana', 'name': 'PetaBencana.id', 'id': '2276880895'}]",,,,
954245346548375553,954245346548375553,2018-01-19 01:53:14 EST,2018-01-19,01:53:14,-0400,2276880895,petabencana,PetaBencana.id,,"@caaoohsryu Hello, I am Bencana Bot, reply with #flood to send me your flood report.  https://t.co/WzNstBe7vq",en,[],[],['https://pbs.twimg.com/tweet_video_thumb/C4MFV65UkAAbNll.jpg'],1,0,0,['flood'],[],https://twitter.com/petabencana/status/954245346548375553,False,,1,https://pbs.twimg.com/tweet_video_thumb/C4MFV65UkAAbNll.jpg,,,,,,,[],,,,
954242645131370497,954242645131370497,2018-01-19 01:42:30 EST,2018-01-19,01:42:30,-0400,2276880895,petabencana,PetaBencana.id,,"@ridha_talasya Hello, I am Bencana Bot, reply with #flood to send me your flood report.  https://t.co/LMXkgNcu2U",en,[],[],['https://pbs.twimg.com/tweet_video_thumb/C4MFV65UkAAbNll.jpg'],0,0,0,['flood'],[],https://twitter.com/petabencana/status/954242645131370497,False,,1,https://pbs.twimg.com/tweet_video_thumb/C4MFV65UkAAbNll.jpg,,,,,,,[],,,,
954241714562084865,954241714562084865,2018-01-19 01:38:48 EST,2018-01-19,01:38:48,-0400,2276880895,petabencana,PetaBencana.id,,"@Murnii_Dyo12 Hello, I am Bencana Bot, reply with #flood to send me your flood report.  https://t.co/xEn4fGMhTR",en,[],[],['https://pbs.twimg.com/tweet_video_thumb/C4MFV65UkAAbNll.jpg'],0,0,0,['flood'],[],https://twitter.com/petabencana/status/954241714562084865,False,,1,https://pbs.twimg.com/tweet_video_thumb/C4MFV65UkAAbNll.jpg,,,,,,,[],,,,
954239231764803584,954239231764803584,2018-01-19 01:28:56 EST,2018-01-19,01:28:56,-0400,2276880895,petabencana,PetaBencana.id,,"@luvEXOformylife Hello, I am Bencana Bot, reply with #flood to send me your flood report.  https://t.co/21mBSfregI",en,[],[],['https://pbs.twimg.com/tweet_video_thumb/C4MFV65UkAAbNll.jpg'],2,1,0,['flood'],[],https://twitter.com/petabencana/status/954239231764803584,False,,1,https://pbs.twimg.com/tweet_video_thumb/C4MFV65UkAAbNll.jpg,,,,,,,[],,,,
954239177167585281,954239177167585281,2018-01-19 01:28:43 EST,2018-01-19,01:28:43,-0400,908948351600680960,riverstrosa,TROSA,,Great to hear #youth perspective on #flood risk reduction. Need to support their leadership and engagement @unisdr #Swicth2Sendai #GlobalGoals #LeaveNoOneBehind @Oxfam  https://t.co/4iIS5OHkvu,en,"[{'screen_name': 'unisdr', 'name': 'unisdr', 'id': '1151141593128284160'}, {'screen_name': 'oxfam', 'name': 'oxfam international', 'id': '11695472'}]",['https://twitter.com/enamul_mazid/status/954237703821774849'],[],0,5,7,"['youth', 'flood', 'swicth2sendai', 'globalgoals', 'leavenoonebehind']",[],https://twitter.com/RiversTROSA/status/954239177167585281,False,https://twitter.com/enamul_mazid/status/954237703821774849,0,,,,,,,,[],,,,
954237023023452160,954237023023452160,2018-01-19 01:20:09 EST,2018-01-19,01:20:09,-0400,714504478960037889,businessnewseye,Business News,,"#Bitcoin bloodbath turns vicious as #Cryptocurrencies #Flood the #Market:  https://t.co/5tjjfgenG3,  https://t.co/DJ6GwaiG1d  https://t.co/40DzQaaPdX",en,[],"['http://www.mambolook.com/link/15032407', 'http://www.mambolook.com/bitcoin']",['https://pbs.twimg.com/media/DT4hg6SXUAArTPL.jpg'],0,0,0,"['bitcoin', 'cryptocurrencies', 'flood', 'market']",[],https://twitter.com/BusinessNewsEye/status/954237023023452160,False,,1,https://pbs.twimg.com/media/DT4hg6SXUAArTPL.jpg,,,,,,,[],,,,
954233530384490496,954233530384490496,2018-01-19 01:06:17 EST,2018-01-19,01:06:17,-0400,2276880895,petabencana,PetaBencana.id,,"@nenty_kle Hello, I am Bencana Bot, reply with #flood to send me your flood report.  https://t.co/l5cp6018gv",en,[],[],['https://pbs.twimg.com/tweet_video_thumb/C4MFV65UkAAbNll.jpg'],0,0,0,['flood'],[],https://twitter.com/petabencana/status/954233530384490496,False,,1,https://pbs.twimg.com/tweet_video_thumb/C4MFV65UkAAbNll.jpg,,,,,,,[],,,,
954233372968177664,954233372968177664,2018-01-19 01:05:39 EST,2018-01-19,01:05:39,-0400,62766725,lawyer1357,Профессиональный пессимист,,"""I think that the ideal space must contain elements of magic, serenity, sorcery and mystery."" – Luis Barragan  #quote #winter #snow #tree #landscape #cold #frozen #wood #weather #nature #frost #ice #water #noperson #river #lake #season #reflection #flood…  https://t.co/UOaDjY25wY  https://t.co/bB9N8FYwOb",en,[],['http://ift.tt/2Bdy4iK'],['https://pbs.twimg.com/media/DT4eMfbWsAAtjnz.jpg'],0,1,1,"['quote', 'winter', 'snow', 'tree', 'landscape', 'cold', 'frozen', 'wood', 'weather', 'nature', 'frost', 'ice', 'water', 'noperson', 'river', 'lake', 'season', 'reflection', 'flood']",[],https://twitter.com/lawyer1357/status/954233372968177664,False,,1,https://pbs.twimg.com/media/DT4eMfbWsAAtjnz.jpg,,,,,,,[],,,,
954232822327373825,954232822327373825,2018-01-19 01:03:28 EST,2018-01-19,01:03:28,-0400,757574649706344449,oceaniatoday,Oceania News,,"#Bitcoin bloodbath turns vicious as #Cryptocurrencies #Flood the #Market:  https://t.co/5ZWgIdsPWv,  https://t.co/WJnHwfFefi,  https://t.co/bRENHDuBIB,  https://t.co/C2l1GkYOZG  https://t.co/x6j2PADa1i",en,[],"['http://www.mambolook.com/link/15032407', 'http://www.mambolook.com/oceania/bitcoin', 'http://www.mambolook.com/oceania', 'http://www.duniayote.com/oceania']",['https://pbs.twimg.com/media/DT4dsdBWsAA99P1.jpg'],0,0,0,"['bitcoin', 'cryptocurrencies', 'flood', 'market']",[],https://twitter.com/OceaniaToday/status/954232822327373825,False,,1,https://pbs.twimg.com/media/DT4dsdBWsAA99P1.jpg,,,,,,,[],,,,
954230147921489920,954230147921489920,2018-01-19 00:52:50 EST,2018-01-19,00:52:50,-0400,139024848,sachinsapkota,Sachin Sapkota 🇳🇵,,I am not very fond of using #drones everywhere but this is a particular type of use case where we could make good use of it in #nepal during #flood and #landslides  https://t.co/ZFwqFHLhBZ,en,[],['https://twitter.com/CNN/status/954221209780129792'],[],0,1,1,"['drones', 'nepal', 'flood', 'landslides']",[],https://twitter.com/sachinsapkota/status/954230147921489920,False,https://twitter.com/CNN/status/954221209780129792,0,,,,,,,,[],,,,
954222247790587904,954222247790587904,2018-01-19 00:21:27 EST,2018-01-19,00:21:27,-0400,2276880895,petabencana,PetaBencana.id,,"@Susy031292 Hello, I am Bencana Bot, reply with #flood to send me your flood report.  https://t.co/2Nbjuzcifs",en,[],[],['https://pbs.twimg.com/tweet_video_thumb/C4MFV65UkAAbNll.jpg'],0,0,0,['flood'],[],https://twitter.com/petabencana/status/954222247790587904,False,,1,https://pbs.twimg.com/tweet_video_thumb/C4MFV65UkAAbNll.jpg,,,,,,,[],,,,
954220985875537921,954220985875537921,2018-01-19 00:16:26 EST,2018-01-19,00:16:26,-0400,2276880895,petabencana,PetaBencana.id,,"@MPhrilly Hello, I am Bencana Bot, reply with #flood to send me your flood report.  https://t.co/De834EQOGY",en,[],[],['https://pbs.twimg.com/tweet_video_thumb/C4MFV65UkAAbNll.jpg'],1,0,0,['flood'],[],https://twitter.com/petabencana/status/954220985875537921,False,,1,https://pbs.twimg.com/tweet_video_thumb/C4MFV65UkAAbNll.jpg,,,,,,,[],,,,
954203375867867137,954203375867867137,2018-01-18 23:06:27 EST,2018-01-18,23:06:27,-0400,213918062,patriciamorgon,Patricia Moreno,,... Alertas Internacionales.. #flood  https://t.co/fJrMAN4wDc),es,[],['http://noticias-ambientales-internacionales.blogspot.mx/2018/01/cientificos-advierten-sobre.html?utm_source=feedburner&utm_medium=email&utm_campaign=Feed:+NoticiasAmbientalesInternacionales+(Noticias+Ambientales+Internacionales'],[],0,0,0,['flood'],[],https://twitter.com/PatriciaMorgon/status/954203375867867137,False,,0,,,,,,,,[],,,,
954201814362189824,954201814362189824,2018-01-18 23:00:15 EST,2018-01-18,23:00:15,-0400,48464759,ediblesb,Edible Santa Barbara,,Jan 20 - 7:00 pm  Community Cocktail for a Cause: a #ThomasFire and #Flood Benefit at the @Kimpton Canary Hotel   https://t.co/3oKwCKGAin  #SantaBarbara #Montecito  https://t.co/sn3S0Lw2bq,en,"[{'screen_name': 'kimpton', 'name': 'kimpton', 'id': '16356322'}]",['https://buff.ly/2DKfrpr'],"['https://pbs.twimg.com/media/DT4BfiIW0AA93Wp.jpg', 'https://pbs.twimg.com/media/DT4BfhaWsAAxy8o.jpg']",0,1,5,"['thomasfire', 'flood', 'santabarbara', 'montecito']",[],https://twitter.com/EdibleSB/status/954201814362189824,False,,1,https://pbs.twimg.com/media/DT4BfiIW0AA93Wp.jpg,,,,,,,[],,,,
954183688417259520,954183688417259520,2018-01-18 21:48:13 EST,2018-01-18,21:48:13,-0400,3644194033,water_mdpi,Water MDPI,,"#mdpiwater Methodological Framework for Analysing Cascading Effects from #Flood Events: The Case of Sukhumvit Area, Bangkok, Thailand  https://t.co/0dYTssZW6l",en,[],['http://www.mdpi.com/255076'],[],0,0,0,"['mdpiwater', 'flood']",[],https://twitter.com/Water_MDPI/status/954183688417259520,False,,0,,,,,,,,[],,,,
954179845860110337,954179845860110337,2018-01-18 21:32:57 EST,2018-01-18,21:32:57,-0400,2276880895,petabencana,PetaBencana.id,,"@princessmafe11 Hello, I am Bencana Bot, reply with #flood to send me your flood report.  https://t.co/5kLYp3ychU",en,[],[],['https://pbs.twimg.com/tweet_video_thumb/C4MFV65UkAAbNll.jpg'],0,0,0,['flood'],[],https://twitter.com/petabencana/status/954179845860110337,False,,1,https://pbs.twimg.com/tweet_video_thumb/C4MFV65UkAAbNll.jpg,,,,,,,[],,,,
954177911543668737,954177911543668737,2018-01-18 21:25:16 EST,2018-01-18,21:25:16,-0400,2276880895,petabencana,PetaBencana.id,,"@annisarizf Hello, I am Bencana Bot, reply with #flood to send me your flood report.  https://t.co/QtVSpx1mjV",en,[],[],['https://pbs.twimg.com/tweet_video_thumb/C4MFV65UkAAbNll.jpg'],0,0,0,['flood'],[],https://twitter.com/petabencana/status/954177911543668737,False,,1,https://pbs.twimg.com/tweet_video_thumb/C4MFV65UkAAbNll.jpg,,,,,,,[],,,,
954175882607788032,954175882607788032,2018-01-18 21:17:12 EST,2018-01-18,21:17:12,-0400,232422202,abcemergency,abcemergency,,"A #flood warning is still in place for #WA's De Grey River catchment. Flooding is expected to continue in some areas on Friday and Saturday.  Recent rain has caused renewed river rises in the Coongan, Shaw and Nullagine rivers.  https://t.co/RAlEhRp74y  https://t.co/B6uynqGpvk",en,[],['http://bit.ly/2mMSLgk'],['https://pbs.twimg.com/media/DT3pt2jU0AAFuWs.jpg'],0,0,1,"['flood', 'wa']",[],https://twitter.com/ABCemergency/status/954175882607788032,False,,1,https://pbs.twimg.com/media/DT3pt2jU0AAFuWs.jpg,,,,,,,[],,,,
954171949105598465,954171905178705922,2018-01-18 21:01:34 EST,2018-01-18,21:01:34,-0400,2276880895,petabencana,PetaBencana.id,,"@Raden9828 Hello, I am Bencana Bot, reply with #flood to send me your flood report.  https://t.co/c2al2oGyHY",en,[],[],['https://pbs.twimg.com/tweet_video_thumb/C4MFV65UkAAbNll.jpg'],0,0,0,['flood'],[],https://twitter.com/petabencana/status/954171949105598465,False,,1,https://pbs.twimg.com/tweet_video_thumb/C4MFV65UkAAbNll.jpg,,,,,,,"[{'screen_name': 'Raden9828', 'name': 'candra', 'id': '953266876783579136'}]",,,,
954170312878428161,954170312878428161,2018-01-18 20:55:04 EST,2018-01-18,20:55:04,-0400,3092109111,zazzleproducts,SRF,,"'Started going through boxes the #CONtractor and crew threw in when the house flooded - things NOT in flooded rooms. Why? NOW $ broken, cracked - family memorabilia - valuable to me after losing my #parents - after losing everything else in the flood. I just feel numb. 😢#flood",en,[],[],[],0,0,0,"['contractor', 'parents', 'flood']",[],https://twitter.com/zazzleproducts/status/954170312878428161,False,,0,,,,,,,,[],,,,
954161237029478401,954161237029478401,2018-01-18 20:19:01 EST,2018-01-18,20:19:01,-0400,24348876,climateadapt,Climate Adaptation,,RT @PracticalAction: Our @floodalliance portal continues to provide practical #knowledge on how to build #flood #resilience &amp; will be enhanced with the support of our new Alliance partners under a new five year phase agreed by @Zurich - learn more about  https://t.co/FHS1qaC9Ab,en,"[{'screen_name': 'practicalaction', 'name': 'practical action', 'id': '16906514'}, {'screen_name': 'floodalliance', 'name': 'zurich flood resilience alliance', 'id': '4628763076'}, {'screen_name': 'zurich', 'name': '@zurich', 'id': '101775528'}]",['http://crwd.fr/2rjkYRf'],[],0,0,1,"['knowledge', 'flood', 'resilience']",[],https://twitter.com/ClimateAdapt/status/954161237029478401,False,,0,,,,,,,,[],,,,
954153192379617280,954153192379617280,2018-01-18 19:47:03 EST,2018-01-18,19:47:03,-0400,20805463,irelabague,Irela Bague,,"In #Hawaii, #sealevelrise could displace thousands and cost $19 billion  https://t.co/gdUbGrozCt #flood #realestate #sealevel #water  https://t.co/BZPANIqRCA",en,[],['http://bit.ly/2Da2BzK'],['https://pbs.twimg.com/media/DT3VRS3VAAAilMu.jpg'],0,0,0,"['hawaii', 'sealevelrise', 'flood', 'realestate', 'sealevel', 'water']",[],https://twitter.com/IrelaBague/status/954153192379617280,False,,1,https://pbs.twimg.com/media/DT3VRS3VAAAilMu.jpg,,,,,,,[],,,,
954152891689914373,954152891689914373,2018-01-18 19:45:51 EST,2018-01-18,19:45:51,-0400,2400229808,mfguilbault,"Matthew F. Guilbault, Esq.",,"USHouse just passed the CR, with #NFIP extension to Feb 16,  by a vote of  230-197.  #Flood #Insurance",en,[],[],[],0,2,2,"['nfip', 'flood', 'insurance']",[],https://twitter.com/MFGuilbault/status/954152891689914373,False,,0,,,,,,,,[],,,,
954146480314638336,954146480314638336,2018-01-18 19:20:22 EST,2018-01-18,19:20:22,-0400,950340308386107392,solidarityactiv,Solidarity Activ,, https://t.co/EnNuHAsUhZ #RAF #rainmakers #flood #suspect #HARP,und,[],['https://www.theguardian.com/uk/2001/aug/30/sillyseason.physicalsciences'],[],0,0,0,"['raf', 'rainmakers', 'flood', 'suspect', 'harp']",[],https://twitter.com/SolidarityActiv/status/954146480314638336,False,,0,,,,,,,,[],,,,
954144431770255360,954023563199041537,2018-01-18 19:12:14 EST,2018-01-18,19:12:14,-0400,752261531090300928,wildfirepi,Wildfire Prevention,,"@chaz071 @ClevelandNF Fire intensifies rate of flooding and erosion, which decreases water retention capacity of forests resulting in recurring wildfire conditions. It seems completely #Negligent to continue such practices that perpetuate #fire, #flood, #landslides, #drought, #famine &amp; desertification  https://t.co/RGoVSqMlfB",en,[],[],"['https://pbs.twimg.com/media/DT3MLnhVAAABYhA.jpg', 'https://pbs.twimg.com/media/DT3MST3V4AEs7O1.jpg', 'https://pbs.twimg.com/media/DT3MSUqUQAAlDS0.jpg', 'https://pbs.twimg.com/media/DT3MZl0VMAAJRhJ.jpg']",0,0,0,"['negligent', 'fire', 'flood', 'landslides', 'drought', 'famine']",[],https://twitter.com/WildfirePI/status/954144431770255360,False,,1,https://pbs.twimg.com/media/DT3MLnhVAAABYhA.jpg,,,,,,,"[{'screen_name': 'chaz071', 'name': 'Rob', 'id': '50976553'}, {'screen_name': 'ClevelandNF', 'name': 'Cleveland NF', 'id': '23916046'}]",,,,
