id,conversation_id,created_at,date,time,timezone,user_id,username,name,place,tweet,language,mentions,urls,photos,replies_count,retweets_count,likes_count,hashtags,cashtags,link,retweet,quote_url,video,thumbnail,near,geo,source,user_rt_id,user_rt,retweet_id,reply_to,retweet_date,translate,trans_src,trans_dest
600087465706283008,600087465706283008,2015-05-17 19:56:15 EDT,2015-05-17,19:56:15,-0400,262137657,cmbmd79,"Christopher Brennan, MD",,Do you live in a #floodzone #flood #hurricane #floodinsurance  @Readygov  https://t.co/ZPRGxsR4fe,en,"[{'screen_name': 'readygov', 'name': 'readygov', 'id': '16028241'}]",['https://youtu.be/Xrz7XaOVPh8'],[],0,0,0,"['floodzone', 'flood', 'hurricane', 'floodinsurance']",[],https://twitter.com/CMBMD79/status/600087465706283008,False,,0,,,,,,,,[],,,,
600083230562201600,600083230562201600,2015-05-17 19:39:25 EDT,2015-05-17,19:39:25,-0400,1536412436,globalfloodnews,GlobalFloodSystem,,#flood #disaster Flash floods tear through Tazewell County - WVNS-TV: WVNS-TVFlash floods tear through Tazewel...  http://t.co/21yanvqPUL,en,[],['http://bit.ly/1EUCBlB'],[],0,0,0,"['flood', 'disaster']",[],https://twitter.com/GlobalFloodNews/status/600083230562201600,False,,0,,,,,,,,[],,,,
600078878137196544,600078878137196544,2015-05-17 19:22:08 EDT,2015-05-17,19:22:08,-0400,792600386,spacewils,Wil Santiago,,There used to be a little peninsula here #COwx #Colorado #flood  http://t.co/gmlwd439LB,en,[],[],['https://pbs.twimg.com/media/CFPojP_UIAAlyda.jpg'],0,0,0,"['cowx', 'colorado', 'flood']",[],https://twitter.com/SpaceWilS/status/600078878137196544,False,,1,https://pbs.twimg.com/media/CFPojP_UIAAlyda.jpg,,,,,,,[],,,,
600078772612640768,600078772612640768,2015-05-17 19:21:42 EDT,2015-05-17,19:21:42,-0400,623920811,pyrtwist,Chris Guevara,,Grays Lake is next #flood  http://t.co/E1kJxCaFpv,en,[],[],['https://pbs.twimg.com/media/CFPobs_UsAAylGy.jpg'],0,0,1,['flood'],[],https://twitter.com/pyrtwist/status/600078772612640768,False,,1,https://pbs.twimg.com/media/CFPobs_UsAAylGy.jpg,,,,,,,[],,,,
600078761023778816,600078761023778816,2015-05-17 19:21:40 EDT,2015-05-17,19:21:40,-0400,792600386,spacewils,Wil Santiago,,The beach is gone #COwx #Colorado #flood  http://t.co/zNCuUhgx9j,en,[],[],['https://pbs.twimg.com/media/CFPoceMUEAEreiL.jpg'],1,0,0,"['cowx', 'colorado', 'flood']",[],https://twitter.com/SpaceWilS/status/600078761023778816,False,,1,https://pbs.twimg.com/media/CFPoceMUEAEreiL.jpg,,,,,,,[],,,,
600078020007755776,600078020007755776,2015-05-17 19:18:43 EDT,2015-05-17,19:18:43,-0400,287455210,neildufty,Neil Dufty,,@FMAAustralia #Flood events that were once improbable are now probable due to #climatechange  http://t.co/mjxUCs1Iz8,en,[],['http://ecowatch.com/2015/05/17/droughts-floods-heatwaves-climate-change/'],[],0,4,1,"['flood', 'climatechange']",[],https://twitter.com/NeilDufty/status/600078020007755776,False,,0,,,,,,,,[],,,,
600077998818074624,600077998818074624,2015-05-17 19:18:38 EDT,2015-05-17,19:18:38,-0400,2795304043,stuffspec,Stuffspec.com,,"Here's the Best Result of Flood Disaster Profile of Pakistan a Review, #flood #disaster #profile #pakistan #review  http://t.co/BBCTYq8XoH",en,[],['http://www.stuffspec.com/publicfiles/Flood_Disaster_Profile_Of_Pakistan_A_Review.html'],[],1,0,0,"['flood', 'disaster', 'profile', 'pakistan', 'review']",[],https://twitter.com/stuffspec/status/600077998818074624,False,,0,,,,,,,,[],,,,
600073718728138753,600073718728138753,2015-05-17 19:01:38 EDT,2015-05-17,19:01:38,-0400,2585523085,disaworldnews,Disaster World News,,"Flash flood warning in effect for northern, western Arkansas - THV 11  http://t.co/PH9bbN7dk1 #Flood",en,[],['http://news.google.com/news/url?sa=t&fd=R&ct2=us&usg=AFQjCNGG68kfm5BhOEesSe9ETfHhzznExA&clid=c3a7d30bb8a4878e06b80cf16b898331&cid=52778841332426&ei=xRxZVbjnD-jdmAK354CwCg&url=http://www.thv11.com/story/news/2015/05/17/flash-flood-warning-in-effect-for-northern-western-arkansas/27488985/'],[],0,0,0,['flood'],[],https://twitter.com/DisaWorldNews/status/600073718728138753,False,,0,,,,,,,,[],,,,
600062319297699840,600062319297699840,2015-05-17 18:16:20 EDT,2015-05-17,18:16:20,-0400,1924046688,apocalypticpost,Apocalyptic Fiction,,ARkStorm by prepper fiction author Ron Foster Book Trailer:  http://t.co/4qNggW6gmI via @YouTube #ARkStorm #preppers #prepper  #flood,en,"[{'screen_name': 'youtube', 'name': 'youtube', 'id': '10228272'}]",['http://youtu.be/nFeaOj3ngDo?list=UUmXsYthWqCj5n4w-xj-Alng'],[],0,0,0,"['arkstorm', 'preppers', 'prepper', 'flood']",[],https://twitter.com/ApocalypticPost/status/600062319297699840,False,,0,,,,,,,,[],,,,
600058784170582017,600058784170582017,2015-05-17 18:02:17 EDT,2015-05-17,18:02:17,-0400,3230017853,ihcrs,RSHC(СРХЦ),,"A year after catastrophic #flood in #Obrenovac, #Serbia where Russian rescuers evacuated more than 2000 people:  http://t.co/Rg3FmzWeCx …",en,[],['http://www.blic.rs/Vesti/Beograd/559548/RUSKI-SPASILAC-PONOVO-U-OBRENOVCU-Nikada-nisam-video-poplavu-takvih-razmera'],[],0,0,1,"['flood', 'obrenovac', 'serbia']",[],https://twitter.com/ihcrs/status/600058784170582017,False,,0,,,,,,,,[],,,,
600056159525941249,600056159525941249,2015-05-17 17:51:51 EDT,2015-05-17,17:51:51,-0400,1536412436,globalfloodnews,GlobalFloodSystem,,"#flood #disaster 8 feared washed away in flash floods, 200 trapped in Tamil Nadu - Hindustan Times: Hindustan ...  http://t.co/Yo3ufHppNZ",en,[],['http://bit.ly/1QUUMix'],[],0,0,0,"['flood', 'disaster']",[],https://twitter.com/GlobalFloodNews/status/600056159525941249,False,,0,,,,,,,,[],,,,
600053555966390272,600053555966390272,2015-05-17 17:41:30 EDT,2015-05-17,17:41:30,-0400,2975673523,adambarrios98,Adam Barrios,,Houston life #houston #weather #flood #rain #clouds #cloudporn #htx #htown #water #music #singer…  https://t.co/RWRZj8oq0c,en,[],['https://instagram.com/p/2zGoQzhsmr/'],[],0,0,1,"['houston', 'weather', 'flood', 'rain', 'clouds', 'cloudporn', 'htx', 'htown', 'water', 'music', 'singer']",[],https://twitter.com/adambarrios98/status/600053555966390272,False,,0,,,,,,,,[],,,,
600047268260024320,600047268260024320,2015-05-17 17:16:31 EDT,2015-05-17,17:16:31,-0400,1536412436,globalfloodnews,GlobalFloodSystem,,#flood #disaster NWS: 4 tornadoes responsible for damage across region - KMBC Kansas City: KCTV Kansas CityNWS...  http://t.co/0STe6yespb,en,[],['http://bit.ly/1ER16Py'],[],0,0,0,"['flood', 'disaster']",[],https://twitter.com/GlobalFloodNews/status/600047268260024320,False,,0,,,,,,,,[],,,,
600034367881228288,600034367881228288,2015-05-17 16:25:16 EDT,2015-05-17,16:25:16,-0400,18118594,topekametrokdot,TopekaMetroKDOT,,#NEKSTTRAFFIC K-68 CLOSED fr N of Quenemo (MM 11) to S of K-268 junction due to high #flood waters ovr rd (Osage Co)  https://t.co/YWTBJoy1AQ,en,[],['https://www.facebook.com/NEKansasKDOT'],[],0,2,0,"['neksttraffic', 'flood']",[],https://twitter.com/TopekaMetroKDOT/status/600034367881228288,False,,0,,,,,,,,[],,,,
600034367818342401,600034367818342401,2015-05-17 16:25:16 EDT,2015-05-17,16:25:16,-0400,47785875,nekansaskdot,NE Kansas KDOT,,#NEKSTTRAFFIC K-68 CLOSED fr N of Quenemo (MM 11) to S of K-268 junction due to high #flood waters ovr rd (Osage Co)  https://t.co/6St3ye6Ho6,en,[],['https://www.facebook.com/NEKansasKDOT'],[],0,1,1,"['neksttraffic', 'flood']",[],https://twitter.com/NEKansasKDOT/status/600034367818342401,False,,0,,,,,,,,[],,,,
600034367348563968,600034367348563968,2015-05-17 16:25:15 EDT,2015-05-17,16:25:15,-0400,92592269,kkqtopeka,Kimberly Qualls,,#NEKSTTRAFFIC K-68 CLOSED fr N of Quenemo (MM 11) to S of K-268 junction due to high #flood waters ovr rd (Osage Co)  https://t.co/FE0SOTIAVE,en,[],['https://www.facebook.com/NEKansasKDOT'],[],0,0,0,"['neksttraffic', 'flood']",[],https://twitter.com/kkqtopeka/status/600034367348563968,False,,0,,,,,,,,[],,,,
600034367310696448,600034367310696448,2015-05-17 16:25:15 EDT,2015-05-17,16:25:15,-0400,18031792,kansascitykdot,KCMetroKDOT,,#NEKSTTRAFFIC K-68 CLOSED fr N of Quenemo (MM 11) to S of K-268 junction due to high #flood waters ovr rd (Osage Co)  https://t.co/qexjeWWRcP,en,[],['https://www.facebook.com/NEKansasKDOT'],[],0,1,0,"['neksttraffic', 'flood']",[],https://twitter.com/KansasCityKDOT/status/600034367310696448,False,,0,,,,,,,,[],,,,
600028502449086464,600028502449086464,2015-05-17 16:01:57 EDT,2015-05-17,16:01:57,-0400,64194687,graysonnichols,Grayson Nichols,"{'type': 'Point', 'coordinates': [32.83335957, -96.71199915]}",White Rock Lake Kayak Trail #whiterocklake #flood @ White Rock Lake Bike Trail  https://t.co/eRrf4rwkOz,en,[],['https://instagram.com/p/2y7PHwrAlf/'],[],0,0,0,"['whiterocklake', 'flood']",[],https://twitter.com/graysonnichols/status/600028502449086464,False,,0,,,,,,,,[],,,,
600024403104129025,600024403104129025,2015-05-17 15:45:40 EDT,2015-05-17,15:45:40,-0400,60028591,tommylazergunnz,Thomas Heiler,,@idarbwire #g5m9 #flood,und,[],[],[],0,0,0,"['g5m9', 'flood']",[],https://twitter.com/TommyLazerGunnz/status/600024403104129025,False,,0,,,,,,,,[],,,,
600021534552428544,600021534552428544,2015-05-17 15:34:16 EDT,2015-05-17,15:34:16,-0400,1060231806,cati_jolyn,Cati Jo The Rad Hatter,,Glad all the rain we've been needing the past 10 years just decided to show up all at once this spring. #Flood #GetTheToobs,en,[],[],[],0,0,1,"['flood', 'getthetoobs']",[],https://twitter.com/Cati_Jolyn/status/600021534552428544,False,,0,,,,,,,,[],,,,
600020005506322432,600020005506322432,2015-05-17 15:28:11 EDT,2015-05-17,15:28:11,-0400,1536412436,globalfloodnews,GlobalFloodSystem,,"#flood #disaster Tornado causes damage near Sibley, Mosby evacuated after floods - KMBC Kansas City: KMBC Kans...  http://t.co/YWRIuW5N5r",en,[],['http://bit.ly/1RY7sqd'],[],0,0,0,"['flood', 'disaster']",[],https://twitter.com/GlobalFloodNews/status/600020005506322432,False,,0,,,,,,,,[],,,,
600013894892007424,600013894892007424,2015-05-17 15:03:54 EDT,2015-05-17,15:03:54,-0400,1307654628,whataburris,Lindsey Burris,,The last art pit-stop of the trip. #stencils #streetart #NotAStreetArtist #Flood #puddlejumper…  https://t.co/PeW4w3WpfP,en,[],['https://instagram.com/p/2y0l8-LAbn/'],[],0,0,0,"['stencils', 'streetart', 'notastreetartist', 'flood', 'puddlejumper']",[],https://twitter.com/WhataBurris/status/600013894892007424,False,,0,,,,,,,,[],,,,
600011081776435200,600011081776435200,2015-05-17 14:52:44 EDT,2015-05-17,14:52:44,-0400,1536412436,globalfloodnews,GlobalFloodSystem,,"#flood #disaster Storms leave heavy damage, flooding - KMBC Kansas City: KMBC Kansas CityStorms leave heavy da...  http://t.co/5p9KKa8iOo",en,[],['http://bit.ly/1Jqt7Uk'],[],0,0,0,"['flood', 'disaster']",[],https://twitter.com/GlobalFloodNews/status/600011081776435200,False,,0,,,,,,,,[],,,,
600005832458280960,600005832458280960,2015-05-17 14:31:52 EDT,2015-05-17,14:31:52,-0400,2585523085,disaworldnews,Disaster World News,,"Dallas, Tarrant counties under flood warnings as heavy rains exit North Texas - Dallas Morning News (blog)  http://t.co/aB6XOb5Fuw #Flood",en,[],['http://news.google.com/news/url?sa=t&fd=R&ct2=us&usg=AFQjCNE0jeF_OojZPV6rH66iy1A0C--IaA&clid=c3a7d30bb8a4878e06b80cf16b898331&cid=52778843223443&ei=gd1YVZDlIqvOmQK_1IFg&url=http://thescoopblog.dallasnews.com/2015/05/heavy-rains-exit-north-texas.html/'],[],0,0,0,['flood'],[],https://twitter.com/DisaWorldNews/status/600005832458280960,False,,0,,,,,,,,[],,,,
600005597745012736,600005597745012736,2015-05-17 14:30:56 EDT,2015-05-17,14:30:56,-0400,527693559,brendabondurant,Brenda Bondurant,,#Flood #Trinity river overflowed started to go for a jog today and this is what the trail looks like…  https://t.co/bVHR7439tX,en,[],['https://instagram.com/p/2yw0gHPL-J/'],[],0,0,0,"['flood', 'trinity']",[],https://twitter.com/BrendaBondurant/status/600005597745012736,False,,0,,,,,,,,[],,,,
600004106271334400,600004106271334400,2015-05-17 14:25:01 EDT,2015-05-17,14:25:01,-0400,18217970,margueritetort,MargueriteTortorello,,Thank you to National #Flood Services for sponsoring this year's Flood Conference #NFC15  http://t.co/2trqjzjXiK  http://t.co/RNoSlAFnCU,en,[],['http://nfs.stoneriver.com/'],['https://pbs.twimg.com/media/CFOkjjpUgAAigwd.jpg'],0,0,0,"['flood', 'nfc15']",[],https://twitter.com/MargueriteTort/status/600004106271334400,False,,1,https://pbs.twimg.com/media/CFOkjjpUgAAigwd.jpg,,,,,,,[],,,,
600004106204291072,600004106204291072,2015-05-17 14:25:01 EDT,2015-05-17,14:25:01,-0400,41164967,teamapcia,American Property Casualty Insurance Association,,Thank you to National #Flood Services for sponsoring this year's Flood Conference #NFC15  http://t.co/jeGCELVZK7  http://t.co/YnCwdijIlW,en,[],['http://nfs.stoneriver.com/'],['https://pbs.twimg.com/media/CFOkjjsVIAA7_Gd.jpg'],0,1,0,"['flood', 'nfc15']",[],https://twitter.com/TeamAPCIA/status/600004106204291072,False,,1,https://pbs.twimg.com/media/CFOkjjsVIAA7_Gd.jpg,,,,,,,[],,,,
600002966607798272,600002966607798272,2015-05-17 14:20:29 EDT,2015-05-17,14:20:29,-0400,15585039,energycollectiv,Energy Collective,,New Federal #Flood Protection Standards Will Prepare Nation for #ClimateChange  http://t.co/FzNWFXKaU9,en,[],['http://ow.ly/N11Rc'],[],0,2,0,"['flood', 'climatechange']",[],https://twitter.com/EnergyCollectiv/status/600002966607798272,False,,0,,,,,,,,[],,,,
600002187423453184,600002187423453184,2015-05-17 14:17:23 EDT,2015-05-17,14:17:23,-0400,1536412436,globalfloodnews,GlobalFloodSystem,,"#flood #disaster Tornadoes, Hail and Floods Hit Plains From Texas to Minnesota -  http://t.co/kFgmfrjbBb: NBCNew...  http://t.co/o3idXrx1Qc",en,[],"['http://NBCNews.com', 'http://bit.ly/1dbqJoC']",[],1,0,0,"['flood', 'disaster']",[],https://twitter.com/GlobalFloodNews/status/600002187423453184,False,,0,,,,,,,,[],,,,
600000379108118531,600000379108118531,2015-05-17 14:10:12 EDT,2015-05-17,14:10:12,-0400,22127312,lutinedb,Lutine Ryan,,This #Dutch city makes Room for the River..(because we know we can't fight back the water forever)  http://t.co/KXBFl3h4tU #flood #prevention,en,[],['http://bit.ly/1JqnWDY'],[],0,0,1,"['dutch', 'flood', 'prevention']",[],https://twitter.com/LutinedB/status/600000379108118531,False,,0,,,,,,,,[],,,,
599998934916923393,599998934916923393,2015-05-17 14:04:28 EDT,2015-05-17,14:04:28,-0400,1881533016,dvegasprobs217,Danville Problems,,"Hope everybody was able to stay dry during the flooding. If you have pics of the high waters, tweet them to @dvegasprobs217 for a RT. #Flood",en,"[{'screen_name': 'dvegasprobs217', 'name': 'danville problems', 'id': '1881533016'}]",[],[],0,1,0,['flood'],[],https://twitter.com/dvegasprobs217/status/599998934916923393,False,,0,,,,,,,,[],,,,
599994170292461569,599994170292461569,2015-05-17 13:45:32 EDT,2015-05-17,13:45:32,-0400,3115709498,ice_drive,ICEDrive,,RT @LivingSafely: #NWS issues Flash #Flood Warnings for parts of #TX. Move to higher ground if at risk:  http://t.co/LG8XKrvvZS,en,"[{'screen_name': 'livingsafely', 'name': 'living safely™', 'id': '40162575'}]",['http://ht.ly/777TA'],[],0,0,0,"['nws', 'flood', 'tx']",[],https://twitter.com/ICE_Drive/status/599994170292461569,False,,0,,,,,,,,[],,,,
599994154148593664,599994154148593664,2015-05-17 13:45:28 EDT,2015-05-17,13:45:28,-0400,465348970,helpid_book,Living Safely HelpID Book,,RT @LivingSafely: #NWS issues Flash #Flood Warnings for parts of #TX. Move to higher ground if at risk:  http://t.co/sqSvpsxLvi,en,"[{'screen_name': 'livingsafely', 'name': 'living safely™', 'id': '40162575'}]",['http://ht.ly/777TA'],[],0,0,0,"['nws', 'flood', 'tx']",[],https://twitter.com/HelpID_Book/status/599994154148593664,False,,0,,,,,,,,[],,,,
599994129217679360,599994129217679360,2015-05-17 13:45:22 EDT,2015-05-17,13:45:22,-0400,79506638,ls_disasters,Living Safely™,,RT @LivingSafely: #NWS issues Flash #Flood Warnings for parts of #TX. Move to higher ground if at risk:  http://t.co/1pGpSvREoX,en,"[{'screen_name': 'livingsafely', 'name': 'living safely™', 'id': '40162575'}]",['http://ht.ly/777TA'],[],0,0,0,"['nws', 'flood', 'tx']",[],https://twitter.com/LS_Disasters/status/599994129217679360,False,,0,,,,,,,,[],,,,
599994112679350272,599994112679350272,2015-05-17 13:45:18 EDT,2015-05-17,13:45:18,-0400,244091227,contactcard,ContactCard,,RT @LivingSafely: #NWS issues Flash #Flood Warnings for parts of #TX. Move to higher ground if at risk:  http://t.co/6AWwsNbglV,en,"[{'screen_name': 'livingsafely', 'name': 'living safely™', 'id': '40162575'}]",['http://ht.ly/777TA'],[],0,0,0,"['nws', 'flood', 'tx']",[],https://twitter.com/ContactCard/status/599994112679350272,False,,0,,,,,,,,[],,,,
599994083990441985,599994083990441985,2015-05-17 13:45:11 EDT,2015-05-17,13:45:11,-0400,262389713,ls_medical,Living Safely,,RT @LivingSafely: #NWS issues Flash #Flood Warnings for parts of #TX. Local EMS/EDs may initiate disaster protocols:  http://t.co/AsW3CfqapW,en,"[{'screen_name': 'livingsafely', 'name': 'living safely™', 'id': '40162575'}]",['http://ht.ly/777TA'],[],0,0,0,"['nws', 'flood', 'tx']",[],https://twitter.com/LS_Medical/status/599994083990441985,False,,0,,,,,,,,[],,,,
599992947745038336,599992947745038336,2015-05-17 13:40:40 EDT,2015-05-17,13:40:40,-0400,1536412436,globalfloodnews,GlobalFloodSystem,,"#flood #disaster Tornadoes, Hail and Floods Hit Plains From Texas to Minnesota -  http://t.co/kFgmfrjbBb: NBCNew...  http://t.co/T2A3DG5JGW",en,[],"['http://NBCNews.com', 'http://bit.ly/1EQvgCF']",[],0,1,0,"['flood', 'disaster']",[],https://twitter.com/GlobalFloodNews/status/599992947745038336,False,,0,,,,,,,,[],,,,
599992883496779776,599992883496779776,2015-05-17 13:40:25 EDT,2015-05-17,13:40:25,-0400,79924936,ls_health,Living Safely™,,RT @LivingSafely: #NWS issues Flash #Flood Warnings for parts of #TX. Move to higher ground if at risk:  http://t.co/MS7TWcTOdI,en,"[{'screen_name': 'livingsafely', 'name': 'living safely™', 'id': '40162575'}]",['http://ht.ly/777TA'],[],0,0,0,"['nws', 'flood', 'tx']",[],https://twitter.com/LS_Health/status/599992883496779776,False,,0,,,,,,,,[],,,,
599990775435304961,599990775435304961,2015-05-17 13:32:02 EDT,2015-05-17,13:32:02,-0400,352615700,leftysteve12,Ty,,Attention VC residents: grab two of every animal and head to the ark! lol #flood,en,[],[],[],0,0,1,['flood'],[],https://twitter.com/leftysteve12/status/599990775435304961,False,,0,,,,,,,,[],,,,
599990332902760448,599990332902760448,2015-05-17 13:30:17 EDT,2015-05-17,13:30:17,-0400,40162575,livingsafely,Living Safely™,,Weather Alert: #NWS issues Flash #Flood Warnings for parts of #TX. Move to higher ground if at risk:  http://t.co/jskVrytHSM,en,[],['http://ht.ly/N3woN'],[],0,0,0,"['nws', 'flood', 'tx']",[],https://twitter.com/LivingSafely/status/599990332902760448,False,,0,,,,,,,,[],,,,
599989151090376705,599989151090376705,2015-05-17 13:25:35 EDT,2015-05-17,13:25:35,-0400,14893297,cureworks,J. Nayer Hardin,,"#Tornado - #Hurricane - #Flood.. Use #3dprinting in hemp plastic, 10x stronger than steel, as #weather layers on existing structures. #mmot",en,[],[],[],0,0,0,"['tornado', 'hurricane', 'flood', '3dprinting', 'weather', 'mmot']",[],https://twitter.com/cureworks/status/599989151090376705,False,,0,,,,,,,,[],,,,
599987435125219328,599987435125219328,2015-05-17 13:18:46 EDT,2015-05-17,13:18:46,-0400,144562257,flowrider2000,South Dallas a historical area near the FairPark,,#dallas #cycling #atttrail #flood  https://t.co/LPxFVAfWKB,und,[],['https://instagram.com/p/2yoj4TuPOC/'],[],0,0,0,"['dallas', 'cycling', 'atttrail', 'flood']",[],https://twitter.com/flowrider2000/status/599987435125219328,False,,0,,,,,,,,[],,,,
599986748932943875,599986748932943875,2015-05-17 13:16:02 EDT,2015-05-17,13:16:02,-0400,1002768278,ladashacaldwell,Dasha:),,You can always tell when i think I'm cute 💁🏽💁🏽💁🏽 #flood  https://t.co/S9oxk3hug4,en,[],['https://instagram.com/p/2yoP7tkYXT/'],[],0,0,0,['flood'],[],https://twitter.com/LadashaCaldwell/status/599986748932943875,False,,0,,,,,,,,[],,,,
599985668668928001,599985668668928001,2015-05-17 13:11:45 EDT,2015-05-17,13:11:45,-0400,2585523085,disaworldnews,Disaster World News,,Harrison County under flood watch; some rivers under flood warning -  http://t.co/gQb9qynLC7  http://t.co/pP9Mf4h5NO #Flood,en,[],"['http://SunHerald.com', 'http://news.google.com/news/url?sa=t&fd=R&ct2=us&usg=AFQjCNFyPMlLxam59e8aDBzUDcjrSbKbig&clid=c3a7d30bb8a4878e06b80cf16b898331&ei=YshYVdDEGOiamQLT_oCoAg&url=http://www.sunherald.com/2015/05/17/6231428/some-harrison-county-rivers-flooding.html']",[],0,0,0,['flood'],[],https://twitter.com/DisaWorldNews/status/599985668668928001,False,,0,,,,,,,,[],,,,
599984028251488257,599984028251488257,2015-05-17 13:05:14 EDT,2015-05-17,13:05:14,-0400,525005120,careersingov,CareersInGovernment,,#ENGINEERING ASSISTANT III - #Flood Protection @cityofwestsac by 5-25   http://t.co/H1oxj0Zibj #water #construction #california #hiring #city,en,"[{'screen_name': 'cityofwestsac', 'name': 'west sacramento', 'id': '196718521'}]",['http://ow.ly/MIY2x'],[],1,5,1,"['engineering', 'flood', 'water', 'construction', 'california', 'hiring', 'city']",[],https://twitter.com/careersingov/status/599984028251488257,False,,0,,,,,,,,[],,,,
599983521608794112,599983521608794112,2015-05-17 13:03:13 EDT,2015-05-17,13:03:13,-0400,824019066,gregdingrando,Greg Dingrando,,Flood damage still popping up in #Manitou.  We found this small sink hole near the incline #cowx #Flood #damage  http://t.co/4J8qdmz8TV,en,[],[],['https://pbs.twimg.com/media/CFOR1XpUEAEVoNE.jpg'],0,1,1,"['manitou', 'cowx', 'flood', 'damage']",[],https://twitter.com/GregDingrando/status/599983521608794112,False,,1,https://pbs.twimg.com/media/CFOR1XpUEAEVoNE.jpg,,,,,,,[],,,,
599983449525456896,599983449525456896,2015-05-17 13:02:56 EDT,2015-05-17,13:02:56,-0400,14136114,garytx,Gary Oldham,,#Flood Warning for Onion Creek in Austin until late tonight. Onion Creek approaching flood stage. #atx #atxwx #txwx  http://t.co/RTd8oFMubQ,en,[],['http://inws.wrh.noaa.gov/weather/alertinfo/23047090'],[],1,1,0,"['flood', 'atx', 'atxwx', 'txwx']",[],https://twitter.com/garytx/status/599983449525456896,False,,0,,,,,,,,[],,,,
599982762028769280,599982762028769280,2015-05-17 13:00:12 EDT,2015-05-17,13:00:12,-0400,25322198,duivelsei,Jan Bakker,,Via @Alex_Verbeek New #Dutch state of the art #Flood Protection &gt;   http://t.co/N3B9YiW7FU via @KvanOosterom #water  http://t.co/r3f9m6w8UR,en,"[{'screen_name': 'alex_verbeek', 'name': 'alexander verbeek 🌍', 'id': '326665662'}, {'screen_name': 'kvanoosterom', 'name': 'karel van oosterom', 'id': '241926029'}]",['http://ow.ly/2bsZHH'],['https://pbs.twimg.com/media/CFMeeKRW8AAapwG.jpg'],0,0,0,"['dutch', 'flood', 'water']",[],https://twitter.com/Duivelsei/status/599982762028769280,False,,1,https://pbs.twimg.com/media/CFMeeKRW8AAapwG.jpg,,,,,,,[],,,,
599977565915389952,599977565915389952,2015-05-17 12:39:33 EDT,2015-05-17,12:39:33,-0400,2585523085,disaworldnews,Disaster World News,,"Mosby, Mo., evacuated after thunderstorms dump inches of rain, causing flooding - Kansas City Star  http://t.co/Hm9ocgYB3A #Flood",en,[],['http://news.google.com/news/url?sa=t&fd=R&ct2=us&usg=AFQjCNGs76YDMlqHDlG88S17W-ezV1aLPw&clid=c3a7d30bb8a4878e06b80cf16b898331&cid=52778842695609&ei=zcBYVZDFA5C1mQKivoHYBw&url=http://www.kansascity.com/news/local/article21226182.html'],[],0,0,0,['flood'],[],https://twitter.com/DisaWorldNews/status/599977565915389952,False,,0,,,,,,,,[],,,,
599976347109326848,599976347109326848,2015-05-17 12:34:42 EDT,2015-05-17,12:34:42,-0400,3169464594,renni__red,RENNI_Red,,Storm from last night was very unexpected but glad we don't have any death totals #KansasCity #Flood #Westport  http://t.co/u0oZ2NcixX,en,[],[],['https://pbs.twimg.com/media/CFOLR-WWIAA2btt.jpg'],0,0,0,"['kansascity', 'flood', 'westport']",[],https://twitter.com/Renni__red/status/599976347109326848,False,,1,https://pbs.twimg.com/media/CFOLR-WWIAA2btt.jpg,,,,,,,[],,,,
599970131666718720,599970131666718720,2015-05-17 12:10:00 EDT,2015-05-17,12:10:00,-0400,281064390,lex_ins,Lexington Insurance,,What to do in the aftermath of a #flood:  http://t.co/gx5SqKLSQB,en,[],['http://1.lextogo.com/1G46dwH'],[],0,0,0,['flood'],[],https://twitter.com/Lex_Ins/status/599970131666718720,False,,0,,,,,,,,[],,,,
599969706649456640,599969706649456640,2015-05-17 12:08:19 EDT,2015-05-17,12:08:19,-0400,2585523085,disaworldnews,Disaster World News,,Flash flood watch in effect for areas of Northshore - WDSU New Orleans  http://t.co/Cmrw708S7D #Flood,en,[],['http://news.google.com/news/url?sa=t&fd=R&ct2=us&usg=AFQjCNEO2L2yXN-ebDKdr8Wqj167k7x0fA&clid=c3a7d30bb8a4878e06b80cf16b898331&ei=rLlYVdDWEqnbmAL7qYHwDQ&url=http://www.wdsu.com/news/local-news/new-orleans/flash-flood-watch-in-effect-for-areas-of-northshore/33069944'],[],0,0,0,['flood'],[],https://twitter.com/DisaWorldNews/status/599969706649456640,False,,0,,,,,,,,[],,,,
599967613951709185,599926350607060998,2015-05-17 12:00:00 EDT,2015-05-17,12:00:00,-0400,606558738,fishcreek1269,Fish Creek Monitor,,Johnson County has experienced its share of misfortune  ~  #PipelineExplosion #Quakeswarm #Flood.  What's next?  @WCGasette @wfaachannel8,en,"[{'screen_name': 'wcgasette', 'name': 'westchester gasette', 'id': '191726777'}, {'screen_name': 'wfaachannel8', 'name': 'wfaa - legacy', 'id': '926150962632327168'}]",[],[],0,0,1,"['pipelineexplosion', 'quakeswarm', 'flood']",[],https://twitter.com/Fishcreek1269/status/599967613951709185,False,,0,,,,,,,,[],,,,
599966258990157824,599966258990157824,2015-05-17 11:54:37 EDT,2015-05-17,11:54:37,-0400,340039091,actressjune,June Griffin Garcia,,Just combined the meager contents of my friend's frig &amp; poured #ranchdressing on top. #flood #trapped #ravenous #shouldagonegroceryshopping,en,[],[],[],0,0,0,"['ranchdressing', 'flood', 'trapped', 'ravenous', 'shouldagonegroceryshopping']",[],https://twitter.com/actressjune/status/599966258990157824,False,,0,,,,,,,,[],,,,
599964451085815808,599964451085815808,2015-05-17 11:47:26 EDT,2015-05-17,11:47:26,-0400,1536412436,globalfloodnews,GlobalFloodSystem,,#flood #disaster Tamil Nadu: Eight feared washed away in flash floods; 200 trapped - Daily News &amp; Analysis: Da...  http://t.co/C4MhUOcnMh,en,[],['http://bit.ly/1QU6o5j'],[],0,0,0,"['flood', 'disaster']",[],https://twitter.com/GlobalFloodNews/status/599964451085815808,False,,0,,,,,,,,[],,,,
599964450074984448,599964450074984448,2015-05-17 11:47:26 EDT,2015-05-17,11:47:26,-0400,1536412436,globalfloodnews,GlobalFloodSystem,,"#flood #disaster Droughts, Floods and Heatwaves: Blame It on Climate Change - EcoWatch: EcoWatchDroughts, Floo...  http://t.co/OxaqzLTRLo",en,[],['http://bit.ly/1QU6o5h'],[],0,0,0,"['flood', 'disaster']",[],https://twitter.com/GlobalFloodNews/status/599964450074984448,False,,0,,,,,,,,[],,,,
599961764634226690,599961764634226690,2015-05-17 11:36:46 EDT,2015-05-17,11:36:46,-0400,2585523085,disaworldnews,Disaster World News,,San Antonio under flash flood warning -  http://t.co/4jztBACJuS (blog)  http://t.co/Eg1K7RQK1n #Flood,en,[],"['http://mySanAntonio.com', 'http://news.google.com/news/url?sa=t&fd=R&ct2=us&usg=AFQjCNH1BwRKGJ0sfuwx-ojVkgY3IZMCMQ&clid=c3a7d30bb8a4878e06b80cf16b898331&cid=52778844100643&ei=0rJYVdDHF8OimALA0oCwCA&url=http://www.mysanantonio.com/news/local/article/San-Antonio-under-a-flash-flood-warning-6268891.php']",[],0,0,0,['flood'],[],https://twitter.com/DisaWorldNews/status/599961764634226690,False,,0,,,,,,,,[],,,,
599961763644383232,599961763644383232,2015-05-17 11:36:45 EDT,2015-05-17,11:36:45,-0400,2585523085,disaworldnews,Disaster World News,,"Tornadoes, Hail and Floods Hit Plains From Texas to Minnesota -  http://t.co/bOBdmWeTiW  http://t.co/62wpoI3Yi0 #Flood",en,[],"['http://NBCNews.com', 'http://news.google.com/news/url?sa=t&fd=R&ct2=us&usg=AFQjCNHvdNwMmJ3454P5ZXLcTNjQwbfVjw&clid=c3a7d30bb8a4878e06b80cf16b898331&cid=52778839415510&ei=0rJYVdDHF8OimALA0oCwCA&url=http://www.nbcnews.com/news/weather/tornadoes-hail-floods-hit-plains-texas-minnesota-n360206']",[],0,0,0,['flood'],[],https://twitter.com/DisaWorldNews/status/599961763644383232,False,,0,,,,,,,,[],,,,
599960335550906368,599960335550906368,2015-05-17 11:31:05 EDT,2015-05-17,11:31:05,-0400,475987826,tom_burke_47,Tom Burke,,number of global fatalities from flooding could rise by as much as 200% by 2080  http://t.co/tw9OcyD8Qb #climate #security #flood #health,en,[],['http://ln.is/www.carbonbrief.org/yJhMm'],[],0,1,0,"['climate', 'security', 'flood', 'health']",[],https://twitter.com/tom_burke_47/status/599960335550906368,False,,0,,,,,,,,[],,,,
599959164794871810,599959164794871810,2015-05-17 11:26:26 EDT,2015-05-17,11:26:26,-0400,2409239626,davieskinanga,sǝᴉʌɐp🇿🇦,,BBAAMM!! About To #Flood Your TL With #Followers #Retweet To be Picked For My Next #ShoutOuts!!!,en,[],[],[],2,8,0,"['flood', 'followers', 'retweet', 'shoutouts']",[],https://twitter.com/DaviesKinanga/status/599959164794871810,False,,0,,,,,,,,[],,,,
599954355261865984,599954355261865984,2015-05-17 11:07:19 EDT,2015-05-17,11:07:19,-0400,1536412436,globalfloodnews,GlobalFloodSystem,,"#flood #disaster Eight Feared Washed Away in Flash Floods, 200 Trapped in TN - Outlook: Eight Feared Washed Aw...  http://t.co/HbMi4nmhlu",en,[],['http://bit.ly/1RXBiv5'],[],0,0,0,"['flood', 'disaster']",[],https://twitter.com/GlobalFloodNews/status/599954355261865984,False,,0,,,,,,,,[],,,,
599952556748484608,599952556748484608,2015-05-17 11:00:10 EDT,2015-05-17,11:00:10,-0400,18217970,margueritetort,MargueriteTortorello,,"#DYK #flood insurance isn’t covered in a typical homeowners insurance policy, make sure you have the right coverage #PrepareAthon",en,[],[],[],0,0,0,"['dyk', 'flood', 'prepareathon']",[],https://twitter.com/MargueriteTort/status/599952556748484608,False,,0,,,,,,,,[],,,,
599948383852322816,599948383852322816,2015-05-17 10:43:35 EDT,2015-05-17,10:43:35,-0400,585180208,drenyeart,Dave Enyeart,,18 hour difference. #flood #couldhavebeenworse  https://t.co/lPY1xs7Y2R,en,[],['https://instagram.com/p/2yWzWVvoFQ/'],[],0,0,0,"['flood', 'couldhavebeenworse']",[],https://twitter.com/drenyeart/status/599948383852322816,False,,0,,,,,,,,[],,,,
599948240297963520,599948240297963520,2015-05-17 10:43:01 EDT,2015-05-17,10:43:01,-0400,41164967,teamapcia,American Property Casualty Insurance Association,,"#Flood terms: Watch=floods are possible. Warnings= will occur soon, move to higher ground. #NFC15 @PCImeetings  http://t.co/ItCPMWQ9e8",en,[],[],['https://pbs.twimg.com/media/CFNxvuoUsAAqG-k.jpg'],0,2,0,"['flood', 'nfc15']",[],https://twitter.com/TeamAPCIA/status/599948240297963520,False,,1,https://pbs.twimg.com/media/CFNxvuoUsAAqG-k.jpg,,,,,,,[],,,,
599948239102586882,599948239102586882,2015-05-17 10:43:01 EDT,2015-05-17,10:43:01,-0400,18217970,margueritetort,MargueriteTortorello,,"#Flood terms: Watch=floods are possible. Warnings= will occur soon, move to higher ground. #NFC15 @PCImeetings  http://t.co/EVBMmge0ti",en,[],[],['https://pbs.twimg.com/media/CFNxvqGUIAAhtTs.jpg'],0,0,0,"['flood', 'nfc15']",[],https://twitter.com/MargueriteTort/status/599948239102586882,False,,1,https://pbs.twimg.com/media/CFNxvqGUIAAhtTs.jpg,,,,,,,[],,,,
599947487219032065,599947487219032065,2015-05-17 10:40:02 EDT,2015-05-17,10:40:02,-0400,179164278,efieldsutton,Field Sutton,,WATCH: Rescuers attempting to save couple trapped in #flood.  http://t.co/YhU0XhgBOi #watchCBS19  http://t.co/Zd7th5SqBO,en,[],['http://bit.ly/1RXtutn'],['https://pbs.twimg.com/media/CFNxD5UVEAE2Y1M.jpg'],0,0,0,"['flood', 'watchcbs19']",[],https://twitter.com/EFieldSutton/status/599947487219032065,False,,1,https://pbs.twimg.com/media/CFNxD5UVEAE2Y1M.jpg,,,,,,,[],,,,
599947482181709824,599947482181709824,2015-05-17 10:40:00 EDT,2015-05-17,10:40:00,-0400,30002837,kytxcbs19,KYTX CBS19,,WATCH: Rescuers attempting to save couple trapped in #flood.  http://t.co/pqXKqIcjJ4 #watchCBS19  http://t.co/3EhNPVP9oe,en,[],['http://bit.ly/1RXtutn'],['https://pbs.twimg.com/media/CFNxDmdUkAAwwFO.jpg'],0,0,0,"['flood', 'watchcbs19']",[],https://twitter.com/kytxcbs19/status/599947482181709824,False,,1,https://pbs.twimg.com/media/CFNxDmdUkAAwwFO.jpg,,,,,,,[],,,,
599946271894458369,599946271894458369,2015-05-17 10:35:12 EDT,2015-05-17,10:35:12,-0400,475987826,tom_burke_47,Tom Burke,,the economic losses from global flooding are expected to rise by at least 430% by 2080  http://t.co/tdIjExpuFJ #climate #economy #flood #cost,en,[],['http://ln.is/www.carbonbrief.org/GqZdg'],[],0,1,0,"['climate', 'economy', 'flood', 'cost']",[],https://twitter.com/tom_burke_47/status/599946271894458369,False,,0,,,,,,,,[],,,,
599946146077876224,599946146077876224,2015-05-17 10:34:42 EDT,2015-05-17,10:34:42,-0400,2585523085,disaworldnews,Disaster World News,,Flash flooding in parts of North Texas - WFAA  http://t.co/p0vP0nd9MO #Flood,en,[],['http://news.google.com/news/url?sa=t&fd=R&ct2=us&usg=AFQjCNEThUGbTRwV8P8OGgPqmC5tQNqZqg&clid=c3a7d30bb8a4878e06b80cf16b898331&cid=52778839415510&ei=AaRYVfjLLaq8mQLhg4AY&url=http://www.wfaa.com/story/weather/2015/05/16/north-texas-severe-weather-updates/27461633/'],[],0,0,0,['flood'],[],https://twitter.com/DisaWorldNews/status/599946146077876224,False,,0,,,,,,,,[],,,,
599944778831106049,599944778831106049,2015-05-17 10:29:16 EDT,2015-05-17,10:29:16,-0400,473380441,nascarmetalhead,NascarMetalHead,,So I guess I ain't going anywhere today. #rainraingoaway #flood,en,[],[],[],0,0,0,"['rainraingoaway', 'flood']",[],https://twitter.com/NascarMetalHead/status/599944778831106049,False,,0,,,,,,,,[],,,,
599943937042698240,599943937042698240,2015-05-17 10:25:55 EDT,2015-05-17,10:25:55,-0400,877857949,lib_wit,CAD Bane,,"Twenty years ago today, it was also raining. #perspective #flood #missouribaby",en,[],[],[],0,0,2,"['perspective', 'flood', 'missouribaby']",[],https://twitter.com/lib_wit/status/599943937042698240,False,,0,,,,,,,,[],,,,
599943687313887232,599943687313887232,2015-05-17 10:24:56 EDT,2015-05-17,10:24:56,-0400,130033510,sarahdillingham,Sarah Dillingham,,More LIVE water rescues on @weatherchannel from #flood stricken Johnson County #Texas! #TXwx,en,"[{'screen_name': 'weatherchannel', 'name': 'the weather channel', 'id': '20998647'}]",[],[],3,0,1,"['flood', 'texas', 'txwx']",[],https://twitter.com/SarahDillingham/status/599943687313887232,False,,0,,,,,,,,[],,,,
599937800893509633,599937800893509633,2015-05-17 10:01:32 EDT,2015-05-17,10:01:32,-0400,2585523085,disaworldnews,Disaster World News,,"Flash flood watch issued for parts of central Pa., including Franklin County -  http://t.co/ra9EkTKBqf  http://t.co/xzQN7c5QNM #Flood",en,[],"['http://PennLive.com', 'http://news.google.com/news/url?sa=t&fd=R&ct2=us&usg=AFQjCNHTxXw2-KSS8rouDROLuXw9q_5atA&clid=c3a7d30bb8a4878e06b80cf16b898331&cid=52778843370690&ei=05xYVaD9NMTLmQK5wIGoAw&url=http://www.pennlive.com/midstate/index.ssf/2015/05/sunday_weather_thunderstorms_4.html']",[],0,0,0,['flood'],[],https://twitter.com/DisaWorldNews/status/599937800893509633,False,,0,,,,,,,,[],,,,
599937453244420096,599937453244420096,2015-05-17 10:00:09 EDT,2015-05-17,10:00:09,-0400,41183155,_sassynanny,hacked,,We got a little #rain #flood we #southdakota  https://t.co/yTkkTit7Dp,en,[],['https://instagram.com/p/2yR1PQFLL7/'],[],0,0,0,"['rain', 'flood', 'southdakota']",[],https://twitter.com/_SaSSyNaNNy/status/599937453244420096,False,,0,,,,,,,,[],,,,
599933306289815552,599933306289815552,2015-05-17 09:43:41 EDT,2015-05-17,09:43:41,-0400,1411623396,masterof6irons,Master of 6 Irons,,"In 3 hour rain delay. I will now entertain the Bagroom by only playing Huey Lewis &amp; the News, Sports, on repeat over PA system. #flood",en,[],[],[],1,0,1,['flood'],[],https://twitter.com/masterof6irons/status/599933306289815552,False,,0,,,,,,,,[],,,,
599931059493416960,599931059493416960,2015-05-17 09:34:45 EDT,2015-05-17,09:34:45,-0400,19581856,srobertsontv,Sebastian Robertson,,NOW: High water rescue in progress in Johnson County #Texas #flood Watch live  http://t.co/qTBJmw60XN #wfaaweather  http://t.co/guOfObdmZi,en,[],['http://wfaa.com'],['https://pbs.twimg.com/media/CFNiGcKUgAETFcQ.jpg'],2,9,9,"['texas', 'flood', 'wfaaweather']",[],https://twitter.com/srobertsontv/status/599931059493416960,False,,1,https://pbs.twimg.com/media/CFNiGcKUgAETFcQ.jpg,,,,,,,[],,,,
599929820869480448,599929820869480448,2015-05-17 09:29:50 EDT,2015-05-17,09:29:50,-0400,2585523085,disaworldnews,Disaster World News,,Flash flood warning until 8:45 this morning; 2000 without power - Austin American-Statesman  http://t.co/BPiS05acqq #Flood,en,[],['http://news.google.com/news/url?sa=t&fd=R&ct2=us&usg=AFQjCNHMG00slVG9pJlEwAsuUUTfIhqE8g&clid=c3a7d30bb8a4878e06b80cf16b898331&ei=K5ZYVZCsNYTsmALKlIHgDA&url=http://www.statesman.com/news/news/flash-flood-warning-until-845-this-morning/nmH34/'],[],0,0,0,['flood'],[],https://twitter.com/DisaWorldNews/status/599929820869480448,False,,0,,,,,,,,[],,,,
599929819535691776,599929819535691776,2015-05-17 09:29:49 EDT,2015-05-17,09:29:49,-0400,2585523085,disaworldnews,Disaster World News,,Rutgers coach Kyle Flood will be 'shocked' if QB Gary Nova isn't in an NFL camp -  http://t.co/OFjxj5ZNLH  http://t.co/IAoCx3MZIg #Flood,en,[],"['http://NJ.com', 'http://news.google.com/news/url?sa=t&fd=R&ct2=us&usg=AFQjCNESN51P_bVCJCnbHGpRHTWIy_QydQ&clid=c3a7d30bb8a4878e06b80cf16b898331&cid=52778840791107&ei=K5ZYVZCsNYTsmALKlIHgDA&url=http://www.nj.com/rutgersfootball/index.ssf/2015/05/rutgers_coach_kyle_flood_will_be_shocked_if_qb_gar.html']",[],0,0,0,['flood'],[],https://twitter.com/DisaWorldNews/status/599929819535691776,False,,0,,,,,,,,[],,,,
599925872410243072,599925872410243072,2015-05-17 09:14:08 EDT,2015-05-17,09:14:08,-0400,1536412436,globalfloodnews,GlobalFloodSystem,,"#flood #disaster Storms leave heavy damage, flooding - KMBC Kansas City: KMBC Kansas CityStorms leave heavy da...  http://t.co/moilHIA1RV",en,[],['http://bit.ly/1dat6rA'],[],0,0,0,"['flood', 'disaster']",[],https://twitter.com/GlobalFloodNews/status/599925872410243072,False,,0,,,,,,,,[],,,,
599925870648668160,599925870648668160,2015-05-17 09:14:08 EDT,2015-05-17,09:14:08,-0400,1536412436,globalfloodnews,GlobalFloodSystem,,#flood #disaster Flash-flood warnings issued in Dallas area as high water blocks some streets - Dallas Morning...  http://t.co/OuMbgKi7US,en,[],['http://bit.ly/1dat6ry'],[],0,0,0,"['flood', 'disaster']",[],https://twitter.com/GlobalFloodNews/status/599925870648668160,False,,0,,,,,,,,[],,,,
599923611051360256,599923611051360256,2015-05-17 09:05:09 EDT,2015-05-17,09:05:09,-0400,933399434,anarka_akaza,Anarka Akaza,,River is fucking flooded... Wow.. #weather #flood #midwest #nature #flashflood #fish #spring  https://t.co/fhqotV4vHO,en,[],['https://instagram.com/p/2yLiXsLtbe/'],[],0,0,0,"['weather', 'flood', 'midwest', 'nature', 'flashflood', 'fish', 'spring']",[],https://twitter.com/Anarka_Akaza/status/599923611051360256,False,,0,,,,,,,,[],,,,
599917452298952704,599917452298952704,2015-05-17 08:40:41 EDT,2015-05-17,08:40:41,-0400,208923336,robertsaipmc,Roberts AIPMC,,What to do when a #flood gets to your #Car  http://t.co/Xwpk6s2ZFc,en,[],['http://dld.bz/6q8e'],[],0,0,0,"['flood', 'car']",[],https://twitter.com/RobertsAIPMC/status/599917452298952704,False,,0,,,,,,,,[],,,,
599911612422574080,599911612422574080,2015-05-17 08:17:28 EDT,2015-05-17,08:17:28,-0400,2303807790,chadronhospital,Chadron Hospital,,We are so glad that Chadron was not affected on Friday by the tornado warning. #weather #flooding #flood #news...  http://t.co/qQoyROEBKx,en,[],['http://fb.me/6PlmTUEzo'],[],0,0,0,"['weather', 'flooding', 'flood', 'news']",[],https://twitter.com/ChadronHospital/status/599911612422574080,False,,0,,,,,,,,[],,,,
599908497929699328,599892761907703808,2015-05-17 08:05:06 EDT,2015-05-17,08:05:06,-0400,2221943160,sirgaryobe,⫩ 🌼 Flower #GB 💕,,@scotsellie: #Flood in another way ... *sigh* ...,en,[],[],[],0,0,1,['flood'],[],https://twitter.com/SirGaryOBE/status/599908497929699328,False,,0,,,,,,,,[],,,,
599905894617452544,599905894617452544,2015-05-17 07:54:45 EDT,2015-05-17,07:54:45,-0400,2585523085,disaworldnews,Disaster World News,,Watch young Texas cowboys save horses from a flood - WFAA  http://t.co/iaTsdtPoFM #Flood,en,[],['http://news.google.com/news/url?sa=t&fd=R&ct2=us&usg=AFQjCNHg7vhu0i5rrBDS_ix0t8L65s7toA&clid=c3a7d30bb8a4878e06b80cf16b898331&ei=FIBYVcmFIOLLmAKeiIDICA&url=http://www.wfaa.com/story/news/local/texas-news/2015/05/16/texas-cowboys-save-horses-flood/27475601/'],[],0,0,0,['flood'],[],https://twitter.com/DisaWorldNews/status/599905894617452544,False,,0,,,,,,,,[],,,,
599900111041331201,599900111041331201,2015-05-17 07:31:46 EDT,2015-05-17,07:31:46,-0400,94581061,wxjerdman,Jonathan Erdman,,"Flash #flood warnings ongoing in ~ four dozen counties in the Plains, South. Heaviest rain has cleared #Dallas now.  http://t.co/4OVEqpewlU",en,[],[],"['https://pbs.twimg.com/media/CFNF9iAWYAAD5o_.png', 'https://pbs.twimg.com/media/CFNF-MuWgAEq9Wm.png']",0,1,3,"['flood', 'dallas']",[],https://twitter.com/wxjerdman/status/599900111041331201,False,,1,https://pbs.twimg.com/media/CFNF9iAWYAAD5o_.png,,,,,,,[],,,,
599899438908309504,599899438908309504,2015-05-17 07:29:06 EDT,2015-05-17,07:29:06,-0400,2165033947,rjseeker1,RjSeeker,,"MNC:&gt; #Storms, scattered #tornadoes hit #US midsection; cause damage  http://t.co/OGAwDO9GSK #Flood #Oklahoma #Missouri #Mexico #Texas",en,[],['http://news.yahoo.com/plains-states-alert-another-burst-severe-weather-124733044.html?soc_src=mediacontentstory&soc_trk=tw'],[],1,0,0,"['storms', 'tornadoes', 'us', 'flood', 'oklahoma', 'missouri', 'mexico', 'texas']",[],https://twitter.com/RjSeeker1/status/599899438908309504,False,,0,,,,,,,,[],,,,
599898431562219522,599898431562219522,2015-05-17 07:25:06 EDT,2015-05-17,07:25:06,-0400,1536412436,globalfloodnews,GlobalFloodSystem,,#flood #disaster Line of storms floods parts of Kansas City including Westport - KMBC Kansas City: KMBC Kansas...  http://t.co/JipS4kIOsf,en,[],['http://bit.ly/1KXwlx8'],[],0,0,0,"['flood', 'disaster']",[],https://twitter.com/GlobalFloodNews/status/599898431562219522,False,,0,,,,,,,,[],,,,
599885261539921920,599885261539921920,2015-05-17 06:32:46 EDT,2015-05-17,06:32:46,-0400,2743075179,retweetyork,RT York UK,,RT @MattOxberry: River Ouse flooded in York. Taken from Ouse bridge. #photography #river #york #photographer #flood #architecture htt...,en,"[{'screen_name': 'mattoxberry', 'name': 'matt oxberry', 'id': '930801715170938881'}]",[],[],0,0,0,"['photography', 'river', 'york', 'photographer', 'flood', 'architecture']",[],https://twitter.com/RetweetYork/status/599885261539921920,False,,0,,,,,,,,[],,,,
599885136071684098,599885136071684098,2015-05-17 06:32:16 EDT,2015-05-17,06:32:16,-0400,2229280850,ibanjir,Info Banjir Malaysia,,"Johor to conduct study on #flood-prone areas, mitigation solution  http://t.co/RJzYvHj8aG",en,[],['http://fb.me/6x60gi2Et'],[],0,0,0,['flood'],[],https://twitter.com/iBanjir/status/599885136071684098,False,,0,,,,,,,,[],,,,
599883736004620288,599883736004620288,2015-05-17 06:26:42 EDT,2015-05-17,06:26:42,-0400,2762453866,old_cardinal,Old Cardinal,,River Ouse flooded in York. Taken from Ouse bridge. #photography #river #york #photographer #flood #architecture  http://t.co/CefO0a1zqt,en,[],[],['https://pbs.twimg.com/media/CFM2_U8XIAA8zqi.jpg'],0,0,1,"['photography', 'river', 'york', 'photographer', 'flood', 'architecture']",[],https://twitter.com/Old_Cardinal/status/599883736004620288,False,,1,https://pbs.twimg.com/media/CFM2_U8XIAA8zqi.jpg,,,,,,,[],,,,
599882007083102208,599882007083102208,2015-05-17 06:19:50 EDT,2015-05-17,06:19:50,-0400,2585523085,disaworldnews,Disaster World News,,Kyle Flood will be 'shocked' if Gary Nova is not in NFL camp -  http://t.co/crQTEbGWvf  http://t.co/cZvK7p9IIk #Flood,en,[],"['http://MyCentralJersey.com', 'http://news.google.com/news/url?sa=t&fd=R&ct2=us&usg=AFQjCNG5hDtf3XsFqx1OrXdyYPuPZH4_4A&clid=c3a7d30bb8a4878e06b80cf16b898331&cid=52778840791107&ei=KWtYVcjANsjNmQKwi4DACg&url=http://www.mycentraljersey.com/story/sports/college/rutgers/2015/05/16/kyle-flood-will-shocked-gary-nova-nfl-camp/27427615/']",[],0,0,0,['flood'],[],https://twitter.com/DisaWorldNews/status/599882007083102208,False,,0,,,,,,,,[],,,,
599881510179635201,599881510179635201,2015-05-17 06:17:51 EDT,2015-05-17,06:17:51,-0400,178641594,jezmans,Jeremy Mansfield OAM 🌏,,"MT""@Alex_Verbeek: New Dutch state of the art #flood protection.   http://t.co/4FWH02bQug @KvanOosterom   http://t.co/zCeT73hOmi"" #resilience",en,"[{'screen_name': 'alex_verbeek', 'name': 'alexander verbeek 🌍', 'id': '326665662'}, {'screen_name': 'kvanoosterom', 'name': 'karel van oosterom', 'id': '241926029'}]",['http://ow.ly/2bsZHH'],['https://pbs.twimg.com/media/CFMeeKRW8AAapwG.jpg'],0,2,0,"['flood', 'resilience']",[],https://twitter.com/JezMans/status/599881510179635201,False,,1,https://pbs.twimg.com/media/CFMeeKRW8AAapwG.jpg,,,,,,,[],,,,
599880054370250752,599880054370250752,2015-05-17 06:12:04 EDT,2015-05-17,06:12:04,-0400,1536412436,globalfloodnews,GlobalFloodSystem,,#flood #disaster Bahraini man who circumambulated Kaaba during 1941 floods dies - Al-Arabiya: Al-ArabiyaBahrai...  http://t.co/yiYe6GXwSl,tl,[],['http://bit.ly/1QTu2iz'],[],0,0,0,"['flood', 'disaster']",[],https://twitter.com/GlobalFloodNews/status/599880054370250752,False,,0,,,,,,,,[],,,,
599880053489438720,599880053489438720,2015-05-17 06:12:04 EDT,2015-05-17,06:12:04,-0400,1536412436,globalfloodnews,GlobalFloodSystem,,#flood #disaster Gloucester All Blues to return home after floods and pitch being dug up - Gloucester Citizen:...  http://t.co/fBFUflfFyU,en,[],['http://bit.ly/1JpusuG'],[],0,0,0,"['flood', 'disaster']",[],https://twitter.com/GlobalFloodNews/status/599880053489438720,False,,0,,,,,,,,[],,,,
599874994877915136,599874994877915136,2015-05-17 05:51:58 EDT,2015-05-17,05:51:58,-0400,2762958454,jarnotu,Jarno Turunen,,#flood #nofish #river #joki #tulva  http://t.co/uJcI4zvbhu,und,[],[],['https://pbs.twimg.com/media/CFMvHZCXIAA8cl2.jpg'],0,0,1,"['flood', 'nofish', 'river', 'joki', 'tulva']",[],https://twitter.com/JarnoTu/status/599874994877915136,False,,1,https://pbs.twimg.com/media/CFMvHZCXIAA8cl2.jpg,,,,,,,[],,,,
599869827797364736,599869827797364736,2015-05-17 05:31:26 EDT,2015-05-17,05:31:26,-0400,234235595,hanoihappyclub,The Hanoi Happy Club,,Flash Flood! #rain #weather #flood #water #garden #klang #malaysia Garden submerged...…  https://t.co/VrbOtfTjfl,en,[],['https://instagram.com/p/2xzFEjyl0F/'],[],0,0,0,"['rain', 'weather', 'flood', 'water', 'garden', 'klang', 'malaysia']",[],https://twitter.com/HanoiHappyClub/status/599869827797364736,False,,0,,,,,,,,[],,,,
599853222262493184,599853222262493184,2015-05-17 04:25:27 EDT,2015-05-17,04:25:27,-0400,404093275,australianwarni,Australianwarnings,,#WA #Flood #WesternAustralia   3:52 pm WST Cancellation of Flood Watch for the S...: #WA #Flood #WesternAustra...  http://t.co/9nlJ4iPlzC,en,[],['http://on.fb.me/1EPAZZj'],[],0,0,0,"['wa', 'flood', 'westernaustralia', 'wa', 'flood', 'westernaustra']",[],https://twitter.com/Australianwarni/status/599853222262493184,False,,0,,,,,,,,[],,,,
599850075209211905,599850075209211905,2015-05-17 04:12:57 EDT,2015-05-17,04:12:57,-0400,2585523085,disaworldnews,Disaster World News,,Parliament panel bats for upgrading flood forecasting infrastructure - Economic Times  http://t.co/0CXbMDGyOp #Flood,en,[],['http://news.google.com/news/url?sa=t&fd=R&ct2=us&usg=AFQjCNFdpnTJK5KrgbGKKR2niL4h_2tx9Q&clid=c3a7d30bb8a4878e06b80cf16b898331&cid=52778843572127&ei=ZE1YVYiMCcOimALA0oCwCA&url=http://economictimes.indiatimes.com/news/politics-and-nation/parliament-panel-bats-for-upgrading-flood-forecasting-infrastructure/articleshow/47316274.cms'],[],0,0,0,['flood'],[],https://twitter.com/DisaWorldNews/status/599850075209211905,False,,0,,,,,,,,[],,,,
599846844299022336,599846844299022336,2015-05-17 04:00:06 EDT,2015-05-17,04:00:06,-0400,140803376,preventionweb,PreventionWeb,,#Flood-displaced families build new homes in #Mozambique with @IOM’s help #disasterrecovery   http://t.co/iEuKxum3HD,en,"[{'screen_name': 'iom', 'name': 'isle of man', 'id': '8463142'}]",['http://www.preventionweb.net/go/44357'],[],0,0,1,"['flood', 'mozambique', 'disasterrecovery']",[],https://twitter.com/PreventionWeb/status/599846844299022336,False,,0,,,,,,,,[],,,,
599845786181095424,599845786181095424,2015-05-17 03:55:54 EDT,2015-05-17,03:55:54,-0400,328516460,caspertwincorp,Caspertwin Corp,,#WA #Flood #WesternAustralia   3:52 pm WST Cancellation of Flood Watch for the South West District Issued at 3:52...  http://t.co/zQFgQ3qpbP,en,[],['http://fb.me/3UfVha9CN'],[],0,0,0,"['wa', 'flood', 'westernaustralia']",[],https://twitter.com/CaspertwinCorp/status/599845786181095424,False,,0,,,,,,,,[],,,,
599845753310285824,599845753310285824,2015-05-17 03:55:46 EDT,2015-05-17,03:55:46,-0400,404093275,australianwarni,Australianwarnings,,#WA #Flood #WesternAustralia   3:52 pm WST Cancellation of Flood Watch for the South West District Issued at 3:52...  http://t.co/igsX7LaNZZ,en,[],['http://fb.me/7iWwXtxob'],[],0,0,0,"['wa', 'flood', 'westernaustralia']",[],https://twitter.com/Australianwarni/status/599845753310285824,False,,0,,,,,,,,[],,,,
599844234934390786,599844234934390786,2015-05-17 03:49:44 EDT,2015-05-17,03:49:44,-0400,404093275,australianwarni,Australianwarnings,,#WA #Flood #WesternAustralia   3:20 pm WST Final Flood Warning for the South Wes...: #WA #Flood #WesternAustra...  http://t.co/Qzz42UCRYO,en,[],['http://on.fb.me/1Jpi4eb'],[],0,0,0,"['wa', 'flood', 'westernaustralia', 'wa', 'flood', 'westernaustra']",[],https://twitter.com/Australianwarni/status/599844234934390786,False,,0,,,,,,,,[],,,,
599842614486138881,599842614486138881,2015-05-17 03:43:18 EDT,2015-05-17,03:43:18,-0400,2585523085,disaworldnews,Disaster World News,,Guatemalans flood streets to voice anger over government corruption - Fox News  http://t.co/3l1Mh5v9YW #Flood,en,[],['http://news.google.com/news/url?sa=t&fd=R&ct2=us&usg=AFQjCNHftZbbYqUTpikZKuXAqE7i_aiZIw&clid=c3a7d30bb8a4878e06b80cf16b898331&cid=52778843258947&ei=WUZYVYi-IuLLmAKeiIDICA&url=http://www.foxnews.com/world/2015/05/17/guatemalans-flood-streets-to-voice-anger-over-government-corruption/'],[],0,0,0,['flood'],[],https://twitter.com/DisaWorldNews/status/599842614486138881,False,,0,,,,,,,,[],,,,
599838732963938304,599838732963938304,2015-05-17 03:27:53 EDT,2015-05-17,03:27:53,-0400,328516460,caspertwincorp,Caspertwin Corp,,#WA #Flood #WesternAustralia   3:20 pm WST Final Flood Warning for the South West District Issued at 3:20 pm WST...  http://t.co/nnzKEZBDhk,en,[],['http://fb.me/7egKlp2Kb'],[],0,0,0,"['wa', 'flood', 'westernaustralia']",[],https://twitter.com/CaspertwinCorp/status/599838732963938304,False,,0,,,,,,,,[],,,,
599838674503741440,599838674503741440,2015-05-17 03:27:39 EDT,2015-05-17,03:27:39,-0400,404093275,australianwarni,Australianwarnings,,#WA #Flood #WesternAustralia   3:20 pm WST Final Flood Warning for the South West District Issued at 3:20 pm WST...  http://t.co/SPWNkdHHNO,en,[],['http://fb.me/1Kc3TgVF7'],[],0,1,0,"['wa', 'flood', 'westernaustralia']",[],https://twitter.com/Australianwarni/status/599838674503741440,False,,0,,,,,,,,[],,,,
599836067198574593,599836067198574593,2015-05-17 03:17:17 EDT,2015-05-17,03:17:17,-0400,101498210,renganathank05,Renganathan K,,#speedboat #auto #flood #rain #kerala #rain #trivandrum #water #auto #street  https://t.co/ZrNskacbD3,und,[],['https://instagram.com/p/2xjuhlFYvO/'],[],0,0,1,"['speedboat', 'auto', 'flood', 'rain', 'kerala', 'rain', 'trivandrum', 'water', 'auto', 'street']",[],https://twitter.com/renganathank05/status/599836067198574593,False,,0,,,,,,,,[],,,,
599833322240475136,599833322240475136,2015-05-17 03:06:23 EDT,2015-05-17,03:06:23,-0400,2937121948,diybinge,DIY Binge,, http://t.co/GEpOG8SLQ8: DIY Flood Indicator  http://t.co/h51GZeEmjb #flood #indicator,en,[],"['http://DIYBinge.com', 'http://tinyurl.com/pel2dtu']",[],0,0,0,"['flood', 'indicator']",[],https://twitter.com/DIYBinge/status/599833322240475136,False,,0,,,,,,,,[],,,,
599828779163320320,599828779163320320,2015-05-17 02:48:19 EDT,2015-05-17,02:48:19,-0400,359288159,floodadviceuk,Warwick York Chartered Surveyors,,Today's Free copy of The Ark is out! Subscribe for free for daily Twitter and email update links  #flood #ukfloods    http://t.co/24MD0i4dGF,en,[],['http://paper.li/FloodAdviceUK/1398519991?edition_id=00667760-fc61-11e4-871e-0cc47a0d15fd'],[],0,0,0,"['flood', 'ukfloods']",[],https://twitter.com/FloodAdviceUK/status/599828779163320320,False,,0,,,,,,,,[],,,,
599822027294388225,599822027294388225,2015-05-17 02:21:30 EDT,2015-05-17,02:21:30,-0400,2585523085,disaworldnews,Disaster World News,,Parliamentary panel bats for upgrading flood forecasting infrastructure - Zee News  http://t.co/A33XRe74Uz #Flood,en,[],['http://news.google.com/news/url?sa=t&fd=R&ct2=us&usg=AFQjCNFuTc1TbllW836WjMdbrjUGAAqSmQ&clid=c3a7d30bb8a4878e06b80cf16b898331&cid=52778843572127&ei=SDFYVejZOOW1mQLonIH4Dg&url=http://zeenews.india.com/news/india/parliamentary-panel-bats-for-upgrading-flood-forecasting-infrastructure_1596593.html'],[],0,0,0,['flood'],[],https://twitter.com/DisaWorldNews/status/599822027294388225,False,,0,,,,,,,,[],,,,
599817850728022016,599817850728022016,2015-05-17 02:04:54 EDT,2015-05-17,02:04:54,-0400,1536412436,globalfloodnews,GlobalFloodSystem,,#flood #disaster Line of storms floods parts of Kansas City including Westport - KMBC Kansas City: KMBC Kansas...  http://t.co/INSEt8xytu,en,[],['http://bit.ly/1ERVHbQ'],[],0,0,0,"['flood', 'disaster']",[],https://twitter.com/GlobalFloodNews/status/599817850728022016,False,,0,,,,,,,,[],,,,
599817849541001216,599817849541001216,2015-05-17 02:04:54 EDT,2015-05-17,02:04:54,-0400,1536412436,globalfloodnews,GlobalFloodSystem,,"#flood #disaster Floods, damaging wind possible as storms hit North Texas - WFAA: WFAAFloods, damaging wind po...  http://t.co/xXRZkg9K47",en,[],['http://bit.ly/1d9btbT'],[],0,0,1,"['flood', 'disaster']",[],https://twitter.com/GlobalFloodNews/status/599817849541001216,False,,0,,,,,,,,[],,,,
599798130255765505,599798130255765505,2015-05-17 00:46:32 EDT,2015-05-17,00:46:32,-0400,2585523085,disaworldnews,Disaster World News,,Flooding forces apartment residents in Webster to move out - KPRC Houston  http://t.co/s1POGKqLr4 #Flood,en,[],['http://news.google.com/news/url?sa=t&fd=R&ct2=us&usg=AFQjCNGfQ1FfPYIzGjRoywYvKd-bnMUAxQ&clid=c3a7d30bb8a4878e06b80cf16b898331&cid=52778843306486&ei=IxxYVcCLEYi2mQLuiYDQBg&url=http://www.click2houston.com/news/flooding-forces-apartment-residents-in-webster-to-move-out/33065796'],[],0,0,0,['flood'],[],https://twitter.com/DisaWorldNews/status/599798130255765505,False,,0,,,,,,,,[],,,,
599798129232314368,599798129232314368,2015-05-17 00:46:32 EDT,2015-05-17,00:46:32,-0400,2585523085,disaworldnews,Disaster World News,,Is removable flood wall right move for Nashville? - The Tennessean  http://t.co/1b75HfuFtx #Flood,en,[],['http://news.google.com/news/url?sa=t&fd=R&ct2=us&usg=AFQjCNHicXH71jyJruuvjoNHXF6GkiWmTA&clid=c3a7d30bb8a4878e06b80cf16b898331&ei=IxxYVcCLEYi2mQLuiYDQBg&url=http://www.tennessean.com/story/opinion/columnists/frank-daniels/2015/05/17/removable-flood-wall-right-move-nashville/27460017/'],[],0,0,0,['flood'],[],https://twitter.com/DisaWorldNews/status/599798129232314368,False,,0,,,,,,,,[],,,,
599798015449247744,599798015449247744,2015-05-17 00:46:05 EDT,2015-05-17,00:46:05,-0400,173956860,dondiddatt,SLAPP DOGG ENT.,,#FLOOD.....  #SUPPORT SLAPPDOGGENT.... CHI-BRELLA ENT... DOUBT350 ON YOUTUBE SLAPPDOGGENT ON SOUNDCLOUD...  http://t.co/snEDiUTVW0,en,[],['http://fb.me/2dmzZE1wA'],[],0,0,0,"['flood', 'support']",[],https://twitter.com/DONDIDDATT/status/599798015449247744,False,,0,,,,,,,,[],,,,
599796054343692288,599796054343692288,2015-05-17 00:38:17 EDT,2015-05-17,00:38:17,-0400,1891023187,yabunai_japr,Erik Campuzano,,@idarbwire #JNON #flood,und,[],[],[],0,0,0,"['jnon', 'flood']",[],https://twitter.com/Yabunai_JAPR/status/599796054343692288,False,,0,,,,,,,,[],,,,
599795864132034560,599795864132034560,2015-05-17 00:37:32 EDT,2015-05-17,00:37:32,-0400,1536412436,globalfloodnews,GlobalFloodSystem,,#Global #Flood #News is out!  http://t.co/iQiVwLFPNt Stories via @StormChasersKC @Univ_inenglish @USGSNeb,en,"[{'screen_name': 'stormchaserskc', 'name': 'kc veteran kt1m', 'id': '19707890'}, {'screen_name': 'univ_inenglish', 'name': 'el universal english', 'id': '2355681643'}, {'screen_name': 'usgsneb', 'name': 'usgs nebraska', 'id': '128585983'}]",['http://paper.li/GlobalFloodNews/1373268934?edition_id=c2e47c00-fc4e-11e4-ab66-002590a5ba2d'],[],0,0,0,"['global', 'flood', 'news']",[],https://twitter.com/GlobalFloodNews/status/599795864132034560,False,,0,,,,,,,,[],,,,
599794803610648576,599793999730245633,2015-05-17 00:33:19 EDT,2015-05-17,00:33:19,-0400,3257493184,freddy_kiplagat,kiplagat freddy,,"@dailynation   hw now  wl  pple av lost lyf,proppeties destroyed  by  #flood???????",en,[],[],[],0,0,0,['flood'],[],https://twitter.com/freddy_kiplagat/status/599794803610648576,False,,0,,,,,,,,[],,,,
599793821237522432,599793821237522432,2015-05-17 00:29:25 EDT,2015-05-17,00:29:25,-0400,2791207984,ezdibiase,Ez Dibiase,,#shylyfe #movement #imagine #poisoniv #crazy #dope #ass #hip #hop #flood #reverbnation #ezdibiase #is…  https://t.co/VF91RTxfob,und,[],['https://instagram.com/p/2xQg_8rgLT/'],[],0,0,0,"['shylyfe', 'movement', 'imagine', 'poisoniv', 'crazy', 'dope', 'ass', 'hip', 'hop', 'flood', 'reverbnation', 'ezdibiase', 'is']",[],https://twitter.com/ezdibiase/status/599793821237522432,False,,0,,,,,,,,[],,,,
599793201201819649,599793201201819649,2015-05-17 00:26:57 EDT,2015-05-17,00:26:57,-0400,3190537549,muddasir07i,Muddasir_07i,,"Stock the water in the dams, at the time of moonsoon open the doors of dams to make Pakistan flood affected.  #Flood #HafizSaeedWasRight",en,[],[],[],0,0,0,"['flood', 'hafizsaeedwasright']",[],https://twitter.com/Muddasir07i/status/599793201201819649,False,,0,,,,,,,,[],,,,
599792826348675072,599792826348675072,2015-05-17 00:25:28 EDT,2015-05-17,00:25:28,-0400,2791207984,ezdibiase,Ez Dibiase,,#injection #poisoniv #ezdibiase #samshystudios #dreams #flood #wow #fulfill #fthent #fulltymehustent…  https://t.co/8XvqpEDY0K,und,[],['https://instagram.com/p/2xQECUrgKj/'],[],0,0,0,"['injection', 'poisoniv', 'ezdibiase', 'samshystudios', 'dreams', 'flood', 'wow', 'fulfill', 'fthent', 'fulltymehustent']",[],https://twitter.com/ezdibiase/status/599792826348675072,False,,0,,,,,,,,[],,,,
599790374899482624,599790374899482624,2015-05-17 00:15:43 EDT,2015-05-17,00:15:43,-0400,1536412436,globalfloodnews,GlobalFloodSystem,,#flood #disaster Flooding forces apartment residents in Webster to move out - KPRC Houston: KPRC HoustonFloodi...  http://t.co/abKj5nD9Sn,en,[],['http://bit.ly/1cHwARM'],[],0,0,0,"['flood', 'disaster']",[],https://twitter.com/GlobalFloodNews/status/599790374899482624,False,,0,,,,,,,,[],,,,
599786803416150016,599786803416150016,2015-05-17 00:01:32 EDT,2015-05-17,00:01:32,-0400,2585523085,disaworldnews,Disaster World News,,Denton County included in tornado watch; all of North Texas in flood watch - Dallas Morning News (blog)  http://t.co/4gAr3FJCBK #Flood,en,[],['http://news.google.com/news/url?sa=t&fd=R&ct2=us&usg=AFQjCNHk2UeCnfxB2JM31Jn5H8HF6uUmrQ&clid=c3a7d30bb8a4878e06b80cf16b898331&cid=52778843223443&ei=OA5YVfDsFYOAmgK5yYGABw&url=http://thescoopblog.dallasnews.com/2015/05/denton-county-included-in-tornado-watch-all-of-north-texas-in-flood-watch.html/'],[],0,0,0,['flood'],[],https://twitter.com/DisaWorldNews/status/599786803416150016,False,,0,,,,,,,,[],,,,
599786802321485824,599786802321485824,2015-05-17 00:01:31 EDT,2015-05-17,00:01:31,-0400,2585523085,disaworldnews,Disaster World News,,Rains soak region. with Reno seeing flood watch - Hutchinson News  http://t.co/q4zjP9pEBY #Flood,en,[],['http://news.google.com/news/url?sa=t&fd=R&ct2=us&usg=AFQjCNF8s8E8f12Y5pCL12aO6hNekXAx0g&clid=c3a7d30bb8a4878e06b80cf16b898331&cid=52778839415510&ei=OA5YVfDsFYOAmgK5yYGABw&url=http://www.hutchnews.com/news/local_state_news/rains-soak-region-with-reno-seeing-flood-watch/article_86c09ebf-ca37-5e0d-a059-4adaf51353a0.html'],[],0,0,0,['flood'],[],https://twitter.com/DisaWorldNews/status/599786802321485824,False,,0,,,,,,,,[],,,,
599786319728914432,599786319728914432,2015-05-16 23:59:36 EDT,2015-05-16,23:59:36,-0400,384676320,tannerray11,Tanner,,Well I don't need a swimming pool now the end of my driveway is about perfect #flood,en,[],[],[],0,0,0,['flood'],[],https://twitter.com/TannerRay11/status/599786319728914432,False,,0,,,,,,,,[],,,,
599785485653954560,599785485653954560,2015-05-16 23:56:17 EDT,2015-05-16,23:56:17,-0400,54777661,wytane,Wytane Au,,This is what I do when I got up early and happened to be in pacific place #hkig #flood #people…  https://t.co/7CbgrUrT4h,en,[],['https://instagram.com/p/2xMuaMgvHR/'],[],0,0,0,"['hkig', 'flood', 'people']",[],https://twitter.com/Wytane/status/599785485653954560,False,,0,,,,,,,,[],,,,
599777888750153729,599777888750153729,2015-05-16 23:26:06 EDT,2015-05-16,23:26:06,-0400,2585523085,disaworldnews,Disaster World News,,"Wichita, area under flash flood watch (VIDEO) - Wichita Eagle  http://t.co/96X4GdX8FZ #Flood",en,[],['http://news.google.com/news/url?sa=t&fd=R&ct2=us&usg=AFQjCNFLQ5xx3G80oqgTsnlFNDebQW5V1g&clid=c3a7d30bb8a4878e06b80cf16b898331&cid=52778843283298&ei=nwdYVZjBO-y3mQK84YCQBw&url=http://www.kansas.com/news/local/article21204783.html'],[],0,0,0,['flood'],[],https://twitter.com/DisaWorldNews/status/599777888750153729,False,,0,,,,,,,,[],,,,
599774943602159619,599774943602159619,2015-05-16 23:14:24 EDT,2015-05-16,23:14:24,-0400,156644888,cleanenergypwys,CleanEnergyPathways,,#Washington ’s ‘Wet Drought’ Gets Worse  http://t.co/K6i7GP7zHW #Wet #Drought #Desertification #Flood #Weather #Climate #Heat #Dry #Bake #GHG,en,[],['http://ow.ly/N2Iov'],[],0,0,0,"['washington', 'wet', 'drought', 'desertification', 'flood', 'weather', 'climate', 'heat', 'dry', 'bake', 'ghg']",[],https://twitter.com/CleanEnergyPwys/status/599774943602159619,False,,0,,,,,,,,[],,,,
599774526738694144,599774526738694144,2015-05-16 23:12:45 EDT,2015-05-16,23:12:45,-0400,79305802,gogettainc,SmittyGoGetta,,#FLOOD YOUR #TIMELINE   WE ALL OVER 󾓦󾓦 Check out the #QUEEN @venomsvixens #TOXIC  #sccirocfam…  https://t.co/f7OwdMFNtH,en,"[{'screen_name': 'venomsvixens', 'name': 'venom vixens', 'id': '28713416'}]",['https://instagram.com/p/2xHva4qOrU/'],[],0,0,0,"['flood', 'timeline', 'queen', 'toxic', 'sccirocfam']",[],https://twitter.com/gogettainc/status/599774526738694144,False,,0,,,,,,,,[],,,,
599773889061859328,599773889061859328,2015-05-16 23:10:13 EDT,2015-05-16,23:10:13,-0400,156644888,cleanenergypwys,CleanEnergyPathways,,States of Change  http://t.co/Hr0jRDpJln #ClimateChange #Heat #Desertification #Drought #Flood #Weather #Carbon #Environment #GlobalWarming,en,[],['http://ow.ly/N2Id7'],[],0,0,0,"['climatechange', 'heat', 'desertification', 'drought', 'flood', 'weather', 'carbon', 'environment', 'globalwarming']",[],https://twitter.com/CleanEnergyPwys/status/599773889061859328,False,,0,,,,,,,,[],,,,
599773371967131649,599773371967131649,2015-05-16 23:08:09 EDT,2015-05-16,23:08:09,-0400,2876058471,deltabravo33,✈ Dorian,,"Instagram : by parsec3point26 - Blue skies, clear rivers.  #inspire1 #drone #fpv #river #flood #aerial #avgeek #avi…  http://t.co/gy15Iziurr",en,[],[],['https://pbs.twimg.com/media/CFLStDYWIAEfzFR.jpg'],0,0,0,"['inspire1', 'drone', 'fpv', 'river', 'flood', 'aerial', 'avgeek', 'avi']",[],https://twitter.com/DeltaBravo33/status/599773371967131649,False,,1,https://pbs.twimg.com/media/CFLStDYWIAEfzFR.jpg,,,,,,,[],,,,
599773337959661568,599773337959661568,2015-05-16 23:08:01 EDT,2015-05-16,23:08:01,-0400,306287076,info4alerts,Info4Disasters,,CURRENT WARNINGS Get your radars at  http://t.co/x0r4ONCtPW #wx #weather #news #tornado #storm #flood #hail  http://t.co/74rU2WRk6z -  livewxr,en,[],['http://www.weather.pub'],['https://pbs.twimg.com/media/CFLSqtuVAAADsmk.png'],0,0,1,"['wx', 'weather', 'news', 'tornado', 'storm', 'flood', 'hail']",[],https://twitter.com/Info4Alerts/status/599773337959661568,False,,1,https://pbs.twimg.com/media/CFLSqtuVAAADsmk.png,,,,,,,[],,,,
599773331722670080,599773331722670080,2015-05-16 23:08:00 EDT,2015-05-16,23:08:00,-0400,183688400,livewxradar,Rob Delp Weather,,CURRENT WARNINGS Get your radars at  http://t.co/HNLPnbqhEd #wx #weather #news #tornado #storm #flood #hail  http://t.co/9Nifd4BQJw,en,[],['http://www.weather.pub'],['https://pbs.twimg.com/media/CFLSqtuVAAADsmk.png'],0,0,0,"['wx', 'weather', 'news', 'tornado', 'storm', 'flood', 'hail']",[],https://twitter.com/livewxradar/status/599773331722670080,False,,1,https://pbs.twimg.com/media/CFLSqtuVAAADsmk.png,,,,,,,[],,,,
599762025988771840,599762025988771840,2015-05-16 22:23:04 EDT,2015-05-16,22:23:04,-0400,428556919,ewnalerts,EWN Alerts,,WA Flood Watch for South West District. #flood #WA   http://t.co/qXL8pXw7Lg,en,[],['http://bit.ly/1A6TTiQ'],[],0,0,0,"['flood', 'wa']",[],https://twitter.com/EWNAlerts/status/599762025988771840,False,,0,,,,,,,,[],,,,
599759618651348992,599759618651348992,2015-05-16 22:13:30 EDT,2015-05-16,22:13:30,-0400,435017033,rachel_aurora_,Rachel Aurora,,@idarbwire #rs6h #flood,und,[],[],[],0,0,0,"['rs6h', 'flood']",[],https://twitter.com/Rachel_Aurora_/status/599759618651348992,False,,0,,,,,,,,[],,,,
599759219945054208,599759219945054208,2015-05-16 22:11:55 EDT,2015-05-16,22:11:55,-0400,435017033,rachel_aurora_,Rachel Aurora,,#rs6h #flood,und,[],[],[],0,0,0,"['rs6h', 'flood']",[],https://twitter.com/Rachel_Aurora_/status/599759219945054208,False,,0,,,,,,,,[],,,,
599758170798587904,599758170798587904,2015-05-16 22:07:45 EDT,2015-05-16,22:07:45,-0400,635987360,_nxxxxxxxxx,Say Nhe ت,"{'type': 'Point', 'coordinates': [14.17260194, 121.17789182]}",Heaven is real. ♡♡♡ I should've brought any book. -____- Summer isn't over. :D #Flood #Naturepost @…  https://t.co/8VqMmw7gIN,en,[],['https://instagram.com/p/2xATT4GWdr/'],[],0,0,0,"['flood', 'naturepost']",[],https://twitter.com/_nxxxxxxxxx/status/599758170798587904,False,,0,,,,,,,,[],,,,
599751221176565760,599751221176565760,2015-05-16 21:40:08 EDT,2015-05-16,21:40:08,-0400,813563173,cranston78,Shonnie,,"Rain, rain, go away, come again some other day! ☔️⚡️#overit #kansas #flood #rain",en,[],[],[],0,0,0,"['overit', 'kansas', 'flood', 'rain']",[],https://twitter.com/Cranston78/status/599751221176565760,False,,0,,,,,,,,[],,,,
599740267298693120,599740267298693120,2015-05-16 20:56:37 EDT,2015-05-16,20:56:37,-0400,2585523085,disaworldnews,Disaster World News,,Flash flood watch in place overnight - Hutchinson News  http://t.co/1hbbjVRJGI #Flood,en,[],['http://news.google.com/news/url?sa=t&fd=R&ct2=us&usg=AFQjCNGRbebh4pEQipV0WjbDd7jd7-xyxQ&clid=c3a7d30bb8a4878e06b80cf16b898331&cid=52778839415510&ei=HORXVYDHEs6wmQLtwoC4CA&url=http://www.hutchnews.com/news/local_state_news/update-flash-flood-watch-in-place-overnight/article_86c09ebf-ca37-5e0d-a059-4adaf51353a0.html'],[],0,0,0,['flood'],[],https://twitter.com/DisaWorldNews/status/599740267298693120,False,,0,,,,,,,,[],,,,
599728040717910016,599728040717910016,2015-05-16 20:08:01 EDT,2015-05-16,20:08:01,-0400,342772619,goatys_news,GOATY'S NEWS UK-COVID19 airbourne indoors-mask up!,,"#OKtraffic #OKwx #Flood #Wx #News/ 7pm - FLASH FLOODING in parts of SW #OK. As it gets dark, flooding will become...  http://t.co/3Nm5kOzg4c",en,[],['http://fb.me/22tRE9LpZ'],[],0,0,1,"['oktraffic', 'okwx', 'flood', 'wx', 'news', 'ok']",[],https://twitter.com/Goatys_News/status/599728040717910016,False,,0,,,,,,,,[],,,,
599726408001163264,599726408001163264,2015-05-16 20:01:32 EDT,2015-05-16,20:01:32,-0400,39000777,storminokie,"Norman Berfield, Sr",,"Other than a #Tornado #Watch and #Flash #Flood #Warning, we are in the clear RIGHT NOW, from any #SevereWeather here in #AltusOK. #OKwx",en,[],[],[],0,0,0,"['tornado', 'watch', 'flash', 'flood', 'warning', 'severeweather', 'altusok', 'okwx']",[],https://twitter.com/StorminOkie/status/599726408001163264,False,,0,,,,,,,,[],,,,
