id,conversation_id,created_at,date,time,timezone,user_id,username,name,place,tweet,language,mentions,urls,photos,replies_count,retweets_count,likes_count,hashtags,cashtags,link,retweet,quote_url,video,thumbnail,near,geo,source,user_rt_id,user_rt,retweet_id,reply_to,retweet_date,translate,trans_src,trans_dest
501513123934003200,501513123934003200,2014-08-18 19:37:01 EDT,2014-08-18,19:37:01,-0400,937465597,banksgriffith,Banks Griffith,,RIP to the goal post at Bobby Gruhn.... #flood,en,[],[],[],0,0,0,['flood'],[],https://twitter.com/BanksGriffith/status/501513123934003200,False,,0,,,,,,,,[],,,,
501512247424733184,501512247424733184,2014-08-18 19:33:32 EDT,2014-08-18,19:33:32,-0400,45195411,ubalert,ubAlert,,More Than 110 People Killed by Floods in India-  http://t.co/XwkZh6JlwG #flood #fb,en,[],['http://www.ubalert.com/HwNb'],[],0,0,0,"['flood', 'fb']",[],https://twitter.com/ubalert/status/501512247424733184,False,,0,,,,,,,,[],,,,
501509775452934144,501509775452934144,2014-08-18 19:23:42 EDT,2014-08-18,19:23:42,-0400,357194431,em_lawton,emily lawton,,More of the doggies playing in the flash flood #flashflood #flood #water #playing #playtime #labrador…  http://t.co/73gbzLXaeN,en,[],['http://instagram.com/p/r26GueP8Ta/'],[],0,0,0,"['flashflood', 'flood', 'water', 'playing', 'playtime', 'labrador']",[],https://twitter.com/em_lawton/status/501509775452934144,False,,0,,,,,,,,[],,,,
501509141446156288,501509141446156288,2014-08-18 19:21:11 EDT,2014-08-18,19:21:11,-0400,357194431,em_lawton,emily lawton,,Dogs playing in the flash flood that we had. They had so much fun 😁 #flashflood #flood #water…  http://t.co/jsqPGRoDWk,en,[],['http://instagram.com/p/r250UDP8S6/'],[],0,0,1,"['flashflood', 'flood', 'water']",[],https://twitter.com/em_lawton/status/501509141446156288,False,,0,,,,,,,,[],,,,
501505530595004417,501505530595004417,2014-08-18 19:06:50 EDT,2014-08-18,19:06:50,-0400,232422202,abcemergency,abcemergency,,.@973ABCIllawarra says @NSWSES has cancelled the #flood isolation warning for #Towrang #NSW near Goulburn,en,"[{'screen_name': '973abcillawarra', 'name': '973abcillawarra', 'id': '1240185284710371328'}, {'screen_name': 'nswses', 'name': 'nsw ses', 'id': '213903671'}]",[],[],0,0,0,"['flood', 'towrang', 'nsw']",[],https://twitter.com/ABCemergency/status/501505530595004417,False,,0,,,,,,,,[],,,,
501503753434832896,501503753434832896,2014-08-18 18:59:46 EDT,2014-08-18,18:59:46,-0400,82443726,inktailor,Adam Chiodo,,#weather #flood #minnesota  http://t.co/Xsdu2jYp2o,und,[],['http://instagram.com/p/r23XhLjoFD/'],[],1,0,2,"['weather', 'flood', 'minnesota']",[],https://twitter.com/InkTailor/status/501503753434832896,False,,0,,,,,,,,[],,,,
501502359236009984,501502359236009984,2014-08-18 18:54:14 EDT,2014-08-18,18:54:14,-0400,188923426,pallistef,Páll Stefánsson,,"#Flood in #Iceland? http://t.co/H8Lj0YQcN5",und,[],['http://icelandreview.com/news/2014/08/18/flood-go-down-dettifoss'],[],0,0,1,"['flood', 'iceland']",[],https://twitter.com/pallistef/status/501502359236009984,False,,0,,,,,,,,[],,,,
501500427213737984,501500427213737984,2014-08-18 18:46:33 EDT,2014-08-18,18:46:33,-0400,94728226,cmamivega,MakeupByVega💄💋🏳️‍🌈,,"Oh look, it is a street-river!!!  #rain #flood #vabeach #storm #mylife #funtimes  http://t.co/pAOl1fvYzx",en,[],['http://instagram.com/p/r212usHTpq/'],[],0,0,0,"['rain', 'flood', 'vabeach', 'storm', 'mylife', 'funtimes']",[],https://twitter.com/cMamiVega/status/501500427213737984,False,,0,,,,,,,,[],,,,
501496469426155520,501496469426155520,2014-08-18 18:30:50 EDT,2014-08-18,18:30:50,-0400,100560562,fofiluna,Lexie,,#storm #street #flood #outmydoor #flag #car #splash #tree  http://t.co/Wx8wrzTodS,und,[],['http://instagram.com/p/r20DgvGNXt/'],[],0,0,0,"['storm', 'street', 'flood', 'outmydoor', 'flag', 'car', 'splash', 'tree']",[],https://twitter.com/fofiluna/status/501496469426155520,False,,0,,,,,,,,[],,,,
501494639409790976,501494231387865088,2014-08-18 18:23:34 EDT,2014-08-18,18:23:34,-0400,999569532,brownstownspeed,Brownstown Speedway,,@Trent__Bailey #Flood,und,[],[],[],1,0,0,['flood'],[],https://twitter.com/BrownstownSpeed/status/501494639409790976,False,,0,,,,,,,,[],,,,
501493114586939392,501493114586939392,2014-08-18 18:17:30 EDT,2014-08-18,18:17:30,-0400,2549566268,byrspookshow,byrspookshow,,"the great #flood: me cannot find another book aside from #genesis #overview #guide and #law +..., ,when there's the great flood, #catholics,",en,[],[],[],3,0,0,"['flood', 'genesis', 'overview', 'guide', 'law', 'catholics']",[],https://twitter.com/byrspookshow/status/501493114586939392,False,,0,,,,,,,,[],,,,
501491523628724224,501491523628724224,2014-08-18 18:11:11 EDT,2014-08-18,18:11:11,-0400,1665451446,voyagerinsuranc,VoyagerInsurance,,How to know what you're getting when you buy #flood #insurance  http://t.co/cOxbLyTWlv,en,[],['http://www.floodsmart.gov/floodsmart/pages/residential_coverage/understanding_the_basics.jsp'],[],0,0,0,"['flood', 'insurance']",[],https://twitter.com/VoyagerInsuranc/status/501491523628724224,False,,0,,,,,,,,[],,,,
501487727939182594,501487727939182594,2014-08-18 17:56:06 EDT,2014-08-18,17:56:06,-0400,1701689731,jodigfox5ny,Jodi Goldberg,,@FiOS1News_LI team coverage with answers to #flood insurance questions @MeganVegaTV @MikeGilliamTV #LongIsland #Islip  http://t.co/By9FMpEtEA,en,"[{'screen_name': 'mikegilliamtv', 'name': 'mike gilliam', 'id': '424229046'}]",[],['https://pbs.twimg.com/media/BvWkbkLIEAEU6Ly.jpg'],0,0,0,"['flood', 'longisland', 'islip']",[],https://twitter.com/JodiGFox5NY/status/501487727939182594,False,,1,https://pbs.twimg.com/media/BvWkbkLIEAEU6Ly.jpg,,,,,,,[],,,,
501483762417688576,501483762417688576,2014-08-18 17:40:20 EDT,2014-08-18,17:40:20,-0400,1613107842,oconnorinsstl,O'Connor Insurance,,Come Back from #Vacation to a Dry Home – Turn Off the Water « O'Connor #Insurance  http://t.co/dI2xsv25gY | #Flood,en,[],['http://ow.ly/Ai3OI'],[],0,1,0,"['vacation', 'insurance', 'flood']",[],https://twitter.com/OConnorInsSTL/status/501483762417688576,False,,0,,,,,,,,[],,,,
501481602766360577,501481602766360577,2014-08-18 17:31:45 EDT,2014-08-18,17:31:45,-0400,454576028,fgnyrestoration,FireGuardRestoration,,FGNY 👤Like us-  http://t.co/tcNSrkkh3K #Fgny #love #fgnyrestoration #me #water #flood #smoke…  http://t.co/cL7db8ingX,en,[],"['http://Facebook.com/fgnyrestoration', 'http://instagram.com/p/r2tS2HR4EV/']",[],0,0,0,"['fgny', 'love', 'fgnyrestoration', 'me', 'water', 'flood', 'smoke']",[],https://twitter.com/fgnyrestoration/status/501481602766360577,False,,0,,,,,,,,[],,,,
501481430544052224,501481430544052224,2014-08-18 17:31:04 EDT,2014-08-18,17:31:04,-0400,454576028,fgnyrestoration,FireGuardRestoration,,FGNY 👤Like us-  http://t.co/tcNSrkkh3K #Fgny #love #fgnyrestoration #me #water #flood #smoke…  http://t.co/K5ItveuBlc,en,[],"['http://Facebook.com/fgnyrestoration', 'http://instagram.com/p/r2tN2jx4EO/']",[],0,0,0,"['fgny', 'love', 'fgnyrestoration', 'me', 'water', 'flood', 'smoke']",[],https://twitter.com/fgnyrestoration/status/501481430544052224,False,,0,,,,,,,,[],,,,
501480821174571008,501480821174571008,2014-08-18 17:28:39 EDT,2014-08-18,17:28:39,-0400,454576028,fgnyrestoration,FireGuardRestoration,,FGNY👤Like us-  http://t.co/tcNSrkkh3K #Fgny #love #fgnyrestoration #me #water #flood #smoke…  http://t.co/fFOkiAf6Xt,en,[],"['http://Facebook.com/fgnyrestoration', 'http://instagram.com/p/r2s8Gqx4Dx/']",[],0,0,0,"['fgny', 'love', 'fgnyrestoration', 'me', 'water', 'flood', 'smoke']",[],https://twitter.com/fgnyrestoration/status/501480821174571008,False,,0,,,,,,,,[],,,,
501478822563553280,501478822563553280,2014-08-18 17:20:42 EDT,2014-08-18,17:20:42,-0400,35761403,weatherbug,WeatherBug,,"#India #Monsoon – 200 Villages Under Water, More Than 180 Dead  http://t.co/Um4senxqIZ   #knowb4 #flood",en,[],['http://ow.ly/AsDVr'],[],0,1,1,"['india', 'monsoon', 'knowb4', 'flood']",[],https://twitter.com/WeatherBug/status/501478822563553280,False,,0,,,,,,,,[],,,,
501478217858158593,501478217858158593,2014-08-18 17:18:18 EDT,2014-08-18,17:18:18,-0400,68734580,nechama,NECHAMA,,Basement that served as multiple young kids' bedrooms until #flood. NECHAMA helped clean &amp; get it ready for rebuild  http://t.co/p0sczgLvNC,en,[],[],['https://pbs.twimg.com/media/BvWbx9hCYAABu0a.jpg'],0,0,0,['flood'],[],https://twitter.com/NECHAMA/status/501478217858158593,False,,1,https://pbs.twimg.com/media/BvWbx9hCYAABu0a.jpg,,,,,,,[],,,,
501470981987512320,501409006867726336,2014-08-18 16:49:33 EDT,2014-08-18,16:49:33,-0400,2673385839,rachaelstuart7,Rachael Stuart,,"@wzsxprr @DeborahAnstey @LottaDanesved The bucket you gave me came in handy, as did the ark! #flood",en,"[{'screen_name': 'deborahanstey', 'name': 'deborah anstey', 'id': '24033507'}, {'screen_name': 'lottadanesved', 'name': 'lotta danesved🥰☃️❤️', 'id': '2471428912'}]",[],[],0,0,3,['flood'],[],https://twitter.com/RachaelStuart7/status/501470981987512320,False,,0,,,,,,,,[],,,,
501469320690409472,501469320690409472,2014-08-18 16:42:57 EDT,2014-08-18,16:42:57,-0400,18686558,mcatlett,mcatlett,,"Monsoon Floods Hit North India, 200 Villages under Water  http://t.co/qDQYmrd8mV #monsoon #india #flood",en,[],['http://www.scientificamerican.com/article/monsoon-floods-hit-north-india-200-villages-under-water/'],[],0,0,0,"['monsoon', 'india', 'flood']",[],https://twitter.com/mcatlett/status/501469320690409472,False,,0,,,,,,,,[],,,,
501466469327462400,501466469327462400,2014-08-18 16:31:37 EDT,2014-08-18,16:31:37,-0400,77315588,surana_msc,"Surana, MSc",,Sabo Dam (Mt. Merapi) #mountain #river #flood  http://t.co/VVNgKV9cYe,in,[],['http://instagram.com/p/r2maZlk6uc/'],[],0,0,0,"['mountain', 'river', 'flood']",[],https://twitter.com/Surana_MSc/status/501466469327462400,False,,0,,,,,,,,[],,,,
501464335990808577,501464335990808577,2014-08-18 16:23:09 EDT,2014-08-18,16:23:09,-0400,1536412436,globalfloodnews,GlobalFloodSystem,,#flood #disaster Deadly floods hit India: Deadly floods hit India  http://t.co/PyV1lrNptz,en,[],['http://cnn.it/1ySa4Ka'],[],0,0,0,"['flood', 'disaster']",[],https://twitter.com/GlobalFloodNews/status/501464335990808577,False,,0,,,,,,,,[],,,,
501464127085498369,501464127085498369,2014-08-18 16:22:19 EDT,2014-08-18,16:22:19,-0400,306194316,treishamarle,Treisha Marle,,How to Clean a #Mattress Soaked in #Flood  http://t.co/KElodLiv6M #Mattress #Flood,en,[],['http://dld.bz/cuhm7'],[],0,0,0,"['mattress', 'flood', 'mattress', 'flood']",[],https://twitter.com/TreishaMarle/status/501464127085498369,False,,0,,,,,,,,[],,,,
501463344373837825,501463344373837825,2014-08-18 16:19:12 EDT,2014-08-18,16:19:12,-0400,289709567,theleahill,lea hill,"{'type': 'Point', 'coordinates': [33.3472319, -86.89614]}",Love how we go from no rain to Noah just passed by....#flood,en,[],[],[],0,0,1,['flood'],[],https://twitter.com/theleahill/status/501463344373837825,False,,0,,,,,,,,[],,,,
501462587281010688,501462587281010688,2014-08-18 16:16:12 EDT,2014-08-18,16:16:12,-0400,8505142,longisland,Long Island,,"After last week's record #rainstorm, @NYGovCuomo has requested damage assessment from the federal #government  http://t.co/K2EbFxs4xH #flood",en,"[{'screen_name': 'nygovcuomo', 'name': 'andrew cuomo', 'id': '232268199'}]",['http://www.longisland.com/news/08-18-14/cuomo-requests-assistance-rainfall-suffolk.html'],[],0,1,0,"['rainstorm', 'government', 'flood']",[],https://twitter.com/longisland/status/501462587281010688,False,,0,,,,,,,,[],,,,
501462569497137152,501462569497137152,2014-08-18 16:16:07 EDT,2014-08-18,16:16:07,-0400,2209106522,imperatortruth,Titus Frost 🏴‍☠️,,This #Nephilim remain is further evidence left in sediment by a global #flood.  http://t.co/zEiJ1euexI,en,[],[],['https://pbs.twimg.com/media/BvWNjKcIYAEoEZ9.jpg'],0,0,1,"['nephilim', 'flood']",[],https://twitter.com/ImperatorTruth/status/501462569497137152,False,,1,https://pbs.twimg.com/media/BvWNjKcIYAEoEZ9.jpg,,,,,,,[],,,,
501459854947782656,501459854947782656,2014-08-18 16:05:20 EDT,2014-08-18,16:05:20,-0400,960804252,amblackjournal,AmericanBlackJournal,,"RT @DeadlineDetroit: Keep Records of Flood Damage, Gov. Snyder Tells Metro Detroiters  –  Deadline Detroit:  http://t.co/SLheSeqyz9 #flood",en,"[{'screen_name': 'deadlinedetroit', 'name': 'deadline detroit', 'id': '419735656'}]",['http://deadlinedetroit.com/articles/10168/keep_records_of_flood_damage_gov_snyder_tells_metro_detroiters#.U_IvAhC_dVA.twitter'],[],0,1,0,['flood'],[],https://twitter.com/amblackjournal/status/501459854947782656,False,,0,,,,,,,,[],,,,
501458520999739392,501458520999739392,2014-08-18 16:00:02 EDT,2014-08-18,16:00:02,-0400,25983879,konsai,Sebastian Leon-Silva,,Flooded Back Street. #HongKong #art #Concepto #flood  http://t.co/KwjElghEMH,en,[],[],['https://pbs.twimg.com/media/BvWJ3XBCUAAPQmw.jpg'],0,0,0,"['hongkong', 'art', 'concepto', 'flood']",[],https://twitter.com/Konsai/status/501458520999739392,False,,1,https://pbs.twimg.com/media/BvWJ3XBCUAAPQmw.jpg,,,,,,,[],,,,
501458085500944384,501458085500944384,2014-08-18 15:58:18 EDT,2014-08-18,15:58:18,-0400,2585523085,disaworldnews,Disaster World News,,Islip Pushing For Flood Victims To Report Damage To Town - CBS Local  http://t.co/lN3gddDVNi #Flood,en,[],['http://news.google.com/news/url?sa=t&fd=R&ct2=us&usg=AFQjCNE1bKI54sM5xg054kpvXoj_HdCW7A&clid=c3a7d30bb8a4878e06b80cf16b898331&cid=52778587714442&ei=B1ryU8CLEaT_mQKjp4HwDQ&url=http://newyork.cbslocal.com/2014/08/18/islip-pushing-flood-victims-to-report-damage-to-town/'],[],0,0,0,['flood'],[],https://twitter.com/DisaWorldNews/status/501458085500944384,False,,0,,,,,,,,[],,,,
501458083126976512,501458083126976512,2014-08-18 15:58:18 EDT,2014-08-18,15:58:18,-0400,2585523085,disaworldnews,Disaster World News,,The Young Ones: “Flood” - A.V. Club Austin  http://t.co/WQuyqsibHt #Flood,en,[],['http://news.google.com/news/url?sa=t&fd=R&ct2=us&usg=AFQjCNHRjym0BphM8EjfZYOTwmiPpKh8iQ&clid=c3a7d30bb8a4878e06b80cf16b898331&ei=B1ryU8CLEaT_mQKjp4HwDQ&url=http://www.avclub.com/tvclub/young-ones-flood-208234'],[],0,0,0,['flood'],[],https://twitter.com/DisaWorldNews/status/501458083126976512,False,,0,,,,,,,,[],,,,
501457663818223616,501457663818223616,2014-08-18 15:56:38 EDT,2014-08-18,15:56:38,-0400,93011145,ricardoroch,Ricardo Rocha,,VIDEO 90 mil personas sin hogar por inundaciones en India #india #EPN #Inundacion #flood #SRE #help #UNAM #redcross  http://t.co/CbeHduxmEW,es,[],['http://www.expedientenoticias.com/90-mil-personas-sin-hogar-por-inundaciones-en-india-video-video_1790'],[],0,0,0,"['india', 'epn', 'inundacion', 'flood', 'sre', 'help', 'unam', 'redcross']",[],https://twitter.com/ricardoroch/status/501457663818223616,False,,0,,,,,,,,[],,,,
501456187431202816,501456187431202816,2014-08-18 15:50:46 EDT,2014-08-18,15:50:46,-0400,258006338,heretolove3,Onlyhopeyouhave,,Evidence Of Noah’s Ark  http://t.co/JO6huUlsYk #Flood #Genesis #Science #fossils,en,[],['http://ow.ly/tbC86'],[],0,0,0,"['flood', 'genesis', 'science', 'fossils']",[],https://twitter.com/heretolove3/status/501456187431202816,False,,0,,,,,,,,[],,,,
501454522900680706,501454522900680706,2014-08-18 15:44:09 EDT,2014-08-18,15:44:09,-0400,1536412436,globalfloodnews,GlobalFloodSystem,,"#flood #disaster Flooding in Nepal, India Kills Close to 200 - Voice of America: Voice of AmericaFlooding in N...  http://t.co/ty40VxR8zO",en,[],['http://bit.ly/1yS2QG1'],[],0,0,0,"['flood', 'disaster']",[],https://twitter.com/GlobalFloodNews/status/501454522900680706,False,,0,,,,,,,,[],,,,
501454522221203458,501454522221203458,2014-08-18 15:44:09 EDT,2014-08-18,15:44:09,-0400,1536412436,globalfloodnews,GlobalFloodSystem,,"#flood #disaster UP floods claim 41 lives, over 1000 villages hit - Times of India: UP floods claim 41 lives, ...  http://t.co/lK6Dpm6rub",en,[],['http://bit.ly/1pAKTdF'],[],0,0,0,"['flood', 'disaster']",[],https://twitter.com/GlobalFloodNews/status/501454522221203458,False,,0,,,,,,,,[],,,,
501453795675865088,501453795675865088,2014-08-18 15:41:16 EDT,2014-08-18,15:41:16,-0400,814884224,worldalerts247,WORLD ALERTS ²⁴/7,,Flood - India-  http://t.co/GVMjLawIwO #flood #fb,en,[],['http://www.ubalert.com/JvNb'],[],0,0,0,"['flood', 'fb']",[],https://twitter.com/WorldALERTS247/status/501453795675865088,False,,0,,,,,,,,[],,,,
501453491525545984,501453491525545984,2014-08-18 15:40:03 EDT,2014-08-18,15:40:03,-0400,45195411,ubalert,ubAlert,,Flood - India-  http://t.co/UlU6ixiTFM #flood #fb,en,[],['http://www.ubalert.com/JvNb'],[],0,0,0,"['flood', 'fb']",[],https://twitter.com/ubalert/status/501453491525545984,False,,0,,,,,,,,[],,,,
501452755685613568,501452755685613568,2014-08-18 15:37:08 EDT,2014-08-18,15:37:08,-0400,2180519486,allups123,Steven Jacobs,,@Torbay_Hour #torbayhour don't rely on #sandbags prepare for #flood b4 its too late visit  http://t.co/qFVzfYla2B  http://t.co/ZvVQeA25ms,en,[],['http://www.allupsltd.co.uk'],['https://pbs.twimg.com/media/BvWEnzTCcAEjxbx.jpg'],1,2,2,"['torbayhour', 'sandbags', 'flood']",[],https://twitter.com/Allups123/status/501452755685613568,False,,1,https://pbs.twimg.com/media/BvWEnzTCcAEjxbx.jpg,,,,,,,[],,,,
501451390796189696,501451390796189696,2014-08-18 15:31:42 EDT,2014-08-18,15:31:42,-0400,115517580,pressandguide,Press & Guide,,"Wayne County opens centers for #flood recovery assistance in #Dearborn, #Downriver - AJ  http://t.co/nHH9cFLYDn  http://t.co/n43ePR3Lzy",en,[],['http://www.pressandguide.com/articles/2014/08/18/news/doc53f253311402d151865701.txt'],['https://pbs.twimg.com/media/BvWDYVrIcAAIFlZ.jpg'],0,4,1,"['flood', 'dearborn', 'downriver']",[],https://twitter.com/pressandguide/status/501451390796189696,False,,1,https://pbs.twimg.com/media/BvWDYVrIcAAIFlZ.jpg,,,,,,,[],,,,
501450331415662592,501450331415662592,2014-08-18 15:27:30 EDT,2014-08-18,15:27:30,-0400,562770917,ddrainage,Direct Drainage,,Problems with #flood? We stock submersible #pumps at discount prices  http://t.co/OU9XKiVJTX #floods #weather #rain,en,[],['http://goo.gl/1W2XY'],[],0,2,0,"['flood', 'pumps', 'floods', 'weather', 'rain']",[],https://twitter.com/DDrainage/status/501450331415662592,False,,0,,,,,,,,[],,,,
501449463819681793,501449463819681793,2014-08-18 15:24:03 EDT,2014-08-18,15:24:03,-0400,574076001,kerry_lan,Kerry,,"Yeah, not digging the timing of my den being ripped up from 13"" rain #flood last week...but flood Insur rocks!  http://t.co/qtEPzoBLI7",en,[],[],['https://pbs.twimg.com/media/BvWBoS7CEAEs4Ia.jpg'],0,0,0,['flood'],[],https://twitter.com/Kerry_Lan/status/501449463819681793,False,,1,https://pbs.twimg.com/media/BvWBoS7CEAEs4Ia.jpg,,,,,,,[],,,,
501448281713803264,501448281713803264,2014-08-18 15:19:21 EDT,2014-08-18,15:19:21,-0400,258006338,heretolove3,Onlyhopeyouhave,,Evidence Of Noah’s Ark  http://t.co/hWsVyn7o7b #Flood #Genesis #Science #fossils,en,[],['http://ow.ly/tbC86'],[],0,0,0,"['flood', 'genesis', 'science', 'fossils']",[],https://twitter.com/heretolove3/status/501448281713803264,False,,0,,,,,,,,[],,,,
501445490144460800,501445490144460800,2014-08-18 15:08:15 EDT,2014-08-18,15:08:15,-0400,728984124,usgs_pubs,USGS Pubs Warehouse,,"More #Elevation data = government services, less #flood losses, and more.  Read about it here:  http://t.co/TNltTIMFuN  http://t.co/iMP8ELCah2",en,[],['http://bit.ly/VzT12y'],['https://pbs.twimg.com/media/BvV-A91IEAE_pmE.png'],0,2,2,"['elevation', 'flood']",[],https://twitter.com/USGS_Pubs/status/501445490144460800,False,,1,https://pbs.twimg.com/media/BvV-A91IEAE_pmE.png,,,,,,,[],,,,
501441399972065281,501441399972065281,2014-08-18 14:52:00 EDT,2014-08-18,14:52:00,-0400,326482279,insurancenetla,Insurance Network La,,Not sure if you should purchase #flood #insurance for your home? Here's a great resource that can help you decide:  http://t.co/VFFAJ0Lhpi,en,[],['http://www.floodsmart.gov/floodsmart/pages/faqs/faqs_considering.jsp'],[],0,0,0,"['flood', 'insurance']",[],https://twitter.com/InsuranceNetLA/status/501441399972065281,False,,0,,,,,,,,[],,,,
501440976263852034,501440976263852034,2014-08-18 14:50:19 EDT,2014-08-18,14:50:19,-0400,19787717,sylvaneinc,Sylvane,,Rainy Day Ahead? How One Atlanta Company Made Quick Work Of Their Warehouse Flood  http://t.co/BF49tZ0Boi #flood #rain #waterdamage,en,[],['http://bit.ly/VghVEc'],[],0,0,0,"['flood', 'rain', 'waterdamage']",[],https://twitter.com/SylvaneInc/status/501440976263852034,False,,0,,,,,,,,[],,,,
501439275783565312,501439275783565312,2014-08-18 14:43:34 EDT,2014-08-18,14:43:34,-0400,448288096,matji_peter,MP Matji Pr.CPM,,#Innovation &amp; #technology:Tokyo combats #flood threats with second mammoth underground reservoir.  http://t.co/PbSHbs8D2k,en,[],['http://lnkd.in/dyuGbzF'],[],0,0,1,"['innovation', 'technology', 'flood']",[],https://twitter.com/matji_peter/status/501439275783565312,False,,0,,,,,,,,[],,,,
501438833997918208,501438833997918208,2014-08-18 14:41:48 EDT,2014-08-18,14:41:48,-0400,40910906,christieduffy,Christie Duffy,,"#Middletown paid about $5,000 to have #MRAP shipped, otherwise was free. To be used for #flood rescues #NJTVNEWS  http://t.co/1Fimn2dKX8",en,[],[],['https://pbs.twimg.com/media/BvV39lZIAAAhTSa.jpg'],0,2,0,"['middletown', 'mrap', 'flood', 'njtvnews']",[],https://twitter.com/ChristieDuffy/status/501438833997918208,False,,1,https://pbs.twimg.com/media/BvV39lZIAAAhTSa.jpg,,,,,,,[],,,,
501438788275408898,501438788275408898,2014-08-18 14:41:38 EDT,2014-08-18,14:41:38,-0400,362850734,michael_totten,Michael Totten,,#Agriculture issues after a #flood -   http://t.co/rBL1qkI1eK,en,[],['http://www.worldissues360.com/index.php/agricultural-issues-after-a-flood-5704/'],[],0,0,0,"['agriculture', 'flood']",[],https://twitter.com/Michael_Totten/status/501438788275408898,False,,0,,,,,,,,[],,,,
501437178225106946,501437178225106946,2014-08-18 14:35:14 EDT,2014-08-18,14:35:14,-0400,199357399,homeownersfyi,HomeOwnership Tips,,Are you prepared for an #Emergency? #Evacuation #Flood #Tornado #Hurricane  http://t.co/WPE3RxHiNB,en,[],['http://ow.ly/ArCQ6'],[],0,0,0,"['emergency', 'evacuation', 'flood', 'tornado', 'hurricane']",[],https://twitter.com/HomeOwnersFYI/status/501437178225106946,False,,0,,,,,,,,[],,,,
501436152692621313,501436152692621313,2014-08-18 14:31:09 EDT,2014-08-18,14:31:09,-0400,546217977,southshore_5280,Southshore Aurora,,Are you prepared for an #Emergency? #Evacuation #Flood #Tornado #Hurricane  http://t.co/FNENfpGb3V,en,[],['http://ow.ly/ArCk1'],[],0,0,0,"['emergency', 'evacuation', 'flood', 'tornado', 'hurricane']",[],https://twitter.com/Southshore_5280/status/501436152692621313,False,,0,,,,,,,,[],,,,
501435580891545600,501435580891545600,2014-08-18 14:28:53 EDT,2014-08-18,14:28:53,-0400,2557519051,champprepared,Champ Prepared,,"Tragic flooding in #Nepal, #India leaves 180 dead. #Emergency #Flood  http://t.co/deQKzM95Zn",en,[],['http://www.weather.com/news/deadly-flooding-nepal-and-india-20140818'],[],0,0,0,"['nepal', 'india', 'emergency', 'flood']",[],https://twitter.com/ChampPrepared/status/501435580891545600,False,,0,,,,,,,,[],,,,
501434643556876288,501434643556876288,2014-08-18 14:25:09 EDT,2014-08-18,14:25:09,-0400,2363376368,luxuriousdenver,Million Dollar Denver,,Are you prepared for an #Emergency? #Evacuation #Flood #Tornado #Hurricane  http://t.co/xPLPzAeoeJ,en,[],['http://ow.ly/ArBRk'],[],0,0,0,"['emergency', 'evacuation', 'flood', 'tornado', 'hurricane']",[],https://twitter.com/LuxuriousDenver/status/501434643556876288,False,,0,,,,,,,,[],,,,
501434141091835906,501434141091835906,2014-08-18 14:23:10 EDT,2014-08-18,14:23:10,-0400,226695189,757livenews,757Live News,,"#Flood situation remains grim, Sonowal visits affected areas - Business Standard  http://t.co/JZgTX7duru",en,[],['http://7l.noip.me/1BuovrQ'],[],0,0,0,['flood'],[],https://twitter.com/757LiveNews/status/501434141091835906,False,,0,,,,,,,,[],,,,
501433395377758208,501433395377758208,2014-08-18 14:20:12 EDT,2014-08-18,14:20:12,-0400,273000551,tiems_org,Secretariat,,"Flooding in #Nepal, #India Kills At Least 180  http://t.co/kFfVFrOBek #Flood",en,[],['http://www.weather.com/news/deadly-flooding-nepal-and-india-20140818'],[],0,0,0,"['nepal', 'india', 'flood']",[],https://twitter.com/TIEMS_ORG/status/501433395377758208,False,,0,,,,,,,,[],,,,
501429249685716993,501429249685716993,2014-08-18 14:03:43 EDT,2014-08-18,14:03:43,-0400,1538134405,yychelps,yychelps,,Manitoba approves #extra spending to cover summer #flood costs. @CBCCalgary  http://t.co/qCE2Zkueck  http://t.co/7nqUW1IaqI,en,"[{'screen_name': 'cbccalgary', 'name': 'cbc calgary', 'id': '18999809'}]",['http://bit.ly/1taPULJ'],['https://pbs.twimg.com/media/BvVvPk7CcAABb57.jpg'],0,0,0,"['extra', 'flood']",[],https://twitter.com/yychelps/status/501429249685716993,False,,1,https://pbs.twimg.com/media/BvVvPk7CcAABb57.jpg,,,,,,,[],,,,
501427725450477568,501417912356184065,2014-08-18 13:57:40 EDT,2014-08-18,13:57:40,-0400,133288204,charu_dutt_s,"Charu D Sharma, FRM🇮🇳",,@RonnieScrewvala most unfortunate on water mgmt. We invariably have flood nd drought in one year resulting into poverty.#flood #India,en,[],[],[],0,1,0,"['flood', 'india']",[],https://twitter.com/Charu_Dutt_S/status/501427725450477568,False,,0,,,,,,,,[],,,,
501421275038773249,501421275038773249,2014-08-18 13:32:02 EDT,2014-08-18,13:32:02,-0400,17611010,glennmiller,GlennMiller,,Why you need to stay off the roads! Highland by the church is covered! Be careful! #flood  http://t.co/J9p7U7Xhsf,en,[],['http://instagram.com/p/r2R3EARLO4/'],[],0,0,0,['flood'],[],https://twitter.com/GlennMiller/status/501421275038773249,False,,0,,,,,,,,[],,,,
501419541742637056,501419541742637056,2014-08-18 13:25:09 EDT,2014-08-18,13:25:09,-0400,2713858778,dnewstweets,Digital News Tweets ,,"Uttar Pradesh #flood UPDATE: Toll at 48; Bahraich,Shravasti,Balrampur, Lakhimpur,Barabanki, Gonda,Sitapur, Faizabad, Azamgarh worst affected",en,[],[],[],0,0,0,['flood'],[],https://twitter.com/DNewsTweets/status/501419541742637056,False,,0,,,,,,,,[],,,,
501417666595540993,501417666595540993,2014-08-18 13:17:42 EDT,2014-08-18,13:17:42,-0400,76303,journallnews,lafrance,,"Flooding in #nepal, #india Kills Close to 200  http://t.co/fjXL1zzw9v  #assam #flood #india  http://t.co/AUYTknHcKx",en,[],['http://bit.ly/1v8Rm0r'],['https://pbs.twimg.com/media/BvVktgAIYAAbLIb.jpg'],0,0,0,"['nepal', 'india', 'assam', 'flood', 'india']",[],https://twitter.com/journallnews/status/501417666595540993,False,,1,https://pbs.twimg.com/media/BvVktgAIYAAbLIb.jpg,,,,,,,[],,,,
501413712121847808,501413712121847808,2014-08-18 13:01:59 EDT,2014-08-18,13:01:59,-0400,2436028753,thameswrt,TAWRT,,Boscastle #flood ten years on  http://t.co/Jb9dpZn2nf,en,[],['http://www.bbc.co.uk/news/uk-england-cornwall-28523053'],[],0,0,0,['flood'],[],https://twitter.com/ThamesWRT/status/501413712121847808,False,,0,,,,,,,,[],,,,
501413026705440768,501413026705440768,2014-08-18 12:59:16 EDT,2014-08-18,12:59:16,-0400,1861059499,cofloodupdates,CO Flood Updates,,"No #flood threat today, says #FTB. Scattered t'storms still likely. A few will be strong-to-severe. Details:  http://t.co/CDUgidNzP5 #COwx",en,[],['http://www.coloradofloodthreat.com/'],[],0,1,0,"['flood', 'ftb', 'cowx']",[],https://twitter.com/COFloodUpdates/status/501413026705440768,False,,0,,,,,,,,[],,,,
501411141789446145,501411141789446145,2014-08-18 12:51:46 EDT,2014-08-18,12:51:46,-0400,2231102773,mimiheeder,Michele Heeder,,limited and signed edition of No Doors No Windows. hoping I can save it from flood damage #Harlan Ellison #flood  http://t.co/jUUEk0PUX6,en,[],[],['https://pbs.twimg.com/media/BvVexmkCMAApTCM.jpg'],0,0,1,"['harlan', 'flood']",[],https://twitter.com/MimiHeeder/status/501411141789446145,False,,1,https://pbs.twimg.com/media/BvVexmkCMAApTCM.jpg,,,,,,,[],,,,
501411077775572993,501411077775572993,2014-08-18 12:51:31 EDT,2014-08-18,12:51:31,-0400,419735656,deadlinedetroit,Deadline Detroit,,"Keep Records of Flood Damage, Gov. Snyder Tells Metro Detroiters  –  Deadline Detroit:  http://t.co/fpjpDqPrYm #flood",en,[],['http://deadlinedetroit.com/articles/10168/keep_records_of_flood_damage_gov_snyder_tells_metro_detroiters#.U_IvAhC_dVA.twitter'],[],0,0,0,['flood'],[],https://twitter.com/DeadlineDetroit/status/501411077775572993,False,,0,,,,,,,,[],,,,
501405444347162624,501405444347162624,2014-08-18 12:29:08 EDT,2014-08-18,12:29:08,-0400,1100927498,ddnewslive,DD News,,"Uttar Pradesh #flood UPDATE: Toll at 48; Bahraich,Shravasti,Balrampur, Lakhimpur,Barabanki, Gonda,Sitapur, Faizabad, Azamgarh worst affected",en,[],[],[],2,10,7,['flood'],[],https://twitter.com/DDNewslive/status/501405444347162624,False,,0,,,,,,,,[],,,,
501403730344820736,501403730344820736,2014-08-18 12:22:19 EDT,2014-08-18,12:22:19,-0400,403539516,disaster_update,Recent Natural Disasters,,"Flooded coal mine in #China leaves 2 dead, 14 trapped  http://t.co/ft4EY7hE0s #coalmineflood #flood",en,[],['http://goo.gl/fb/kUWtla'],[],0,1,1,"['china', 'coalmineflood', 'flood']",[],https://twitter.com/Disaster_Update/status/501403730344820736,False,,0,,,,,,,,[],,,,
501403699516682240,501403699516682240,2014-08-18 12:22:12 EDT,2014-08-18,12:22:12,-0400,403539516,disaster_update,Recent Natural Disasters,,"Natural Disasters List August 18, 2014 – Iran #earthquake injures 60  http://t.co/zRBgoggAxU #flood #naturaldisaster",ca,[],['http://goo.gl/fb/kJjF5l'],[],0,0,0,"['earthquake', 'flood', 'naturaldisaster']",[],https://twitter.com/Disaster_Update/status/501403699516682240,False,,0,,,,,,,,[],,,,
501402631500091392,501402631500091392,2014-08-18 12:17:57 EDT,2014-08-18,12:17:57,-0400,1536412436,globalfloodnews,GlobalFloodSystem,,#flood #disaster Scores Killed in Flooding in Nepal and India - New York Times: New York TimesScores Killed in...  http://t.co/UfIjUOLEmb,en,[],['http://bit.ly/1pzGurE'],[],0,1,0,"['flood', 'disaster']",[],https://twitter.com/GlobalFloodNews/status/501402631500091392,False,,0,,,,,,,,[],,,,
501401532235935745,501401532235935745,2014-08-18 12:13:35 EDT,2014-08-18,12:13:35,-0400,1536412436,globalfloodnews,GlobalFloodSystem,,"#flood #disaster Nepal, India floods kill nearly 200: Floods and landslides in Nepal and northern India have k...  http://t.co/vhATDy6Yju",en,[],['http://bit.ly/1rNVsc5'],[],0,0,0,"['flood', 'disaster']",[],https://twitter.com/GlobalFloodNews/status/501401532235935745,False,,0,,,,,,,,[],,,,
501401525508640768,501401525508640768,2014-08-18 12:13:33 EDT,2014-08-18,12:13:33,-0400,185251269,justin_peebles,Justin Peebles,,Everyone needs help from time to time. #CHFD #Charleston #Flood  http://t.co/FqeuOSNEU2,en,[],['http://instagram.com/p/r2I4UbRiXW/'],[],0,0,0,"['chfd', 'charleston', 'flood']",[],https://twitter.com/Justin_Peebles/status/501401525508640768,False,,0,,,,,,,,[],,,,
501399418420355072,501399418420355072,2014-08-18 12:05:11 EDT,2014-08-18,12:05:11,-0400,2432580182,insuramatch,InsuraMatch,,#Flood damage help depends on insurance coverage via @WMTWTV  http://t.co/lVGTdki4zo,en,"[{'screen_name': 'wmtwtv', 'name': 'wmtw tv', 'id': '23085284'}]",['http://ow.ly/Ar8vI'],[],0,0,0,['flood'],[],https://twitter.com/InsuraMatch/status/501399418420355072,False,,0,,,,,,,,[],,,,
501393135763603457,501393135763603457,2014-08-18 11:40:13 EDT,2014-08-18,11:40:13,-0400,17088669,timsomers,Tim Somers,,I Survived The 2014 Michigan Floodpalooz T-shirts  http://t.co/oGgZR9z4tM  #flood #michigan #puremichigan #buymichigan,en,[],['http://teespring.com/mifloodblue'],[],0,0,0,"['flood', 'michigan', 'puremichigan', 'buymichigan']",[],https://twitter.com/TimSomers/status/501393135763603457,False,,0,,,,,,,,[],,,,
501392590520860673,501392590520860673,2014-08-18 11:38:03 EDT,2014-08-18,11:38:03,-0400,482134041,tortoiseharefa,Trevor Mickelson,,Flood Preparedness - #Agility #Recovery #DisasterRecovery #Flood #BusinessContinuity  https://t.co/04MNlBLrVp,en,[],['https://www.linkedin.com/today/post/article/20140818153718-98487726-flood-preparedness-agility-recovery'],[],0,0,0,"['agility', 'recovery', 'disasterrecovery', 'flood', 'businesscontinuity']",[],https://twitter.com/TortoiseHareFA/status/501392590520860673,False,,0,,,,,,,,[],,,,
501391903624282114,501391903624282114,2014-08-18 11:35:19 EDT,2014-08-18,11:35:19,-0400,95949665,smart911,Smart911,,"If pet food comes into contact with #flood water, throw it away! Flood water may contain harmful chemicals or waste.  http://t.co/vFogiNRu5y",en,[],[],['https://pbs.twimg.com/media/BvVNR48IgAAUhSH.jpg'],0,0,0,['flood'],[],https://twitter.com/Smart911/status/501391903624282114,False,,1,https://pbs.twimg.com/media/BvVNR48IgAAUhSH.jpg,,,,,,,[],,,,
501391453676126208,501391453676126208,2014-08-18 11:33:32 EDT,2014-08-18,11:33:32,-0400,198742935,unitedrentfence,United Rent A Fence,,Our Commitment to Service is #Permanent! #WorkSite #Protection #Fence #Flood #Prevention #Building Protection more...  http://t.co/GI96p2NVne,en,[],['http://Unitedrentafence.com'],[],0,0,0,"['permanent', 'worksite', 'protection', 'fence', 'flood', 'prevention', 'building']",[],https://twitter.com/UnitedRentFence/status/501391453676126208,False,,0,,,,,,,,[],,,,
501391375774924801,501391375774924801,2014-08-18 11:33:14 EDT,2014-08-18,11:33:14,-0400,738820711,arkstormprepper,ARkstorm Prepper,,ARkstorm: The Ones That Made It audio book  http://t.co/7feHCGBrOX #flood #survival #preppers,en,[],['http://www.audible.com/pd/Sci-Fi-Fantasy/ARkstorm-Audiobook/B00F9A6GFO/ref=sr_1_4?qid=1380684766&sr=1-4'],[],0,0,0,"['flood', 'survival', 'preppers']",[],https://twitter.com/ARkstormPrepper/status/501391375774924801,False,,0,,,,,,,,[],,,,
501390912531206145,501390912531206145,2014-08-18 11:31:23 EDT,2014-08-18,11:31:23,-0400,164327432,john_p_rafferty,John P. Rafferty,,Video of Taiwan's flooding #canyon. HT @bbcscitech  http://t.co/beZk8ebmbM &amp;  http://t.co/xM3M2voL7E #flood #erosion,en,"[{'screen_name': 'bbcscitech', 'name': 'jennifer gilbert', 'id': '4379085986'}]","['http://www.bbc.com/news/science-environment-28810357', 'http://www.nature.com/ngeo/journal/vaop/ncurrent/full/ngeo2224.html']",[],0,0,0,"['canyon', 'flood', 'erosion']",[],https://twitter.com/john_p_rafferty/status/501390912531206145,False,,0,,,,,,,,[],,,,
501387800579567619,501387800579567619,2014-08-18 11:19:01 EDT,2014-08-18,11:19:01,-0400,58081428,aline_carr,Aline,,"MT @ABCemergency #NSW Towrang, Big Hill, Brayton &amp; Greenwich Park could be isolated by #flood for 24hrs. Follow @NSWSES #hmrd",en,"[{'screen_name': 'abcemergency', 'name': 'abcemergency', 'id': '232422202'}, {'screen_name': 'nswses', 'name': 'nsw ses', 'id': '213903671'}]",[],[],0,0,0,"['nsw', 'flood', 'hmrd']",[],https://twitter.com/Aline_Carr/status/501387800579567619,False,,0,,,,,,,,[],,,,
501386891753979905,501386891753979905,2014-08-18 11:15:24 EDT,2014-08-18,11:15:24,-0400,47939924,oakgov,Oakland County,,You can read #OaklandCounty's preliminary damage estimate fromlast week's historic rainfall &amp; #Flood @  http://t.co/Tb2nZmI0EY.,en,[],['http://ow.ly/Ar4Tr'],[],0,2,0,"['oaklandcounty', 'flood']",[],https://twitter.com/OakGov/status/501386891753979905,False,,0,,,,,,,,[],,,,
501385662122041344,501385662122041344,2014-08-18 11:10:31 EDT,2014-08-18,11:10:31,-0400,464722747,ford_elliot,Elliot Ford,,Manitoba approves $100M extra spending to cover summer #flood costs  http://t.co/mqANK5Kuir via @CdnUnderwriter,en,"[{'screen_name': 'cdnunderwriter', 'name': 'canadian underwriter', 'id': '46746346'}]",['http://www.canadianunderwriter.ca/news/manitoba-approves-100m-extra-spending-to-cover-summer-flood-costs/1003213898/'],[],0,0,0,['flood'],[],https://twitter.com/Ford_Elliot/status/501385662122041344,False,,0,,,,,,,,[],,,,
501383634717515777,501383634717515777,2014-08-18 11:02:28 EDT,2014-08-18,11:02:28,-0400,327417429,ralspeed,Ralspeed,,Exsel Pumps chose Ralspeed to help pump Liverpool's Langton Dock dry in just three hours #Pumping #Flood #Water  http://t.co/ix8Lacux3O,en,[],['http://ow.ly/AkdHG'],[],0,0,0,"['pumping', 'flood', 'water']",[],https://twitter.com/Ralspeed/status/501383634717515777,False,,0,,,,,,,,[],,,,
501382341034786816,501382341034786816,2014-08-18 10:57:19 EDT,2014-08-18,10:57:19,-0400,343966018,navinsinghkhadk,Navin Singh Khadka,,"#Flood alert mechanisms ""were at place for usual suspects Karnali and Rapti"" while #Babai took everyone by surprise",en,[],[],[],1,0,0,"['flood', 'babai']",[],https://twitter.com/NavinSinghKhadk/status/501382341034786816,False,,0,,,,,,,,[],,,,
501380587463385088,501380587463385088,2014-08-18 10:50:21 EDT,2014-08-18,10:50:21,-0400,2432580182,insuramatch,InsuraMatch,,Uninsured #LongIsland Homeowners Play Waiting Game For #Flood Damage Repair #NY via @CBSNewYork  http://t.co/tjHJT6gevA,en,"[{'screen_name': 'cbsnewyork', 'name': 'cbs new york', 'id': '16299627'}]",['http://ow.ly/Ar8m7'],[],0,0,0,"['longisland', 'flood', 'ny']",[],https://twitter.com/InsuraMatch/status/501380587463385088,False,,0,,,,,,,,[],,,,
501378580002398209,501378580002398209,2014-08-18 10:42:23 EDT,2014-08-18,10:42:23,-0400,14408705,wrtv,WRTV Indianapolis,,#GoodNews from #Detroit: Woman feared dead during #flood disaster is actually alive -  http://t.co/w2ETTA2VOH  http://t.co/Woszy0Tj8m,en,[],['http://bit.ly/Vzsout'],['https://pbs.twimg.com/media/BvVBKVjIMAEVtw2.jpg'],1,1,2,"['goodnews', 'detroit', 'flood']",[],https://twitter.com/wrtv/status/501378580002398209,False,,1,https://pbs.twimg.com/media/BvVBKVjIMAEVtw2.jpg,,,,,,,[],,,,
501378338569474048,501378338569474048,2014-08-18 10:41:25 EDT,2014-08-18,10:41:25,-0400,471911020,publictvnews,PublicTV,,ಪ್ರವಾಹಕ್ಕೆ ತತ್ತರಿಸಿಹೋದ ಉತ್ತರ ಪ್ರದೇಶ  http://t.co/FfCf4PgoFE #uttarpradesh #flood  #rain #Bangalore,kn,[],['http://goo.gl/X7rBR0'],[],1,0,1,"['uttarpradesh', 'flood', 'rain', 'bangalore']",[],https://twitter.com/publictvnews/status/501378338569474048,False,,0,,,,,,,,[],,,,
501377947266072576,501377947266072576,2014-08-18 10:39:52 EDT,2014-08-18,10:39:52,-0400,107936682,safeeqkhan,Safeeq Khan,,"Nepal #flood toll hits 101, fears of disease rise @timesofindia  http://t.co/K8xRIAF2nT",en,"[{'screen_name': 'timesofindia', 'name': 'the times of india', 'id': '134758540'}]",['http://timesofindia.indiatimes.com/world/south-asia/Nepal-flood-toll-hits-101-fears-of-disease-rise/articleshow/40357258.cms'],[],0,0,0,['flood'],[],https://twitter.com/safeeqkhan/status/501377947266072576,False,,0,,,,,,,,[],,,,
501377709709479936,501377709709479936,2014-08-18 10:38:55 EDT,2014-08-18,10:38:55,-0400,1499325991,mriband,MRI,,#flood #studio #Hurricane rising water levels never an excuse to not #rehearse ;0 | #photography © #BellaS 2014  http://t.co/J1NFBuCXls,en,[],[],['https://pbs.twimg.com/media/BvVAXnqIAAEOdJD.jpg'],0,0,0,"['flood', 'studio', 'hurricane', 'rehearse', 'photography', 'bellas']",[],https://twitter.com/MRIband/status/501377709709479936,False,,1,https://pbs.twimg.com/media/BvVAXnqIAAEOdJD.jpg,,,,,,,[],,,,
501376111994216448,501376111994216448,2014-08-18 10:32:34 EDT,2014-08-18,10:32:34,-0400,848199186,infographicca,Infographica,,Preparing Your Home For A Natural Disaster  http://t.co/8YprRoqzUK  #hurricane #flood #infographic,en,[],['http://www.infographic.ca/preparing-your-home-for-a-natural-disaster'],[],0,0,0,"['hurricane', 'flood', 'infographic']",[],https://twitter.com/Infographicca/status/501376111994216448,False,,0,,,,,,,,[],,,,
501368204338282497,501368204338282497,2014-08-18 10:01:09 EDT,2014-08-18,10:01:09,-0400,118804780,watervagabond,Water Vagabond,,Article on Megh Pyne Abhiyan &amp; Water Action promoting alternative #sanitation for #flood prone areas of #Bihar  http://t.co/84WVwQiNDE #poo,en,[],['http://epaper.jansatta.com/c/3336798'],[],0,1,1,"['sanitation', 'flood', 'bihar', 'poo']",[],https://twitter.com/Watervagabond/status/501368204338282497,False,,0,,,,,,,,[],,,,
501367155745886208,501367155745886208,2014-08-18 09:56:59 EDT,2014-08-18,09:56:59,-0400,122387909,iclrcanada,Glenn McGillivray,,#Burlington families still recovering after August 4 #flood  http://t.co/SoxR7nLrYE,en,[],['http://www.chch.com/burlington-families-still-recovering-flood/'],[],0,0,0,"['burlington', 'flood']",[],https://twitter.com/ICLRCanada/status/501367155745886208,False,,0,,,,,,,,[],,,,
501365826872565764,501365826872565764,2014-08-18 09:51:42 EDT,2014-08-18,09:51:42,-0400,219643530,brajeshlive,Brajesh Misra,,#Flood 49 casualties reported in UP flood in Tarai area,en,[],[],[],0,3,2,['flood'],[],https://twitter.com/brajeshlive/status/501365826872565764,False,,0,,,,,,,,[],,,,
501365388085452802,501365388085452802,2014-08-18 09:49:58 EDT,2014-08-18,09:49:58,-0400,219643530,brajeshlive,Brajesh Misra,,"#Flood control room in UP  0522-2237515 तथा फैक्स नं0-0522-2238084, 2236305 है। @UPGovt @ChiefSecyUP",und,"[{'screen_name': 'upgovt', 'name': 'government of up', 'id': '2588841246'}, {'screen_name': 'chiefsecyup', 'name': 'chief secretary,goup', 'id': '2587265450'}]",[],[],0,0,3,['flood'],[],https://twitter.com/brajeshlive/status/501365388085452802,False,,0,,,,,,,,[],,,,
501364261441257472,501364261441257472,2014-08-18 09:45:29 EDT,2014-08-18,09:45:29,-0400,107441359,ocr_geography,OCR Geography,,Hundreds dead as monsoon flooding brings chaos to northern India and Nepal @CNN  http://t.co/DXZGAHhT2R #flood #geographyteacher,en,"[{'screen_name': 'cnn', 'name': 'cnn', 'id': '759251'}]",['http://ow.ly/AqExg'],[],0,0,0,"['flood', 'geographyteacher']",[],https://twitter.com/OCR_Geography/status/501364261441257472,False,,0,,,,,,,,[],,,,
501362087193366529,501362087193366529,2014-08-18 09:36:51 EDT,2014-08-18,09:36:51,-0400,756796452,dhakatribune,DhakaTribune,,"#Erosion, #flood wreak havoc in the country  http://t.co/2yMqNbKUZZ #Bangladesh #NaturalDisaster  http://t.co/4Bo19OpaMP",en,[],['http://bit.ly/1ta7RtI'],['https://pbs.twimg.com/media/BvUyJ9dCEAQIaid.jpg'],0,0,0,"['erosion', 'flood', 'bangladesh', 'naturaldisaster']",[],https://twitter.com/DhakaTribune/status/501362087193366529,False,,1,https://pbs.twimg.com/media/BvUyJ9dCEAQIaid.jpg,,,,,,,[],,,,
501358872083169280,501358872083169280,2014-08-18 09:24:04 EDT,2014-08-18,09:24:04,-0400,258006338,heretolove3,Onlyhopeyouhave,,Evidence Of Noah’s Ark  http://t.co/JO6huUlsYk #Flood #Genesis #Science #fossils,en,[],['http://ow.ly/tbC86'],[],0,0,0,"['flood', 'genesis', 'science', 'fossils']",[],https://twitter.com/heretolove3/status/501358872083169280,False,,0,,,,,,,,[],,,,
501357932634599425,501357932634599425,2014-08-18 09:20:20 EDT,2014-08-18,09:20:20,-0400,1536412436,globalfloodnews,GlobalFloodSystem,,#flood #disaster Nepal floods kill 101 as cholera fears mount - Yahoo News: Yahoo NewsNepal floods kill 101 as...  http://t.co/1afVXZXS48,en,[],['http://bit.ly/1pyA2Ru'],[],0,0,0,"['flood', 'disaster']",[],https://twitter.com/GlobalFloodNews/status/501357932634599425,False,,0,,,,,,,,[],,,,
501356248470523904,501356248470523904,2014-08-18 09:13:39 EDT,2014-08-18,09:13:39,-0400,122387909,iclrcanada,Glenn McGillivray,,#Alberta homeowners frustrated with #flood recovery red tape; Province faces hundreds of appeals from claimants  http://t.co/XSVFGpQQHD,en,[],['http://www.calgaryherald.com/Homeowners+frustrated+with+flood+recovery+tape/10126648/story.html'],[],0,0,0,"['alberta', 'flood']",[],https://twitter.com/ICLRCanada/status/501356248470523904,False,,0,,,,,,,,[],,,,
501354171350921216,501354171350921216,2014-08-18 09:05:23 EDT,2014-08-18,09:05:23,-0400,2425153323,757livesg,757Live Singapore,,#Flood fury in India -  http://t.co/lMuHhxYyXh  http://t.co/YnJs5GpMOn,en,[],"['http://gulfnews.com', 'http://7l.noip.me/VzerfQ']",[],0,0,0,['flood'],[],https://twitter.com/757LiveSG/status/501354171350921216,False,,0,,,,,,,,[],,,,
501354026639052800,501354026639052800,2014-08-18 09:04:49 EDT,2014-08-18,09:04:49,-0400,2432580182,insuramatch,InsuraMatch,,"Governor Malloy, Attorney General Jepsen and DMV Warn Consumers About #Flood-Damaged Vehicles  http://t.co/WGfiD1vbD4",en,[],['http://ow.ly/Ar8fL'],[],0,0,0,['flood'],[],https://twitter.com/InsuraMatch/status/501354026639052800,False,,0,,,,,,,,[],,,,
501353552682700800,501353552682700800,2014-08-18 09:02:56 EDT,2014-08-18,09:02:56,-0400,186182465,securainsurance,SECURA Insurance,,RT @disastersafety: Reduce the amount of damage after a #flood and speed up the recovery process using IBHS guidance:  http://t.co/BSHf3r3Gq6,en,"[{'screen_name': 'disastersafety', 'name': 'ibhs', 'id': '35804467'}]",['http://tiny.cc/After_Flood'],[],0,0,1,['flood'],[],https://twitter.com/SecuraInsurance/status/501353552682700800,False,,0,,,,,,,,[],,,,
501353142945329152,501353142945329152,2014-08-18 09:01:18 EDT,2014-08-18,09:01:18,-0400,47939924,oakgov,Oakland County,,RESIDENTS &amp; BUSINESSES - #OaklandCounty has set up resource centers for those impacted by last week's #Flood:  http://t.co/ezXib83ZsB.,en,[],['http://ow.ly/Ar4o1'],[],0,5,1,"['oaklandcounty', 'flood']",[],https://twitter.com/OakGov/status/501353142945329152,False,,0,,,,,,,,[],,,,
501352868838793218,501352868838793218,2014-08-18 09:00:13 EDT,2014-08-18,09:00:13,-0400,1371962910,nafsmaorg,NAFSMA,,Interested in @EPA #webinar on #Flood resilience and recovery: lessons learned in #Vermont? Register here  http://t.co/FSQOhoyvIx,en,"[{'screen_name': 'epa', 'name': 'u.s. epa', 'id': '14615871'}]",['http://1.usa.gov/1qftSFP'],[],0,0,1,"['webinar', 'flood', 'vermont']",[],https://twitter.com/NAFSMAorg/status/501352868838793218,False,,0,,,,,,,,[],,,,
501351121261047808,501351121261047808,2014-08-18 08:53:16 EDT,2014-08-18,08:53:16,-0400,316544024,valerie_ms,valerie,,#Pray for me yall. I lost a lot in the #flood in my basement. #Michigan has not had that type of rainfall since 1927 (per the news channel),en,[],[],[],0,0,0,"['pray', 'flood', 'michigan']",[],https://twitter.com/valerie_ms/status/501351121261047808,False,,0,,,,,,,,[],,,,
501350340001017857,501350340001017857,2014-08-18 08:50:10 EDT,2014-08-18,08:50:10,-0400,35804467,disastersafety,IBHS,,Reduce the amount of damage after a #flood and speed up the recovery process using IBHS guidance:  http://t.co/ySxAyT7SMU,en,[],['http://tiny.cc/After_Flood'],[],0,5,1,['flood'],[],https://twitter.com/disastersafety/status/501350340001017857,False,,0,,,,,,,,[],,,,
501346895504355330,501346895504355330,2014-08-18 08:36:29 EDT,2014-08-18,08:36:29,-0400,2585523085,disaworldnews,Disaster World News,,Great Flood of 2014: How historic was it? - WDIV Detroit  http://t.co/xYhxOE2tl2 #Flood,en,[],['http://news.google.com/news/url?sa=t&fd=R&ct2=us&usg=AFQjCNHBrTiAgMu8CuKcK0v3M2sXReXM3Q&clid=c3a7d30bb8a4878e06b80cf16b898331&ei=qPHxU7jvNs3NmALWp4DYCg&url=http://www.clickondetroit.com/weather/great-flood-of-2014-how-historic-was-it/27580888'],[],0,0,0,['flood'],[],https://twitter.com/DisaWorldNews/status/501346895504355330,False,,0,,,,,,,,[],,,,
501346892996149248,501346892996149248,2014-08-18 08:36:28 EDT,2014-08-18,08:36:28,-0400,2585523085,disaworldnews,Disaster World News,,"Morning Storms Flood Roads, Leave Thousands In The Dark - CBS Local  http://t.co/bEP5mMWII8 #Flood",en,[],['http://news.google.com/news/url?sa=t&fd=R&ct2=us&usg=AFQjCNF5_b5EajCr87Wk3EICb-P-lFYAfQ&clid=c3a7d30bb8a4878e06b80cf16b898331&cid=52778587087966&ei=qPHxU7jvNs3NmALWp4DYCg&url=http://dfw.cbslocal.com/2014/08/17/heavy-rain-flooding-cause-problems-in-north-texas/'],[],0,0,0,['flood'],[],https://twitter.com/DisaWorldNews/status/501346892996149248,False,,0,,,,,,,,[],,,,
501346889825259522,501346889825259522,2014-08-18 08:36:27 EDT,2014-08-18,08:36:27,-0400,2585523085,disaworldnews,Disaster World News,,"Nitish Kumar's native place, 13 districts of Bihar affected by flood - Economic Times  http://t.co/lfpmIwnsD8 #Flood",en,[],['http://news.google.com/news/url?sa=t&fd=R&ct2=us&usg=AFQjCNET-m_3ZSBKkiOoqXeErTmteJ6Ccg&clid=c3a7d30bb8a4878e06b80cf16b898331&cid=52778587598881&ei=qPHxU7jvNs3NmALWp4DYCg&url=http://economictimes.indiatimes.com/news/politics-and-nation/nitish-kumars-native-place-13-districts-of-bihar-affected-by-flood/articleshow/40362323.cms'],[],0,0,0,['flood'],[],https://twitter.com/DisaWorldNews/status/501346889825259522,False,,0,,,,,,,,[],,,,
501346787534581760,501346787534581760,2014-08-18 08:36:03 EDT,2014-08-18,08:36:03,-0400,98688164,arborinsurance,Arbor Insurance,,Now is a good time to think about purchasing #flood insurance!  http://t.co/0mvr8orUZb,en,[],['http://www.selective.com/fyi/National-Climate-Assessment-Calls-for-Immediate-Action-857.aspx'],[],0,0,0,['flood'],[],https://twitter.com/ArborInsurance/status/501346787534581760,False,,0,,,,,,,,[],,,,
501344289990135809,496294725628854272,2014-08-18 08:26:07 EDT,2014-08-18,08:26:07,-0400,209066290,palpatine42,Palpatine,,"@bdonderocavej @tnjlex j'ai fait un graaand mail de récap pr 1 service juridique d'expert cptble, si ça peut aider… #flood #DoS #compétences",fr,"[{'screen_name': 'tnjlex', 'name': 'tanguy allain', 'id': '190015894'}]",[],[],1,0,0,"['flood', 'dos', 'compétences']",[],https://twitter.com/palpatine42/status/501344289990135809,False,,0,,,,,,,,[],,,,
501339518536925185,501339518536925185,2014-08-18 08:07:10 EDT,2014-08-18,08:07:10,-0400,123171317,navbharattimes,NBT Hindi News,,"मऊ में दोहरीघाट समेत कई इलाकों में बाढ़ का पानी घुसा। डीएम, एसपी ने किया दौरा। #flood",hi,[],[],[],0,3,0,['flood'],[],https://twitter.com/NavbharatTimes/status/501339518536925185,False,,0,,,,,,,,[],,,,
501339280770228225,501339280770228225,2014-08-18 08:06:13 EDT,2014-08-18,08:06:13,-0400,626276913,douglas_blank,Douglas Andrew Blank,,This may not end up well. #flood  http://t.co/Fl2MiXYOHP,en,[],['http://instagram.com/p/r1skvNhqIA/'],[],0,0,0,['flood'],[],https://twitter.com/douglas_blank/status/501339280770228225,False,,0,,,,,,,,[],,,,
501338480161882112,501338480161882112,2014-08-18 08:03:02 EDT,2014-08-18,08:03:02,-0400,262418358,drsimonatkins,Dr Simon R R Atkins,,Some truth to this on #earthquakes --  http://t.co/GZIUA9ZApz -- but more earthquakes are due to #flood events which put more pressure/weight,en,[],['http://www.naturalnews.com/046503_drought_earthquakes_California.html'],[],0,0,0,"['earthquakes', 'flood']",[],https://twitter.com/DrSimonAtkins/status/501338480161882112,False,,0,,,,,,,,[],,,,
501338097620361217,501338097620361217,2014-08-18 08:01:31 EDT,2014-08-18,08:01:31,-0400,2538714816,runelraza,Mursalin Arafat,,#Flood expected from heavy torrential #Rain,en,[],[],[],0,0,0,"['flood', 'rain']",[],https://twitter.com/runelraza/status/501338097620361217,False,,0,,,,,,,,[],,,,
501336246401384449,501336246401384449,2014-08-18 07:54:10 EDT,2014-08-18,07:54:10,-0400,814884224,worldalerts247,WORLD ALERTS ²⁴/7,,"2 Killed, 14 Trapped in Flooded Coal Mine in Northeast China-  http://t.co/ArhivdgY0A #flood #fb",en,[],['http://www.ubalert.com/QuNb'],[],0,0,0,"['flood', 'fb']",[],https://twitter.com/WorldALERTS247/status/501336246401384449,False,,0,,,,,,,,[],,,,
501333944223412225,501333944223412225,2014-08-18 07:45:01 EDT,2014-08-18,07:45:01,-0400,851026248,iam_jossey,Josiah O.,,"I stay in abj ...hmmmm....wat about dos in d south,south west n south east...#Flood",en,[],[],[],0,0,0,['flood'],[],https://twitter.com/iam_JosSeY/status/501333944223412225,False,,0,,,,,,,,[],,,,
501333739470094336,501333739470094336,2014-08-18 07:44:12 EDT,2014-08-18,07:44:12,-0400,851026248,iam_jossey,Josiah O.,,No wind No storm ..jst rain rain rain...@ dis rate I fear O...#Flood,en,[],[],[],0,0,0,['flood'],[],https://twitter.com/iam_JosSeY/status/501333739470094336,False,,0,,,,,,,,[],,,,
501333272828575744,501333272828575744,2014-08-18 07:42:21 EDT,2014-08-18,07:42:21,-0400,851026248,iam_jossey,Josiah O.,,Mehn...if dis rain continues lik dis..we might fight flood dis year too...#Flood,en,[],[],[],0,0,0,['flood'],[],https://twitter.com/iam_JosSeY/status/501333272828575744,False,,0,,,,,,,,[],,,,
501331626581049344,501331626581049344,2014-08-18 07:35:48 EDT,2014-08-18,07:35:48,-0400,1289003078,nfmallanwater,NFM Allan Water,,"Glen Feshie at weekend, flattened grass gives evidence #trees and #scrub helped slow last week's Spey #flood. #NFM  http://t.co/eAiwcflvtZ",en,[],[],['https://pbs.twimg.com/media/BvUWdJoIIAA3VjO.jpg'],1,1,0,"['trees', 'scrub', 'flood', 'nfm']",[],https://twitter.com/NFMAllanwater/status/501331626581049344,False,,1,https://pbs.twimg.com/media/BvUWdJoIIAA3VjO.jpg,,,,,,,[],,,,
501330312253542400,501330312253542400,2014-08-18 07:30:35 EDT,2014-08-18,07:30:35,-0400,45195411,ubalert,ubAlert,,"2 Killed, 14 Trapped in Flooded Coal Mine in Northeast China-  http://t.co/kytvtmn3Ug #flood #fb",en,[],['http://www.ubalert.com/QuNb'],[],0,0,0,"['flood', 'fb']",[],https://twitter.com/ubalert/status/501330312253542400,False,,0,,,,,,,,[],,,,
501330250299498496,501330250299498496,2014-08-18 07:30:20 EDT,2014-08-18,07:30:20,-0400,21036370,9and10news,9 & 10 News,,Governor Rick Snyder visited #RoyalOak to survey #flood damages &amp; help residents. More info:  http://t.co/Zbn6kXBm8P  http://t.co/8BWwlRV0Uv,en,[],['http://bit.ly/XuoeGb'],['https://pbs.twimg.com/media/BvUVNM6CQAElNGo.jpg'],0,0,0,"['royaloak', 'flood']",[],https://twitter.com/9and10News/status/501330250299498496,False,,1,https://pbs.twimg.com/media/BvUVNM6CQAElNGo.jpg,,,,,,,[],,,,
501327315528196098,501327315528196098,2014-08-18 07:18:40 EDT,2014-08-18,07:18:40,-0400,232422202,abcemergency,abcemergency,,"#NSW Towrang, Big Hill, Brayton and Greenwich Park could be isolated by #flood for 24hrs. Follow @NSWSES  for updates",en,"[{'screen_name': 'nswses', 'name': 'nsw ses', 'id': '213903671'}]",[],[],0,2,2,"['nsw', 'flood']",[],https://twitter.com/ABCemergency/status/501327315528196098,False,,0,,,,,,,,[],,,,
501326350754410497,501326350754410497,2014-08-18 07:14:50 EDT,2014-08-18,07:14:50,-0400,304126565,kc_prasanna,Prasanna KC,,"Amidst all the criticism for not doing enough, #Nepal Army choppers provide much needed relief to the #flood victims  http://t.co/O6XMUpWqlt",en,[],[],['https://pbs.twimg.com/media/BvURkU7CQAAccVG.jpg'],1,9,4,"['nepal', 'flood']",[],https://twitter.com/KC_Prasanna/status/501326350754410497,False,,1,https://pbs.twimg.com/media/BvURkU7CQAAccVG.jpg,,,,,,,[],,,,
501326312783368194,501326312783368194,2014-08-18 07:14:41 EDT,2014-08-18,07:14:41,-0400,1121886709,reinsurancehub,Reinsurance Hub,,#Flood claims push #Amlin UK to first-half underwriting loss  #insurance   #reinsurance    http://t.co/dX7A2cj8ha?,en,[],['http://www.insurancetimes.co.uk/1409552.article'],[],0,0,0,"['flood', 'amlin', 'insurance', 'reinsurance']",[],https://twitter.com/ReinsuranceHub/status/501326312783368194,False,,0,,,,,,,,[],,,,
501324545169428480,501324545169428480,2014-08-18 07:07:40 EDT,2014-08-18,07:07:40,-0400,18186549,oneindiahindi,Oneindia Hindi,,"तस्वीरों में देखिए, बाढ़ ने फिर किया भारत के कई गांवों का हाल बेहाल  http://t.co/6BK1x2vnKP #Flood",hi,[],['http://hindi.oneindia.in/news/features/many-villages-india-submurged-heavy-flood-this-year-315425.html'],[],0,0,0,['flood'],[],https://twitter.com/oneindiaHindi/status/501324545169428480,False,,0,,,,,,,,[],,,,
501322958514552833,501322958514552833,2014-08-18 07:01:22 EDT,2014-08-18,07:01:22,-0400,2161244606,_pankajkhajuria,Pankaj Khajuria,,"""@airnewsalerts: Jammu and Kashmir: #Flood situation in Samba district under control as weather improves."" get well Soon",en,"[{'screen_name': 'airnewsalerts', 'name': 'all india radio news', 'id': '1056850669'}]",[],[],0,0,0,['flood'],[],https://twitter.com/_PankaJKhajuria/status/501322958514552833,False,,0,,,,,,,,[],,,,
501322038850490368,501322038850490368,2014-08-18 06:57:42 EDT,2014-08-18,06:57:42,-0400,232422202,abcemergency,abcemergency,,.@NSWSES says the community of Towrang #NSW near Goulburn on the Wollondilly River will be isolated by #flood tonight. 400 people afected,en,"[{'screen_name': 'nswses', 'name': 'nsw ses', 'id': '213903671'}]",[],[],0,3,3,"['nsw', 'flood']",[],https://twitter.com/ABCemergency/status/501322038850490368,False,,0,,,,,,,,[],,,,
501319155614617600,501319155614617600,2014-08-18 06:46:15 EDT,2014-08-18,06:46:15,-0400,2259934531,bhaskarnewsorg,bhaskarnews,,#Flood situation in Assam and Himachal remains grim.,en,[],[],[],0,0,0,['flood'],[],https://twitter.com/bhaskarnewsorg/status/501319155614617600,False,,0,,,,,,,,[],,,,
501317495677280256,501317495677280256,2014-08-18 06:39:39 EDT,2014-08-18,06:39:39,-0400,2150720707,biglenlittlelen,biglenslittlelens,"{'type': 'Point', 'coordinates': [-33.92198995, 151.06990842]}",Home time on a wet and windy night. #sydneylocal #sydney #wet #rain #flood #traffic #city #cityscape…  http://t.co/FO9PKbgT4E,en,[],['http://instagram.com/p/r1iqvAM5LO/'],[],0,0,0,"['sydneylocal', 'sydney', 'wet', 'rain', 'flood', 'traffic', 'city', 'cityscape']",[],https://twitter.com/biglenlittlelen/status/501317495677280256,False,,0,,,,,,,,[],,,,
501316411651031040,501316411651031040,2014-08-18 06:35:21 EDT,2014-08-18,06:35:21,-0400,199357399,homeownersfyi,HomeOwnership Tips,,Are you prepared for an #Emergency? #Evacuation #Flood #Tornado #Hurricane 2  http://t.co/CeRJkauAXs,en,[],['http://ow.ly/ApAlm'],[],0,0,0,"['emergency', 'evacuation', 'flood', 'tornado', 'hurricane']",[],https://twitter.com/HomeOwnersFYI/status/501316411651031040,False,,0,,,,,,,,[],,,,
501316116199653377,501316116199653377,2014-08-18 06:34:10 EDT,2014-08-18,06:34:10,-0400,1056850669,airnewsalerts,All India Radio News,,#Flood situation in Assam and Himachal remains grim.   Listen full stories :-  https://t.co/bCmLvy1cyS,en,[],['https://soundcloud.com/allindiaradionews/flood-situation-in-assam-and-himachal-remains-grim'],[],0,2,0,['flood'],[],https://twitter.com/airnewsalerts/status/501316116199653377,False,,0,,,,,,,,[],,,,
501315532721639425,501315532721639425,2014-08-18 06:31:51 EDT,2014-08-18,06:31:51,-0400,2569052232,notepolicies,Priority & Policy,,#flood Itna sannata kyu hai bhai ( why so much silence) @i_narendramodi  @NationFirst4All  @SanghParivarOrg  @rsprasad,tl,"[{'screen_name': 'i_narendramodi', 'name': 'narendra modi', 'id': '104128659'}, {'screen_name': 'nationfirst4all', 'name': 'जय श्री राम', 'id': '247152469'}, {'screen_name': 'sanghparivarorg', 'name': 'swyamsevak', 'id': '86535708'}, {'screen_name': 'rsprasad', 'name': 'ravi shankar prasad', 'id': '2222673457'}]",[],[],0,0,0,['flood'],[],https://twitter.com/NotePolicies/status/501315532721639425,False,,0,,,,,,,,[],,,,
501315412294778880,501315412294778880,2014-08-18 06:31:22 EDT,2014-08-18,06:31:22,-0400,2569052232,notepolicies,Priority & Policy,,#flood Itna sannata kyu hai bhai ( why so much silence) @i_narendramodi  @NationFirst4All  @narendramodi  @SanghParivarOrg  @rsprasad,tl,"[{'screen_name': 'i_narendramodi', 'name': 'narendra modi', 'id': '104128659'}, {'screen_name': 'nationfirst4all', 'name': 'जय श्री राम', 'id': '247152469'}, {'screen_name': 'narendramodi', 'name': 'narendra modi', 'id': '18839785'}, {'screen_name': 'sanghparivarorg', 'name': 'swyamsevak', 'id': '86535708'}, {'screen_name': 'rsprasad', 'name': 'ravi shankar prasad', 'id': '2222673457'}]",[],[],0,0,0,['flood'],[],https://twitter.com/NotePolicies/status/501315412294778880,False,,0,,,,,,,,[],,,,
501315281424510976,501315281424510976,2014-08-18 06:30:51 EDT,2014-08-18,06:30:51,-0400,546217977,southshore_5280,Southshore Aurora,,Are you prepared for an #Emergency? #Evacuation #Flood #Tornado #Hurricane 2  http://t.co/U9ov0TgdaT,en,[],['http://ow.ly/ApA5I'],[],0,0,0,"['emergency', 'evacuation', 'flood', 'tornado', 'hurricane']",[],https://twitter.com/Southshore_5280/status/501315281424510976,False,,0,,,,,,,,[],,,,
501313831403257857,501313831403257857,2014-08-18 06:25:06 EDT,2014-08-18,06:25:06,-0400,2363376368,luxuriousdenver,Million Dollar Denver,,Are you prepared for an #Emergency? #Evacuation #Flood #Tornado #Hurricane 2  http://t.co/O1QtlLKGtZ,en,[],['http://ow.ly/ApzLa'],[],0,0,0,"['emergency', 'evacuation', 'flood', 'tornado', 'hurricane']",[],https://twitter.com/LuxuriousDenver/status/501313831403257857,False,,0,,,,,,,,[],,,,
501310604036956160,501310604036956160,2014-08-18 06:12:16 EDT,2014-08-18,06:12:16,-0400,1559272813,seismoblogs,Seismoblog,,Flood in Nepal changed isolated footings to cantilever !!! #Nepal #Flood  http://t.co/NbAvnmmllY,en,[],[],['https://pbs.twimg.com/media/BvUB978CYAAxiky.jpg'],1,10,2,"['nepal', 'flood']",[],https://twitter.com/seismoblogs/status/501310604036956160,False,,1,https://pbs.twimg.com/media/BvUB978CYAAxiky.jpg,,,,,,,[],,,,
501309732775137280,501309732775137280,2014-08-18 06:08:48 EDT,2014-08-18,06:08:48,-0400,300328909,ukfloodbarriers,UK Flood Barriers,,@BBCNews - #Flood-hit park in #Worthing reopens to public  http://t.co/CuIxkV74nC,en,[],['http://bbc.in/1ApxXeu'],[],0,0,0,"['flood', 'worthing']",[],https://twitter.com/UKFloodBarriers/status/501309732775137280,False,,0,,,,,,,,[],,,,
501307571332841472,501307571332841472,2014-08-18 06:00:13 EDT,2014-08-18,06:00:13,-0400,1536412436,globalfloodnews,GlobalFloodSystem,,#flood #disaster Nepal and India floods leave many dead - BBC News: BBC NewsNepal and India floods leave many ...  http://t.co/VHXIyhoepp,en,[],['http://bit.ly/1rMjcgL'],[],0,0,0,"['flood', 'disaster']",[],https://twitter.com/GlobalFloodNews/status/501307571332841472,False,,0,,,,,,,,[],,,,
501303465088266240,501303465088266240,2014-08-18 05:43:54 EDT,2014-08-18,05:43:54,-0400,491941378,jansatta,Jansatta,,उत्तर प्रदेश में बाढ़ से मचा हाहाकार : 13 और लोगों की मौत... http://t.co/nStPQzRxME #UttarPradesh #flood #floodpictures #news #India,hi,[],['http://bit.ly/1oTS0cz'],[],0,0,0,"['uttarpradesh', 'flood', 'floodpictures', 'news', 'india']",[],https://twitter.com/Jansatta/status/501303465088266240,False,,0,,,,,,,,[],,,,
501299213784088576,501299213784088576,2014-08-18 05:27:00 EDT,2014-08-18,05:27:00,-0400,2194265448,bureaucover,Bureau Insurance ,,"#happymonday here in the office, the sun is shining, so onwards and upwards #nonstandard #home #insurance #flood #convictions #susbidence",en,[],[],[],0,1,0,"['happymonday', 'nonstandard', 'home', 'insurance', 'flood', 'convictions', 'susbidence']",[],https://twitter.com/BureauCover/status/501299213784088576,False,,0,,,,,,,,[],,,,
501298636786257921,501298636786257921,2014-08-18 05:24:43 EDT,2014-08-18,05:24:43,-0400,2585523085,disaworldnews,Disaster World News,,New faces flood Hurricane tennis courts - St. George Daily Spectrum  http://t.co/oevQu8u1Rr #Flood,en,[],['http://news.google.com/news/url?sa=t&fd=R&ct2=us&usg=AFQjCNFC2e7JSqW0atZGYzusl0_JrCNyrA&clid=c3a7d30bb8a4878e06b80cf16b898331&cid=52778587324793&ei=I8PxU8CsBsL_mQK4pYDYBg&url=http://www.thespectrum.com/story/sports/high-school/2014/08/17/new-faces-flood-hurricane-tennis-courts/14213413/'],[],0,0,0,['flood'],[],https://twitter.com/DisaWorldNews/status/501298636786257921,False,,0,,,,,,,,[],,,,
501298634412269568,501298634412269568,2014-08-18 05:24:42 EDT,2014-08-18,05:24:42,-0400,2585523085,disaworldnews,Disaster World News,,"Flood Fury in North India: Dozens Killed, Lakhs Affected - NDTV  http://t.co/MDDMQCo9No #Flood",en,[],['http://news.google.com/news/url?sa=t&fd=R&ct2=us&usg=AFQjCNGphFdCOysdsr6wJFgZO5kGEgoHow&clid=c3a7d30bb8a4878e06b80cf16b898331&cid=52778586542601&ei=I8PxU8CsBsL_mQK4pYDYBg&url=http://www.ndtv.com/article/india/flood-fury-in-north-india-dozens-killed-lakhs-affected-577306'],[],0,0,0,['flood'],[],https://twitter.com/DisaWorldNews/status/501298634412269568,False,,0,,,,,,,,[],,,,
501298629408468992,501298629408468992,2014-08-18 05:24:41 EDT,2014-08-18,05:24:41,-0400,2585523085,disaworldnews,Disaster World News,,Flood likely will cost UI less than expected - The Gazette: Eastern Iowa Breaking News and Headlines  http://t.co/2PykLGL0lT) #Flood,en,[],['http://news.google.com/news/url?sa=t&fd=R&ct2=us&usg=AFQjCNH3TlLz6gMbsd-2GV-fzHWEaB-JQQ&clid=c3a7d30bb8a4878e06b80cf16b898331&cid=52778587313438&ei=I8PxU8CsBsL_mQK4pYDYBg&url=http://thegazette.com/subject/news/flood-likely-will-cost-ui-less-than-expected-20140817?utm_source%3Dfeedburner%26utm_medium%3Dfeed%26utm_campaign%3DFeed:%2520GazetteOnlineBreakingNews%2520(TheGazette.com%2520Breaking%2520News'],[],0,0,0,['flood'],[],https://twitter.com/DisaWorldNews/status/501298629408468992,False,,0,,,,,,,,[],,,,
501294954355109888,501294954355109888,2014-08-18 05:10:05 EDT,2014-08-18,05:10:05,-0400,19557483,ameehq,AMEE,,#flood risk scores live on AMEE in partnership with @floodexpert Ambiental &gt;&gt;  http://t.co/Ud3WklnNB1,en,"[{'screen_name': 'floodexpert', 'name': 'ambiental', 'id': '200076288'}]",['http://ow.ly/wT1k4'],[],0,1,0,['flood'],[],https://twitter.com/ameeHQ/status/501294954355109888,False,,0,,,,,,,,[],,,,
501291010370985984,501291010370985984,2014-08-18 04:54:25 EDT,2014-08-18,04:54:25,-0400,1056850669,airnewsalerts,All India Radio News,,Jammu and Kashmir: #Flood situation in Samba district under control as weather improves.,en,[],[],[],0,2,2,['flood'],[],https://twitter.com/airnewsalerts/status/501291010370985984,False,,0,,,,,,,,[],,,,
501288653277376512,501288653277376512,2014-08-18 04:45:03 EDT,2014-08-18,04:45:03,-0400,2272684952,sentinel_assam,The Sentinel,,Army personnel rescuing people from the #flood affected #Kalapani village in #Nagaon district on Sunday....  http://t.co/gxTfxjnJaW,en,[],['http://fb.me/2fEIBZxqP'],[],0,0,0,"['flood', 'kalapani', 'nagaon']",[],https://twitter.com/Sentinel_Assam/status/501288653277376512,False,,0,,,,,,,,[],,,,
501288589808791552,501288589808791552,2014-08-18 04:44:47 EDT,2014-08-18,04:44:47,-0400,118565507,paavan11,Paavan Mathema,,#Nepal #flood toll rises to 101. Contaminated water sparks fear for a cholera outbreak @afp  http://t.co/f8zh6nBmWf,en,"[{'screen_name': 'afp', 'name': 'afp news agency', 'id': '380648579'}]",['http://news.yahoo.com/nepal-landslides-floods-kill-53-displace-thousands-133612340.html'],[],0,0,0,"['nepal', 'flood']",[],https://twitter.com/paavan11/status/501288589808791552,False,,0,,,,,,,,[],,,,
501282297933737984,501282297933737984,2014-08-18 04:19:47 EDT,2014-08-18,04:19:47,-0400,598515806,jaimaharashtran,Jai Maharashtra News,,"मुसळधार पावसामुळे ८५ जणांचा मृत्यू...वाचा सविस्तर... http://t.co/ctz8ENBRxk #nepal, #flood  http://t.co/kIvmkEMdEj",mr,[],"['http://bit.ly/1rgnRfn', 'http://fb.me/3jPyFfbo1']",[],0,0,0,"['nepal', 'flood']",[],https://twitter.com/JaiMaharashtraN/status/501282297933737984,False,,0,,,,,,,,[],,,,
501282036955353088,501282036955353088,2014-08-18 04:18:45 EDT,2014-08-18,04:18:45,-0400,240587687,citsci_geek,Sci Geek,,"""74% #Brisbane #mangroves #damaged due to #2011 #flood"" J. Mackenzie #citscioz",it,[],[],[],0,0,0,"['brisbane', 'mangroves', 'damaged', 'flood', 'citscioz']",[],https://twitter.com/CitSci_Geek/status/501282036955353088,False,,0,,,,,,,,[],,,,
501281190897541120,501281190897541120,2014-08-18 04:15:23 EDT,2014-08-18,04:15:23,-0400,1364441124,iiegradschool,IIE @ Heriot-Watt,,Apply now: #PhD opportunity on the impact of #climate change on extreme #flood events  http://t.co/5Mjtz2FZQR,en,[],['http://ow.ly/zPJFB'],[],0,0,0,"['phd', 'climate', 'flood']",[],https://twitter.com/IIEGradSchool/status/501281190897541120,False,,0,,,,,,,,[],,,,
501279042423640064,501279042423640064,2014-08-18 04:06:51 EDT,2014-08-18,04:06:51,-0400,472870741,nnis_sports,nnis,,#Flood devastates #NorthBengal,ca,[],[],[],0,0,0,"['flood', 'northbengal']",[],https://twitter.com/nnis_sports/status/501279042423640064,False,,0,,,,,,,,[],,,,
501276976557334530,501276976557334530,2014-08-18 03:58:39 EDT,2014-08-18,03:58:39,-0400,79132107,disasterschart,Disasters Charter,,"#WorldView2 / #Landsat8 map of #flood waters over Shendi, #Sudan:  http://t.co/ZWrPwGAT6x #SudanFloods  http://t.co/VNSa846YCv",en,[],['http://bit.ly/1kH0YyR'],['https://pbs.twimg.com/media/BvTkwIwIcAAb-dm.jpg'],0,12,6,"['worldview2', 'landsat8', 'flood', 'sudan', 'sudanfloods']",[],https://twitter.com/DisastersChart/status/501276976557334530,False,,1,https://pbs.twimg.com/media/BvTkwIwIcAAb-dm.jpg,,,,,,,[],,,,
501276203865501697,501276203865501697,2014-08-18 03:55:34 EDT,2014-08-18,03:55:34,-0400,1536412436,globalfloodnews,GlobalFloodSystem,,"#flood #disaster Indian media: Damages caused by floods: Incessant rains, overflowing rivers kill dozens and d...  http://t.co/B8220uzk0r",en,[],['http://bbc.in/1v73Eq8'],[],0,0,0,"['flood', 'disaster']",[],https://twitter.com/GlobalFloodNews/status/501276203865501697,False,,0,,,,,,,,[],,,,
501276203232145408,501276203232145408,2014-08-18 03:55:34 EDT,2014-08-18,03:55:34,-0400,1536412436,globalfloodnews,GlobalFloodSystem,,"#flood #disaster Floods ravage 1500 villages in UP and Bihar, death toll 28: Bahraich/Darbhanga,Aug. 18 (ANI) ...  http://t.co/AhEZSBgPRh",en,[],['http://bit.ly/1t9qrlE'],[],0,0,0,"['flood', 'disaster']",[],https://twitter.com/GlobalFloodNews/status/501276203232145408,False,,0,,,,,,,,[],,,,
501276202464587776,501276202464587776,2014-08-18 03:55:34 EDT,2014-08-18,03:55:34,-0400,1536412436,globalfloodnews,GlobalFloodSystem,,#flood #disaster Many dead in Nepal and India floods: At least 160 people are reported to have been killed in ...  http://t.co/C52HucoRAw,en,[],['http://bbc.in/1t9qoWY'],[],0,0,0,"['flood', 'disaster']",[],https://twitter.com/GlobalFloodNews/status/501276202464587776,False,,0,,,,,,,,[],,,,
501274089277755393,501274089277755393,2014-08-18 03:47:10 EDT,2014-08-18,03:47:10,-0400,2477965532,hihidco,Hihid,,"#Nepal #flood toll hits 101, fears of #disease rise: Nepalese authorities on Monday feared an outbreak of diseases…  http://t.co/BsyQFeso8V",en,[],['http://goo.gl/fb/7FQ3Ny'],[],0,0,0,"['nepal', 'flood', 'disease']",[],https://twitter.com/hihidco/status/501274089277755393,False,,0,,,,,,,,[],,,,
501273481644744706,501273481644744706,2014-08-18 03:44:45 EDT,2014-08-18,03:44:45,-0400,1536412436,globalfloodnews,GlobalFloodSystem,,#flood #disaster Nepal Floods Death Toll Passes 100 - Voice of America: Voice of AmericaNepal Floods Death Tol...  http://t.co/gtBWzBPRNM,en,[],['http://bit.ly/1n0sliD'],[],0,0,0,"['flood', 'disaster']",[],https://twitter.com/GlobalFloodNews/status/501273481644744706,False,,0,,,,,,,,[],,,,
501270446281482241,501270446281482241,2014-08-18 03:32:42 EDT,2014-08-18,03:32:42,-0400,356104964,mukulagarwal66,mukulaggarwal,,RT @airnewsalerts: Centre deploys 12 NDRF teams in #Bihar and 4 in #UttarPradesh for rescue and relief operations in #Flood affected areas.,en,"[{'screen_name': 'airnewsalerts', 'name': 'all india radio news', 'id': '1056850669'}]",[],[],0,1,0,"['bihar', 'uttarpradesh', 'flood']",[],https://twitter.com/MukulAgarwal66/status/501270446281482241,False,,0,,,,,,,,[],,,,
501268334621364224,501268334621364224,2014-08-18 03:24:18 EDT,2014-08-18,03:24:18,-0400,1056850669,airnewsalerts,All India Radio News,,#HimachalPradesh: Normal life remains affected in #Flood-hit areas.,en,[],[],[],1,2,2,"['himachalpradesh', 'flood']",[],https://twitter.com/airnewsalerts/status/501268334621364224,False,,0,,,,,,,,[],,,,
501263897332940800,501263897332940800,2014-08-18 03:06:40 EDT,2014-08-18,03:06:40,-0400,347704988,richard_dixon,Richard Dixon,,3 #flood warnings and 2 flood alerts in force for Scotland @SEPA  http://t.co/V1JSYgeS07,en,"[{'screen_name': 'sepa', 'name': 'sebastian dolber', 'id': '14098468'}]",['http://www.sepa.org.uk/flooding.aspx'],[],0,0,0,['flood'],[],https://twitter.com/Richard_Dixon/status/501263897332940800,False,,0,,,,,,,,[],,,,
501263666549751809,501263666549751809,2014-08-18 03:05:45 EDT,2014-08-18,03:05:45,-0400,258006338,heretolove3,Onlyhopeyouhave,,Evidence Of Noah’s Ark  http://t.co/JO6huUlsYk #Flood #Genesis #Science #fossils,en,[],['http://ow.ly/tbC86'],[],0,0,0,"['flood', 'genesis', 'science', 'fossils']",[],https://twitter.com/heretolove3/status/501263666549751809,False,,0,,,,,,,,[],,,,
501261413080657920,501261413080657920,2014-08-18 02:56:48 EDT,2014-08-18,02:56:48,-0400,369392022,top_now,News Now,,Death toll in Nepal floods reaches 98 129 missing ::    http://t.co/CzR7HrHSLZ #flood,en,[],['http://www.overwi.se/NewsFeed/131'],[],0,0,0,['flood'],[],https://twitter.com/top_now/status/501261413080657920,False,,0,,,,,,,,[],,,,
501261151318339584,501261151318339584,2014-08-18 02:55:46 EDT,2014-08-18,02:55:46,-0400,87795196,canuckclicks,🇨🇦CanuckClicks,,#Flood Prevention Tips For Your Home  #article 112301 @netdatabiz @1winword,en,"[{'screen_name': 'netdatabiz', 'name': 'netdatabiz', 'id': '230632774'}, {'screen_name': '1winword', 'name': 'win word', 'id': '608422048'}]",[],[],0,0,0,"['flood', 'article']",[],https://twitter.com/Canuckclicks/status/501261151318339584,False,,0,,,,,,,,[],,,,
501259286329450496,501259286329450496,2014-08-18 02:48:21 EDT,2014-08-18,02:48:21,-0400,359288159,floodadviceuk,Warwick York Chartered Surveyors,,Today's Free copy of The Ark is out! Subscribe for free for daily Twitter and email update links  #flood #ukfloods    http://t.co/LGuGU8gt1A,en,[],['http://paper.li/FloodAdviceUK/1398519991'],[],0,0,0,"['flood', 'ukfloods']",[],https://twitter.com/FloodAdviceUK/status/501259286329450496,False,,0,,,,,,,,[],,,,
501254774952456192,501254774952456192,2014-08-18 02:30:25 EDT,2014-08-18,02:30:25,-0400,60514666,focus_taiwan,Focus Taiwan (CNA English News),,Taiwan sees record-high number of #dengue cases #flood  http://t.co/e9RGGRcEKm  http://t.co/DBbe2sTAmu,en,[],['http://focustaiwan.tw/news/asoc/201408180009.aspx'],['https://pbs.twimg.com/media/BvTQj4-CYAA1EZW.jpg'],0,1,0,"['dengue', 'flood']",[],https://twitter.com/Focus_Taiwan/status/501254774952456192,False,,1,https://pbs.twimg.com/media/BvTQj4-CYAA1EZW.jpg,,,,,,,[],,,,
501252711921111040,501252711921111040,2014-08-18 02:22:14 EDT,2014-08-18,02:22:14,-0400,1056850669,airnewsalerts,All India Radio News,,#Flood situation in Uttar Pradesh continues to be grim.,en,[],[],[],0,1,0,['flood'],[],https://twitter.com/airnewsalerts/status/501252711921111040,False,,0,,,,,,,,[],,,,
501250016371961858,501250016371961858,2014-08-18 02:11:31 EDT,2014-08-18,02:11:31,-0400,18185798,thatstamil,Oneindia Tamil,,வட மாநிலங்களில் கனமழை... கிராமங்களை சூழ்ந்த வெள்ளம்: மக்கள் தவிப்பு  http://t.co/2yQELLRETa #Flood,ta,[],['http://tamil.oneindia.in/news/india/flood-fury-uttarakhand-up-assam-bihar-lakhs-displaced-208816.html'],[],0,0,0,['flood'],[],https://twitter.com/thatsTamil/status/501250016371961858,False,,0,,,,,,,,[],,,,
501246783281192960,501246783281192960,2014-08-18 01:58:40 EDT,2014-08-18,01:58:40,-0400,2585523085,disaworldnews,Disaster World News,,"Nepal Flood Toll Hits 101, Fears of Disease Rise - ABC News  http://t.co/p98yfm0CKq #Flood",en,[],['http://news.google.com/news/url?sa=t&fd=R&ct2=us&usg=AFQjCNFxnlyUGDB9htJ4UCrdNgjKrIuJWQ&clid=c3a7d30bb8a4878e06b80cf16b898331&cid=52778584976501&ei=AJPxU5C4MZGvmQKYu4GICw&url=http://abcnews.go.com/International/wireStory/nepal-flood-toll-hits-101-fears-disease-rise-25016983'],[],0,0,0,['flood'],[],https://twitter.com/DisaWorldNews/status/501246783281192960,False,,0,,,,,,,,[],,,,
501246780626202624,501246780626202624,2014-08-18 01:58:39 EDT,2014-08-18,01:58:39,-0400,2585523085,disaworldnews,Disaster World News,,"Floods wreak havoc in Uttar Pradesh, Uttarakhand, Assam, Bihar; lakhs affected - Zee News  http://t.co/rdF4skPR2v #Flood",en,[],['http://news.google.com/news/url?sa=t&fd=R&ct2=us&usg=AFQjCNHRcE_OO5OTNl-kjvaHhDWshwzg4Q&clid=c3a7d30bb8a4878e06b80cf16b898331&cid=52778586542601&ei=AJPxU5C4MZGvmQKYu4GICw&url=http://zeenews.india.com/news/nation/flood-fury-in-uttarakhand-up-assam-bihar-lakhs-displaced_955220.html'],[],0,0,0,['flood'],[],https://twitter.com/DisaWorldNews/status/501246780626202624,False,,0,,,,,,,,[],,,,
501246328563703809,501246328563703809,2014-08-18 01:56:52 EDT,2014-08-18,01:56:52,-0400,232422202,abcemergency,abcemergency,,Severe weather #storm warning for #VIC has been cancelled. #Flood watch remains in place for #Gippsland area:  http://t.co/xFRH7bdEzi,en,[],['http://www.abc.net.au/news/emergency/state/vic/'],[],0,1,3,"['storm', 'vic', 'flood', 'gippsland']",[],https://twitter.com/ABCemergency/status/501246328563703809,False,,0,,,,,,,,[],,,,
501246161152274432,501246161152274432,2014-08-18 01:56:12 EDT,2014-08-18,01:56:12,-0400,147254571,omorfia19,Monika Thakur,,#HydroGuard easily fixes on the door to prevent your house from #flood  http://t.co/a9MM7kyAh4,en,[],['http://www.homecrux.com/2014/08/18/19422/hydroguard-easily-fixes-on-the-door-to-prevent-your-house-from-flood.html'],[],0,0,0,"['hydroguard', 'flood']",[],https://twitter.com/omorfia19/status/501246161152274432,False,,0,,,,,,,,[],,,,
501241880898977792,501241880898977792,2014-08-18 01:39:11 EDT,2014-08-18,01:39:11,-0400,1536412436,globalfloodnews,GlobalFloodSystem,,#Global #Flood #News is out!  http://t.co/Md3w8tfcw1 Stories via @sankuchy @DisaWorldNews,en,"[{'screen_name': 'sankuchy', 'name': 'sanjib chaudhary', 'id': '34263183'}, {'screen_name': 'disaworldnews', 'name': 'disaster world news', 'id': '2585523085'}]",['http://paper.li/GlobalFloodNews/1373268934'],[],0,3,1,"['global', 'flood', 'news']",[],https://twitter.com/GlobalFloodNews/status/501241880898977792,False,,0,,,,,,,,[],,,,
501239869801521152,501239869801521152,2014-08-18 01:31:12 EDT,2014-08-18,01:31:12,-0400,369392022,top_now,News Now,,Nepal flood toll hits 101 fears of disease rise ::    http://t.co/CzR7HrHSLZ #flood,en,[],['http://www.overwi.se/NewsFeed/131'],[],0,0,0,['flood'],[],https://twitter.com/top_now/status/501239869801521152,False,,0,,,,,,,,[],,,,
501239609284509698,501239609284509698,2014-08-18 01:30:10 EDT,2014-08-18,01:30:10,-0400,17185168,indiawater,India Water Portal,,India promises to provide Rs 48 crore funds to Nepal's #flood victims  http://t.co/35NX8EKgJ6,en,[],['http://bit.ly/Vy4tLV'],[],0,0,0,['flood'],[],https://twitter.com/indiawater/status/501239609284509698,False,,0,,,,,,,,[],,,,
501238208068202497,501238208068202497,2014-08-18 01:24:36 EDT,2014-08-18,01:24:36,-0400,462902673,news18rajasthan,News18 Rajasthan,,#FLOOD बाढ़ के चलते लखनऊ-गोंडा हाइवे बंद,hi,[],[],[],0,3,1,['flood'],[],https://twitter.com/News18Rajasthan/status/501238208068202497,False,,0,,,,,,,,[],,,,
501235944146874368,501235944146874368,2014-08-18 01:15:36 EDT,2014-08-18,01:15:36,-0400,125944392,etribune,The Express Tribune,,(World) Nepal floods death toll climbs to 101  http://t.co/i5ZjWrVUBY #Nepal #Flood  http://t.co/YhgzpiMtuh,en,[],['http://tribune.com.pk/story/750222/nepal-floods-death-toll-climbs-to-101/'],['https://pbs.twimg.com/media/BvS_bn5IEAAC0qN.jpg'],1,5,4,"['nepal', 'flood']",[],https://twitter.com/etribune/status/501235944146874368,False,,1,https://pbs.twimg.com/media/BvS_bn5IEAAC0qN.jpg,,,,,,,[],,,,
501235611479842816,501235611479842816,2014-08-18 01:14:16 EDT,2014-08-18,01:14:16,-0400,161617779,vikasgupta2106,Vikas Gupta,,"#Flood fury in #Uttarakhand, #UP, #Assam, #Bihar; lakhs displaced  http://t.co/QjmMfJT282",en,[],['http://bit.ly/1rLkzvY'],[],0,0,0,"['flood', 'uttarakhand', 'up', 'assam', 'bihar']",[],https://twitter.com/VikasGupta2106/status/501235611479842816,False,,0,,,,,,,,[],,,,
501235491849920512,501235491849920512,2014-08-18 01:13:48 EDT,2014-08-18,01:13:48,-0400,226695189,757livenews,757Live News,,"#Flood situation in Assam grim, toll rises to 3 - Times of India  http://t.co/8Puh56GoK9",en,[],['http://7l.noip.me/1qiCXKK'],[],0,0,0,['flood'],[],https://twitter.com/757LiveNews/status/501235491849920512,False,,0,,,,,,,,[],,,,
501235443665354752,501235443665354752,2014-08-18 01:13:36 EDT,2014-08-18,01:13:36,-0400,2274238034,vishwa_ujjain,Vishwadeep Ujjain,,LUCKNOW-BARABANKI HIGHWAY CLOSED BECAUSE OF FLOOD WATER.THIS ROAD ALSO CONNECT GONDA AND BEHRAICH TO LUCKNOW. #flood,en,[],[],[],0,0,0,['flood'],[],https://twitter.com/vishwa_ujjain/status/501235443665354752,False,,0,,,,,,,,[],,,,
501235252296417280,501235252296417280,2014-08-18 01:12:51 EDT,2014-08-18,01:12:51,-0400,2571584989,glucakfvs,Giacomo Luca,,Flooding across Southern Illinois caused by heavy rainfall. ( http://t.co/7ot5CpLsip) @kfvsnews #McLeansboro #Illinois #Flood #Rain,en,"[{'screen_name': 'kfvsnews', 'name': 'kfvs news', 'id': '21034105'}]",['http://bit.ly/1p4vUJn'],[],0,0,0,"['mcleansboro', 'illinois', 'flood', 'rain']",[],https://twitter.com/glucakfvs/status/501235252296417280,False,,0,,,,,,,,[],,,,
501235110180421632,501235110180421632,2014-08-18 01:12:17 EDT,2014-08-18,01:12:17,-0400,19002374,justinrandom,𝗝𝘂𝘀𝘁𝗶𝗻 𝗟𝗮𝗻𝗲,,Love it how same spots in #Sydney #flood whenever there's a downpour after a dry patch.. and only then do we dispatch maint crew! #proactive,en,[],[],[],0,0,0,"['sydney', 'flood', 'proactive']",[],https://twitter.com/JUSTINrandom/status/501235110180421632,False,,0,,,,,,,,[],,,,
501234636547436544,501234636547436544,2014-08-18 01:10:24 EDT,2014-08-18,01:10:24,-0400,226695189,757livenews,757Live News,,"#Flood fury in Uttarakhand, UP, Assam, Bihar; lakhs displaced - Zee News  http://t.co/ZEHsvg8Axr",en,[],['http://7l.noip.me/VxFdps'],[],0,0,0,['flood'],[],https://twitter.com/757LiveNews/status/501234636547436544,False,,0,,,,,,,,[],,,,
501232087144210432,501232087144210432,2014-08-18 01:00:16 EDT,2014-08-18,01:00:16,-0400,17185168,indiawater,India Water Portal,,"Assam #flood affects nearly 3.68 lakh people across 14 districts, submerges 791 villages  http://t.co/Eic2Bo9wb7",en,[],['http://bit.ly/1p4sSF8'],[],0,2,0,['flood'],[],https://twitter.com/indiawater/status/501232087144210432,False,,0,,,,,,,,[],,,,
501228858025050113,501228858025050113,2014-08-18 00:47:26 EDT,2014-08-18,00:47:26,-0400,18186549,oneindiahindi,Oneindia Hindi,,"बिहार: बेकाबू होती जा रही बाढ़, जलमग्न गांवों में रेस्क्यू ऑपरेशन जारी   http://t.co/aYievVTnw9 #Flood",hi,[],['http://hindi.oneindia.in/news/india/flood-bihar-nearby-vilaage-region-of-control-315330.html'],[],0,0,0,['flood'],[],https://twitter.com/oneindiaHindi/status/501228858025050113,False,,0,,,,,,,,[],,,,
501228114479808512,501228114479808512,2014-08-18 00:44:29 EDT,2014-08-18,00:44:29,-0400,760840926,oneindiagujarat,oneindiagujarat,,અસમમાં પ્રકૃતિનો પ્રક્રોપ   http://t.co/UIVbi0o42z  #flood #assam #Gujarati  http://t.co/yHrWm6z7dS,gu,[],['http://gujarati.oneindia.in/news/india/horrible-pictures-flood-assam-bihar-uttarakhand-exclusive-020817.html#slide818578'],['https://pbs.twimg.com/media/BvS4UBuCEAAyUFC.jpg'],0,2,0,"['flood', 'assam', 'gujarati']",[],https://twitter.com/oneindiagujarat/status/501228114479808512,False,,1,https://pbs.twimg.com/media/BvS4UBuCEAAyUFC.jpg,,,,,,,[],,,,
501226219145543680,501226219145543680,2014-08-18 00:36:57 EDT,2014-08-18,00:36:57,-0400,1317792486,757liveworld,757Live World,,"#Flood advisory, blowing dust advisory issued for Maricopa County, Ariz., as strong storm moves into area - azce...  http://t.co/9Ynt2HivYT",en,[],['http://7l.noip.me/1uL9uQB'],[],0,0,0,['flood'],[],https://twitter.com/757LiveWorld/status/501226219145543680,False,,0,,,,,,,,[],,,,
501224765432946689,501224765432946689,2014-08-18 00:31:11 EDT,2014-08-18,00:31:11,-0400,18866090,anil5,Anil Gulati,,"India #Flood fury - Uttarakhand, #UP, Assam, Bihar; lakhs displaced #emergencytweets  http://t.co/OJtjdBjSNA",in,[],['http://zeenews.india.com/news/nation/flood-fury-in-uttarakhand-up-assam-bihar-lakhs-displaced_955220.html'],[],0,0,0,"['flood', 'up', 'emergencytweets']",[],https://twitter.com/Anil5/status/501224765432946689,False,,0,,,,,,,,[],,,,
501224552198709248,501224552198709248,2014-08-18 00:30:20 EDT,2014-08-18,00:30:20,-0400,34263183,sankuchy,Sanjib Chaudhary,,Nepal #Flood toll nears 100; 129 missing  http://t.co/Mg3m14CE2E,en,[],['http://www.ekantipur.com/2014/08/18/top-story/flood-toll-nears-100-129-missing/393738.html#.U_GA8bPiL9c.twitter'],[],0,0,1,['flood'],[],https://twitter.com/sankuchy/status/501224552198709248,False,,0,,,,,,,,[],,,,
501220277699612672,501220277699612672,2014-08-18 00:13:21 EDT,2014-08-18,00:13:21,-0400,1945979065,oneindiabengali,Oneindia Bengali,,"উত্তরপ্রদেশে বন্যায় মৃত বেড়ে ২৮, দুর্গত উত্তরাখণ্ডও  http://t.co/E1sjSXV2rc #Flood #bengali",bn,[],['http://bengali.oneindia.in/news/india/death-toll-rises-to-28-in-up-flood-3-lakh-people-of-1500-villages-affected-002626.html'],[],0,0,0,"['flood', 'bengali']",[],https://twitter.com/OneindiaBengali/status/501220277699612672,False,,0,,,,,,,,[],,,,
501216797098795008,501216797098795008,2014-08-17 23:59:31 EDT,2014-08-17,23:59:31,-0400,435625148,757live,757Live,,"#Flood advisory, blowing dust advisory issued for Maricopa County, Ariz., as strong storm moves into area - azce...  http://t.co/gC7COmZ5Y9",en,[],['http://7l.noip.me/1oIat1B'],[],0,0,0,['flood'],[],https://twitter.com/757Live/status/501216797098795008,False,,0,,,,,,,,[],,,,
501214320043126784,501214320043126784,2014-08-17 23:49:40 EDT,2014-08-17,23:49:40,-0400,1536412436,globalfloodnews,GlobalFloodSystem,,"#flood #disaster Deadly floods hit India, Nepal: Floods triggered by heavy rains in the Himalayas have inundat...  http://t.co/soDJGQXpvB",en,[],['http://bit.ly/1v6rUZq'],[],0,0,0,"['flood', 'disaster']",[],https://twitter.com/GlobalFloodNews/status/501214320043126784,False,,0,,,,,,,,[],,,,
501213674908823552,501213674908823552,2014-08-17 23:47:06 EDT,2014-08-17,23:47:06,-0400,397955778,mediaonetvlive,MediaOne TV,,"28 killed, more than 3 lakh people affected in the largest #flood in #UP since 1995. #UPFloods  http://t.co/qRcJpssh1s",en,[],['http://goo.gl/rBA9GW'],[],0,0,0,"['flood', 'up', 'upfloods']",[],https://twitter.com/MediaOneTVLive/status/501213674908823552,False,,0,,,,,,,,[],,,,
501210985219125248,501210985219125248,2014-08-17 23:36:25 EDT,2014-08-17,23:36:25,-0400,1536412436,globalfloodnews,GlobalFloodSystem,,"#flood #disaster Monsoon floods hit Uttar Pradesh, 1500 villages under water - Reuters: ReutersMonsoon floods ...  http://t.co/RC4aA880HN",en,[],['http://bit.ly/1t8XdDn'],[],0,0,0,"['flood', 'disaster']",[],https://twitter.com/GlobalFloodNews/status/501210985219125248,False,,0,,,,,,,,[],,,,
501207647144521728,501207647144521728,2014-08-17 23:23:09 EDT,2014-08-17,23:23:09,-0400,462902673,news18rajasthan,News18 Rajasthan,,"#FLOOD यूपी में बाढ़ का कहर, 1500 गांव प्रभावित, 28 लोगों की मौत",hi,[],[],[],0,1,0,['flood'],[],https://twitter.com/News18Rajasthan/status/501207647144521728,False,,0,,,,,,,,[],,,,
501207042875338753,501207042875338753,2014-08-17 23:20:45 EDT,2014-08-17,23:20:45,-0400,160131888,thehimalayan,The Himalayan Times,,#Bardiya #flood victims vent ire at government  http://t.co/mPTflcXUD3,en,[],['http://shar.es/1nxu0o'],[],0,0,0,"['bardiya', 'flood']",[],https://twitter.com/thehimalayan/status/501207042875338753,False,,0,,,,,,,,[],,,,
501206300311580672,501206300311580672,2014-08-17 23:17:48 EDT,2014-08-17,23:17:48,-0400,168094606,jajaborimon,go_goi,,"#Assam toll rises to 3, 1.76 affected #flood",en,[],[],[],0,0,0,"['assam', 'flood']",[],https://twitter.com/JajaboriMon/status/501206300311580672,False,,0,,,,,,,,[],,,,
501205176897003520,501205176897003520,2014-08-17 23:13:20 EDT,2014-08-17,23:13:20,-0400,62517001,randirobics,Randi Chenkin,,"Flood #Safety, Recovery &amp; Preparedness | Prepare for a Flood | Red Cross  http://t.co/8W6bi9POV7 #flood #longisland #parents",en,[],['http://fw.to/KFiRBna'],[],0,1,0,"['safety', 'flood', 'longisland', 'parents']",[],https://twitter.com/Randirobics/status/501205176897003520,False,,0,,,,,,,,[],,,,
501204930154074112,501204930154074112,2014-08-17 23:12:21 EDT,2014-08-17,23:12:21,-0400,472870741,nnis_sports,nnis,,"#Flood fury in #NorthIndia: dozens #killed, lakhs affected  http://t.co/d4qNzQzh2S",en,[],[],['https://pbs.twimg.com/media/BvSjOgeCYAAVLez.jpg'],0,0,0,"['flood', 'northindia', 'killed']",[],https://twitter.com/nnis_sports/status/501204930154074112,False,,1,https://pbs.twimg.com/media/BvSjOgeCYAAVLez.jpg,,,,,,,[],,,,
501200183548731392,501200183548731392,2014-08-17 22:53:30 EDT,2014-08-17,22:53:30,-0400,1536412436,globalfloodnews,GlobalFloodSystem,,"#flood #disaster Monsoon floods wreak havoc, 3.5 lakh hit in Assam floods, 28 dead in Uttar ... - Deccan Chron...  http://t.co/ERKOZvDq9E",en,[],['http://bit.ly/1rKZOAN'],[],0,0,0,"['flood', 'disaster']",[],https://twitter.com/GlobalFloodNews/status/501200183548731392,False,,0,,,,,,,,[],,,,
501195562910097408,501195562910097408,2014-08-17 22:35:08 EDT,2014-08-17,22:35:08,-0400,199357399,homeownersfyi,HomeOwnership Tips,,Are you prepared for an #Emergency? #Evacuation #Flood #Tornado #Hurricane 1  http://t.co/2FEWHQdC27,en,[],['http://ow.ly/ApAhA'],[],0,0,0,"['emergency', 'evacuation', 'flood', 'tornado', 'hurricane']",[],https://twitter.com/HomeOwnersFYI/status/501195562910097408,False,,0,,,,,,,,[],,,,
501195213545963520,501195213545963520,2014-08-17 22:33:45 EDT,2014-08-17,22:33:45,-0400,2585523085,disaworldnews,Disaster World News,,Flood Victim Prepares for Future Flooding -  http://t.co/iv4XA3s6Mp  http://t.co/mKxYhITm6w #Flood,en,[],"['http://wnep.com', 'http://news.google.com/news/url?sa=t&fd=R&ct2=us&usg=AFQjCNHJc8nBuH-wox6NlO0b9nVSnviUHA&clid=c3a7d30bb8a4878e06b80cf16b898331&ei=82LxU4CdIKTFmQK4vIGICg&url=http://wnep.com/2014/08/17/flood-victim-prepares-for-future-flooding/']",[],0,0,0,['flood'],[],https://twitter.com/DisaWorldNews/status/501195213545963520,False,,0,,,,,,,,[],,,,
501195207912984576,501195207912984576,2014-08-17 22:33:44 EDT,2014-08-17,22:33:44,-0400,2585523085,disaworldnews,Disaster World News,,"Flash flood hits 1000 UP villages, leaves 28 dead - Indian Express  http://t.co/T9yfwzrP9y #Flood",en,[],['http://news.google.com/news/url?sa=t&fd=R&ct2=us&usg=AFQjCNFpVfTmXwcxQtd5ijkU81iyhefhUQ&clid=c3a7d30bb8a4878e06b80cf16b898331&cid=52778586542601&ei=82LxU4CdIKTFmQK4vIGICg&url=http://indianexpress.com/article/india/india-others/flash-flood-hits-1000-up-villages-leaves-28-dead/'],[],0,0,0,['flood'],[],https://twitter.com/DisaWorldNews/status/501195207912984576,False,,0,,,,,,,,[],,,,
501194732291096577,501194732291096577,2014-08-17 22:31:50 EDT,2014-08-17,22:31:50,-0400,26946510,pnkchucktaylor,thumbelina ✞,,#FLOOD,und,[],[],[],0,0,0,['flood'],[],https://twitter.com/pnkchucktaylor/status/501194732291096577,False,,0,,,,,,,,[],,,,
501194451461898240,501194451461898240,2014-08-17 22:30:43 EDT,2014-08-17,22:30:43,-0400,2443667027,poetalok_mishra,Alok Mishra,,#Flood around me everywhere in #Bihar sharif. Water and water.. Nothing else! #Horrible,en,[],[],[],0,0,0,"['flood', 'bihar', 'horrible']",[],https://twitter.com/PoetAlok_Mishra/status/501194451461898240,False,,0,,,,,,,,[],,,,
501194366736945152,501194366736945152,2014-08-17 22:30:23 EDT,2014-08-17,22:30:23,-0400,546217977,southshore_5280,Southshore Aurora,,Are you prepared for an #Emergency? #Evacuation #Flood #Tornado #Hurricane 1  http://t.co/JNwhWEPEqJ,en,[],['http://ow.ly/ApzZk'],[],0,0,0,"['emergency', 'evacuation', 'flood', 'tornado', 'hurricane']",[],https://twitter.com/Southshore_5280/status/501194366736945152,False,,0,,,,,,,,[],,,,
501193030310060032,501193030310060032,2014-08-17 22:25:04 EDT,2014-08-17,22:25:04,-0400,2363376368,luxuriousdenver,Million Dollar Denver,,Are you prepared for an #Emergency? #Evacuation #Flood #Tornado #Hurricane 1  http://t.co/om2WFSxoix,en,[],['http://ow.ly/ApzGc'],[],0,0,0,"['emergency', 'evacuation', 'flood', 'tornado', 'hurricane']",[],https://twitter.com/LuxuriousDenver/status/501193030310060032,False,,0,,,,,,,,[],,,,
501192010603053056,501192010603053056,2014-08-17 22:21:01 EDT,2014-08-17,22:21:01,-0400,462902673,news18rajasthan,News18 Rajasthan,,"#FLOOD UP के बहराइच,लखीमपुर,बलरामपुर समेत कई गांव बाढ़ से तबाह.पीड़ितों को सरकारी मदद का इंतजार.बिहार में8जिलों के1लाख लोग बाढ़ से प्रभावित",hi,[],[],[],0,0,0,['flood'],[],https://twitter.com/News18Rajasthan/status/501192010603053056,False,,0,,,,,,,,[],,,,
501191688904527872,501191688904527872,2014-08-17 22:19:44 EDT,2014-08-17,22:19:44,-0400,226695189,757livenews,757Live News,,"#Flood Fury in North India: Dozens Killed, Lakhs Affected - NDTV  http://t.co/ABcukztAeI",en,[],['http://7l.noip.me/VxZpXY'],[],0,0,0,['flood'],[],https://twitter.com/757LiveNews/status/501191688904527872,False,,0,,,,,,,,[],,,,
501191441431789570,501191441431789570,2014-08-17 22:18:45 EDT,2014-08-17,22:18:45,-0400,462902673,news18rajasthan,News18 Rajasthan,,#FLood जम्मू-कश्मीर में LoC पर बाढ़ से बह गई 200 मीटर बाड़  http://t.co/tlk7rjX9A0,hi,[],[],['https://pbs.twimg.com/media/BvSW9XWCAAEO75P.jpg'],0,0,0,['flood'],[],https://twitter.com/News18Rajasthan/status/501191441431789570,False,,1,https://pbs.twimg.com/media/BvSW9XWCAAEO75P.jpg,,,,,,,[],,,,
501188647043862529,501188647043862529,2014-08-17 22:07:39 EDT,2014-08-17,22:07:39,-0400,458923640,denver_dean01,Dean,,When I bounce into ya DM's #flood  http://t.co/oV4wU1mXOV,en,[],[],['https://pbs.twimg.com/media/BvSUaxJCYAI6JHi.jpg'],0,2,4,['flood'],[],https://twitter.com/Denver_Dean01/status/501188647043862529,False,,1,https://pbs.twimg.com/media/BvSUaxJCYAI6JHi.jpg,,,,,,,[],,,,
501187376056516608,501187376056516608,2014-08-17 22:02:36 EDT,2014-08-17,22:02:36,-0400,45497249,lake_times,Advertiser/LakeTimes,,Illawarra Highway closed due to flooding between Tongara Road and Princess Highway. Albion Park #flood #rain #illawarraweather,en,[],[],[],0,1,0,"['flood', 'rain', 'illawarraweather']",[],https://twitter.com/Lake_Times/status/501187376056516608,False,,0,,,,,,,,[],,,,
501183368621719552,501183368621719552,2014-08-17 21:46:41 EDT,2014-08-17,21:46:41,-0400,406932519,johnkypreos,john kypreos,,#road #flood #river where's the road? All I can see is river.  http://t.co/Yh9SzXb6Os,en,[],['http://instagram.com/p/r0lrHqCQYd/'],[],0,0,0,"['road', 'flood', 'river']",[],https://twitter.com/JohnKypreos/status/501183368621719552,False,,0,,,,,,,,[],,,,
501175891675062272,501175891675062272,2014-08-17 21:16:58 EDT,2014-08-17,21:16:58,-0400,36694818,danielhodges,Daniel Maher Hodges,,You can overpower a #moment of #doubt with a #flood of #truth,en,[],[],[],0,0,0,"['moment', 'doubt', 'flood', 'truth']",[],https://twitter.com/danielhodges/status/501175891675062272,False,,0,,,,,,,,[],,,,
501173938173784064,501173938173784064,2014-08-17 21:09:12 EDT,2014-08-17,21:09:12,-0400,488390691,scoobee81,Stuart Bailey,,#parramatta #river in #flood #itsabitwet #Sydney #storm  http://t.co/mnZQ0fTJHY,und,[],['http://instagram.com/p/r0hYqQNCef/'],[],0,0,0,"['parramatta', 'river', 'flood', 'itsabitwet', 'sydney', 'storm']",[],https://twitter.com/Scoobee81/status/501173938173784064,False,,0,,,,,,,,[],,,,
501171362031890432,501171362031890432,2014-08-17 20:58:58 EDT,2014-08-17,20:58:58,-0400,258006338,heretolove3,Onlyhopeyouhave,,Evidence Of Noah’s Ark  http://t.co/JO6huUlsYk #Flood #Genesis #Science #fossils,en,[],['http://ow.ly/tbC86'],[],0,0,0,"['flood', 'genesis', 'science', 'fossils']",[],https://twitter.com/heretolove3/status/501171362031890432,False,,0,,,,,,,,[],,,,
501164608690733056,501164608690733056,2014-08-17 20:32:08 EDT,2014-08-17,20:32:08,-0400,287455210,neildufty,Neil Dufty,,Latest in floodplain management &amp; #flood emergency management around the world  http://t.co/4i8qgDU4Jr #smem #hsem,en,[],['http://www.m2news.com.au/tools/View.php?id=16881&t=ae6914f0dd56fba6e04a9e90c4e88ee9'],[],0,1,0,"['flood', 'smem', 'hsem']",[],https://twitter.com/NeilDufty/status/501164608690733056,False,,0,,,,,,,,[],,,,
501158236280483840,501158236280483840,2014-08-17 20:06:49 EDT,2014-08-17,20:06:49,-0400,306289174,charlievick,Cvick1990 🏳️‍🌈,,water everywhere #flood #water #mud  http://t.co/tVP4SVZU5y,en,[],['http://instagram.com/p/r0aPpJNt1O/'],[],0,0,0,"['flood', 'water', 'mud']",[],https://twitter.com/charlievick/status/501158236280483840,False,,0,,,,,,,,[],,,,
501157222466871296,501157222466871296,2014-08-17 20:02:47 EDT,2014-08-17,20:02:47,-0400,306289174,charlievick,Cvick1990 🏳️‍🌈,,who need a boat #flood  http://t.co/rcUL5g50ci,en,[],['http://instagram.com/p/r0ZyJjtt0c/'],[],0,0,0,['flood'],[],https://twitter.com/charlievick/status/501157222466871296,False,,0,,,,,,,,[],,,,
