id,conversation_id,created_at,date,time,timezone,user_id,username,name,place,tweet,language,mentions,urls,photos,replies_count,retweets_count,likes_count,hashtags,cashtags,link,retweet,quote_url,video,thumbnail,near,geo,source,user_rt_id,user_rt,retweet_id,reply_to,retweet_date,translate,trans_src,trans_dest
975519453894103040,975519453894103040,2018-03-18 19:48:56 EDT,2018-03-18,19:48:56,-0400,404093275,australianwarni,Australianwarnings,,#TAS #Weather Minor #Flood Warning issued for Huon River following the heavy rainfall on Sunday. Further totals...  https://t.co/9KDPN70AgO,en,[],['https://fb.me/7XmM3kveh'],[],0,0,0,"['tas', 'weather', 'flood']",[],https://twitter.com/Australianwarni/status/975519453894103040,False,,0,,,,,,,,[],,,,
975519451285159936,975519451285159936,2018-03-18 19:48:56 EDT,2018-03-18,19:48:56,-0400,328516460,caspertwincorp,Caspertwin Corp,,#TAS #Weather Minor #Flood Warning issued for Huon River following the heavy rainfall on Sunday. Further totals...  https://t.co/oolqeQvtxL,en,[],['https://fb.me/THebQe3h'],[],0,0,0,"['tas', 'weather', 'flood']",[],https://twitter.com/CaspertwinCorp/status/975519451285159936,False,,0,,,,,,,,[],,,,
975518070788755456,975518070788755456,2018-03-18 19:43:26 EDT,2018-03-18,19:43:26,-0400,914781631851978752,staysafeapp,Stay Safe,,Flood alert issued in Ouse Washes  https://t.co/i8xpGY117M #UK #OuseWashes #flood #river #waterflood #staysafe  https://t.co/kc7aRiUdHj,en,[],['https://stay-safe.com/flood-alert-issued-ouse-washes'],['https://pbs.twimg.com/media/DYm8gj6WsAAqBTw.jpg'],0,0,0,"['uk', 'ousewashes', 'flood', 'river', 'waterflood', 'staysafe']",[],https://twitter.com/staysafeapp/status/975518070788755456,False,,1,https://pbs.twimg.com/media/DYm8gj6WsAAqBTw.jpg,,,,,,,[],,,,
975517089875283968,975517089875283968,2018-03-18 19:39:33 EDT,2018-03-18,19:39:33,-0400,2846098326,bom_tas,"Bureau of Meteorology, Tasmania",,Minor #Flood Warning issued for Huon River following the heavy rainfall on Sunday. Further totals of up to 20mm rain forecast for the rest of Monday. Stay tuned for further updates  https://t.co/NHL3HY0zFO  https://t.co/jCOfp6EgG4,en,[],['http://www.bom.gov.au/tas/warnings/'],['https://pbs.twimg.com/media/DYm7n3CX0AIJhvH.jpg'],0,6,4,['flood'],[],https://twitter.com/BOM_Tas/status/975517089875283968,False,,1,https://pbs.twimg.com/media/DYm7n3CX0AIJhvH.jpg,,,,,,,[],,,,
975514447765823488,975514447765823488,2018-03-18 19:29:03 EDT,2018-03-18,19:29:03,-0400,412356204,acurtright,Aimee Curtright,,"“Anywhere it can rain, it can flood”— why your risk might be higher than your insurance (or FEMA flood map) implies  #Miami #southflorida #flood    https://t.co/PrMOWX7aMB",en,[],['http://www.miamiherald.com/news/local/environment/article204971334.html'],[],1,1,3,"['miami', 'southflorida', 'flood']",[],https://twitter.com/ACurtright/status/975514447765823488,False,,0,,,,,,,,[],,,,
975512019800477696,975512019800477696,2018-03-18 19:19:24 EDT,2018-03-18,19:19:24,-0400,802677505219887105,teamsempo,Sempo,,Want to help people affected by the #Kenya #Flood? Sempo provides quick money donations to people affected so they can buy what they need. Donate here:  https://t.co/9e6nZ6MXLs  #KenyaFlooding,en,[],['https://sempo.ai/kenyan-floods'],[],0,1,1,"['kenya', 'flood', 'kenyaflooding']",[],https://twitter.com/teamsempo/status/975512019800477696,False,,0,,,,,,,,[],,,,
975510940761206784,975510940761206784,2018-03-18 19:15:07 EDT,2018-03-18,19:15:07,-0400,2276880895,petabencana,PetaBencana.id,,"@ratnasulfika Hello, I am Bencana Bot, reply with #flood to send me your flood report.  https://t.co/KxBoISasE5",en,[],[],['https://pbs.twimg.com/tweet_video_thumb/C4MFV65UkAAbNll.jpg'],0,0,0,['flood'],[],https://twitter.com/petabencana/status/975510940761206784,False,,1,https://pbs.twimg.com/tweet_video_thumb/C4MFV65UkAAbNll.jpg,,,,,,,[],,,,
975508506521538560,975508506521538560,2018-03-18 19:05:26 EDT,2018-03-18,19:05:26,-0400,2201283403,copernicusems,Copernicus EMS,,"🗺 New map: [#EMSR273] Barbullush: Delineation Map, Monitoring 3 [v1, 1:27000] 🔗  https://t.co/IxjJu0yw6V — #flood #delineation in #Albania #Copernicus #CEMS #RapidMapping #EUCivPro",en,[],['http://j.mp/2FSZaz0'],[],0,3,1,"['emsr273', 'flood', 'delineation', 'albania', 'copernicus', 'cems', 'rapidmapping', 'eucivpro']",[],https://twitter.com/CopernicusEMS/status/975508506521538560,False,,0,,,,,,,,[],,,,
975508494068613125,975508494068613125,2018-03-18 19:05:23 EDT,2018-03-18,19:05:23,-0400,2201283403,copernicusems,Copernicus EMS,,"🗺 New map: [#EMSR273] Gomsiqe: Delineation Map, Monitoring 3 [v1, 1:25000] 🔗  https://t.co/WOI1xQkX38 — #flood #delineation in #Albania #Copernicus #CEMS #RapidMapping #EUCivPro",ht,[],['http://j.mp/2FUdTJV'],[],0,0,0,"['emsr273', 'flood', 'delineation', 'albania', 'copernicus', 'cems', 'rapidmapping', 'eucivpro']",[],https://twitter.com/CopernicusEMS/status/975508494068613125,False,,0,,,,,,,,[],,,,
975508482177855489,975508482177855489,2018-03-18 19:05:20 EDT,2018-03-18,19:05:20,-0400,2201283403,copernicusems,Copernicus EMS,,"🗺 New map: [#EMSR273] Scutari: Delineation Map, Monitoring 3 [v1, 1:29000] 🔗  https://t.co/yaEY8svldm — #flood #delineation in #Albania #Copernicus #CEMS #RapidMapping #EUCivPro",tl,[],['http://j.mp/2FRJR9y'],[],0,3,2,"['emsr273', 'flood', 'delineation', 'albania', 'copernicus', 'cems', 'rapidmapping', 'eucivpro']",[],https://twitter.com/CopernicusEMS/status/975508482177855489,False,,0,,,,,,,,[],,,,
975508473634021376,975508473634021376,2018-03-18 19:05:18 EDT,2018-03-18,19:05:18,-0400,2201283403,copernicusems,Copernicus EMS,,"🗺 New map: [#EMSR273] Dajc: Delineation Map, Monitoring 3 [v1, 1:28000] 🔗  https://t.co/WzzyKfiVXi — #flood #delineation in #Albania #Copernicus #CEMS #RapidMapping #EUCivPro",ht,[],['http://j.mp/2FSGuzn'],[],0,3,1,"['emsr273', 'flood', 'delineation', 'albania', 'copernicus', 'cems', 'rapidmapping', 'eucivpro']",[],https://twitter.com/CopernicusEMS/status/975508473634021376,False,,0,,,,,,,,[],,,,
975508461692817408,975508461692817408,2018-03-18 19:05:15 EDT,2018-03-18,19:05:15,-0400,2201283403,copernicusems,Copernicus EMS,,"🗺 New map: [#EMSR273] Grile: Delineation Map, Monitoring 3 [v1, 1:17000] 🔗  https://t.co/2dWD8VOZVO — #flood #delineation in #Albania #Copernicus #CEMS #RapidMapping #EUCivPro",en,[],['http://j.mp/2FQygaJ'],[],0,4,1,"['emsr273', 'flood', 'delineation', 'albania', 'copernicus', 'cems', 'rapidmapping', 'eucivpro']",[],https://twitter.com/CopernicusEMS/status/975508461692817408,False,,0,,,,,,,,[],,,,
975501764656091136,975501764656091136,2018-03-18 18:38:39 EDT,2018-03-18,18:38:39,-0400,476434511,cartoonkeith1,Keith Hecker,,#Tree #Water #Flood #Silhouette #Reflection #Sky #Swamp #Marsh #RainySeason #Rainfall #Rain  https://t.co/ZeYYdlhCtW,und,[],['http://EyeEm.com/p/120376659'],[],0,0,0,"['tree', 'water', 'flood', 'silhouette', 'reflection', 'sky', 'swamp', 'marsh', 'rainyseason', 'rainfall', 'rain']",[],https://twitter.com/cartoonkeith1/status/975501764656091136,False,,0,,,,,,,,[],,,,
975498865582493698,975498865582493698,2018-03-18 18:27:08 EDT,2018-03-18,18:27:08,-0400,440286721,weatheroptics,WeatherOptics,,Details on what could be a significant #flood event for Southern California here:  https://t.co/rdk2GL7S7u   https://t.co/3Ct2hRVtKv,en,[],"['https://wp.me/p9iYEY-16m', 'https://twitter.com/NWSLosAngeles/status/975494446900043776']",[],0,1,0,['flood'],[],https://twitter.com/weatheroptics/status/975498865582493698,False,https://twitter.com/NWSLosAngeles/status/975494446900043776,0,,,,,,,,[],,,,
975498282276347904,975498282276347904,2018-03-18 18:24:49 EDT,2018-03-18,18:24:49,-0400,2276880895,petabencana,PetaBencana.id,,"@sheikaaulia Hello, I am Bencana Bot, reply with #flood to send me your flood report.  https://t.co/UcvlSZm5Xu",en,[],[],['https://pbs.twimg.com/tweet_video_thumb/C4MFV65UkAAbNll.jpg'],0,0,0,['flood'],[],https://twitter.com/petabencana/status/975498282276347904,False,,1,https://pbs.twimg.com/tweet_video_thumb/C4MFV65UkAAbNll.jpg,,,,,,,[],,,,
975497170525802496,975497170525802496,2018-03-18 18:20:23 EDT,2018-03-18,18:20:23,-0400,149119050,timdaish,ᵀᶦᵐ ᴰᵃᶦˢʰ,,Water rising fast for tonight’s flooding in Venice... 😬😬😬 #hightide @_HighTide_ #flood #venice  https://t.co/UL18LYa23T,en,"[{'screen_name': '_hightide_', 'name': 'hightide theatre', 'id': '28555771'}]",[],['https://pbs.twimg.com/media/DYmpf7FWkAAV4NY.jpg'],1,1,2,"['hightide', 'flood', 'venice']",[],https://twitter.com/timdaish/status/975497170525802496,False,,1,https://pbs.twimg.com/media/DYmpf7FWkAAV4NY.jpg,,,,,,,[],,,,
975495853707333638,975495853707333638,2018-03-18 18:15:10 EDT,2018-03-18,18:15:10,-0400,926484652545773568,shelterfdn,Shelter Foundation,,Hand written cards in these awesome care packages put together from the people at Tito’s Vodka.   #FloridaKeys #Florida #HurricaneIrma #hurricane #weather #disaster #rescue #flood #crisis #keysstrong #shelter  https://t.co/ayLVptzG4w,en,[],[],['https://pbs.twimg.com/media/DYmoTtEX0AEuskS.jpg'],0,0,0,"['floridakeys', 'florida', 'hurricaneirma', 'hurricane', 'weather', 'disaster', 'rescue', 'flood', 'crisis', 'keysstrong', 'shelter']",[],https://twitter.com/shelterFDN/status/975495853707333638,False,,1,https://pbs.twimg.com/media/DYmoTtEX0AEuskS.jpg,,,,,,,[],,,,
975495242030964737,974287999776239617,2018-03-18 18:12:44 EDT,2018-03-18,18:12:44,-0400,752720567770361856,standerdi,Daniel Stander,,"@WCraigFugate Yes, @WCraigFugate. Worst thing @FEMA ever did? Draw lines on a map.  Risk is not binary; not in or out. It's different depths + different durations from different sources at different probabilities for different structures.  #Flood #resilience is situational + highly nuanced.  https://t.co/7zRxuOhEbl",en,"[{'screen_name': 'wcraigfugate', 'name': 'craig', 'id': '16438095'}, {'screen_name': 'fema', 'name': 'fema', 'id': '16669075'}]",[],['https://pbs.twimg.com/media/DYmlNSfX0AEFYPI.jpg'],0,1,3,"['flood', 'resilience']",[],https://twitter.com/StanderDI/status/975495242030964737,False,,1,https://pbs.twimg.com/media/DYmlNSfX0AEFYPI.jpg,,,,,,,"[{'screen_name': 'WCraigFugate', 'name': 'Craig', 'id': '16438095'}]",,,,
975483097092411393,975483097092411393,2018-03-18 17:24:28 EDT,2018-03-18,17:24:28,-0400,16866956,swissre,Swiss Re,,"Our Senior Treaty Underwriter Matt Junge will be at National Flood Association event ( @nfdaflood ) in Scottsdale this wk talking about the oppprtunity for private #insurers to cover #flood . If attending, be sure to check out his panel and say hi!  https://t.co/JiRDN5MAmA",en,[],['http://www.nfdaconference2018.com'],[],0,2,3,"['insurers', 'flood']",[],https://twitter.com/SwissRe/status/975483097092411393,False,,0,,,,,,,,[],,,,
975482785057202177,975482785057202177,2018-03-18 17:23:14 EDT,2018-03-18,17:23:14,-0400,3026290273,danielraboldt,Daniel Raboldt,,Seems our garden is getting smaller every day... #water #fence #nature #winter #flood #climate…  https://t.co/zDoNvjiXpp,en,[],['https://www.instagram.com/p/Bger0pKjLTD/'],[],1,1,0,"['water', 'fence', 'nature', 'winter', 'flood', 'climate']",[],https://twitter.com/DanielRaboldt/status/975482785057202177,False,,0,,,,,,,,[],,,,
975481916706074625,975481916706074625,2018-03-18 17:19:47 EDT,2018-03-18,17:19:47,-0400,2276880895,petabencana,PetaBencana.id,,"@talkabot_id Hello, I am Bencana Bot, reply with #flood to send me your flood report.  https://t.co/rQEn9Z5Hyf",en,[],[],['https://pbs.twimg.com/tweet_video_thumb/C4MFV65UkAAbNll.jpg'],0,0,0,['flood'],[],https://twitter.com/petabencana/status/975481916706074625,False,,1,https://pbs.twimg.com/tweet_video_thumb/C4MFV65UkAAbNll.jpg,,,,,,,[],,,,
975477279328473088,975477279328473088,2018-03-18 17:01:21 EDT,2018-03-18,17:01:21,-0400,765624721,inkyeto12,Inkyeto,"{'type': 'Point', 'coordinates': [41.2925, -6.47971944]}",#inundación #flood #inundaciones #tormes #salamanca #rio #river #water #agua #isladelsoto #trees…  https://t.co/9itQPetM6H,und,[],['https://www.instagram.com/p/BgepkJNFEWH/'],[],0,0,0,"['inundación', 'flood', 'inundaciones', 'tormes', 'salamanca', 'rio', 'river', 'water', 'agua', 'isladelsoto', 'trees']",[],https://twitter.com/inkyeto12/status/975477279328473088,False,,0,,,,,,,,[],,,,
975474689597419521,975474689597419521,2018-03-18 16:51:04 EDT,2018-03-18,16:51:04,-0400,41164967,teamapcia,American Property Casualty Insurance Association,,"Ask your insurer about #flood insurance - Flood policies generally have a 30 day waiting period before they kick in, talk to your insurance agent today  https://t.co/LrLWVzucRw  https://t.co/J7Y3muBvzI",en,[],['http://bit.ly/2HgsLTb'],['https://pbs.twimg.com/media/DYmVDTsUMAAK9sL.jpg'],0,1,0,['flood'],[],https://twitter.com/TeamAPCIA/status/975474689597419521,False,,1,https://pbs.twimg.com/media/DYmVDTsUMAAK9sL.jpg,,,,,,,[],,,,
975471205342879744,975471161747189760,2018-03-18 16:37:13 EDT,2018-03-18,16:37:13,-0400,2276880895,petabencana,PetaBencana.id,,"@kitsuneseirei Hello, I am Bencana Bot, reply with #flood to send me your flood report.  https://t.co/5FoEN5vbsu",en,[],[],['https://pbs.twimg.com/tweet_video_thumb/C4MFV65UkAAbNll.jpg'],0,0,0,['flood'],[],https://twitter.com/petabencana/status/975471205342879744,False,,1,https://pbs.twimg.com/tweet_video_thumb/C4MFV65UkAAbNll.jpg,,,,,,,"[{'screen_name': 'kitsuneseirei', 'name': 'Michael Tamara Putra', 'id': '2880495720'}]",,,,
975466181380509701,975466177332903937,2018-03-18 16:17:15 EDT,2018-03-18,16:17:15,-0400,252541548,envagencyanglia,EnvAgencyAnglia,,"Water is expected on the road at Welney overnight tonight, Sunday 18 March. There are currently no issues at Earith. We are continuing to monitor the situation. Please do not walk or drive through #flood water.",en,[],[],[],0,4,1,['flood'],[],https://twitter.com/EnvAgencyAnglia/status/975466181380509701,False,,0,,,,,,,,[],,,,
975462193344012290,975462193344012290,2018-03-18 16:01:24 EDT,2018-03-18,16:01:24,-0400,1463232931,lawroncb,Lawr Belleni,,Fantastic demonstration of the benefits of appropriate grazing management for #soil and #flood risk. #runoff #NFM #FRM  https://t.co/Jsj1BBqV1N,en,[],['https://twitter.com/usda_nrcs/status/971850648366059521'],[],0,2,1,"['soil', 'flood', 'runoff', 'nfm', 'frm']",[],https://twitter.com/LawroNCB/status/975462193344012290,False,https://twitter.com/usda_nrcs/status/971850648366059521,0,,,,,,,,[],,,,
975456431754371072,975456431754371072,2018-03-18 15:38:31 EDT,2018-03-18,15:38:31,-0400,252171456,dantelechat,Dan Dante,,"#MyEntireHighSchoolSinkingIntoTheSea, 2016.  #NowWatching #Animation #Flood #Earthquakes #Piranhas #sharks #SusanSarandon #LenaDunham #ReggieWatts #MayaRudolph #JasonSchwartzman #asthma #AsthmaAttack #Newspaper #jellyfish  https://t.co/7DHL6F7GC7",und,[],[],"['https://pbs.twimg.com/media/DYmDbc2XcAA108X.jpg', 'https://pbs.twimg.com/media/DYmDp3oW4AA7PWH.jpg', 'https://pbs.twimg.com/media/DYmDqW8XUAA4oRb.jpg', 'https://pbs.twimg.com/media/DYmDq2TW4AEz-Tw.jpg']",0,2,4,"['myentirehighschoolsinkingintothesea', 'nowwatching', 'animation', 'flood', 'earthquakes', 'piranhas', 'sharks', 'susansarandon', 'lenadunham', 'reggiewatts', 'mayarudolph', 'jasonschwartzman', 'asthma', 'asthmaattack', 'newspaper', 'jellyfish']",[],https://twitter.com/dantelechat/status/975456431754371072,False,,1,https://pbs.twimg.com/media/DYmDbc2XcAA108X.jpg,,,,,,,[],,,,
975453529400922114,975453529400922114,2018-03-18 15:26:59 EDT,2018-03-18,15:26:59,-0400,280865962,mzjazzy4lyfe,Nikki F Glass,,Family time is always a good time. #flood #foe,en,[],[],[],0,0,0,"['flood', 'foe']",[],https://twitter.com/MzJazzy4lyfe/status/975453529400922114,False,,0,,,,,,,,[],,,,
975445499443597312,975445499443597312,2018-03-18 14:55:04 EDT,2018-03-18,14:55:04,-0400,19774243,electronicspec,Electronic Specifier,,Keeping #water treatment #systems running through #flood conditions @AltraMotion   https://t.co/LHaPnJpEDO  https://t.co/2C1eoeE7F1,en,"[{'screen_name': 'altramotion', 'name': 'altra motion', 'id': '312748839'}]",['http://bit.ly/WaterFloodingSystemsKeep'],['https://pbs.twimg.com/media/DYl6gJBVAAEVTUx.jpg'],0,0,0,"['water', 'systems', 'flood']",[],https://twitter.com/electronicspec/status/975445499443597312,False,,1,https://pbs.twimg.com/media/DYl6gJBVAAEVTUx.jpg,,,,,,,[],,,,
975439698641465349,975439698641465349,2018-03-18 14:32:01 EDT,2018-03-18,14:32:01,-0400,752895229376593920,abchomecommdfw,ABC Home & Commercial DFW,,Avoid a #pest problem after a #flood with these #tips from our pros! #pestcontrol #pestprevention  https://t.co/JGM8zsCV9L,en,[],['https://www.abchomeandcommercial.com/blog/post-flood-pest-control/'],[],0,0,0,"['pest', 'flood', 'tips', 'pestcontrol', 'pestprevention']",[],https://twitter.com/abchomecommdfw/status/975439698641465349,False,,0,,,,,,,,[],,,,
975434640092667904,975434640092667904,2018-03-18 14:11:55 EDT,2018-03-18,14:11:55,-0400,525595860,brimshack,northierthanthou.com,,Damned Levees; They Breaks!  https://t.co/NLFi6Z5gGP via @wordpressdotcom #music #covertunes #rocknroll #rockandroll #blues #zeppelin #ledzeppelin #memphisminnie #kansasjoe #buckwheatzydeco #whentheleveebreaks #flood #flooding,en,"[{'screen_name': 'wordpressdotcom', 'name': 'wordpress.com', 'id': '823905'}]",['https://northierthanthou.com/2018/03/17/damned-levees-they-breaks/'],[],0,1,7,"['music', 'covertunes', 'rocknroll', 'rockandroll', 'blues', 'zeppelin', 'ledzeppelin', 'memphisminnie', 'kansasjoe', 'buckwheatzydeco', 'whentheleveebreaks', 'flood', 'flooding']",[],https://twitter.com/Brimshack/status/975434640092667904,False,,0,,,,,,,,[],,,,
975434409561264137,975434409561264137,2018-03-18 14:11:00 EDT,2018-03-18,14:11:00,-0400,1902495606,insurancebizus,Insurance Business America,,Are #Americans at far great risk of #flood than official flood estimates suggest?  https://t.co/ZCZYVCmdlv,en,[],['http://bit.ly/2DwOtA8'],[],0,1,0,"['americans', 'flood']",[],https://twitter.com/InsuranceBizUS/status/975434409561264137,False,,0,,,,,,,,[],,,,
975427199674339329,975427199674339329,2018-03-18 13:42:21 EDT,2018-03-18,13:42:21,-0400,90466734,gjallarhornet,Oden,,"#America, get ready for a #flood of #seniors on the #road  https://t.co/4kbpNCuMVP  https://t.co/p4gwNzyxmR",en,[],['https://qz.com/1231769/drivers-over-65-will-dominate-americas-roads-in-the-coming-decades/'],['https://pbs.twimg.com/media/DYlp3LnX0AYu9Pq.jpg'],0,1,2,"['america', 'flood', 'seniors', 'road']",[],https://twitter.com/Gjallarhornet/status/975427199674339329,False,,1,https://pbs.twimg.com/media/DYlp3LnX0AYu9Pq.jpg,,,,,,,[],,,,
975416701184565251,975416701184565251,2018-03-18 13:00:38 EDT,2018-03-18,13:00:38,-0400,380359400,grizzlytools,Grizzly Tools UK,,#Flood warning thanks to #snow melt? Prepare for the worst with @GrizzlyTools ⭐⭐⭐⭐⭐ water pump:  https://t.co/or9xaCgGsQ via @ServiceDealer 🐾 #floodwarning  https://t.co/mN4ADtP8Gs,en,"[{'screen_name': 'grizzlytools', 'name': 'grizzly tools uk', 'id': '380359400'}, {'screen_name': 'servicedealer', 'name': 'service dealer', 'id': '3618593297'}]",['http://ow.ly/ZOsa30dYXVH'],['https://pbs.twimg.com/media/DYlgUdBXkAAigny.jpg'],0,2,1,"['flood', 'snow', 'floodwarning']",[],https://twitter.com/GrizzlyTools/status/975416701184565251,False,,1,https://pbs.twimg.com/media/DYlgUdBXkAAigny.jpg,,,,,,,[],,,,
975410250307129344,975410206384402433,2018-03-18 12:35:00 EDT,2018-03-18,12:35:00,-0400,2276880895,petabencana,PetaBencana.id,,"@LinaWong09 Hello, I am Bencana Bot, reply with #flood to send me your flood report.  https://t.co/2U3E5Z9u8L",en,[],[],['https://pbs.twimg.com/tweet_video_thumb/C4MFV65UkAAbNll.jpg'],0,0,1,['flood'],[],https://twitter.com/petabencana/status/975410250307129344,False,,1,https://pbs.twimg.com/tweet_video_thumb/C4MFV65UkAAbNll.jpg,,,,,,,"[{'screen_name': 'LinaWong09', 'name': 'Lina Wong', 'id': '1551970645'}]",,,,
975409338947956736,975409338947956736,2018-03-18 12:31:23 EDT,2018-03-18,12:31:23,-0400,974222134250795008,irenemukeni,irene mariita mukeni,,#flood#  https://t.co/gybJRUA8aA,und,[],[],[],0,0,0,[],[],https://twitter.com/IreneMukeni/status/975409338947956736,False,,1,https://pbs.twimg.com/ext_tw_video_thumb/975408923019706370/pu/img/XiMxQiNzge6q0nS7.jpg,,,,,,,[],,,,
975408601098571776,975408601098571776,2018-03-18 12:28:27 EDT,2018-03-18,12:28:27,-0400,972111206101213185,huey_bear,Huey Bear,,My human is upset to find her bathroom has been leaking into her study. This is a new build house and there was lots of stuff sitting on the area so she only noticed today when sorting things after moving. Mould is forming so I am not allowed in any more #flood #waterlogged  https://t.co/FISjwtIIXp,en,[],[],"['https://pbs.twimg.com/media/DYlY68YWAAEKGHu.jpg', 'https://pbs.twimg.com/media/DYlY68aXcAE8oMn.jpg']",2,2,1,"['flood', 'waterlogged']",[],https://twitter.com/Huey_Bear/status/975408601098571776,False,,1,https://pbs.twimg.com/media/DYlY68YWAAEKGHu.jpg,,,,,,,[],,,,
975400915837501440,975400915837501440,2018-03-18 11:57:55 EDT,2018-03-18,11:57:55,-0400,2276880895,petabencana,PetaBencana.id,,"@shyscent Hello, I am Bencana Bot, reply with #flood to send me your flood report.  https://t.co/Cqzi8dlsRW",en,[],[],['https://pbs.twimg.com/tweet_video_thumb/C4MFV65UkAAbNll.jpg'],0,0,0,['flood'],[],https://twitter.com/petabencana/status/975400915837501440,False,,1,https://pbs.twimg.com/tweet_video_thumb/C4MFV65UkAAbNll.jpg,,,,,,,[],,,,
975384136952229893,975384136952229893,2018-03-18 10:51:14 EDT,2018-03-18,10:51:14,-0400,19770834,emergency1,Robby Powers,,#Homeowners should access and watch the #Home #Disaster #Preparedness videos at  https://t.co/HADI8tC2zW #JITDT #Flood #Wildfire #Earthquake #Hurricane #WinterStorm #Tornado #Cyclone #Radon #Hail #Fire #Lighting #Homeowner #House #RealEstate #Realtor #Family #Safety #HGTV,en,[],['http://goo.gl/s75tWs'],[],0,3,2,"['homeowners', 'home', 'disaster', 'preparedness', 'jitdt', 'flood', 'wildfire', 'earthquake', 'hurricane', 'winterstorm', 'tornado', 'cyclone', 'radon', 'hail', 'fire', 'lighting', 'homeowner', 'house', 'realestate', 'realtor', 'family', 'safety', 'hgtv']",[],https://twitter.com/Emergency1/status/975384136952229893,False,,0,,,,,,,,[],,,,
975383857821339648,975086837751525376,2018-03-18 10:50:08 EDT,2018-03-18,10:50:08,-0400,52430858,diablorx,Brian Austen,,@thisislaurat @brandyorkshire I ❤️#Yorkshire as well but if I was living in the beautiful city of #York by the river I would improve my #flood defences. I believe one business has made a shop like a wet room . The #investment is worth it when you cannot get #insurance,en,[],[],[],0,0,0,"['yorkshire', 'york', 'flood', 'investment', 'insurance']",[],https://twitter.com/DiabloRX/status/975383857821339648,False,,0,,,,,,,,"[{'screen_name': 'thisislaurat', 'name': 'Laura', 'id': '399464246'}, {'screen_name': 'brandyorkshire', 'name': 'Brand Yorkshire', 'id': '234705682'}]",,,,
975378827273785344,975378827273785344,2018-03-18 10:30:08 EDT,2018-03-18,10:30:08,-0400,763112522555666432,servprotarzana,ServproTarzanaReseda,,Get back up! &amp; remember we're here...SERVPRO of Tarzana/Reseda 818-881-3636  https://t.co/E3V9Yt0ARE  #Fire #Waterdamage #Flood #Mold #Emergency #911 #flood damage 91367 #residentialdamage #Commericaldamage #Tarzana # WoodlandHills  #Reseda #freeestimates #restoration #inspections  https://t.co/ctbticNMlM,en,[],['http://Servprotarzanareseda.com'],['https://pbs.twimg.com/media/DYk935FWkAAQwOO.jpg'],0,1,0,"['fire', 'waterdamage', 'flood', 'mold', 'emergency', 'flood', 'residentialdamage', 'commericaldamage', 'tarzana', 'reseda', 'freeestimates', 'restoration', 'inspections']",[],https://twitter.com/SERVPROTarzana/status/975378827273785344,False,,1,https://pbs.twimg.com/media/DYk935FWkAAQwOO.jpg,,,,,,,[],,,,
975374095347941376,975374095347941376,2018-03-18 10:11:20 EDT,2018-03-18,10:11:20,-0400,113773076,sandimacro,sandra cockayne,,I have a new piece of art for sale on  https://t.co/hZJjIEQiJQ please share and like.  https://t.co/ChKy0AFJNk #fantasy #flood #dawn #dales  https://t.co/uIHrniDnuv,en,[],"['http://Photo4me.com', 'http://shop.photo4me.com/721778/canvas']",['https://pbs.twimg.com/media/DYk5kCbX0AIAuWq.jpg'],0,2,3,"['fantasy', 'flood', 'dawn', 'dales']",[],https://twitter.com/sandimacro/status/975374095347941376,False,,1,https://pbs.twimg.com/media/DYk5kCbX0AIAuWq.jpg,,,,,,,[],,,,
975370979668123650,975370979668123650,2018-03-18 09:58:57 EDT,2018-03-18,09:58:57,-0400,903243574938148865,ddrone001,D Drone,,"250 families displaced by floods in Kenya, schools and hospitals marooned  #MulikoLaKaya  #Kenyaflood #FloodAlert  #Environment #Flood  https://t.co/aw62RsZRHq  https://t.co/F6mJ5kYZn1",en,[],['http://davosh.net/2018/03/18/250-families-displaced-by-floods-in-kenya-schools-and-hospitals-marooned/'],['https://pbs.twimg.com/media/DYk2vHhU8AAYxyJ.jpg'],0,2,1,"['mulikolakaya', 'kenyaflood', 'floodalert', 'environment', 'flood']",[],https://twitter.com/DDrone001/status/975370979668123650,False,,1,https://pbs.twimg.com/media/DYk2vHhU8AAYxyJ.jpg,,,,,,,[],,,,
975366503162961920,975366503162961920,2018-03-18 09:41:10 EDT,2018-03-18,09:41:10,-0400,2698477658,riverouseyork,River Ouse (York),,River Ouse York water level: 2.12m at 13:15. Chance of flooding. #Flood #York #Ouse #Falling,en,[],[],[],0,1,0,"['flood', 'york', 'ouse', 'falling']",[],https://twitter.com/RiverOuseYork/status/975366503162961920,False,,0,,,,,,,,[],,,,
975361894310559744,975361894310559744,2018-03-18 09:22:51 EDT,2018-03-18,09:22:51,-0400,2276880895,petabencana,PetaBencana.id,,"@adwey_23 Hello, I am Bencana Bot, reply with #flood to send me your flood report.  https://t.co/yMgMgM0KZp",en,[],[],['https://pbs.twimg.com/tweet_video_thumb/C4MFV65UkAAbNll.jpg'],0,0,0,['flood'],[],https://twitter.com/petabencana/status/975361894310559744,False,,1,https://pbs.twimg.com/tweet_video_thumb/C4MFV65UkAAbNll.jpg,,,,,,,[],,,,
975356360698327040,975356360698327040,2018-03-18 09:00:52 EDT,2018-03-18,09:00:52,-0400,712453724585775104,dsolutionsllc,disastersolutionsllc,,Good morning #Disaster Solutions #community! Get your #family #prepared today at  https://t.co/s1AnDL9hrp #emergency #flood #tornado #storm,en,[],['http://ift.tt/1UWwHg2'],[],0,1,0,"['disaster', 'community', 'family', 'prepared', 'emergency', 'flood', 'tornado', 'storm']",[],https://twitter.com/dsolutionsllc/status/975356360698327040,False,,0,,,,,,,,[],,,,
975353894296608768,975353894296608768,2018-03-18 08:51:04 EDT,2018-03-18,08:51:04,-0400,14753993,rsoe_edis,RSOE EDIS,,"Croatia at Sun, 18 Mar 2018 12:51:04 +0000 | #Flood event has been observed in MultiCountries, Croatia |  https://t.co/1hE5cNgcQD",en,[],['https://goo.gl/an1tNs'],[],0,3,1,['flood'],[],https://twitter.com/RSOE_EDIS/status/975353894296608768,False,,0,,,,,,,,[],,,,
975351401210662912,975351401210662912,2018-03-18 08:41:09 EDT,2018-03-18,08:41:09,-0400,2698477658,riverouseyork,River Ouse (York),,River Ouse York water level: 2.16m at 12:00. Chance of flooding. #Flood #York #Ouse,en,[],[],[],0,1,0,"['flood', 'york', 'ouse']",[],https://twitter.com/RiverOuseYork/status/975351401210662912,False,,0,,,,,,,,[],,,,
975341137950117889,975341137950117889,2018-03-18 08:00:22 EDT,2018-03-18,08:00:22,-0400,632963482,gardentools4u,GardenTools4U,,#Snow melt and/or #flood warning in your area? Take care with our ❗ SPECIAL OFFER ❗ on WATER PUMPS ➡️  https://t.co/GKywKpHfsS 💧 #floodwarning #weatherwarning  https://t.co/zJrfAvf4bf,en,[],['http://gardentools4u.co.uk/water-pumps/'],['https://pbs.twimg.com/media/DYkbmBaXUAAx-7W.jpg'],0,1,0,"['snow', 'flood', 'floodwarning', 'weatherwarning']",[],https://twitter.com/GardenTools4u/status/975341137950117889,False,,1,https://pbs.twimg.com/media/DYkbmBaXUAAx-7W.jpg,,,,,,,[],,,,
975336299992371200,975336299992371200,2018-03-18 07:41:09 EDT,2018-03-18,07:41:09,-0400,2698477658,riverouseyork,River Ouse (York),,River Ouse York water level: 2.16m at 11:00. Chance of flooding. #Flood #York #Ouse #Falling,en,[],[],[],0,1,0,"['flood', 'york', 'ouse', 'falling']",[],https://twitter.com/RiverOuseYork/status/975336299992371200,False,,0,,,,,,,,[],,,,
975331027106353160,975331027106353160,2018-03-18 07:20:12 EDT,2018-03-18,07:20:12,-0400,2357871590,pr__agent,PR agent,,Crews clean up flood debris in Clendenin - WSAZ-TV #flood  https://t.co/CUnfuAqhqj,en,[],['https://dragplus.com/post/id/43378082'],[],0,1,0,['flood'],[],https://twitter.com/pr__agent/status/975331027106353160,False,,0,,,,,,,,[],,,,
975328403262812160,975328403262812160,2018-03-18 07:09:46 EDT,2018-03-18,07:09:46,-0400,272160238,thewatchers_,The Watchers,,"Widespread floods hit Kenya, at least 19 killed and scores injured  https://t.co/vtRsdPxemG #flood #Nairobi #Kenya",en,[],['http://dlvr.it/QLSvH6'],[],0,15,10,"['flood', 'nairobi', 'kenya']",[],https://twitter.com/TheWatchers_/status/975328403262812160,False,,0,,,,,,,,[],,,,
975327202974818304,975327202974818304,2018-03-18 07:05:00 EDT,2018-03-18,07:05:00,-0400,60017224,peninsulaqatar,The Peninsula Qatar,,Floods in central #Croatia have been caused by melting of heavy snow which fell in late February and early March followed by heavy rain in recent days. #HrvatskaKostajnica #flood   https://t.co/mBa68r2X8f,en,[],['https://www.thepeninsulaqatar.com/article/18/03/2018/Melting-snow-and-heavy-rain-leave-Croatia-hit-by-floods'],[],0,1,1,"['croatia', 'hrvatskakostajnica', 'flood']",[],https://twitter.com/PeninsulaQatar/status/975327202974818304,False,,0,,,,,,,,[],,,,
975323439325163520,975323439325163520,2018-03-18 06:50:03 EDT,2018-03-18,06:50:03,-0400,3356482571,uspoliticsanglr,newsAnglr USpolitics,,Democrats #Flood Andrew #McCabe With Federal Job Offers To Save His #Pension  https://t.co/nPFx31Lvpi  https://t.co/eiR8QvBQOM,en,[],['http://bit.ly/2pkFfBZ'],['https://pbs.twimg.com/media/DYkLf0iXUAAyhvR.jpg'],0,0,0,"['flood', 'mccabe', 'pension']",[],https://twitter.com/uspoliticsanglr/status/975323439325163520,False,,1,https://pbs.twimg.com/media/DYkLf0iXUAAyhvR.jpg,,,,,,,[],,,,
975321198233030656,975321198233030656,2018-03-18 06:41:08 EDT,2018-03-18,06:41:08,-0400,2698477658,riverouseyork,River Ouse (York),,River Ouse York water level: 2.17m at 10:00. Chance of flooding. #Flood #York #Ouse #Falling,en,[],[],[],0,1,0,"['flood', 'york', 'ouse', 'falling']",[],https://twitter.com/RiverOuseYork/status/975321198233030656,False,,0,,,,,,,,[],,,,
975316461311938561,975316461311938561,2018-03-18 06:22:19 EDT,2018-03-18,06:22:19,-0400,219541687,charmagnelimcao,Charmagne Limcao,,How to Clean a #Mattress Soaked in #Flood  https://t.co/zHhR1c4LdD #Mattress #Flood,en,[],['http://dld.bz/cuhm7'],[],0,0,0,"['mattress', 'flood', 'mattress', 'flood']",[],https://twitter.com/CharmagneLimcao/status/975316461311938561,False,,0,,,,,,,,[],,,,
975312673133998081,975312673133998081,2018-03-18 06:07:16 EDT,2018-03-18,06:07:16,-0400,35427345,jrpoulter,JRPoulter,,"Flood, Poem by J.R.Poulter, illustration by Ron Chironna. #flood #verse #poetry #imagery Teacher…  https://t.co/BMWlCqahiM",en,[],['https://www.instagram.com/p/BgdetTTlL6j/'],[],0,1,1,"['flood', 'verse', 'poetry', 'imagery']",[],https://twitter.com/JRPoulter/status/975312673133998081,False,,0,,,,,,,,[],,,,
975310746614722560,975310746614722560,2018-03-18 05:59:37 EDT,2018-03-18,05:59:37,-0400,287972904,ditactors,cape banget anxiety 💀,,X __firdaa045__  😂  #sunday #oneday #today #myday #flood  . Getting caught up by flood (?) '--.--  https://t.co/C2F1jsTS8X,en,[],['https://www.instagram.com/p/Bgdc7GPB-3I/'],[],0,1,0,"['sunday', 'oneday', 'today', 'myday', 'flood']",[],https://twitter.com/ditactors/status/975310746614722560,False,,0,,,,,,,,[],,,,
975309405045641216,975309405045641216,2018-03-18 05:54:17 EDT,2018-03-18,05:54:17,-0400,35427345,jrpoulter,JRPoulter,,"Flood, Poem by J.R.Poulter, illustration by Ron Chironna. #flood #verse #poetry #imagery Teacher…  https://t.co/grmEtJ2Ppy",en,[],['https://www.instagram.com/p/BgddObmFzOf/'],[],0,1,0,"['flood', 'verse', 'poetry', 'imagery']",[],https://twitter.com/JRPoulter/status/975309405045641216,False,,0,,,,,,,,[],,,,
975309345943638017,975309345943638017,2018-03-18 05:54:03 EDT,2018-03-18,05:54:03,-0400,37193580,pricedave,Dave  ͡° ͜ʖ ͡° Price,,The power of the sea... a constant reminder of how small mankind is in the big picture...  #PowerofTheSea #ocean #WavesUp #surf #flood  https://t.co/wPR7aK02QH,en,[],[],['https://pbs.twimg.com/tweet_video_thumb/DYj-qoSXcAA4sxN.jpg'],0,1,5,"['powerofthesea', 'ocean', 'wavesup', 'surf', 'flood']",[],https://twitter.com/pricedave/status/975309345943638017,False,,1,https://pbs.twimg.com/tweet_video_thumb/DYj-qoSXcAA4sxN.jpg,,,,,,,[],,,,
975308579241590789,975308579241590789,2018-03-18 05:51:00 EDT,2018-03-18,05:51:00,-0400,2341901028,breacademy,BRE Academy,,Our new online #flood course will provide learnings around building construction and material  https://t.co/u3hzTkVIbt,en,[],['https://bre.ac/course/flood-resilience-surveyors/'],[],0,2,3,['flood'],[],https://twitter.com/BREAcademy/status/975308579241590789,False,,0,,,,,,,,[],,,,
975308328476659713,975308328476659713,2018-03-18 05:50:00 EDT,2018-03-18,05:50:00,-0400,2341901028,breacademy,BRE Academy,,Our new online #flood course will provide learnings around community resilience  https://t.co/u3hzTldj31,en,[],['https://bre.ac/course/flood-resilience-surveyors/'],[],0,0,0,['flood'],[],https://twitter.com/BREAcademy/status/975308328476659713,False,,0,,,,,,,,[],,,,
975306095848820736,975306095848820736,2018-03-18 05:41:08 EDT,2018-03-18,05:41:08,-0400,2698477658,riverouseyork,River Ouse (York),,River Ouse York water level: 2.18m at 09:00. Chance of flooding. #Flood #York #Ouse #Falling,en,[],[],[],0,0,0,"['flood', 'york', 'ouse', 'falling']",[],https://twitter.com/RiverOuseYork/status/975306095848820736,False,,0,,,,,,,,[],,,,
975294613056573441,975294613056573441,2018-03-18 04:55:30 EDT,2018-03-18,04:55:30,-0400,151240291,biglumusic,Big Lu 🇭🇹,,"Sometimes you gotta Start your own World OVER &amp; see things Differently, as God did. #NoahsArk #Flood #Genisis #FarFromOver  https://t.co/sSD5ukpAPe",en,[],[],['https://pbs.twimg.com/media/DYjxRkoW4AEi330.jpg'],0,0,0,"['noahsark', 'flood', 'genisis', 'farfromover']",[],https://twitter.com/BigLumusic/status/975294613056573441,False,,1,https://pbs.twimg.com/media/DYjxRkoW4AEi330.jpg,,,,,,,[],,,,
975290991350550529,975290991350550529,2018-03-18 04:41:07 EDT,2018-03-18,04:41:07,-0400,2698477658,riverouseyork,River Ouse (York),,River Ouse York water level: 2.21m at 08:00. Chance of flooding. #Flood #York #Ouse #Falling,en,[],[],[],0,1,0,"['flood', 'york', 'ouse', 'falling']",[],https://twitter.com/RiverOuseYork/status/975290991350550529,False,,0,,,,,,,,[],,,,
975284965566009344,975284965566009344,2018-03-18 04:17:10 EDT,2018-03-18,04:17:10,-0400,4919795909,ashton_014,Joe Ashton,,"Think everyone should give these guys a follow, new @SLSGB #SAR #Flood #Rescue team setting up in #Lancaster area.  https://t.co/U0nqBwetpQ",en,"[{'screen_name': 'slsgb', 'name': 'surf life saving gb', 'id': '82087805'}]",['https://twitter.com/_LASAR_/status/975053109830606848'],[],0,3,2,"['sar', 'flood', 'rescue', 'lancaster']",[],https://twitter.com/ashton_014/status/975284965566009344,False,https://twitter.com/_LASAR_/status/975053109830606848,0,,,,,,,,[],,,,
975284604595818502,975284604595818502,2018-03-18 04:15:44 EDT,2018-03-18,04:15:44,-0400,115702310,flood_fighters,FloodFighters,,Flood rescue in uk needs all the friends it can get well done and good luck for future #rescue #lifesaving #slsgb #surflifesaving #Flood  https://t.co/DMxn9uQURR,en,[],['https://twitter.com/adeymayhew_/status/975132409032257536'],[],0,2,3,"['rescue', 'lifesaving', 'slsgb', 'surflifesaving', 'flood']",[],https://twitter.com/Flood_Fighters/status/975284604595818502,False,https://twitter.com/adeymayhew_/status/975132409032257536,0,,,,,,,,[],,,,
975283659660976128,975283659660976128,2018-03-18 04:11:59 EDT,2018-03-18,04:11:59,-0400,2536898168,jcgaillard_uoa,JC Gaillard,,"Soon to appear in Disaster Prevention and Management - ""#Governance issues constraining the deployment of #flood #resilience strategies in Maroua, Far North Region of #Cameroon"" by Clarkson Mvo Wanie et al.:  https://t.co/lEzDn9oHSQ  https://t.co/WYF02vDeUZ",en,[],['https://www.emeraldinsight.com/doi/full/10.1108/DPM-12-2017-0300'],['https://pbs.twimg.com/media/DYjm4ywV4AAEVSG.jpg'],0,6,15,"['governance', 'flood', 'resilience', 'cameroon']",[],https://twitter.com/jcgaillard_uoa/status/975283659660976128,False,,1,https://pbs.twimg.com/media/DYjm4ywV4AAEVSG.jpg,,,,,,,[],,,,
975281400025935872,975281400025935872,2018-03-18 04:03:00 EDT,2018-03-18,04:03:00,-0400,2382216866,uksandbags,UK Sandbags,,An #Amber #Warning of #Snow and #Ice is still active. Melting snow can lead to #flooding so make sure you're prepared.. Get you #flood defences from  https://t.co/Opvs71n7uR.    https://t.co/ONgQcKDvWr,en,[],"['http://uksandbags.com', 'https://www.metoffice.gov.uk/public/weather/warnings#?date=2018-03-17']",[],0,0,0,"['amber', 'warning', 'snow', 'ice', 'flooding', 'flood']",[],https://twitter.com/UKSandbags/status/975281400025935872,False,,0,,,,,,,,[],,,,
975275892174934017,975275892174934017,2018-03-18 03:41:07 EDT,2018-03-18,03:41:07,-0400,2698477658,riverouseyork,River Ouse (York),,River Ouse York water level: 2.23m at 07:15. Chance of flooding. #Flood #York #Ouse #Falling,en,[],[],[],0,1,0,"['flood', 'york', 'ouse', 'falling']",[],https://twitter.com/RiverOuseYork/status/975275892174934017,False,,0,,,,,,,,[],,,,
975260790503694336,975260790503694336,2018-03-18 02:41:06 EDT,2018-03-18,02:41:06,-0400,2698477658,riverouseyork,River Ouse (York),,River Ouse York water level: 2.28m at 06:00. Chance of flooding. #Flood #York #Ouse #Falling,en,[],[],[],0,1,0,"['flood', 'york', 'ouse', 'falling']",[],https://twitter.com/RiverOuseYork/status/975260790503694336,False,,0,,,,,,,,[],,,,
975254642304192512,975254642304192512,2018-03-18 02:16:40 EDT,2018-03-18,02:16:40,-0400,447510567,fetchsomepopcrn,Fetchpopcorn,,#jarsofclay #flood is still a great song. #amazonmusic #music #musicforthesoul  https://t.co/13g41b6DNV,en,[],['https://www.instagram.com/p/BgdEUcsjfxw/'],[],0,1,0,"['jarsofclay', 'flood', 'amazonmusic', 'music', 'musicforthesoul']",[],https://twitter.com/fetchsomepopcrn/status/975254642304192512,False,,0,,,,,,,,[],,,,
975253057125605376,975253057125605376,2018-03-18 02:10:22 EDT,2018-03-18,02:10:22,-0400,2276880895,petabencana,PetaBencana.id,,"@JeaneBangtan Hello, I am Bencana Bot, reply with #flood to send me your flood report.  https://t.co/Nl9L9nNsh7",en,[],[],['https://pbs.twimg.com/tweet_video_thumb/C4MFV65UkAAbNll.jpg'],0,0,0,['flood'],[],https://twitter.com/petabencana/status/975253057125605376,False,,1,https://pbs.twimg.com/tweet_video_thumb/C4MFV65UkAAbNll.jpg,,,,,,,[],,,,
975248260209233920,975248260209233920,2018-03-18 01:51:19 EDT,2018-03-18,01:51:19,-0400,257274630,mommyscancer,Mommy's Cancer,,I don’t give myself much room to feel. So when I do can be overwhelming. #Flood,en,[],[],[],0,1,0,['flood'],[],https://twitter.com/MommysCancer/status/975248260209233920,False,,0,,,,,,,,[],,,,
975245684214464512,975245684214464512,2018-03-18 01:41:04 EDT,2018-03-18,01:41:04,-0400,2698477658,riverouseyork,River Ouse (York),,River Ouse York water level: 2.30m at 05:00. Chance of flooding. #Flood #York #Ouse #Falling,en,[],[],[],0,1,0,"['flood', 'york', 'ouse', 'falling']",[],https://twitter.com/RiverOuseYork/status/975245684214464512,False,,0,,,,,,,,[],,,,
975240486066647040,975240441443401728,2018-03-18 01:20:25 EDT,2018-03-18,01:20:25,-0400,2276880895,petabencana,PetaBencana.id,,"@cheesepillow Hello, I am Bencana Bot, reply with #flood to send me your flood report.  https://t.co/UhbyLyL0IJ",en,[],[],['https://pbs.twimg.com/tweet_video_thumb/C4MFV65UkAAbNll.jpg'],0,0,0,['flood'],[],https://twitter.com/petabencana/status/975240486066647040,False,,1,https://pbs.twimg.com/tweet_video_thumb/C4MFV65UkAAbNll.jpg,,,,,,,"[{'screen_name': 'cheesepillow', 'name': 'dv', 'id': '69002737'}]",,,,
975237529006845952,975237529006845952,2018-03-18 01:08:40 EDT,2018-03-18,01:08:40,-0400,829901318445690882,ryanmur314,separateChurch/State,,#DemocratsBeingDemocrats #Flood Andrew #McCabeFired With Federal Job Offers To Save His Pension - @realDonaldTrump   https://t.co/khrwpZQk8C,en,"[{'screen_name': 'realdonaldtrump', 'name': 'donald j. trump', 'id': '25073877'}]",['https://apple.news/A3v8NYw1LR2qpDDN-8k4IvA'],[],0,3,1,"['democratsbeingdemocrats', 'flood', 'mccabefired']",[],https://twitter.com/RyanMur314/status/975237529006845952,False,,0,,,,,,,,[],,,,
975231579743285249,975231579743285249,2018-03-18 00:45:02 EDT,2018-03-18,00:45:02,-0400,964367238915538950,ffldealernt,FFL Dealer Network,,Ever been through a natural disaster?  Read my story at  https://t.co/JZCBQE6QgM #CNCNet #hurricane #flood #naturaldisaster #prepping #disasterprepping #getpreparedfordisaster #weatherdisaster #rednationrising #pjnet #tcot #ccot #2a #harveydisaster  https://t.co/iJJl6i8H4j,en,[],['https://buff.ly/2BCFn3H'],['https://pbs.twimg.com/media/DYi388jUQAAoB9v.jpg'],0,0,0,"['cncnet', 'hurricane', 'flood', 'naturaldisaster', 'prepping', 'disasterprepping', 'getpreparedfordisaster', 'weatherdisaster', 'rednationrising', 'pjnet', 'tcot', 'ccot', '2a', 'harveydisaster']",[],https://twitter.com/FFLDealerNT/status/975231579743285249,False,,1,https://pbs.twimg.com/media/DYi388jUQAAoB9v.jpg,,,,,,,[],,,,
975230585064120320,975230585064120320,2018-03-18 00:41:05 EDT,2018-03-18,00:41:05,-0400,2698477658,riverouseyork,River Ouse (York),,River Ouse York water level: 2.34m at 04:00. Chance of flooding. #Flood #York #Ouse #Falling,en,[],[],[],0,1,0,"['flood', 'york', 'ouse', 'falling']",[],https://twitter.com/RiverOuseYork/status/975230585064120320,False,,0,,,,,,,,[],,,,
975230395850592256,975230395850592256,2018-03-18 00:40:19 EDT,2018-03-18,00:40:19,-0400,707963715451166720,moldbgonesystem,moldbgonesystem,,Three Steps to Reduce #Flood Damage | #Atlanta GA | Mold-B-Gone  https://t.co/07dIS7fc7k PLEASE RETWEET  https://t.co/usRdfP9rry,en,[],['http://moldbgonega.com/three-steps-to-reduce-flood-damage/'],['https://pbs.twimg.com/media/DYi24FLXkAEVoJ1.jpg'],0,1,0,"['flood', 'atlanta']",[],https://twitter.com/moldbgonesystem/status/975230395850592256,False,,1,https://pbs.twimg.com/media/DYi24FLXkAEVoJ1.jpg,,,,,,,[],,,,
975219309281726464,975219309281726464,2018-03-17 23:56:16 EDT,2018-03-17,23:56:16,-0400,2976519914,wsledlight,Alix Van,,#LED #Flood #Light 200W Model: WS-FL-C-200W Power: 2*100W Beam Angle: 120 Input Voltage: AC 85-265V  50/60Hz  ( DC24V is optional )!!! see more at- https://t.co/JdNE6dB6H9  https://t.co/MYhTaM0Nlb,en,[],['http://www.wsledlight.com/led-flood-light-200w/'],['https://pbs.twimg.com/media/DYisyTxWsAINt0L.jpg'],0,1,1,"['led', 'flood', 'light']",[],https://twitter.com/wsledlight/status/975219309281726464,False,,1,https://pbs.twimg.com/media/DYisyTxWsAINt0L.jpg,,,,,,,[],,,,
975217008261386240,975217008261386240,2018-03-17 23:47:08 EDT,2018-03-17,23:47:08,-0400,918821108052316160,abdiahmed1983,Abdifatah ahmed,,With recent #floods #kenya its time we take #climatechange seriously and #flood #insuarance. #kenyans need plant more #trees accelerate #ClimateAction @BD_Africa.@InsuResilience @Kenya_Re. @Environment_Ke. @KAM_kenya. @GAEFKENYA. @KTNNews. @KeriakoTobikoKE  https://t.co/oBkzlg3sf2,en,"[{'screen_name': 'bd_africa', 'name': 'businessdaily', 'id': '288311590'}, {'screen_name': 'insuresilience', 'name': 'insuresilience global partnership', 'id': '894840259254648833'}, {'screen_name': 'kenya_re', 'name': 'kenyareinsurance', 'id': '373347185'}, {'screen_name': 'environment_ke', 'name': 'ministry of environment and forestry kenya', 'id': '3377180045'}, {'screen_name': 'kam_kenya', 'name': 'kam', 'id': '1147346131'}, {'screen_name': 'gaefkenya', 'name': 'greenafricaenergyfou', 'id': '938834128476213248'}, {'screen_name': 'ktnnews', 'name': 'ktn news', 'id': '2752080493'}, {'screen_name': 'keriakotobikoke', 'name': 'keriako tobiko', 'id': '963439422405599233'}]",['https://www.pbs.org/newshour/economy/will-climate-change-impact-future-floods-flood-insurance'],[],0,2,1,"['floods', 'kenya', 'climatechange', 'flood', 'insuarance', 'kenyans', 'trees', 'climateaction']",[],https://twitter.com/Abdiahmed1983/status/975217008261386240,False,,0,,,,,,,,[],,,,
975215482125955072,975215482125955072,2018-03-17 23:41:04 EDT,2018-03-17,23:41:04,-0400,2698477658,riverouseyork,River Ouse (York),,River Ouse York water level: 2.37m at 03:00. Chance of flooding. #Flood #York #Ouse #Falling,en,[],[],[],0,1,0,"['flood', 'york', 'ouse', 'falling']",[],https://twitter.com/RiverOuseYork/status/975215482125955072,False,,0,,,,,,,,[],,,,
975214245972496385,975214245972496385,2018-03-17 23:36:09 EDT,2018-03-17,23:36:09,-0400,938596521431334912,firingoti,Firingoti,,"Every year the residents of Nellie, Assam hope that the sluice gate will be built. But not even a brick in the name of the gate has been laid there. Full video :  https://t.co/GSxz2jZmPx #savenellie #assamfloods #flood #assam #firingotiinitiative  https://t.co/rb5OtIK9ce",en,[],['http://bit.ly/2HKVPCG'],[],0,1,0,"['savenellie', 'assamfloods', 'flood', 'assam', 'firingotiinitiative']",[],https://twitter.com/Firingoti/status/975214245972496385,False,,1,https://pbs.twimg.com/ext_tw_video_thumb/975211525588901888/pu/img/NL6iL8-ppVXl8s_4.jpg,,,,,,,[],,,,
975208168832745473,975208168832745473,2018-03-17 23:12:00 EDT,2018-03-17,23:12:00,-0400,183688400,livewxradar,Rob Delp Weather,,SEVERE STORM WATCH to 12 AM EDT for TN KY NC WV VA   Scattered large hail likely with isolated very large hail events       to 2 inches in diameter possible  Scattered damaging wind gusts to 70 mph possible Radar at  https://t.co/HNLPnbqhEd #wx #weather #storm #tornado #flood  https://t.co/HwcT70B11L,en,[],['http://www.weather.pub'],['https://pbs.twimg.com/media/DYiGRV0W4AAAewl.jpg'],0,1,0,"['wx', 'weather', 'storm', 'tornado', 'flood']",[],https://twitter.com/livewxradar/status/975208168832745473,False,,1,https://pbs.twimg.com/media/DYiGRV0W4AAAewl.jpg,,,,,,,[],,,,
975202786857009152,975202786857009152,2018-03-17 22:50:37 EDT,2018-03-17,22:50:37,-0400,1113935658,janewilson911,Jane Wilson,,How to Protect Your Home in Case of #Flood  https://t.co/Hb8cUjpPRY,en,[],['http://wp.me/p4Z7tN-gE'],[],0,1,0,['flood'],[],https://twitter.com/JaneWilson911/status/975202786857009152,False,,0,,,,,,,,[],,,,
975200381016866816,975200381016866816,2018-03-17 22:41:03 EDT,2018-03-17,22:41:03,-0400,2698477658,riverouseyork,River Ouse (York),,River Ouse York water level: 2.40m at 02:00. Chance of flooding. #Flood #York #Ouse #Falling,en,[],[],[],0,1,0,"['flood', 'york', 'ouse', 'falling']",[],https://twitter.com/RiverOuseYork/status/975200381016866816,False,,0,,,,,,,,[],,,,
975198416555798528,974578656029786113,2018-03-17 22:33:15 EDT,2018-03-17,22:33:15,-0400,2276880895,petabencana,PetaBencana.id,,"@Bananadiana4 Hello, I am Bencana Bot, reply with #flood to send me your flood report.  https://t.co/e749ruwkc2",en,[],[],['https://pbs.twimg.com/tweet_video_thumb/C4MFV65UkAAbNll.jpg'],0,0,0,['flood'],[],https://twitter.com/petabencana/status/975198416555798528,False,,1,https://pbs.twimg.com/tweet_video_thumb/C4MFV65UkAAbNll.jpg,,,,,,,"[{'screen_name': 'Bananadiana4', 'name': 'Banana diana', 'id': '908336636559114240'}]",,,,
975192941462343680,975192941462343680,2018-03-17 22:11:30 EDT,2018-03-17,22:11:30,-0400,428556919,ewnalerts,EWN Alerts,,QLD Flood Watch for between Ingham and Daintree. #flood #QLD   https://t.co/RGotMPYFzR  https://t.co/HEPtzVyXbF,en,[],['http://bit.ly/2HEVkKf'],['https://pbs.twimg.com/media/DYiUzxoVwAAkNHp.jpg'],0,1,0,"['flood', 'qld']",[],https://twitter.com/EWNAlerts/status/975192941462343680,False,,1,https://pbs.twimg.com/media/DYiUzxoVwAAkNHp.jpg,,,,,,,[],,,,
975185615506624512,975185615506624512,2018-03-17 21:42:23 EDT,2018-03-17,21:42:23,-0400,914781631851978752,staysafeapp,Stay Safe,,Brazil: Yellow warning due to heavy rain  https://t.co/ESEa8d3dlJ #warning #rainfall #Brazil #flood #weather #storm #staysafe  https://t.co/jQkMoa7Zsf,en,[],['https://stay-safe.com/brazil-yellow-warning-due-heavy-rain'],['https://pbs.twimg.com/media/DYiOJPaXUAAs8Cs.jpg'],0,0,0,"['warning', 'rainfall', 'brazil', 'flood', 'weather', 'storm', 'staysafe']",[],https://twitter.com/staysafeapp/status/975185615506624512,False,,1,https://pbs.twimg.com/media/DYiOJPaXUAAs8Cs.jpg,,,,,,,[],,,,
975185279047929856,975185279047929856,2018-03-17 21:41:03 EDT,2018-03-17,21:41:03,-0400,2698477658,riverouseyork,River Ouse (York),,River Ouse York water level: 2.42m at 01:00. Chance of flooding. #Flood #York #Ouse #Falling,en,[],[],[],0,1,0,"['flood', 'york', 'ouse', 'falling']",[],https://twitter.com/RiverOuseYork/status/975185279047929856,False,,0,,,,,,,,[],,,,
975181711578460160,975181711578460160,2018-03-17 21:26:52 EDT,2018-03-17,21:26:52,-0400,43462126,arkhamcitygirl,Carrie J.,,"Anyone besides Noah and his family would have been welcome on the #ark, IF they repented of their sin and turned from their evil ways....but they refused. Thats not #Gods fault they perished in the #Flood, it was #theirs #StPatricksDay",en,[],[],[],0,1,1,"['ark', 'gods', 'flood', 'theirs', 'stpatricksday']",[],https://twitter.com/ArkhamCityGirl/status/975181711578460160,False,,0,,,,,,,,[],,,,
975177880392142848,975177880392142848,2018-03-17 21:11:39 EDT,2018-03-17,21:11:39,-0400,926462264344961024,savefloodinsure,Save Flood Insurance,,#Flood Preparedness  https://t.co/utvXz938pv #flooddisaster #floodpreparation #floodpreparedness #flooding,en,[],['http://rviv.ly/952uS'],[],0,1,0,"['flood', 'flooddisaster', 'floodpreparation', 'floodpreparedness', 'flooding']",[],https://twitter.com/SaveFloodInsure/status/975177880392142848,False,,0,,,,,,,,[],,,,
975176806478131200,975176806478131200,2018-03-17 21:07:23 EDT,2018-03-17,21:07:23,-0400,183688400,livewxradar,Rob Delp Weather,,SEVERE STORM WATCH to 12AM EDT for TN KY NC WV VA   Scattered large hail likely with isolated very large hail events       to 2 inches in diameter possible  Scattered damaging wind gusts to 70 mph possible Radar at  https://t.co/HNLPnbqhEd #wx #weather #storm #tornado #hail #flood  https://t.co/ttuYWexRrW,en,[],['http://www.weather.pub'],['https://pbs.twimg.com/media/DYiGIHWX0AAbIQd.jpg'],0,1,0,"['wx', 'weather', 'storm', 'tornado', 'hail', 'flood']",[],https://twitter.com/livewxradar/status/975176806478131200,False,,1,https://pbs.twimg.com/media/DYiGIHWX0AAbIQd.jpg,,,,,,,[],,,,
975170176994955265,975170176994955265,2018-03-17 20:41:02 EDT,2018-03-17,20:41:02,-0400,2698477658,riverouseyork,River Ouse (York),,River Ouse York water level: 2.44m at 00:00. Chance of flooding. #Flood #York #Ouse,en,[],[],[],0,3,2,"['flood', 'york', 'ouse']",[],https://twitter.com/RiverOuseYork/status/975170176994955265,False,,0,,,,,,,,[],,,,
975166956654551040,975166956654551040,2018-03-17 20:28:14 EDT,2018-03-17,20:28:14,-0400,122154024,kotaknaren,Naren,,"RT @daniceraj: RT @insurance_STL: In case you missed it, check out ""Tips for driving in flood conditions.""  https://t.co/rzV7je7ZZ4 #flood #insurance #StLouis  https://t.co/TbG4Mk2GRl",en,"[{'screen_name': 'daniceraj', 'name': 'dinesh raj', 'id': '2595870686'}, {'screen_name': 'insurance_stl', 'name': 'insurance advisors', 'id': '1226264893'}]",['https://goo.gl/YX4oJy'],['https://pbs.twimg.com/media/DYhxgI_X0AEf4te.jpg'],0,0,0,"['flood', 'insurance', 'stlouis']",[],https://twitter.com/kotaknaren/status/975166956654551040,False,,1,https://pbs.twimg.com/media/DYhxgI_X0AEf4te.jpg,,,,,,,[],,,,
975162122454872070,975162122454872070,2018-03-17 20:09:02 EDT,2018-03-17,20:09:02,-0400,122387909,iclrcanada,Glenn McGillivray,,Snow survey stokes #flood fears in B.C.  https://t.co/1fx9139U18,en,[],['http://vancouversun.com/news/local-news/snow-survey-stokes-flood-fears-in-b-c/'],[],0,4,1,['flood'],[],https://twitter.com/ICLRCanada/status/975162122454872070,False,,0,,,,,,,,[],,,,
