id,conversation_id,created_at,date,time,timezone,user_id,username,name,place,tweet,language,mentions,urls,photos,replies_count,retweets_count,likes_count,hashtags,cashtags,link,retweet,quote_url,video,thumbnail,near,geo,source,user_rt_id,user_rt,retweet_id,reply_to,retweet_date,translate,trans_src,trans_dest
660968782148440064,660968782148440064,2015-11-01 18:56:52 EST,2015-11-01,18:56:52,-0400,1378505995,granimal5,George Guadiana,,Day 10. #flood #sunset  https://t.co/bqfMpPLZqP,und,[],[],['https://pbs.twimg.com/media/CSw7mSLUYAAH4k_.jpg'],0,0,1,"['flood', 'sunset']",[],https://twitter.com/granimal5/status/660968782148440064,False,,1,https://pbs.twimg.com/media/CSw7mSLUYAAH4k_.jpg,,,,,,,[],,,,
660959463852019713,660959463852019713,2015-11-01 18:19:50 EST,2015-11-01,18:19:50,-0400,48512272,roshart,💧Ros,,"Compared to OS #Insurance companies, Aus insurers keep customers in the dark about #climate risks. #fire #flood   https://t.co/YwBFM1X89H",en,[],['http://gu.com/p/4dz4x?CMP=Share_iOSApp_Other'],[],0,0,0,"['insurance', 'climate', 'fire', 'flood']",[],https://twitter.com/roshart/status/660959463852019713,False,,0,,,,,,,,[],,,,
660959319702114304,660959319702114304,2015-11-01 18:19:16 EST,2015-11-01,18:19:16,-0400,24328956,urthtone,James Dancer,,"""Single Mom's Farm Destroyed in Flood"". Her farm is in Wimberley, TX. Donate:   https://t.co/mTWVMkFH5h - #OrganicFarm #organic #flood #help",en,[],['https://gofund.me/hq7wmys4?pc=tw_cr_n'],[],0,0,0,"['organicfarm', 'organic', 'flood', 'help']",[],https://twitter.com/urthtone/status/660959319702114304,False,,0,,,,,,,,[],,,,
660958569689391104,660958569689391104,2015-11-01 18:16:17 EST,2015-11-01,18:16:17,-0400,1924046688,apocalypticpost,Apocalyptic Fiction,,ARkStorm by prepper fiction author Ron Foster Book Trailer:  https://t.co/4qNggW6gmI via @YouTube #ARkStorm #preppers #prepper  #flood,en,"[{'screen_name': 'youtube', 'name': 'youtube', 'id': '10228272'}]",['http://youtu.be/nFeaOj3ngDo?list=UUmXsYthWqCj5n4w-xj-Alng'],[],0,0,0,"['arkstorm', 'preppers', 'prepper', 'flood']",[],https://twitter.com/ApocalypticPost/status/660958569689391104,False,,0,,,,,,,,[],,,,
660958467478437888,660958467478437888,2015-11-01 18:15:53 EST,2015-11-01,18:15:53,-0400,2737029641,earthquake_rt,Update: Earthquakes,,Understanding Tragedies and Calamities   https://t.co/0Gcj5Xt1FA 🎥  المصائب والكوارث  #Earthquake #quake #hurricane  #flood  #CNN  _انجليزي,ca,[],['http://islamhouse.com/en/videos/438971/'],[],0,0,0,"['earthquake', 'quake', 'hurricane', 'flood', 'cnn']",[],https://twitter.com/Earthquake_rt/status/660958467478437888,False,,0,,,,,,,,[],,,,
660953435123027968,660953435123027968,2015-11-01 17:55:53 EST,2015-11-01,17:55:53,-0400,1331981646,officialtrace09,Trace09.com,,#MissedThis? Breaking News: Gas Explosion at Kwame Nkrumah  https://t.co/glnGqJPX1a #accra #bank #explosion #flood #gcb #kwamenkrumahcircle,en,[],['http://is.gd/5VRyZm'],[],0,0,0,"['missedthis', 'accra', 'bank', 'explosion', 'flood', 'gcb', 'kwamenkrumahcircle']",[],https://twitter.com/OfficialTrace09/status/660953435123027968,False,,0,,,,,,,,[],,,,
660946546331164672,660946546331164672,2015-11-01 17:28:31 EST,2015-11-01,17:28:31,-0400,2585523085,disaworldnews,Disaster World News,,Flood watch includes metro Atlanta; 100 percent chance of rain Monday - Atlanta Journal Constitution  https://t.co/rMrQa9Citw #Flood,en,[],['http://news.google.com/news/url?sa=t&fd=R&ct2=us&usg=AFQjCNE3OAN6fwbK7pBhn0t02dO0ovTqkg&clid=c3a7d30bb8a4878e06b80cf16b898331&ei=fJA2VuDaAYbBhAGyq7aQCQ&url=http://www.ajc.com/news/news/local/atlanta-weather-continued-rain-could-mean-messy-mo/npDRj/'],[],0,0,0,['flood'],[],https://twitter.com/DisaWorldNews/status/660946546331164672,False,,0,,,,,,,,[],,,,
660945400594112512,660945400594112512,2015-11-01 17:23:57 EST,2015-11-01,17:23:57,-0400,170025220,realnaahrf,ContractorCop,,2 most important tips for SC flood victims when rebuilding; don't sign anything U don't understand &amp; don't give $$ up front! #SCFlood #Flood,en,[],[],[],0,2,0,"['scflood', 'flood']",[],https://twitter.com/realNAAHRF/status/660945400594112512,False,,0,,,,,,,,[],,,,
660945188039299072,660945188039299072,2015-11-01 17:23:07 EST,2015-11-01,17:23:07,-0400,14779177,rjgnewdawn,Edward Stevens,,Portland Max Transit Train Flooded -  https://t.co/87dSLZitZN #Portland #Flood  https://t.co/m3wNQVHElN,en,[],['http://buff.ly/1Q3RtH0?utm_content=buffer32c77&utm_medium=social&utm_source=pinterest.com&utm_campaign=buffer'],['https://pbs.twimg.com/media/CSwmJYJXIAAxR31.jpg'],0,0,0,"['portland', 'flood']",[],https://twitter.com/rjgnewdawn/status/660945188039299072,False,,1,https://pbs.twimg.com/media/CSwmJYJXIAAxR31.jpg,,,,,,,[],,,,
660945187183697920,660945187183697920,2015-11-01 17:23:07 EST,2015-11-01,17:23:07,-0400,32270007,sedwongjowo,WongJowo,,Portland Max Transit Train Flooded -  https://t.co/Rnnwd82ZnN #Portland #Flood  https://t.co/upffV3DpJj,en,[],['http://buff.ly/1Q3RtH0?utm_content=buffer32c77&utm_medium=social&utm_source=pinterest.com&utm_campaign=buffer'],['https://pbs.twimg.com/media/CSwmJRqWsAAgbVi.jpg'],0,0,0,"['portland', 'flood']",[],https://twitter.com/sedwongjowo/status/660945187183697920,False,,1,https://pbs.twimg.com/media/CSwmJRqWsAAgbVi.jpg,,,,,,,[],,,,
660945186084790273,660945186084790273,2015-11-01 17:23:06 EST,2015-11-01,17:23:06,-0400,2382840492,clamityjan,Jan Pierson,,Portland Max Transit Train Flooded -  https://t.co/zvVqMWUeem #Portland #Flood  https://t.co/oIvviqSp7X,en,[],['http://buff.ly/1Q3RtH0?utm_content=buffer32c77&utm_medium=social&utm_source=pinterest.com&utm_campaign=buffer'],['https://pbs.twimg.com/media/CSwmJRFW4AAtQux.jpg'],0,0,0,"['portland', 'flood']",[],https://twitter.com/Clamityjan/status/660945186084790273,False,,1,https://pbs.twimg.com/media/CSwmJRFW4AAtQux.jpg,,,,,,,[],,,,
660945175489966080,660945175489966080,2015-11-01 17:23:04 EST,2015-11-01,17:23:04,-0400,160852707,jessicadudley,Jessica Dudley,,Portland Max Transit Train Flooded -  https://t.co/scC1wG74MZ #Portland #Flood  https://t.co/I2QZU4BdVd,en,[],['http://buff.ly/1Q3RtH0?utm_content=buffer32c77&utm_medium=social&utm_source=pinterest.com&utm_campaign=buffer'],['https://pbs.twimg.com/media/CSwmIo9WoAA6UVV.jpg'],0,0,0,"['portland', 'flood']",[],https://twitter.com/jessicadudley/status/660945175489966080,False,,1,https://pbs.twimg.com/media/CSwmIo9WoAA6UVV.jpg,,,,,,,[],,,,
660945163582337024,660945163582337024,2015-11-01 17:23:01 EST,2015-11-01,17:23:01,-0400,1348343233,begorkeraton,Alim Sanita,,Portland Max Transit Train Flooded -  https://t.co/G5ySWR7RIy #Portland #Flood  https://t.co/2gEXyzFXb3,en,[],['http://buff.ly/1Q3RtH0?utm_content=buffer32c77&utm_medium=social&utm_source=pinterest.com&utm_campaign=buffer'],['https://pbs.twimg.com/media/CSwmH9SWsAAyA4_.jpg'],0,0,0,"['portland', 'flood']",[],https://twitter.com/BegorKeraton/status/660945163582337024,False,,1,https://pbs.twimg.com/media/CSwmH9SWsAAyA4_.jpg,,,,,,,[],,,,
660945162579914753,660945162579914753,2015-11-01 17:23:01 EST,2015-11-01,17:23:01,-0400,1375551384,javaman74,Tropical Bird Lover,,Portland Max Transit Train Flooded -  https://t.co/wjJxrsR7sm #Portland #Flood  https://t.co/5NN6pqAXe0,en,[],['http://buff.ly/1Q3RtH0?utm_content=buffer32c77&utm_medium=social&utm_source=pinterest.com&utm_campaign=buffer'],['https://pbs.twimg.com/media/CSwmH45W4AAOqlH.jpg'],0,0,0,"['portland', 'flood']",[],https://twitter.com/javaman74/status/660945162579914753,False,,1,https://pbs.twimg.com/media/CSwmH45W4AAOqlH.jpg,,,,,,,[],,,,
660945160377933824,660945160377933824,2015-11-01 17:23:00 EST,2015-11-01,17:23:00,-0400,14641845,javaman47,javaman47,,Portland Max Transit Train Flooded -  https://t.co/CEoFyNBEm9 #Portland #Flood  https://t.co/SHs0blfLNn,en,[],['http://buff.ly/1Q3RtH0?utm_content=buffer32c77&utm_medium=social&utm_source=pinterest.com&utm_campaign=buffer'],['https://pbs.twimg.com/media/CSwmHxiWoAEr_q1.jpg'],0,0,0,"['portland', 'flood']",[],https://twitter.com/javaman47/status/660945160377933824,False,,1,https://pbs.twimg.com/media/CSwmHxiWoAEr_q1.jpg,,,,,,,[],,,,
660945160264654848,660945160264654848,2015-11-01 17:23:00 EST,2015-11-01,17:23:00,-0400,14696870,kmj808,Daisy,,Portland Max Transit Train Flooded -  https://t.co/5jcIP9qLF2 #Portland #Flood  https://t.co/bH1XsosSR5,en,[],['http://buff.ly/1Q3RtH0?utm_content=buffer32c77&utm_medium=social&utm_source=pinterest.com&utm_campaign=buffer'],['https://pbs.twimg.com/media/CSwmHxAWUAApmhC.jpg'],0,0,0,"['portland', 'flood']",[],https://twitter.com/kmj808/status/660945160264654848,False,,1,https://pbs.twimg.com/media/CSwmHxAWUAApmhC.jpg,,,,,,,[],,,,
660944888666718209,660944888666718209,2015-11-01 17:21:55 EST,2015-11-01,17:21:55,-0400,263244232,gostrategic,Strategic Inspection,,After the #flood: not a novel title. #FEMA #inspection #reserve  https://t.co/1EPLISVSQQ @MeetTheRisks @FEMA  https://t.co/wan6fwIgWx,en,"[{'screen_name': 'fema', 'name': 'fema', 'id': '16669075'}]",['http://linkd.in/1B0fKXI'],['https://pbs.twimg.com/media/CSwl37PWEAEPZfG.jpg'],0,0,0,"['flood', 'fema', 'inspection', 'reserve']",[],https://twitter.com/GoStrategic/status/660944888666718209,False,,1,https://pbs.twimg.com/media/CSwl37PWEAEPZfG.jpg,,,,,,,[],,,,
660943581570551809,643155858499747840,2015-11-01 17:16:44 EST,2015-11-01,17:16:44,-0400,394568044,cjemelin,Christophe Jemelin,,"@tl_nonofficiel @TL__NonOfficiel hé ho les 2 non officiels, c'est quoi l'intérêt de retweeter des vieilleries ? #flood",fr,[],[],[],1,0,0,['flood'],[],https://twitter.com/cjemelin/status/660943581570551809,False,,0,,,,,,,,[],,,,
660940369698361344,660940369698361344,2015-11-01 17:03:58 EST,2015-11-01,17:03:58,-0400,69809742,jangebauer78,Jan Gebauer,,"#Flood at the #Algarve, #albuferia under water  https://t.co/TMxiXAX8yw",en,[],['http://www.theportugalnews.com/news/floods-several-people-left-homeless-in-albufeira-roads-cut-across-the-algarve-as-commuters-face-delays/36480'],[],0,2,0,"['flood', 'algarve', 'albuferia']",[],https://twitter.com/jangebauer78/status/660940369698361344,False,,0,,,,,,,,[],,,,
660937500140118016,660937500140118016,2015-11-01 16:52:34 EST,2015-11-01,16:52:34,-0400,4092592539,beckywi53419814,becky wilkinson,,@idarbwire #ly6q #flood,und,[],[],[],0,0,0,"['ly6q', 'flood']",[],https://twitter.com/beckywi53419814/status/660937500140118016,False,,0,,,,,,,,[],,,,
660935663840284672,660935663840284672,2015-11-01 16:45:16 EST,2015-11-01,16:45:16,-0400,2523068961,rorox92peronace,Rosalba Peronace,,I don't know if i'll survive to this #flood... but for tonight #goodnight @Harry_Styles,en,"[{'screen_name': 'harry_styles', 'name': 'harry styles.', 'id': '181561712'}]",[],[],0,0,0,"['flood', 'goodnight']",[],https://twitter.com/Rorox92Peronace/status/660935663840284672,False,,0,,,,,,,,[],,,,
660931468147970053,660931468147970053,2015-11-01 16:28:36 EST,2015-11-01,16:28:36,-0400,2585523085,disaworldnews,Disaster World News,,"Flash flood watch continues in southeast Louisiana, southern Mississippi - WDSU New Orleans  https://t.co/mbbNxsnKrG #Flood",en,[],['http://news.google.com/news/url?sa=t&fd=R&ct2=us&usg=AFQjCNGLk4pI1Mhgr1YtZZnG3VopNqlN4w&clid=c3a7d30bb8a4878e06b80cf16b898331&cid=52778981653526&ei=m4I2VuCtENaQhAHau7OAAg&url=http://www.wdsu.com/news/local-news/new-orleans/flash-flood-watch-continues-in-southeast-louisiana-southern-mississippi/36190270'],[],0,0,0,['flood'],[],https://twitter.com/DisaWorldNews/status/660931468147970053,False,,0,,,,,,,,[],,,,
660931465778196480,660931465778196480,2015-11-01 16:28:35 EST,2015-11-01,16:28:35,-0400,2585523085,disaworldnews,Disaster World News,,NB residents begin cleaning up as flood water recede - Herald Zeitung  https://t.co/X1xfcUrs9p #Flood,en,[],['http://news.google.com/news/url?sa=t&fd=R&ct2=us&usg=AFQjCNEB5a2DkdLMP3WrkeZSPmQ_pko8zw&clid=c3a7d30bb8a4878e06b80cf16b898331&cid=52778982826435&ei=m4I2VuCtENaQhAHau7OAAg&url=http://herald-zeitung.com/community_alert/article_8e1f19c8-8045-11e5-8fbc-1781f288c0f0.html'],[],0,0,0,['flood'],[],https://twitter.com/DisaWorldNews/status/660931465778196480,False,,0,,,,,,,,[],,,,
660931264157982721,660931264157982721,2015-11-01 16:27:47 EST,2015-11-01,16:27:47,-0400,2209247298,bereadyflorida,Be Ready Florida,,#FloodWatch 10/25/15 – W #Florida residents prepare for a #flood view videos at  https://t.co/HGjJ1fT5og #flwx #FL #MarianaFl #PanamaCity,en,[],['http://ow.ly/zc1Xm'],[],0,0,0,"['floodwatch', 'florida', 'flood', 'flwx', 'fl', 'marianafl', 'panamacity']",[],https://twitter.com/BeReadyFlorida/status/660931264157982721,False,,0,,,,,,,,[],,,,
660928245475377152,660928245475377152,2015-11-01 16:15:47 EST,2015-11-01,16:15:47,-0400,1331981646,officialtrace09,Trace09.com,,#MissedThis? Breaking News: Gas Explosion at Kwame Nkrumah  https://t.co/glnGqJPX1a #accra #bank #explosion #flood #gcb #kwamenkrumahcircle,en,[],['http://is.gd/5VRyZm'],[],0,0,0,"['missedthis', 'accra', 'bank', 'explosion', 'flood', 'gcb', 'kwamenkrumahcircle']",[],https://twitter.com/OfficialTrace09/status/660928245475377152,False,,0,,,,,,,,[],,,,
660925428341850112,660925428341850112,2015-11-01 16:04:36 EST,2015-11-01,16:04:36,-0400,87421812,rechargeoutrch,ReCharge Outreach,,@idarbwire #KSXM #flood,und,[],[],[],0,0,0,"['ksxm', 'flood']",[],https://twitter.com/ReChargeOutRch/status/660925428341850112,False,,0,,,,,,,,[],,,,
660924295166709761,660924295166709761,2015-11-01 16:00:06 EST,2015-11-01,16:00:06,-0400,1329776498,smartdroid2000,smart droid,,10 day #weather forecast and #flood alert for #Bangladesh on your #android  https://t.co/SnL3qGGgSR,en,[],['https://play.google.com/store/apps/details?id=com.smartdroid.weather'],[],0,0,0,"['weather', 'flood', 'bangladesh', 'android']",[],https://twitter.com/smartdroid2000/status/660924295166709761,False,,0,,,,,,,,[],,,,
660919868263440384,660919868263440384,2015-11-01 15:42:30 EST,2015-11-01,15:42:30,-0400,2585523085,disaworldnews,Disaster World News,,"'I'm about 20 feet up a tree,' Texas flood victim tells news anchors during ... - Washington Post  https://t.co/acM8HyCGh7 #Flood",en,[],['http://news.google.com/news/url?sa=t&fd=R&ct2=us&usg=AFQjCNHfO1X3O7v37_5uG5HBd-BMt2ZcJA&clid=c3a7d30bb8a4878e06b80cf16b898331&cid=52778981653533&ei=_XU2VviKGZC4hAHomLeoDg&url=https://www.washingtonpost.com/news/morning-mix/wp/2015/11/01/im-about-20-feet-up-a-tree-texas-flood-victim-tells-news-anchors-during-shocking-interview/'],[],0,0,0,['flood'],[],https://twitter.com/DisaWorldNews/status/660919868263440384,False,,0,,,,,,,,[],,,,
660901638933188609,660901638933188609,2015-11-01 14:30:04 EST,2015-11-01,14:30:04,-0400,2737029641,earthquake_rt,Update: Earthquakes,,#DisasterPreparedness: #Farrakhan warns us after A Major #Earthquake(or #Flood) can destroy Nuclear…  https://t.co/2zzWX6uGkg,en,[],['https://instagram.com/p/9jc9o5LRxl/'],[],0,0,0,"['disasterpreparedness', 'farrakhan', 'earthquake', 'flood']",[],https://twitter.com/Earthquake_rt/status/660901638933188609,False,,0,,,,,,,,[],,,,
660901274192379905,660901274192379905,2015-11-01 14:28:37 EST,2015-11-01,14:28:37,-0400,118611326,doomalert19,@ThePostmanMRT,,#DisasterPreparedness: #Farrakhan warns us after A Major #Earthquake(or #Flood) can destroy Nuclear…  https://t.co/imWjGb9is6,en,[],['https://instagram.com/p/9jc9o5LRxl/'],[],0,0,0,"['disasterpreparedness', 'farrakhan', 'earthquake', 'flood']",[],https://twitter.com/doomalert19/status/660901274192379905,False,,0,,,,,,,,[],,,,
660893505108230144,660893505108230144,2015-11-01 13:57:45 EST,2015-11-01,13:57:45,-0400,2585523085,disaworldnews,Disaster World News,,Residents Survey Damage After 'Historic' Flood Hits San Marcos for 3rd Time - TWC News  https://t.co/yNY9Sr5xbu #Flood,en,[],['http://news.google.com/news/url?sa=t&fd=R&ct2=us&usg=AFQjCNESavR4kwfwqWi0Sb4KmjzuezfJ9Q&clid=c3a7d30bb8a4878e06b80cf16b898331&ei=fmA2VtDrC8eUhAHP9qOIDQ&url=http://www.twcnews.com/tx/austin/halloween-storms/2015/11/1/residents-survey-damage-after--historic--flood-hits-san-marcos-for-3rd-time.html'],[],0,0,0,['flood'],[],https://twitter.com/DisaWorldNews/status/660893505108230144,False,,0,,,,,,,,[],,,,
660892918748594176,660892918748594176,2015-11-01 13:55:25 EST,2015-11-01,13:55:25,-0400,3940693948,advisoryforex,forex advisory,,How to Clean Up Basement Flooding #flood  https://t.co/kyUCkD1ZgG,en,[],['http://www.forex-advisory.com/how-to-clean-up-basement-flooding-flood.html'],[],0,0,0,['flood'],[],https://twitter.com/AdvisoryForex/status/660892918748594176,False,,0,,,,,,,,[],,,,
660889556271558656,660889556271558656,2015-11-01 13:42:03 EST,2015-11-01,13:42:03,-0400,140941067,an2nyabndo,ANTHONY ABUNDO,,Sarap naman magtwitter ng ganitong oras 😍☺ #flood,tl,[],[],[],0,0,0,['flood'],[],https://twitter.com/an2nyabndo/status/660889556271558656,False,,0,,,,,,,,[],,,,
660885322830635009,660885322830635009,2015-11-01 13:25:14 EST,2015-11-01,13:25:14,-0400,1375551384,javaman74,Tropical Bird Lover,,Portland Max Transit Train Flooded -  https://t.co/MZWaNMzWdX #Portland #Flood  https://t.co/BLSQgOK53s,en,[],['http://buff.ly/1Q3RtH0'],['https://pbs.twimg.com/media/CSvvsxEWEAAO0IU.jpg'],0,0,0,"['portland', 'flood']",[],https://twitter.com/javaman74/status/660885322830635009,False,,1,https://pbs.twimg.com/media/CSvvsxEWEAAO0IU.jpg,,,,,,,[],,,,
660885280552067072,660885280552067072,2015-11-01 13:25:04 EST,2015-11-01,13:25:04,-0400,2382840492,clamityjan,Jan Pierson,,Portland Max Transit Train Flooded -  https://t.co/qr5htV9ZJx #Portland #Flood  https://t.co/NEKxUFnkf2,en,[],['http://buff.ly/1Q3RtH0'],['https://pbs.twimg.com/media/CSvvqTJXIAA2PUi.jpg'],0,0,0,"['portland', 'flood']",[],https://twitter.com/Clamityjan/status/660885280552067072,False,,1,https://pbs.twimg.com/media/CSvvqTJXIAA2PUi.jpg,,,,,,,[],,,,
660885272649965568,660885272649965568,2015-11-01 13:25:02 EST,2015-11-01,13:25:02,-0400,32270007,sedwongjowo,WongJowo,,Portland Max Transit Train Flooded -  https://t.co/oeZUe9fTee #Portland #Flood  https://t.co/RWVCGVVsT0,en,[],['http://buff.ly/1Q3RtH0'],['https://pbs.twimg.com/media/CSvvp1PWwAAxMbE.jpg'],0,0,0,"['portland', 'flood']",[],https://twitter.com/sedwongjowo/status/660885272649965568,False,,1,https://pbs.twimg.com/media/CSvvp1PWwAAxMbE.jpg,,,,,,,[],,,,
660885029187375104,660885029187375104,2015-11-01 13:24:04 EST,2015-11-01,13:24:04,-0400,160852707,jessicadudley,Jessica Dudley,,Portland Max Transit Train Flooded -  https://t.co/bkTHjuRyb3 #Portland #Flood  https://t.co/nqtCWfeCw6,en,[],['http://buff.ly/1Q3RtH0'],['https://pbs.twimg.com/media/CSvvbrDWEAA5mpS.jpg'],0,0,0,"['portland', 'flood']",[],https://twitter.com/jessicadudley/status/660885029187375104,False,,1,https://pbs.twimg.com/media/CSvvbrDWEAA5mpS.jpg,,,,,,,[],,,,
660885017749544960,660885017749544960,2015-11-01 13:24:01 EST,2015-11-01,13:24:01,-0400,14779177,rjgnewdawn,Edward Stevens,,Portland Max Transit Train Flooded -  https://t.co/3hvvBm9fo1 #Portland #Flood  https://t.co/4psg8686hW,en,[],['http://buff.ly/1Q3RtH0'],['https://pbs.twimg.com/media/CSvvbASXAAA5R5A.jpg'],0,0,0,"['portland', 'flood']",[],https://twitter.com/rjgnewdawn/status/660885017749544960,False,,1,https://pbs.twimg.com/media/CSvvbASXAAA5R5A.jpg,,,,,,,[],,,,
660884778921680896,660884778921680896,2015-11-01 13:23:04 EST,2015-11-01,13:23:04,-0400,14641845,javaman47,javaman47,,Portland Max Transit Train Flooded -  https://t.co/1bX3947Arf #Portland #Flood  https://t.co/wBalTkxPNh,en,[],['http://buff.ly/1Q3RtH0'],['https://pbs.twimg.com/media/CSvvNGyXAAEwGBn.jpg'],0,0,0,"['portland', 'flood']",[],https://twitter.com/javaman47/status/660884778921680896,False,,1,https://pbs.twimg.com/media/CSvvNGyXAAEwGBn.jpg,,,,,,,[],,,,
660884770570772482,660884770570772482,2015-11-01 13:23:02 EST,2015-11-01,13:23:02,-0400,1348343233,begorkeraton,Alim Sanita,,Portland Max Transit Train Flooded -  https://t.co/w7LspocC1Q #Portland #Flood  https://t.co/EPbBIsi45E,en,[],['http://buff.ly/1Q3RtH0'],['https://pbs.twimg.com/media/CSvvMn_WUAA78vq.jpg'],0,1,0,"['portland', 'flood']",[],https://twitter.com/BegorKeraton/status/660884770570772482,False,,1,https://pbs.twimg.com/media/CSvvMn_WUAA78vq.jpg,,,,,,,[],,,,
660884647832854528,660884647832854528,2015-11-01 13:22:33 EST,2015-11-01,13:22:33,-0400,14696870,kmj808,Daisy,,Portland Max Transit Train Flooded -  https://t.co/AQ8i7XWLJy #Portland #Flood  https://t.co/Dd2oaiPUM9,en,[],['http://buff.ly/1Q3RtH0'],['https://pbs.twimg.com/media/CSvvFepWEAAHEaH.jpg'],0,0,0,"['portland', 'flood']",[],https://twitter.com/kmj808/status/660884647832854528,False,,1,https://pbs.twimg.com/media/CSvvFepWEAAHEaH.jpg,,,,,,,[],,,,
660878979360927744,660878979360927744,2015-11-01 13:00:01 EST,2015-11-01,13:00:01,-0400,3367666996,permegridltd,Permegrid,,A guide to #flood defense schemes in #York -  https://t.co/EFRUV1epqv,en,[],['https://www.gov.uk/government/uploads/system/uploads/attachment_data/file/297448/gene1208bpbw-e-e.pdf'],[],0,0,0,"['flood', 'york']",[],https://twitter.com/PermegridLTD/status/660878979360927744,False,,0,,,,,,,,[],,,,
660877238481453056,660877238481453056,2015-11-01 12:53:06 EST,2015-11-01,12:53:06,-0400,3940693948,advisoryforex,forex advisory,,Beware of Flood Damaged Cars! #flood  https://t.co/TC73twShIl,en,[],['http://www.forex-advisory.com/beware-of-flood-damaged-cars-flood.html'],[],0,0,0,['flood'],[],https://twitter.com/AdvisoryForex/status/660877238481453056,False,,0,,,,,,,,[],,,,
660867418407895040,660867418407895040,2015-11-01 12:14:05 EST,2015-11-01,12:14:05,-0400,179143194,sibelsavru,SiSa,,#Flood okuyun  https://t.co/XHcSdjD7NF,tr,[],['https://twitter.com/altiparmakli/status/660856614593961984'],[],0,0,0,['flood'],[],https://twitter.com/SibelSavru/status/660867418407895040,False,https://twitter.com/altiparmakli/status/660856614593961984,0,,,,,,,,[],,,,
660865408757460992,660865408757460992,2015-11-01 12:06:06 EST,2015-11-01,12:06:06,-0400,25531732,weathernation,WeatherNation,,Many in #MS are dealing with soggy scenes such as these this morning! The #flood threat across the south continues.  https://t.co/m7SAaMMkOc,en,[],[],['https://pbs.twimg.com/media/CSurJp8WsAAdOO8.jpg'],0,1,0,"['ms', 'flood']",[],https://twitter.com/WeatherNation/status/660865408757460992,False,,1,https://pbs.twimg.com/media/CSurJp8WsAAdOO8.jpg,,,,,,,[],,,,
660863259701059584,660863259701059584,2015-11-01 11:57:34 EST,2015-11-01,11:57:34,-0400,2585523085,disaworldnews,Disaster World News,,Sunday Update: Flood Recovery Underway; 3 Confirmed Dead; Flood Threat ... - KUT  https://t.co/tZBeRfi5aD #Flood,en,[],['http://news.google.com/news/url?sa=t&fd=R&ct2=us&usg=AFQjCNH-OVgFCC-hlrq43_vIWQSvkHh_LQ&clid=c3a7d30bb8a4878e06b80cf16b898331&cid=52778982089838&ei=NUM2Voi1JYS3hQG51amgDA&url=http://kut.org/post/sunday-update-flood-recovery-underway-3-confirmed-dead-flood-threat-continues-bastrop-0'],[],0,0,0,['flood'],[],https://twitter.com/DisaWorldNews/status/660863259701059584,False,,0,,,,,,,,[],,,,
660862954754211840,660862954754211840,2015-11-01 11:56:21 EST,2015-11-01,11:56:21,-0400,3436878729,hihihihigbshaha,Jason Stark,,@idarbwire #KO96 #flood,und,[],[],[],0,0,0,"['ko96', 'flood']",[],https://twitter.com/hihihihigbshaha/status/660862954754211840,False,,0,,,,,,,,[],,,,
660861908006731777,660861908006731777,2015-11-01 11:52:11 EST,2015-11-01,11:52:11,-0400,3940693948,advisoryforex,forex advisory,,Installing Outdoor Flood Lights #flood  https://t.co/vLeShIX7Sh,en,[],['http://www.forex-advisory.com/installing-outdoor-flood-lights-flood.html'],[],0,0,0,['flood'],[],https://twitter.com/AdvisoryForex/status/660861908006731777,False,,0,,,,,,,,[],,,,
660860998765707264,660860704837246976,2015-11-01 11:48:34 EST,2015-11-01,11:48:34,-0400,3127859254,mkeflood,The Flood,,RSVP on our Facebook page!  https://t.co/cEA2BR8ULx   #Flood 🌊,en,[],['https://www.facebook.com/mkeflood'],[],0,1,1,['flood'],[],https://twitter.com/mkeFlood/status/660860998765707264,False,,0,,,,,,,,[],,,,
660854846958891008,660854846958891008,2015-11-01 11:24:08 EST,2015-11-01,11:24:08,-0400,3278810934,massiveflood,MassiveCert,,Floodplain Plan Reviewed in Avalon New Jersey #Flood Insurance Rates Lowered.   https://t.co/YRrlFWQr6Y,en,[],['http://www.capemaycountyherald.com/news/government/article_853624d6-7f1a-11e5-b926-7ba55ad8eab7.html#.VjY7j2rYj70.twitter'],[],0,0,0,['flood'],[],https://twitter.com/massiveflood/status/660854846958891008,False,,0,,,,,,,,[],,,,
660854682353606656,660854682353606656,2015-11-01 11:23:29 EST,2015-11-01,11:23:29,-0400,3436878729,hihihihigbshaha,Jason Stark,,@idarbwire #LQ9B #flood,und,[],[],[],0,0,0,"['lq9b', 'flood']",[],https://twitter.com/hihihihigbshaha/status/660854682353606656,False,,0,,,,,,,,[],,,,
660851903920799744,660851903920799744,2015-11-01 11:12:26 EST,2015-11-01,11:12:26,-0400,162462755,yungrook_tx,@Rookthegoat,,When I was by 288 #Houston #police #flood #lmao #bruuh #dead #nochill #gm  https://t.co/uZJNazWmtq,en,[],['https://instagram.com/p/9jGghyxM_o/'],[],0,0,0,"['houston', 'police', 'flood', 'lmao', 'bruuh', 'dead', 'nochill', 'gm']",[],https://twitter.com/yungrook_tx/status/660851903920799744,False,,0,,,,,,,,[],,,,
660851488219115520,660851488219115520,2015-11-01 11:10:47 EST,2015-11-01,11:10:47,-0400,3047192000,brundigemoore,Brundige Moore Ins,,Did you know that most standard homeowner’s insurance policies don’t cover flood damage? Make sure you’re covered before waters rise! #flood,en,[],[],[],0,0,0,['flood'],[],https://twitter.com/brundigemoore/status/660851488219115520,False,,0,,,,,,,,[],,,,
660849372549263360,660849372549263360,2015-11-01 11:02:23 EST,2015-11-01,11:02:23,-0400,30098523,kalumjohnson,Str8 Money Kdog,,📷 My City #FloodedOut Yall be Safe out there…. #HoustonFlood #Flood #ThunderStorm #Rain #TropicalStorm...  https://t.co/YtwcCVVKGc,en,[],['http://tmblr.co/Z6aG_x1xF_m8E'],[],0,0,1,"['floodedout', 'houstonflood', 'flood', 'thunderstorm', 'rain', 'tropicalstorm']",[],https://twitter.com/kalumjohnson/status/660849372549263360,False,,0,,,,,,,,[],,,,
660849288012926976,660849288012926976,2015-11-01 11:02:02 EST,2015-11-01,11:02:02,-0400,30098523,kalumjohnson,Str8 Money Kdog,,My City #FloodedOut Yall be Safe out there.... #HoustonFlood #Flood #ThunderStorm #Rain…  https://t.co/V8KCcZmWwX,en,[],['https://instagram.com/p/9jFUefgGZG/'],[],0,0,0,"['floodedout', 'houstonflood', 'flood', 'thunderstorm', 'rain']",[],https://twitter.com/kalumjohnson/status/660849288012926976,False,,0,,,,,,,,[],,,,
660848704341962752,660848704341962752,2015-11-01 10:59:43 EST,2015-11-01,10:59:43,-0400,1331981646,officialtrace09,Trace09.com,,#MissedThis? Power of God or Nah? This Bible Survives Goil Filling Station FIRE (Photo)  https://t.co/VsEXRZLrNf #accra #bible #flood #goil,en,[],['http://is.gd/Rk9vCi'],[],0,0,0,"['missedthis', 'accra', 'bible', 'flood', 'goil']",[],https://twitter.com/OfficialTrace09/status/660848704341962752,False,,0,,,,,,,,[],,,,
660846464231305216,660846464231305216,2015-11-01 10:50:49 EST,2015-11-01,10:50:49,-0400,3940693948,advisoryforex,forex advisory,,Take Advantage of Flood Lighting #flood  https://t.co/o9xKINtfAi,en,[],['http://www.forex-advisory.com/take-advantage-of-flood-lighting-flood.html'],[],0,0,0,['flood'],[],https://twitter.com/AdvisoryForex/status/660846464231305216,False,,0,,,,,,,,[],,,,
660842410272948225,660842410272948225,2015-11-01 10:34:43 EST,2015-11-01,10:34:43,-0400,2285171952,drnowicki,John Nowicki,,Reflections. @KING5Seattle #FallCity #Flood  https://t.co/PpXcsifHKc,en,"[{'screen_name': 'king5seattle', 'name': 'king 5 news', 'id': '19430999'}]",[],['https://pbs.twimg.com/media/CSvIqotUEAA6II3.jpg'],0,0,1,"['fallcity', 'flood']",[],https://twitter.com/DrNowicki/status/660842410272948225,False,,1,https://pbs.twimg.com/media/CSvIqotUEAA6II3.jpg,,,,,,,[],,,,
660841735338110976,660841735338110976,2015-11-01 10:32:02 EST,2015-11-01,10:32:02,-0400,123565094,redcrosstxgc,American Red Cross TX Gulf Coast,,#Flood warnings in effect. Stay safe. Be aware #TADD! #TurnAroundDontDrown  https://t.co/91kK4qa7dA,en,[],['http://alerts.weather.gov/cap/wwacapget.php?x=TX1253CB39D524.FloodWarning.1253CB65F028TX.LCHFLSLCH.fb277e839ceee8e29251de14280eefa8&utm_source=dlvr.it&utm_medium=twitter'],[],0,0,0,"['flood', 'tadd', 'turnarounddontdrown']",[],https://twitter.com/RedCrossTXGC/status/660841735338110976,False,,0,,,,,,,,[],,,,
660835071360798720,660835071360798720,2015-11-01 10:05:33 EST,2015-11-01,10:05:33,-0400,366964744,northamericann,North America News Network,,#Texas #flood survivor describes scary scramble to safety.  https://t.co/H1TXaZI6Hn #CBS,en,[],['http://cbsn.ws/1Q3uyf1'],[],0,0,0,"['texas', 'flood', 'cbs']",[],https://twitter.com/NorthAmericaNN/status/660835071360798720,False,,0,,,,,,,,[],,,,
660832485752745984,660832485752745984,2015-11-01 09:55:16 EST,2015-11-01,09:55:16,-0400,83875900,bedlamfury,Zashnain Zainal,,"Housing for Kelantan #flood victims delayed due to refusal to be relocated, says official  https://t.co/lmicDgg7CH  https://t.co/qfIGHjK0dB",en,[],['http://bit.ly/1Hl0HHu'],['https://pbs.twimg.com/media/CSu_hOqWIAAXY0l.jpg'],0,3,0,['flood'],[],https://twitter.com/bedlamfury/status/660832485752745984,False,,1,https://pbs.twimg.com/media/CSu_hOqWIAAXY0l.jpg,,,,,,,[],,,,
660830674614624256,660830674614624256,2015-11-01 09:48:05 EST,2015-11-01,09:48:05,-0400,67503854,tysoncomedian,Graham The Fashion Dog,,#lexislaughs #morningpictures #flood #turndownforwhat  https://t.co/uo8ANk5qZO,und,[],[],['https://pbs.twimg.com/media/CSu9_YsU8AA0t95.jpg'],0,0,0,"['lexislaughs', 'morningpictures', 'flood', 'turndownforwhat']",[],https://twitter.com/tysoncomedian/status/660830674614624256,False,,1,https://pbs.twimg.com/media/CSu9_YsU8AA0t95.jpg,,,,,,,[],,,,
660830649323003904,660830649323003904,2015-11-01 09:47:59 EST,2015-11-01,09:47:59,-0400,67503854,tysoncomedian,Graham The Fashion Dog,,#lexislaughs #morningpictures #flood  https://t.co/DR2SrcKa5n,und,[],[],['https://pbs.twimg.com/media/CSu997WUAAEiN-F.jpg'],0,0,0,"['lexislaughs', 'morningpictures', 'flood']",[],https://twitter.com/tysoncomedian/status/660830649323003904,False,,1,https://pbs.twimg.com/media/CSu997WUAAEiN-F.jpg,,,,,,,[],,,,
660830628636712960,660830628636712960,2015-11-01 09:47:54 EST,2015-11-01,09:47:54,-0400,67503854,tysoncomedian,Graham The Fashion Dog,,#lexislaughs #morningpictures #flood  https://t.co/oI2ORLjVRQ,und,[],[],['https://pbs.twimg.com/media/CSu98smVAAI7smw.jpg'],0,0,0,"['lexislaughs', 'morningpictures', 'flood']",[],https://twitter.com/tysoncomedian/status/660830628636712960,False,,1,https://pbs.twimg.com/media/CSu98smVAAI7smw.jpg,,,,,,,[],,,,
660830605890973697,660830605890973697,2015-11-01 09:47:48 EST,2015-11-01,09:47:48,-0400,67503854,tysoncomedian,Graham The Fashion Dog,,#lexislaughs #morningpictures #flood  https://t.co/BAd3y5Ra7S,und,[],[],['https://pbs.twimg.com/media/CSu97YzUwAAn1ew.jpg'],0,0,0,"['lexislaughs', 'morningpictures', 'flood']",[],https://twitter.com/tysoncomedian/status/660830605890973697,False,,1,https://pbs.twimg.com/media/CSu97YzUwAAn1ew.jpg,,,,,,,[],,,,
660830579819200512,660830579819200512,2015-11-01 09:47:42 EST,2015-11-01,09:47:42,-0400,67503854,tysoncomedian,Graham The Fashion Dog,,#lexislaughs #morningpictures #flood  https://t.co/DsaheoLTlm,und,[],[],['https://pbs.twimg.com/media/CSu950yUAAE3ndI.jpg'],0,0,0,"['lexislaughs', 'morningpictures', 'flood']",[],https://twitter.com/tysoncomedian/status/660830579819200512,False,,1,https://pbs.twimg.com/media/CSu950yUAAE3ndI.jpg,,,,,,,[],,,,
660819057667633152,660819057667633152,2015-11-01 09:01:55 EST,2015-11-01,09:01:55,-0400,381593568,foothillslfl,Literacy for Life,,#boardgames #flood One more family gets back a little magic!  https://t.co/pyzYQgUiv9,en,[],['http://ow.ly/i/e6QvP'],[],0,0,0,"['boardgames', 'flood']",[],https://twitter.com/FoothillsLFL/status/660819057667633152,False,,0,,,,,,,,[],,,,
660818027122974721,660818027122974721,2015-11-01 08:57:49 EST,2015-11-01,08:57:49,-0400,2585523085,disaworldnews,Disaster World News,,Homes flood along Hunting Bayou - KPRC Houston  https://t.co/oiGvSD104D #Flood,en,[],['http://news.google.com/news/url?sa=t&fd=R&ct2=us&usg=AFQjCNHv4v6hmseWSrr2GoqL3BMt48I55g&clid=c3a7d30bb8a4878e06b80cf16b898331&cid=52778982756580&ei=YBg2VpD6G8aIhQGGxoe4AQ&url=http://www.click2houston.com/news/homes-flood-along-hunting-bayou/36185754'],[],0,0,0,['flood'],[],https://twitter.com/DisaWorldNews/status/660818027122974721,False,,0,,,,,,,,[],,,,
660817375026130944,660817375026130944,2015-11-01 08:55:14 EST,2015-11-01,08:55:14,-0400,3196630410,sprtg1,SPRTG,,"RT BWoodsSimpleMan: ""#Flood"" (2007)  https://t.co/C5DgVBCanY #PrepperTalk #preppers #doomsdaypreppers #prepping #Survivalist #disaster #sto…",en,[],['http://goo.gl/ONtZU'],[],0,0,0,"['flood', 'preppertalk', 'preppers', 'doomsdaypreppers', 'prepping', 'survivalist', 'disaster', 'sto']",[],https://twitter.com/SPRTG1/status/660817375026130944,False,,0,,,,,,,,[],,,,
660815818649903104,660815818649903104,2015-11-01 08:49:03 EST,2015-11-01,08:49:03,-0400,1165308708,preppundit,PreparednessPundit,,"""#Flood"" (2007)  https://t.co/8H2S09d2Ig #PrepperTalk #preppers #doomsdaypreppers #prepping #Survivalist #disaster #storm",und,[],['http://goo.gl/ONtZU'],[],0,0,0,"['flood', 'preppertalk', 'preppers', 'doomsdaypreppers', 'prepping', 'survivalist', 'disaster', 'storm']",[],https://twitter.com/PrepPundit/status/660815818649903104,False,,0,,,,,,,,[],,,,
660815229589176320,660815229589176320,2015-11-01 08:46:42 EST,2015-11-01,08:46:42,-0400,3940693948,advisoryforex,forex advisory,,LED Flood Lights #flood  https://t.co/wM6FKGXa1W,en,[],['http://www.forex-advisory.com/led-flood-lights-flood.html'],[],0,0,0,['flood'],[],https://twitter.com/AdvisoryForex/status/660815229589176320,False,,0,,,,,,,,[],,,,
660808037658071042,660808037658071042,2015-11-01 08:18:08 EST,2015-11-01,08:18:08,-0400,1331981646,officialtrace09,Trace09.com,,#MissedThis? More Photos: How Many Ghanaians DIED Yesterday in The Accra Floods  https://t.co/hGCTg9nSe8 #accra #flood,en,[],['http://is.gd/c5kTLp'],[],0,0,0,"['missedthis', 'accra', 'flood']",[],https://twitter.com/OfficialTrace09/status/660808037658071042,False,,0,,,,,,,,[],,,,
660805798331875328,660805798331875328,2015-11-01 08:09:14 EST,2015-11-01,08:09:14,-0400,3635475743,proactiveact,Proactive Action,,Seawater will seep into their #Freshwater long before islands #flood! But flood will happen too. #climatechange   https://t.co/tHLDvMGWLn,en,[],['https://twitter.com/NatureNews/status/660683987694854144'],[],1,0,0,"['freshwater', 'flood', 'climatechange']",[],https://twitter.com/ProactiveAct/status/660805798331875328,False,https://twitter.com/NatureNews/status/660683987694854144,0,,,,,,,,[],,,,
660784430483570688,660784430483570688,2015-11-01 06:44:19 EST,2015-11-01,06:44:19,-0400,3940693948,advisoryforex,forex advisory,,Washington DC Built Along a Massive Flood Zone #flood  https://t.co/x5NIn5ltBV,en,[],['http://www.forex-advisory.com/washington-dc-built-along-a-massive-flood-zone-flood.html'],[],0,0,0,['flood'],[],https://twitter.com/AdvisoryForex/status/660784430483570688,False,,0,,,,,,,,[],,,,
660774102630866944,660774102630866944,2015-11-01 06:03:17 EST,2015-11-01,06:03:17,-0400,1329776498,smartdroid2000,smart droid,,10 day #weather forecast and #flood alert for #Bangladesh on your #android  https://t.co/SnL3qGGgSR,en,[],['https://play.google.com/store/apps/details?id=com.smartdroid.weather'],[],0,0,0,"['weather', 'flood', 'bangladesh', 'android']",[],https://twitter.com/smartdroid2000/status/660774102630866944,False,,0,,,,,,,,[],,,,
660772167223611392,660772167223611392,2015-11-01 05:55:35 EST,2015-11-01,05:55:35,-0400,224163726,aicelvillaraza,aicel 🍒🦖 #ELFday,,I went away for an hour at ito ang nadatnan ko. #flood  https://t.co/q00KqTdalz,en,[],[],['https://pbs.twimg.com/media/CSuIyDVUwAAzYD-.png'],0,0,0,['flood'],[],https://twitter.com/aicelvillaraza/status/660772167223611392,False,,1,https://pbs.twimg.com/media/CSuIyDVUwAAzYD-.png,,,,,,,[],,,,
660768729903398912,660768729903398912,2015-11-01 05:41:56 EST,2015-11-01,05:41:56,-0400,3940693948,advisoryforex,forex advisory,,The Effects of a Flood on Your Home #flood  https://t.co/WWk5wUBz7k,en,[],['http://www.forex-advisory.com/the-effects-of-a-flood-on-your-home-flood.html'],[],0,0,0,['flood'],[],https://twitter.com/AdvisoryForex/status/660768729903398912,False,,0,,,,,,,,[],,,,
660766667316727808,660766667316727808,2015-11-01 05:33:44 EST,2015-11-01,05:33:44,-0400,1331981646,officialtrace09,Trace09.com,,#MissedThis? More Photos: How Many Ghanaians DIED Yesterday in The Accra Floods  https://t.co/hGCTg9nSe8 #accra #flood,en,[],['http://is.gd/c5kTLp'],[],0,0,0,"['missedthis', 'accra', 'flood']",[],https://twitter.com/OfficialTrace09/status/660766667316727808,False,,0,,,,,,,,[],,,,
660766666570072064,660766666570072064,2015-11-01 05:33:44 EST,2015-11-01,05:33:44,-0400,1331981646,officialtrace09,Trace09.com,,#MissedThis? Accra Mayor Has Failed in Executing His Job  https://t.co/rzlc92TURO #accra #flood #mayor #okoevanderpuije,en,[],['http://is.gd/Po9Bj6'],[],0,0,0,"['missedthis', 'accra', 'flood', 'mayor', 'okoevanderpuije']",[],https://twitter.com/OfficialTrace09/status/660766666570072064,False,,0,,,,,,,,[],,,,
660753299507818496,660753299507818496,2015-11-01 04:40:37 EST,2015-11-01,04:40:37,-0400,3940693948,advisoryforex,forex advisory,,An Overview of Mobile Flood Gates #flood  https://t.co/YCKkgNGxwJ,en,[],['http://www.forex-advisory.com/an-overview-of-mobile-flood-gates-flood.html'],[],0,0,0,['flood'],[],https://twitter.com/AdvisoryForex/status/660753299507818496,False,,0,,,,,,,,[],,,,
660750094468317184,660750094468317184,2015-11-01 04:27:53 EST,2015-11-01,04:27:53,-0400,2585523085,disaworldnews,Disaster World News,,El Nino may pose Santa Cruz flood risk to downtown - Arizona Daily Star  https://t.co/b7GY3bX1xP #Flood,en,[],['http://news.google.com/news/url?sa=t&fd=R&ct2=us&usg=AFQjCNFR38O_AnNzvZYMD9UkKD1H97KJeA&clid=c3a7d30bb8a4878e06b80cf16b898331&cid=52778982819357&ei=kdg1VtiyK6H4wAH5_ovIBQ&url=http://tucson.com/news/science/environment/el-nino-may-pose-santa-cruz-flood-risk-to-downtown/article_bd82a1c2-a11d-5d3a-ab6c-2b6990c4112e.html'],[],0,0,0,['flood'],[],https://twitter.com/DisaWorldNews/status/660750094468317184,False,,0,,,,,,,,[],,,,
660743175548608512,660743175548608512,2015-11-01 04:00:23 EST,2015-11-01,04:00:23,-0400,369392022,top_now,News Now,,Tumultuous World Indigenous Games wraps up in Brazil ::   With delegations from as far afield as Eth  https://t.co/CzR7HrpJxR #flood,en,[],['http://www.overwi.se/NewsFeed/131'],[],0,0,0,['flood'],[],https://twitter.com/top_now/status/660743175548608512,False,,0,,,,,,,,[],,,,
660738048062197760,660738048062197760,2015-11-01 03:40:01 EST,2015-11-01,03:40:01,-0400,3940693948,advisoryforex,forex advisory,,Flood Insurance Plan – Some Tips Before You Purchase One #flood  https://t.co/3Wy0fSJ1qL,en,[],['http://www.forex-advisory.com/flood-insurance-plan-some-tips-before-you-purchase-one-flood.html'],[],0,0,0,['flood'],[],https://twitter.com/AdvisoryForex/status/660738048062197760,False,,0,,,,,,,,[],,,,
660727394697740288,660727394697740288,2015-11-01 02:57:41 EST,2015-11-01,02:57:41,-0400,1855550455,angrysummit,Angry Summit,,"#Report: #Flood Of #Western #Weapons #Fueling #Unrest, #Extremism #Across #Middle #East -  https://t.co/kEej9yav18",und,[],['http://www.angrysummit.com/report-flood-of-western-weapons-fueling-unrest-extremism-across-middle-east'],[],0,0,0,"['report', 'flood', 'western', 'weapons', 'fueling', 'unrest', 'extremism', 'across', 'middle', 'east']",[],https://twitter.com/AngrySummit/status/660727394697740288,False,,0,,,,,,,,[],,,,
660724899468587008,660724899468587008,2015-11-01 02:47:46 EST,2015-11-01,02:47:46,-0400,32244772,melietcetera,🇨🇦 Melissa R Knive 🇨🇦 1 shot down!,,"The #London #Beer #Flood cost the equivalent of over $2.6 million #Canadian in damages as well as lives, jobs, &amp; homes destroyed @NaNoWriMo",en,"[{'screen_name': 'nanowrimo', 'name': 'nanowrimo', 'id': '8984102'}]",[],[],0,0,0,"['london', 'beer', 'flood', 'canadian']",[],https://twitter.com/Melietcetera/status/660724899468587008,False,,0,,,,,,,,[],,,,
660712550259027968,660712550259027968,2015-11-01 01:58:42 EST,2015-11-01,01:58:42,-0400,1331981646,officialtrace09,Trace09.com,,#MissedThis? Power of God or Nah? This Bible Survives Goil Filling Station FIRE (Photo)  https://t.co/VsEXRZLrNf #accra #bible #flood #goil,en,[],['http://is.gd/Rk9vCi'],[],0,0,0,"['missedthis', 'accra', 'bible', 'flood', 'goil']",[],https://twitter.com/OfficialTrace09/status/660712550259027968,False,,0,,,,,,,,[],,,,
660709624664977408,660709624664977408,2015-11-01 01:47:04 EST,2015-11-01,01:47:04,-0400,359288159,floodadviceuk,Warwick York Chartered Surveyors,,Today's Free copy of The Ark is out! Subscribe for free for daily Twitter and email update links  #flood #ukfloods    https://t.co/hPBWW9WgdF,en,[],['http://paper.li/FloodAdviceUK/1398519991?edition_id=5bf13ed0-8064-11e5-9784-0cc47a0d15fd'],[],0,0,0,"['flood', 'ukfloods']",[],https://twitter.com/FloodAdviceUK/status/660709624664977408,False,,0,,,,,,,,[],,,,
660707434416050177,660707434416050177,2015-11-01 01:38:22 EST,2015-11-01,01:38:22,-0400,3940693948,advisoryforex,forex advisory,,Washing Machine Repairs – Soap Dispenser Draw Flooding #flood  https://t.co/4tZDBx8Jpf,en,[],['http://www.forex-advisory.com/washing-machine-repairs-soap-dispenser-draw-flooding-flood.html'],[],0,0,0,['flood'],[],https://twitter.com/AdvisoryForex/status/660707434416050177,False,,0,,,,,,,,[],,,,
660707164143489025,660707164143489025,2015-11-01 01:37:17 EST,2015-11-01,01:37:17,-0400,1331981646,officialtrace09,Trace09.com,,#MissedThis? Power of God or Nah? This Bible Survives Goil Filling Station FIRE (Photo)  https://t.co/VsEXRZLrNf #accra #bible #flood #goil,en,[],['http://is.gd/Rk9vCi'],[],0,0,0,"['missedthis', 'accra', 'bible', 'flood', 'goil']",[],https://twitter.com/OfficialTrace09/status/660707164143489025,False,,0,,,,,,,,[],,,,
660707161811480576,660707161811480576,2015-11-01 01:37:17 EST,2015-11-01,01:37:17,-0400,1331981646,officialtrace09,Trace09.com,,#MissedThis? Accra Mayor Has Failed in Executing His Job  https://t.co/rzlc92TURO #accra #flood #mayor #okoevanderpuije,en,[],['http://is.gd/Po9Bj6'],[],0,0,0,"['missedthis', 'accra', 'flood', 'mayor', 'okoevanderpuije']",[],https://twitter.com/OfficialTrace09/status/660707161811480576,False,,0,,,,,,,,[],,,,
660707159525580801,660707159525580801,2015-11-01 01:37:16 EST,2015-11-01,01:37:16,-0400,1331981646,officialtrace09,Trace09.com,,#MissedThis? Breaking News: Gas Explosion at Kwame Nkrumah  https://t.co/glnGqJPX1a #accra #bank #explosion #flood #gcb #kwamenkrumahcircle,en,[],['http://is.gd/5VRyZm'],[],0,0,0,"['missedthis', 'accra', 'bank', 'explosion', 'flood', 'gcb', 'kwamenkrumahcircle']",[],https://twitter.com/OfficialTrace09/status/660707159525580801,False,,0,,,,,,,,[],,,,
660704852205371392,660704852205371392,2015-11-01 01:28:06 EST,2015-11-01,01:28:06,-0400,448695566,mrakhilg,Akhil G Krishnan,,#Flood  https://t.co/0fIi1g1ZAz,und,[],['http://fb.me/6VTvlpPbp'],[],0,0,1,['flood'],[],https://twitter.com/MrAkhilG/status/660704852205371392,False,,0,,,,,,,,[],,,,
660693419589791744,660693419589791744,2015-11-01 01:42:40 EDT,2015-11-01,01:42:40,-0400,2585523085,disaworldnews,Disaster World News,,"Halloween trick: Rain, wind, flood warnings, power outages - The Seattle Times  https://t.co/fYjvqOU2UU #Flood",en,[],['http://news.google.com/news/url?sa=t&fd=R&ct2=us&usg=AFQjCNHxhbp0j_taCeUTHutQMwM0zo_iDw&clid=c3a7d30bb8a4878e06b80cf16b898331&cid=52778981736087&ei=fqM1Vqi_LIicwAG_15D4Bw&url=http://www.seattletimes.com/seattle-news/weather/halloween-trick-rain-wind-flood-warnings-power-outages/'],[],0,0,0,['flood'],[],https://twitter.com/DisaWorldNews/status/660693419589791744,False,,0,,,,,,,,[],,,,
660691945883217920,660691945883217920,2015-11-01 01:36:49 EDT,2015-11-01,01:36:49,-0400,3940693948,advisoryforex,forex advisory,,Flood Restoration in Pakistan – What Can Be Done? #flood  https://t.co/Z5TkTWquOq,en,[],['http://www.forex-advisory.com/flood-restoration-in-pakistan-what-can-be-done-flood.html'],[],0,0,0,['flood'],[],https://twitter.com/AdvisoryForex/status/660691945883217920,False,,0,,,,,,,,[],,,,
660691845228437504,660691845228437504,2015-11-01 01:36:25 EDT,2015-11-01,01:36:25,-0400,1536412436,globalfloodnews,GlobalFloodSystem,,#Global #Flood #News is out!  https://t.co/szHqzxga9k Stories via @GoStrategic @steve_kee @Station_Keeper,en,"[{'screen_name': 'gostrategic', 'name': 'strategic inspection', 'id': '263244232'}, {'screen_name': 'steve_kee', 'name': 'steve kee 🎤', 'id': '18074404'}, {'screen_name': 'station_keeper', 'name': 'george reamy', 'id': '52921825'}]",['http://paper.li/GlobalFloodNews/1373268934?edition_id=7d0fd630-805a-11e5-afd9-002590a5ba2d'],[],0,0,0,"['global', 'flood', 'news']",[],https://twitter.com/GlobalFloodNews/status/660691845228437504,False,,0,,,,,,,,[],,,,
660691698335399936,660691698335399936,2015-11-01 01:35:50 EDT,2015-11-01,01:35:50,-0400,2448116342,portlandfool,Portland Fool,,Moar flooding in #portland #flood   https://t.co/3Fg2iuPljv,en,[],['https://twitter.com/sarahmorrigan/status/660671459405119489'],[],0,0,0,"['portland', 'flood']",[],https://twitter.com/PortlandFool/status/660691698335399936,False,0,0,,,,,,,,[],,,,
660690695032672257,660673723444232192,2015-11-01 01:31:51 EDT,2015-11-01,01:31:51,-0400,51940137,old_black,Michael,,.@thewetmale Crumbs! The Flemington weather is following you. Don't let our car get washed away. #rain #flood,en,"[{'screen_name': 'thewetmale', 'name': '🍋', 'id': '29366664'}]",[],[],1,0,0,"['rain', 'flood']",[],https://twitter.com/old_black/status/660690695032672257,False,,0,,,,,,,,[],,,,
660685423484665860,660685423484665860,2015-11-01 01:10:54 EDT,2015-11-01,01:10:54,-0400,1331981646,officialtrace09,Trace09.com,,#MissedThis? Accra Mayor Has Failed in Executing His Job  https://t.co/rzlc92TURO #accra #flood #mayor #okoevanderpuije,en,[],['http://is.gd/Po9Bj6'],[],0,0,0,"['missedthis', 'accra', 'flood', 'mayor', 'okoevanderpuije']",[],https://twitter.com/OfficialTrace09/status/660685423484665860,False,,0,,,,,,,,[],,,,
660685245738582016,660685245738582016,2015-11-01 01:10:12 EDT,2015-11-01,01:10:12,-0400,3187300573,gaxiolakid79,TrapRegion,,The shit that happens in washington.  #storm #water #flood #like  https://t.co/a50URnS10F,en,[],['https://instagram.com/p/9h6uarAoE9/'],[],0,0,0,"['storm', 'water', 'flood', 'like']",[],https://twitter.com/GaxiolaKid79/status/660685245738582016,False,,0,,,,,,,,[],,,,
660677166359707648,660677166359707648,2015-11-01 00:38:05 EDT,2015-11-01,00:38:05,-0400,369509732,leaveyourmrk,Melanie Katz,,This is what 2ft of water at an intersection looks like: #Portland #portlandrain #flood #portlandhalloween  https://t.co/7hM6Uob1lI,en,[],[],['https://pbs.twimg.com/media/CSsyWFXU8AQtnBd.jpg'],0,0,1,"['portland', 'portlandrain', 'flood', 'portlandhalloween']",[],https://twitter.com/LeaveYourMRK/status/660677166359707648,False,,1,https://pbs.twimg.com/media/CSsyWFXU8AQtnBd.jpg,,,,,,,[],,,,
660676696769560576,660676696769560576,2015-11-01 00:36:13 EDT,2015-11-01,00:36:13,-0400,3940693948,advisoryforex,forex advisory,,Determining Flood Insurance Coverage #flood  https://t.co/ao0vRIHIEd,en,[],['http://www.forex-advisory.com/determining-flood-insurance-coverage-flood.html'],[],0,0,0,['flood'],[],https://twitter.com/AdvisoryForex/status/660676696769560576,False,,0,,,,,,,,[],,,,
660675103051542529,660675103051542529,2015-11-01 00:29:53 EDT,2015-11-01,00:29:53,-0400,1331981646,officialtrace09,Trace09.com,,#MissedThis? NADMO Boss Arrested For Stealing Relief Items from Accra Flood Vict  https://t.co/hPxUsaTBZv #accra #daviddramani #flood #nadmo,en,[],['http://is.gd/tcmuyF'],[],0,0,0,"['missedthis', 'accra', 'daviddramani', 'flood', 'nadmo']",[],https://twitter.com/OfficialTrace09/status/660675103051542529,False,,0,,,,,,,,[],,,,
660671016771825664,660671016771825664,2015-11-01 00:13:39 EDT,2015-11-01,00:13:39,-0400,428556919,ewnalerts,EWN Alerts,,NSW Flood Watch for Belubula River &amp; the Bell River At Wellington. #flood #NSW   https://t.co/Yg6JMFlc58,en,[],['http://bit.ly/1GTquMd'],[],0,0,0,"['flood', 'nsw']",[],https://twitter.com/EWNAlerts/status/660671016771825664,False,,0,,,,,,,,[],,,,
660667386056454144,660667386056454144,2015-10-31 23:59:14 EDT,2015-10-31,23:59:14,-0400,1331981646,officialtrace09,Trace09.com,,#MissedThis? Breaking News: Gas Explosion at Kwame Nkrumah  https://t.co/glnGqJPX1a #accra #bank #explosion #flood #gcb #kwamenkrumahcircle,en,[],['http://is.gd/5VRyZm'],[],0,0,0,"['missedthis', 'accra', 'bank', 'explosion', 'flood', 'gcb', 'kwamenkrumahcircle']",[],https://twitter.com/OfficialTrace09/status/660667386056454144,False,,0,,,,,,,,[],,,,
660666957306437632,660666957306437632,2015-10-31 23:57:31 EDT,2015-10-31,23:57:31,-0400,2585523085,disaworldnews,Disaster World News,,Flood control channels have been damaged elsewhere - Arizona Daily Star  https://t.co/b0pwicOt9F #Flood,en,[],['http://news.google.com/news/url?sa=t&fd=R&ct2=us&usg=AFQjCNEbyj2mq5kd6tBs9aIwWB-F-sgQcQ&clid=c3a7d30bb8a4878e06b80cf16b898331&cid=52778982819357&ei=qYo1VvCqK8SvhAHv3ZNo&url=http://tucson.com/news/science/environment/flood-control-channels-have-been-damaged-elsewhere/article_dbc116ef-d8c9-5690-b6c5-c85dca82f815.html'],[],0,0,0,['flood'],[],https://twitter.com/DisaWorldNews/status/660666957306437632,False,,0,,,,,,,,[],,,,
660665079369588736,660665079369588736,2015-10-31 23:50:04 EDT,2015-10-31,23:50:04,-0400,45195411,ubalert,ubAlert,,Flood - Advisory (Hawaiian Islands)-  https://t.co/1ehYnOZ5aZ #flood #fb,en,[],['http://www.ubalert.com/QTcc'],[],0,0,0,"['flood', 'fb']",[],https://twitter.com/ubalert/status/660665079369588736,False,,0,,,,,,,,[],,,,
660661206714155008,660661206714155008,2015-10-31 23:34:40 EDT,2015-10-31,23:34:40,-0400,3940693948,advisoryforex,forex advisory,,What You Need to Know About Flood Insurance #flood  https://t.co/BpUDk5swFg,en,[],['http://www.forex-advisory.com/what-you-need-to-know-about-flood-insurance-flood.html'],[],0,0,0,['flood'],[],https://twitter.com/AdvisoryForex/status/660661206714155008,False,,0,,,,,,,,[],,,,
660658839075713024,660658839075713024,2015-10-31 23:25:16 EDT,2015-10-31,23:25:16,-0400,88780457,j_hendricksor,John Hendricks,,This is insane... MAX in #PDX takes on #flood waters. #ORWx #Oregon (via @Katu)  https://t.co/G1SehgJ9qx  https://t.co/NrxdJx77CY,en,"[{'screen_name': 'katu', 'name': 'k', 'id': '7084412'}]",['https://www.facebook.com/katunews/videos/10153275801641448/'],['https://pbs.twimg.com/media/CSshtZQUAAA-jqG.jpg'],0,0,2,"['pdx', 'flood', 'orwx', 'oregon']",[],https://twitter.com/J_HendricksOR/status/660658839075713024,False,,1,https://pbs.twimg.com/media/CSshtZQUAAA-jqG.jpg,,,,,,,[],,,,
660657866664239105,660657866664239105,2015-10-31 23:21:24 EDT,2015-10-31,23:21:24,-0400,1329776498,smartdroid2000,smart droid,,#Bangladesh #flood Warning -  R. Kobadak at Jhikargacha water level: 3.9; danger level: 4.11 -  https://t.co/QanIyhrHEM,in,[],['http://smart-droid.com/floodforecast/?stid=18'],[],0,0,0,"['bangladesh', 'flood']",[],https://twitter.com/smartdroid2000/status/660657866664239105,False,,0,,,,,,,,[],,,,
660657863497510912,660657863497510912,2015-10-31 23:21:23 EDT,2015-10-31,23:21:23,-0400,1329776498,smartdroid2000,smart droid,,#Bangladesh 1 #flood alerts in force -  https://t.co/ygEvE3PLCw,en,[],['http://smart-droid.com/floodforecast/'],[],0,0,0,"['bangladesh', 'flood']",[],https://twitter.com/smartdroid2000/status/660657863497510912,False,,0,,,,,,,,[],,,,
660657779615535104,660657779615535104,2015-10-31 23:21:03 EDT,2015-10-31,23:21:03,-0400,459998862,shawty_the_boss,Seniaa💕💋,,Busted out laughing cause of our episode last Night! @MedranoNm2 #flood#stuck#htown#sleepingBeautys#fudruckers😂😂,en,[],[],[],0,0,0,[],[],https://twitter.com/Shawty_the_Boss/status/660657779615535104,False,,0,,,,,,,,[],,,,
660655702176743424,660655702176743424,2015-10-31 23:12:48 EDT,2015-10-31,23:12:48,-0400,1331981646,officialtrace09,Trace09.com,,#MissedThis? Breaking News: Gas Explosion at Kwame Nkrumah  https://t.co/glnGqJPX1a #accra #bank #explosion #flood #gcb #kwamenkrumahcircle,en,[],['http://is.gd/5VRyZm'],[],0,0,0,"['missedthis', 'accra', 'bank', 'explosion', 'flood', 'gcb', 'kwamenkrumahcircle']",[],https://twitter.com/OfficialTrace09/status/660655702176743424,False,,0,,,,,,,,[],,,,
660655659613077504,660655659613077504,2015-10-31 23:12:38 EDT,2015-10-31,23:12:38,-0400,2585523085,disaworldnews,Disaster World News,,"TriMet impacted, sewers overflow, roads flood in Halloween storm -  https://t.co/E4dM3A89tj  https://t.co/tqPBy0ejfB #Flood",en,[],"['http://kgw.com', 'http://news.google.com/news/url?sa=t&fd=R&ct2=us&usg=AFQjCNE1UTZQqeUVqBSZrkRTzV0uzBLeng&clid=c3a7d30bb8a4878e06b80cf16b898331&cid=52778982693336&ei=VYE1VrmLBIbBhAGyq7aQCQ&url=http://www.kgw.com/story/news/local/2015/10/31/streetcar-shuts-down-sewers-overflow-portland-halloween-storm/74968236/']",[],0,0,0,['flood'],[],https://twitter.com/DisaWorldNews/status/660655659613077504,False,,0,,,,,,,,[],,,,
660654344761696257,660654344761696257,2015-10-31 23:07:24 EDT,2015-10-31,23:07:24,-0400,1353242672,jeffmihalyo,Jeff Mihalyo,,#Mushroom #hunting in the #BlackForest during the #flood on #Halloween 2015.  https://t.co/DQk5x0G1mB,en,[],['https://instagram.com/p/9hsrUjl_07/'],[],0,0,0,"['mushroom', 'hunting', 'blackforest', 'flood', 'halloween']",[],https://twitter.com/JeffMihalyo/status/660654344761696257,False,,0,,,,,,,,[],,,,
660648139678945280,660648139678945280,2015-10-31 22:42:45 EDT,2015-10-31,22:42:45,-0400,2585523085,disaworldnews,Disaster World News,,5 dead in Texas floods - USA TODAY  https://t.co/TMtnTD30Ro #Flood,en,[],['http://news.google.com/news/url?sa=t&fd=R&ct2=us&usg=AFQjCNEcVTM6Af0z3TNJY_nBNmAHzXtIpg&clid=c3a7d30bb8a4878e06b80cf16b898331&cid=52778981562921&ei=Jno1VoieA4bBhAGyq7aQCQ&url=http://www.usatoday.com/story/news/nation/2015/10/31/storms-possible-tornadoes-lash-texas/74937852/'],[],0,0,0,['flood'],[],https://twitter.com/DisaWorldNews/status/660648139678945280,False,,0,,,,,,,,[],,,,
660645518842826752,660645518842826752,2015-10-31 22:32:20 EDT,2015-10-31,22:32:20,-0400,3940693948,advisoryforex,forex advisory,,Flood Insurance Policies – Remember to Read the Small Print #flood  https://t.co/OAUlMKgPw5,en,[],['http://www.forex-advisory.com/flood-insurance-policies-remember-to-read-the-small-print-flood.html'],[],0,0,0,['flood'],[],https://twitter.com/AdvisoryForex/status/660645518842826752,False,,0,,,,,,,,[],,,,
660637489166684160,660637489166684160,2015-10-31 22:00:26 EDT,2015-10-31,22:00:26,-0400,1375551384,javaman74,Tropical Bird Lover,,#Portland #TriMet Train #Flood - Flood Backs UP Sewage  https://t.co/VCz0Biw3wc  https://t.co/IOOHlOpXRw,en,[],['http://thedailyvoicenews.com/2015/10/31/portland-max-transit-train-flooded/'],['https://pbs.twimg.com/media/CSsOS8rWwAAFVep.jpg'],0,0,0,"['portland', 'trimet', 'flood']",[],https://twitter.com/javaman74/status/660637489166684160,False,,1,https://pbs.twimg.com/media/CSsOS8rWwAAFVep.jpg,,,,,,,[],,,,
660637452378484736,660637452378484736,2015-10-31 22:00:17 EDT,2015-10-31,22:00:17,-0400,32270007,sedwongjowo,WongJowo,,#Portland #TriMet Train #Flood - Flood Backs UP Sewage  https://t.co/zpVqCLWAGt  https://t.co/eTTZsFTWjL,en,[],['http://thedailyvoicenews.com/2015/10/31/portland-max-transit-train-flooded/'],['https://pbs.twimg.com/media/CSsOQzvWwAE4rib.jpg'],0,0,0,"['portland', 'trimet', 'flood']",[],https://twitter.com/sedwongjowo/status/660637452378484736,False,,1,https://pbs.twimg.com/media/CSsOQzvWwAE4rib.jpg,,,,,,,[],,,,
660637424654094336,660637424654094336,2015-10-31 22:00:10 EDT,2015-10-31,22:00:10,-0400,2382840492,clamityjan,Jan Pierson,,#Portland #TriMet Train #Flood - Flood Backs UP Sewage  https://t.co/Lyv3OtqzNV  https://t.co/Qp99KPhPLw,en,[],['http://thedailyvoicenews.com/2015/10/31/portland-max-transit-train-flooded/'],['https://pbs.twimg.com/media/CSsOPMlXAAApnVK.jpg'],0,0,0,"['portland', 'trimet', 'flood']",[],https://twitter.com/Clamityjan/status/660637424654094336,False,,1,https://pbs.twimg.com/media/CSsOPMlXAAApnVK.jpg,,,,,,,[],,,,
660637147322535936,660637147322535936,2015-10-31 21:59:04 EDT,2015-10-31,21:59:04,-0400,160852707,jessicadudley,Jessica Dudley,,#Portland #TriMet Train #Flood - Flood Backs UP Sewage  https://t.co/fUJPrODUZb  https://t.co/LkFuTA08jS,en,[],['http://thedailyvoicenews.com/2015/10/31/portland-max-transit-train-flooded/'],['https://pbs.twimg.com/media/CSsN_DOXIAAU59u.jpg'],0,0,0,"['portland', 'trimet', 'flood']",[],https://twitter.com/jessicadudley/status/660637147322535936,False,,1,https://pbs.twimg.com/media/CSsN_DOXIAAU59u.jpg,,,,,,,[],,,,
660636894745731072,660636894745731072,2015-10-31 21:58:04 EDT,2015-10-31,21:58:04,-0400,1348343233,begorkeraton,Alim Sanita,,#Portland #TriMet Train #Flood - Flood Backs UP Sewage  https://t.co/zD2IfUpcAJ  https://t.co/P9jepsMjfP,en,[],['http://thedailyvoicenews.com/2015/10/31/portland-max-transit-train-flooded/'],['https://pbs.twimg.com/media/CSsNwWUWIAIuBtr.jpg'],0,0,0,"['portland', 'trimet', 'flood']",[],https://twitter.com/BegorKeraton/status/660636894745731072,False,,1,https://pbs.twimg.com/media/CSsNwWUWIAIuBtr.jpg,,,,,,,[],,,,
660636889871986688,660636889871986688,2015-10-31 21:58:03 EDT,2015-10-31,21:58:03,-0400,14779177,rjgnewdawn,Edward Stevens,,#Portland #TriMet Train #Flood - Flood Backs UP Sewage  https://t.co/HkSRFXyOqY  https://t.co/TeGq3ubEvc,en,[],['http://thedailyvoicenews.com/2015/10/31/portland-max-transit-train-flooded/'],['https://pbs.twimg.com/media/CSsNwENXIAAQ0ij.jpg'],0,1,1,"['portland', 'trimet', 'flood']",[],https://twitter.com/rjgnewdawn/status/660636889871986688,False,,1,https://pbs.twimg.com/media/CSsNwENXIAAQ0ij.jpg,,,,,,,[],,,,
660636886222917632,660636886222917632,2015-10-31 21:58:02 EDT,2015-10-31,21:58:02,-0400,14641845,javaman47,javaman47,,#Portland #TriMet Train #Flood - Flood Backs UP Sewage  https://t.co/gbpkM51UWw  https://t.co/qEZyu18GLp,en,[],['http://thedailyvoicenews.com/2015/10/31/portland-max-transit-train-flooded/'],['https://pbs.twimg.com/media/CSsNv2oWUAEBFY1.jpg'],0,0,0,"['portland', 'trimet', 'flood']",[],https://twitter.com/javaman47/status/660636886222917632,False,,1,https://pbs.twimg.com/media/CSsNv2oWUAEBFY1.jpg,,,,,,,[],,,,
660636672695140352,660636672695140352,2015-10-31 21:57:11 EDT,2015-10-31,21:57:11,-0400,14696870,kmj808,Daisy,,#Portland #TriMet Train #Flood - Flood Backs UP Sewage  https://t.co/toNZku2UOs  https://t.co/N5Ae9f2V5j,en,[],['http://thedailyvoicenews.com/2015/10/31/portland-max-transit-train-flooded/'],['https://pbs.twimg.com/media/CSsNjbWW4AAuESa.jpg'],0,0,0,"['portland', 'trimet', 'flood']",[],https://twitter.com/kmj808/status/660636672695140352,False,,1,https://pbs.twimg.com/media/CSsNjbWW4AAuESa.jpg,,,,,,,[],,,,
660636050231066624,660636050231066624,2015-10-31 21:54:43 EDT,2015-10-31,21:54:43,-0400,235406856,info4disasters,info4disasters ™,,"Flash #Flood Threat Continues East Across the Deep South, Gulf Coast (FORECAST)  https://t.co/K7B0KpZCBg #txwx #lawx #info4 via @viequesbound",en,"[{'screen_name': 'viequesbound', 'name': 'leesa™', 'id': '25849873'}]",['http://n.mynews.ly/!EB.DCxkl'],[],0,0,0,"['flood', 'txwx', 'lawx', 'info4']",[],https://twitter.com/info4disasters/status/660636050231066624,False,,0,,,,,,,,[],,,,
660636045604741120,660636045604741120,2015-10-31 21:54:41 EDT,2015-10-31,21:54:41,-0400,25849873,viequesbound,Leesa™,,"Flash #Flood Threat Continues East Across the Deep South, Gulf Coast (FORECAST)  https://t.co/3BPG2KzVh6 #txwx #lawx #info4",en,[],['http://n.mynews.ly/!EB.DCxkl'],[],0,0,0,"['flood', 'txwx', 'lawx', 'info4']",[],https://twitter.com/viequesbound/status/660636045604741120,False,,0,,,,,,,,[],,,,
660633308074782720,660633308074782720,2015-10-31 21:43:49 EDT,2015-10-31,21:43:49,-0400,121156279,ssgovforum,SSF,,11/9  https://t.co/cncElZYJPJ #webinar Using #flooding Maps to Prep #coastal #community - #flood #communityenergy  https://t.co/28NhsFt893,en,[],['http://bit.ly/1QeweAb'],['https://pbs.twimg.com/media/CSsKfLJUYAApXUF.jpg'],0,1,0,"['webinar', 'flooding', 'coastal', 'community', 'flood', 'communityenergy']",[],https://twitter.com/ssgovforum/status/660633308074782720,False,,1,https://pbs.twimg.com/media/CSsKfLJUYAApXUF.jpg,,,,,,,[],,,,
660632106708680705,660632106708680705,2015-10-31 21:39:02 EDT,2015-10-31,21:39:02,-0400,2607303456,catchajob_ca,Canada Hiring Jobs,,"#Job #Canada #Flood Labourer (Full-Time) in #Coquitlam, BC,  https://t.co/vPgaNUSgfN",en,[],['http://www.catchajob.ca/job/flood-labourer-full-time-in-coquitlam-bc-2/'],[],0,0,0,"['job', 'canada', 'flood', 'coquitlam']",[],https://twitter.com/CatchaJob_ca/status/660632106708680705,False,,0,,,,,,,,[],,,,
660631954623172608,660631954623172608,2015-10-31 21:38:26 EDT,2015-10-31,21:38:26,-0400,301743846,anna_neale,Anna Neale King,,Again?!? It was clear just a couple hours ago #rain #flood #texasweather  https://t.co/1hrgFQwj0O,en,[],['https://instagram.com/p/9hifrvDU7H/'],[],0,0,1,"['rain', 'flood', 'texasweather']",[],https://twitter.com/anna_neale/status/660631954623172608,False,,0,,,,,,,,[],,,,
660628867007164416,660628867007164416,2015-10-31 21:26:10 EDT,2015-10-31,21:26:10,-0400,3940693948,advisoryforex,forex advisory,,Flood Defence #flood  https://t.co/bDeUrT8H9m,en,[],['http://www.forex-advisory.com/flood-defence-flood.html'],[],0,0,0,['flood'],[],https://twitter.com/AdvisoryForex/status/660628867007164416,False,,0,,,,,,,,[],,,,
660628150481612800,660628150481612800,2015-10-31 21:23:19 EDT,2015-10-31,21:23:19,-0400,1331981646,officialtrace09,Trace09.com,,#MissedThis? Breaking News: Gas Explosion at Kwame Nkrumah  https://t.co/glnGqJPX1a #accra #bank #explosion #flood #gcb #kwamenkrumahcircle,en,[],['http://is.gd/5VRyZm'],[],0,0,0,"['missedthis', 'accra', 'bank', 'explosion', 'flood', 'gcb', 'kwamenkrumahcircle']",[],https://twitter.com/OfficialTrace09/status/660628150481612800,False,,0,,,,,,,,[],,,,
660623575242702850,660623575242702850,2015-10-31 21:05:08 EDT,2015-10-31,21:05:08,-0400,1375551384,javaman74,Tropical Bird Lover,,VIDEO Portland Max Transit Train Flooded In Service -  https://t.co/qaOHvGLmlS #TriMet #Portland #Flood #Video  https://t.co/7i7BWcR9pP,en,[],['http://buff.ly/1NgUS4j'],['https://pbs.twimg.com/media/CSsBpDiWsAAhulG.jpg'],0,0,0,"['trimet', 'portland', 'flood', 'video']",[],https://twitter.com/javaman74/status/660623575242702850,False,,1,https://pbs.twimg.com/media/CSsBpDiWsAAhulG.jpg,,,,,,,[],,,,
660623571111297024,660623571111297024,2015-10-31 21:05:07 EDT,2015-10-31,21:05:07,-0400,2382840492,clamityjan,Jan Pierson,,VIDEO Portland Max Transit Train Flooded In Service -  https://t.co/xQ4d7r2TjP #TriMet #Portland #Flood #Video  https://t.co/tGbG5YrHSW,en,[],['http://buff.ly/1NgUS4j'],['https://pbs.twimg.com/media/CSsBoz_WwAABSde.jpg'],0,0,0,"['trimet', 'portland', 'flood', 'video']",[],https://twitter.com/Clamityjan/status/660623571111297024,False,,1,https://pbs.twimg.com/media/CSsBoz_WwAABSde.jpg,,,,,,,[],,,,
660623551549079552,660623551549079552,2015-10-31 21:05:03 EDT,2015-10-31,21:05:03,-0400,32270007,sedwongjowo,WongJowo,,VIDEO Portland Max Transit Train Flooded In Service -  https://t.co/AOjlNm0duT #TriMet #Portland #Flood #Video  https://t.co/D5RAII8EFv,en,[],['http://buff.ly/1NgUS4j'],['https://pbs.twimg.com/media/CSsBnrWW4AAeOWg.jpg'],0,0,0,"['trimet', 'portland', 'flood', 'video']",[],https://twitter.com/sedwongjowo/status/660623551549079552,False,,1,https://pbs.twimg.com/media/CSsBnrWW4AAeOWg.jpg,,,,,,,[],,,,
660623309650923520,660623309650923520,2015-10-31 21:04:05 EDT,2015-10-31,21:04:05,-0400,160852707,jessicadudley,Jessica Dudley,,VIDEO Portland Max Transit Train Flooded In Service -  https://t.co/snHWq0lcpd #TriMet #Portland #Flood #Video  https://t.co/sCLBu3WgLI,en,[],['http://buff.ly/1NgUS4j'],['https://pbs.twimg.com/media/CSsBZkKWIAEKdZx.jpg'],0,0,0,"['trimet', 'portland', 'flood', 'video']",[],https://twitter.com/jessicadudley/status/660623309650923520,False,,1,https://pbs.twimg.com/media/CSsBZkKWIAEKdZx.jpg,,,,,,,[],,,,
660623125583962112,660623125583962112,2015-10-31 21:03:21 EDT,2015-10-31,21:03:21,-0400,14779177,rjgnewdawn,Edward Stevens,,VIDEO Portland Max Transit Train Flooded In Service -  https://t.co/vYdsIoPaNV #TriMet #Portland #Flood #Video  https://t.co/GLViggdXxd,en,[],['http://buff.ly/1NgUS4j'],['https://pbs.twimg.com/media/CSsBO4dWIAA6ZJ3.jpg'],0,0,0,"['trimet', 'portland', 'flood', 'video']",[],https://twitter.com/rjgnewdawn/status/660623125583962112,False,,1,https://pbs.twimg.com/media/CSsBO4dWIAA6ZJ3.jpg,,,,,,,[],,,,
660623121284800513,660623121284800513,2015-10-31 21:03:20 EDT,2015-10-31,21:03:20,-0400,14641845,javaman47,javaman47,,VIDEO Portland Max Transit Train Flooded In Service -  https://t.co/obsE1yNtdd #TriMet #Portland #Flood #Video  https://t.co/7h5poJriwc,en,[],['http://buff.ly/1NgUS4j'],['https://pbs.twimg.com/media/CSsBOoYWoAETIyi.jpg'],0,0,0,"['trimet', 'portland', 'flood', 'video']",[],https://twitter.com/javaman47/status/660623121284800513,False,,1,https://pbs.twimg.com/media/CSsBOoYWoAETIyi.jpg,,,,,,,[],,,,
660623047775375360,660623047775375360,2015-10-31 21:03:03 EDT,2015-10-31,21:03:03,-0400,1348343233,begorkeraton,Alim Sanita,,VIDEO Portland Max Transit Train Flooded In Service -  https://t.co/YVgzsytZlH #TriMet #Portland #Flood #Video  https://t.co/ABrkkazKAa,en,[],['http://buff.ly/1NgUS4j'],['https://pbs.twimg.com/media/CSsBKWQWsAA8XRY.jpg'],0,0,0,"['trimet', 'portland', 'flood', 'video']",[],https://twitter.com/BegorKeraton/status/660623047775375360,False,,1,https://pbs.twimg.com/media/CSsBKWQWsAA8XRY.jpg,,,,,,,[],,,,
660622880661757952,660622880661757952,2015-10-31 21:02:23 EDT,2015-10-31,21:02:23,-0400,14696870,kmj808,Daisy,,VIDEO Portland Max Transit Train Flooded In Service -  https://t.co/xJRC99UN6s #TriMet #Portland #Flood #Video  https://t.co/N5JjoxjhiX,en,[],['http://buff.ly/1NgUS4j'],['https://pbs.twimg.com/media/CSsBAoCWUAE4MK6.jpg'],0,0,0,"['trimet', 'portland', 'flood', 'video']",[],https://twitter.com/kmj808/status/660622880661757952,False,,1,https://pbs.twimg.com/media/CSsBAoCWUAE4MK6.jpg,,,,,,,[],,,,
660622434341662720,660622434341662720,2015-10-31 21:00:36 EDT,2015-10-31,21:00:36,-0400,1375551384,javaman74,Tropical Bird Lover,,Portland Max Transit Train Flooded While In Service -  https://t.co/VCz0Biw3wc #TriMet #Portland #Flood  https://t.co/TNG2sS1jmy,en,[],['http://thedailyvoicenews.com/2015/10/31/portland-max-transit-train-flooded/'],['https://pbs.twimg.com/media/CSsAmpAWwAAH_Yb.jpg'],0,0,0,"['trimet', 'portland', 'flood']",[],https://twitter.com/javaman74/status/660622434341662720,False,,1,https://pbs.twimg.com/media/CSsAmpAWwAAH_Yb.jpg,,,,,,,[],,,,
660622417472192513,660622417472192513,2015-10-31 21:00:32 EDT,2015-10-31,21:00:32,-0400,32270007,sedwongjowo,WongJowo,,Portland Max Transit Train Flooded While In Service -  https://t.co/zpVqCLWAGt #TriMet #Portland #Flood  https://t.co/H94O0tMsgZ,en,[],['http://thedailyvoicenews.com/2015/10/31/portland-max-transit-train-flooded/'],['https://pbs.twimg.com/media/CSsAlqaWsAAFEVj.jpg'],0,0,0,"['trimet', 'portland', 'flood']",[],https://twitter.com/sedwongjowo/status/660622417472192513,False,,1,https://pbs.twimg.com/media/CSsAlqaWsAAFEVj.jpg,,,,,,,[],,,,
660622319350607873,660622319350607873,2015-10-31 21:00:09 EDT,2015-10-31,21:00:09,-0400,2382840492,clamityjan,Jan Pierson,,Portland Max Transit Train Flooded While In Service -  https://t.co/Lyv3OtqzNV #TriMet #Portland #Flood  https://t.co/Elxc2jAcvq,en,[],['http://thedailyvoicenews.com/2015/10/31/portland-max-transit-train-flooded/'],['https://pbs.twimg.com/media/CSsAf80WoAEQXzP.jpg'],0,0,0,"['trimet', 'portland', 'flood']",[],https://twitter.com/Clamityjan/status/660622319350607873,False,,1,https://pbs.twimg.com/media/CSsAf80WoAEQXzP.jpg,,,,,,,[],,,,
660622036084084736,660622036084084736,2015-10-31 20:59:01 EDT,2015-10-31,20:59:01,-0400,160852707,jessicadudley,Jessica Dudley,,Portland Max Transit Train Flooded While In Service -  https://t.co/fUJPrODUZb #TriMet #Portland #Flood  https://t.co/jT4KQyo4Pz,en,[],['http://thedailyvoicenews.com/2015/10/31/portland-max-transit-train-flooded/'],['https://pbs.twimg.com/media/CSsAPdZWsAAbMfO.jpg'],0,0,0,"['trimet', 'portland', 'flood']",[],https://twitter.com/jessicadudley/status/660622036084084736,False,,1,https://pbs.twimg.com/media/CSsAPdZWsAAbMfO.jpg,,,,,,,[],,,,
660621814431895553,660621814431895553,2015-10-31 20:58:08 EDT,2015-10-31,20:58:08,-0400,14779177,rjgnewdawn,Edward Stevens,,Portland Max Transit Train Flooded While In Service -  https://t.co/HkSRFXyOqY #TriMet #Portland #Flood  https://t.co/4bjJfiVxq4,en,[],['http://thedailyvoicenews.com/2015/10/31/portland-max-transit-train-flooded/'],['https://pbs.twimg.com/media/CSsACioWIAAim4N.jpg'],0,0,0,"['trimet', 'portland', 'flood']",[],https://twitter.com/rjgnewdawn/status/660621814431895553,False,,1,https://pbs.twimg.com/media/CSsACioWIAAim4N.jpg,,,,,,,[],,,,
660621802801115137,660621802801115137,2015-10-31 20:58:06 EDT,2015-10-31,20:58:06,-0400,14641845,javaman47,javaman47,,Portland Max Transit Train Flooded While In Service -  https://t.co/gbpkM51UWw #TriMet #Portland #Flood  https://t.co/mlM1Rb5Ov5,en,[],['http://thedailyvoicenews.com/2015/10/31/portland-max-transit-train-flooded/'],['https://pbs.twimg.com/media/CSsAB4fWsAA88TW.jpg'],0,0,0,"['trimet', 'portland', 'flood']",[],https://twitter.com/javaman47/status/660621802801115137,False,,1,https://pbs.twimg.com/media/CSsAB4fWsAA88TW.jpg,,,,,,,[],,,,
660621795570163712,660621795570163712,2015-10-31 20:58:04 EDT,2015-10-31,20:58:04,-0400,1348343233,begorkeraton,Alim Sanita,,Portland Max Transit Train Flooded While In Service -  https://t.co/zD2IfUpcAJ #TriMet #Portland #Flood  https://t.co/cggPC9KnQv,en,[],['http://thedailyvoicenews.com/2015/10/31/portland-max-transit-train-flooded/'],['https://pbs.twimg.com/media/CSsABdwWoAAE0B2.jpg'],0,0,0,"['trimet', 'portland', 'flood']",[],https://twitter.com/BegorKeraton/status/660621795570163712,False,,1,https://pbs.twimg.com/media/CSsABdwWoAAE0B2.jpg,,,,,,,[],,,,
660621672307933184,660621672307933184,2015-10-31 20:57:35 EDT,2015-10-31,20:57:35,-0400,14696870,kmj808,Daisy,,Portland Max Transit Train Flooded While In Service -  https://t.co/toNZku2UOs #TriMet #Portland #Flood  https://t.co/pd9u6z6Z6R,en,[],['http://thedailyvoicenews.com/2015/10/31/portland-max-transit-train-flooded/'],['https://pbs.twimg.com/media/CSr_6SSWcAI24Ve.jpg'],0,0,0,"['trimet', 'portland', 'flood']",[],https://twitter.com/kmj808/status/660621672307933184,False,,1,https://pbs.twimg.com/media/CSr_6SSWcAI24Ve.jpg,,,,,,,[],,,,
660621652200398848,660621652200398848,2015-10-31 20:57:30 EDT,2015-10-31,20:57:30,-0400,2585523085,disaworldnews,Disaster World News,,Texas flood survivor describes scary scramble to safety - CBS News  https://t.co/Tu9jBOqom1 #Flood,en,[],['http://news.google.com/news/url?sa=t&fd=R&ct2=us&usg=AFQjCNGrAFnkaC2voyGwDM2TqglXHeCsKg&clid=c3a7d30bb8a4878e06b80cf16b898331&cid=52778981653533&ei=U2I1VqCMMM2GhQHE1JYI&url=http://www.cbsnews.com/news/texas-flood-survivor-describes-scary-scramble-to-safety/'],[],0,0,0,['flood'],[],https://twitter.com/DisaWorldNews/status/660621652200398848,False,,0,,,,,,,,[],,,,
660621650581409792,660621650581409792,2015-10-31 20:57:29 EDT,2015-10-31,20:57:29,-0400,2585523085,disaworldnews,Disaster World News,,"As Rutgers' bowl hopes dwindle, is Kyle Flood's seat getting warmer? -  https://t.co/OFjxj5ZNLH  https://t.co/4SKZuKMNFI #Flood",en,[],"['http://NJ.com', 'http://news.google.com/news/url?sa=t&fd=R&ct2=us&usg=AFQjCNGFA1eeloheMJckbD75S_buB1Nh0w&clid=c3a7d30bb8a4878e06b80cf16b898331&cid=52778979652010&ei=U2I1VqCMMM2GhQHE1JYI&url=http://www.nj.com/rutgersfootball/index.ssf/2015/10/as_rutgers_bowl_hopes_dwindle_is_kyle_floods_seat.html']",[],0,0,0,['flood'],[],https://twitter.com/DisaWorldNews/status/660621650581409792,False,,0,,,,,,,,[],,,,
660621498793787392,660621498793787392,2015-10-31 20:56:53 EDT,2015-10-31,20:56:53,-0400,2509265358,txpubsafetyscan,TXPubSafetyScanner,,More photos coming from Austin TX #txwx #flood  https://t.co/FgLtz5CMZR,en,[],['http://fb.me/7Jx1hdul0'],[],0,0,0,"['txwx', 'flood']",[],https://twitter.com/TXPubSafetyScan/status/660621498793787392,False,,0,,,,,,,,[],,,,
660620128049082368,660620128049082368,2015-10-31 20:51:26 EDT,2015-10-31,20:51:26,-0400,795475314,risingsign,Healing Inspirations,,"Retweeted The Weather Channel (@weatherchannel):  Not as prolific as Texas, but the #flood threat expands east...  https://t.co/3neeynH9Q9",en,"[{'screen_name': 'weatherchannel', 'name': 'the weather channel', 'id': '20998647'}]",['http://fb.me/6VmcjUIcH'],[],0,1,1,['flood'],[],https://twitter.com/RisingSign/status/660620128049082368,False,,0,,,,,,,,[],,,,
660619071134806017,660619071134806017,2015-10-31 20:47:14 EDT,2015-10-31,20:47:14,-0400,1888626787,uspsnews911,USPSNAE,,New Braunfels Texas Major Flooding #txwx #flood  https://t.co/aDPOiTkOQv,en,[],['http://fb.me/7sjUCFO9h'],[],0,0,0,"['txwx', 'flood']",[],https://twitter.com/USPSNEWS911/status/660619071134806017,False,,0,,,,,,,,[],,,,
660618877991321600,660618877991321600,2015-10-31 20:46:28 EDT,2015-10-31,20:46:28,-0400,2509265358,txpubsafetyscan,TXPubSafetyScanner,,More photos coming from New Braunfels Texas #txwx #flood  https://t.co/j04YhdSVj6,en,[],['http://fb.me/4l8aKdONy'],[],0,0,0,"['txwx', 'flood']",[],https://twitter.com/TXPubSafetyScan/status/660618877991321600,False,,0,,,,,,,,[],,,,
660616722395754496,660616722395754496,2015-10-31 20:37:54 EDT,2015-10-31,20:37:54,-0400,428556919,ewnalerts,EWN Alerts,,NSW Flood Watch for Belubula River &amp; Macquarie River at Wellington. #flood #NSW   https://t.co/TTfEI7TozQ,en,[],['http://bit.ly/1k0J7Uq'],[],0,0,0,"['flood', 'nsw']",[],https://twitter.com/EWNAlerts/status/660616722395754496,False,,0,,,,,,,,[],,,,
660614079892049921,660614079892049921,2015-10-31 20:27:24 EDT,2015-10-31,20:27:24,-0400,2509265358,txpubsafetyscan,TXPubSafetyScanner,,"New Braunfels Texas, #txwx #flood  https://t.co/CymLNCIjqD",en,[],['http://fb.me/6MJJjGOXv'],[],0,0,0,"['txwx', 'flood']",[],https://twitter.com/TXPubSafetyScan/status/660614079892049921,False,,0,,,,,,,,[],,,,
660613364536619008,660613364536619008,2015-10-31 20:24:34 EDT,2015-10-31,20:24:34,-0400,3940693948,advisoryforex,forex advisory,,Should You Invest in Flood Or Earthquake Insurance? #flood  https://t.co/wffTnMRBvG,en,[],['http://www.forex-advisory.com/should-you-invest-in-flood-or-earthquake-insurance-flood.html'],[],0,0,0,['flood'],[],https://twitter.com/AdvisoryForex/status/660613364536619008,False,,0,,,,,,,,[],,,,
660613349273505792,660613349273505792,2015-10-31 20:24:30 EDT,2015-10-31,20:24:30,-0400,3190115220,radiojamsplay,Radio JamsPlay,,"Kerry Packer Gets Stuck in a Tree During Austin, Texas Flood Part 2 #flood #storm  https://t.co/NA62wjBeZi",en,[],['http://j.mp/1GT3GvY'],[],0,0,1,"['flood', 'storm']",[],https://twitter.com/RadioJamsPlay/status/660613349273505792,False,,0,,,,,,,,[],,,,
660610382910869504,660610382910869504,2015-10-31 20:12:43 EDT,2015-10-31,20:12:43,-0400,2585523085,disaworldnews,Disaster World News,,"Downsville's flood risk creates worries for homeowners, Corps of Engineers alike - Waco Tribune-Herald  https://t.co/NGoy746bZV #Flood",en,[],['http://news.google.com/news/url?sa=t&fd=R&ct2=us&usg=AFQjCNEyLSuE5hsk9BV4j28im7-bPmpaGA&clid=c3a7d30bb8a4878e06b80cf16b898331&ei=5VY1VoCIJ82GhQHE1JYI&url=http://www.wacotrib.com/news/environment/downsville-s-flood-risk-creates-worries-for-homeowners-corps-of/article_a71d3121-c603-579b-aa68-e4e91749cc73.html'],[],0,0,0,['flood'],[],https://twitter.com/DisaWorldNews/status/660610382910869504,False,,0,,,,,,,,[],,,,
660609813303312384,660609813303312384,2015-10-31 20:10:27 EDT,2015-10-31,20:10:27,-0400,3190115220,radiojamsplay,Radio JamsPlay,,"Kerry Packer Floating Away in Austin, Texas Flood Part 1 #flood #storm  https://t.co/rKkFqW7Ohl",en,[],['http://j.mp/1GT1KUq'],[],0,0,1,"['flood', 'storm']",[],https://twitter.com/RadioJamsPlay/status/660609813303312384,False,,0,,,,,,,,[],,,,
660609813294923781,660609813294923781,2015-10-31 20:10:27 EDT,2015-10-31,20:10:27,-0400,3190115220,radiojamsplay,Radio JamsPlay,,"Kerry Packer Floating Away in Austin, Texas Flood Part 1 #flood #storm  https://t.co/ATaXxj1VRg",en,[],['http://j.mp/1N2TKwH'],[],0,0,0,"['flood', 'storm']",[],https://twitter.com/RadioJamsPlay/status/660609813294923781,False,,0,,,,,,,,[],,,,
660609707216912385,660609707216912385,2015-10-31 20:10:02 EDT,2015-10-31,20:10:02,-0400,3733566263,freemymanreno,Reno Bail Bonds,,RT LisaHumber Trick or Treat... #flood #Reno #adultlife #yyz #smlife #stagemanager #firstworldproblems  https://t.co/2D7MDuJHln,en,[],['https://instagram.com/p/9hYT8lFytM/'],[],0,1,0,"['flood', 'reno', 'adultlife', 'yyz', 'smlife', 'stagemanager', 'firstworldproblems']",[],https://twitter.com/freemymanreno/status/660609707216912385,False,,0,,,,,,,,[],,,,
660609575595327488,660609575595327488,2015-10-31 20:09:31 EDT,2015-10-31,20:09:31,-0400,28935613,lisahumber,Lisa H,,Trick or Treat... #flood #Reno #adultlife #yyz #smlife #stagemanager #firstworldproblems  https://t.co/hABi7R2DAU,en,[],['https://instagram.com/p/9hYT8lFytM/'],[],0,0,0,"['flood', 'reno', 'adultlife', 'yyz', 'smlife', 'stagemanager', 'firstworldproblems']",[],https://twitter.com/LisaHumber/status/660609575595327488,False,,0,,,,,,,,[],,,,
