id,conversation_id,created_at,date,time,timezone,user_id,username,name,place,tweet,language,mentions,urls,photos,replies_count,retweets_count,likes_count,hashtags,cashtags,link,retweet,quote_url,video,thumbnail,near,geo,source,user_rt_id,user_rt,retweet_id,reply_to,retweet_date,translate,trans_src,trans_dest
481584991042674688,481584991042674688,2014-06-24 19:49:43 EDT,2014-06-24,19:49:43,-0400,403498527,traksterz,TrakSterz,,#MakingHistory @LegendaryBali @mr_bananaboat #Flood #TheTraksterz #Work,und,"[{'screen_name': 'legendarybali', 'name': 'legendary bali', 'id': '20657707'}, {'screen_name': 'mr_bananaboat', 'name': 'dudley', 'id': '2178062071'}]",[],[],0,2,0,"['makinghistory', 'flood', 'thetraksterz', 'work']",[],https://twitter.com/TrakSterz/status/481584991042674688,False,,0,,,,,,,,[],,,,
481583850179821568,481583850179821568,2014-06-24 19:45:11 EDT,2014-06-24,19:45:11,-0400,2557742851,rereferral,Real Estate Referral,,Are you prepared for an #Emergency? #Evacuation #Flood #Tornado #Hurricane  http://t.co/8EvvZWhIqj,en,[],['http://ow.ly/ypiwd'],[],0,0,0,"['emergency', 'evacuation', 'flood', 'tornado', 'hurricane']",[],https://twitter.com/REReferral/status/481583850179821568,False,,0,,,,,,,,[],,,,
481583491902349312,481583491902349312,2014-06-24 19:43:46 EDT,2014-06-24,19:43:46,-0400,2198907836,sir_raj9,Sir_Raj,,Bike lane is now a swim lane #stpaul #flood  http://t.co/aokSvnY0GI,en,[],[],['https://pbs.twimg.com/media/Bq7tolkIYAASZ9j.jpg'],0,0,0,"['stpaul', 'flood']",[],https://twitter.com/Sir_Raj9/status/481583491902349312,False,,1,https://pbs.twimg.com/media/Bq7tolkIYAASZ9j.jpg,,,,,,,[],,,,
481581994552217602,481581994552217602,2014-06-24 19:37:49 EDT,2014-06-24,19:37:49,-0400,14592079,drjimfox26,DrJimFox26,,The heavy rain is on the E side of our area &amp; #Flood #Warning 4 Polk County til 7pm. More rain ahead. #Fox26ForLife  http://t.co/Cqsk2PCUFf,en,[],[],['https://pbs.twimg.com/media/Bq7sRa6CQAAjf9b.jpg'],0,1,0,"['flood', 'warning', 'fox26forlife']",[],https://twitter.com/DrJimFox26/status/481581994552217602,False,,1,https://pbs.twimg.com/media/Bq7sRa6CQAAjf9b.jpg,,,,,,,[],,,,
481581339079372800,481581339079372800,2014-06-24 19:35:13 EDT,2014-06-24,19:35:13,-0400,546217977,southshore_5280,Southshore Aurora,,Are you prepared for an #Emergency? #Evacuation #Flood #Tornado #Hurricane 1  http://t.co/v1jlJdSQIu,en,[],['http://ow.ly/yoGJa'],[],0,0,0,"['emergency', 'evacuation', 'flood', 'tornado', 'hurricane']",[],https://twitter.com/Southshore_5280/status/481581339079372800,False,,0,,,,,,,,[],,,,
481581144241352704,481581144241352704,2014-06-24 19:34:26 EDT,2014-06-24,19:34:26,-0400,44367399,creationnews,Creation Ministries,,Epic disasters of ‘biblical proportions’—Who’s to blame?  http://t.co/aMVFn9rUD7 @David_Cameron #flood   -AndrewL,en,"[{'screen_name': 'david_cameron', 'name': 'david cameron', 'id': '103065157'}]",['http://creation.com/disaster-biblical-proportions'],[],1,0,0,['flood'],[],https://twitter.com/creationnews/status/481581144241352704,False,,0,,,,,,,,[],,,,
481581122678042625,481581122678042625,2014-06-24 19:34:21 EDT,2014-06-24,19:34:21,-0400,14883700,mnredcross,Minnesota Red Cross,,#RedCross volunteers walked through Blakeley Township #MN today assessing #flood related needs. #mnwx  http://t.co/Dt5uj9d8XD,en,[],[],['https://pbs.twimg.com/media/Bq7remPCMAEul0l.jpg'],0,3,1,"['redcross', 'mn', 'flood', 'mnwx']",[],https://twitter.com/mnredcross/status/481581122678042625,False,,1,https://pbs.twimg.com/media/Bq7remPCMAEul0l.jpg,,,,,,,[],,,,
481580500021043200,481580500021043200,2014-06-24 19:31:53 EDT,2014-06-24,19:31:53,-0400,122198375,miscrisonya,Mis'CRiS,,This is how my day ended... #rain #flood #wetfeet #cantswim #dirtywater #poorsnowwhite #yuck…  http://t.co/l6TdoijklY,en,[],['http://instagram.com/p/ppTUhXs1uN/'],[],0,0,0,"['rain', 'flood', 'wetfeet', 'cantswim', 'dirtywater', 'poorsnowwhite', 'yuck']",[],https://twitter.com/MisCriSonya/status/481580500021043200,False,,0,,,,,,,,[],,,,
481580346719215616,481580346719215616,2014-06-24 19:31:16 EDT,2014-06-24,19:31:16,-0400,2377500858,countyndcom,North Dakota Local,,"Warroad, Minn., braces for high water  http://t.co/3KPkINZ5E6 #associatedpress #flood #warroadminnesota #nd #article  http://t.co/WO4Cs8IWYc",en,[],['http://www.countynd.com/article/warroad-minn-braces-for-high-water/4322/'],['https://pbs.twimg.com/media/Bq7qxgDCYAAavhT.jpg'],0,0,0,"['associatedpress', 'flood', 'warroadminnesota', 'nd', 'article']",[],https://twitter.com/countyndcom/status/481580346719215616,False,,1,https://pbs.twimg.com/media/Bq7qxgDCYAAavhT.jpg,,,,,,,[],,,,
481575460585750533,481575460585750533,2014-06-24 19:11:51 EDT,2014-06-24,19:11:51,-0400,1536412436,globalfloodnews,GlobalFloodSystem,,#flood #disaster Storm floods Fort Worth streets - WFAA: Storm floods Fort Worth streetsWFAAMuch of the West 7...  http://t.co/qqh0bGvdBU,en,[],['http://bit.ly/1iCYMam'],[],0,0,0,"['flood', 'disaster']",[],https://twitter.com/GlobalFloodNews/status/481575460585750533,False,,0,,,,,,,,[],,,,
481574685180588032,481574685180588032,2014-06-24 19:08:46 EDT,2014-06-24,19:08:46,-0400,17931424,riggyqueen,🇳🇮SOSNICARAGUA🇳🇮💙⚪💙,,#FortWorth #flood report RT @fortworthpd: Vehicles (unoccupied) still trapped under water -Morningside @ Main St  http://t.co/NeZVc22JuC,en,"[{'screen_name': 'fortworthpd', 'name': 'fort worth police', 'id': '571200736'}]",[],['https://pbs.twimg.com/media/Bq7hTXUCYAAP0QN.jpg'],0,0,0,"['fortworth', 'flood']",[],https://twitter.com/RiggyQueen/status/481574685180588032,False,,1,https://pbs.twimg.com/media/Bq7hTXUCYAAP0QN.jpg,,,,,,,[],,,,
481572830899752960,481572830899752960,2014-06-24 19:01:24 EDT,2014-06-24,19:01:24,-0400,20998647,weatherchannel,The Weather Channel,,#FortWorth #flood report RT @fortworthpd: Vehicles (unoccupied) still trapped under water -Morningside @ Main St  http://t.co/N0uc8RkD4P,en,"[{'screen_name': 'fortworthpd', 'name': 'fort worth police', 'id': '571200736'}]",[],['https://pbs.twimg.com/media/Bq7hTXUCYAAP0QN.jpg'],1,27,8,"['fortworth', 'flood']",[],https://twitter.com/weatherchannel/status/481572830899752960,False,,1,https://pbs.twimg.com/media/Bq7hTXUCYAAP0QN.jpg,,,,,,,[],,,,
481569218635108354,481569218635108354,2014-06-24 18:47:03 EDT,2014-06-24,18:47:03,-0400,552126013,abbylillpop,Abby Lillpop,,As recovery starts from today's #tornadoes @PurdueExtension's #1stSteps to #Flood #Recovery can help. #AllHazards  http://t.co/fAiNTE8qif,en,"[{'screen_name': 'purdueextension', 'name': 'purdue extension', 'id': '46742996'}]",['http://bit.ly/1qHIAak'],[],0,1,0,"['tornadoes', '1ststeps', 'flood', 'recovery', 'allhazards']",[],https://twitter.com/AbbyLillpop/status/481569218635108354,False,,0,,,,,,,,[],,,,
481567527043358720,481567527043358720,2014-06-24 18:40:20 EDT,2014-06-24,18:40:20,-0400,2363376368,luxuriousdenver,Million Dollar Denver,,Are you prepared for an #Emergency? #Evacuation #Flood #Tornado #Hurricane 1  http://t.co/7l12HdFJDj,en,[],['http://ow.ly/yoH8D'],[],0,0,0,"['emergency', 'evacuation', 'flood', 'tornado', 'hurricane']",[],https://twitter.com/LuxuriousDenver/status/481567527043358720,False,,0,,,,,,,,[],,,,
481564052892577792,481564052892577792,2014-06-24 18:26:31 EDT,2014-06-24,18:26:31,-0400,30289005,tinktastic,MGodish,,We'll I'm trapped in my car freaking out @tiffaroonie #please don't #flood  http://t.co/rmHbcycyb2,en,"[{'screen_name': 'tiffaroonie', 'name': 'tiffany godish', 'id': '30291259'}]",['http://instagram.com/p/ppL11simd1/'],[],0,0,0,"['please', 'flood']",[],https://twitter.com/tinktastic/status/481564052892577792,False,,0,,,,,,,,[],,,,
481562861714419712,481562861714419712,2014-06-24 18:21:47 EDT,2014-06-24,18:21:47,-0400,44539484,caitilinpio,Caitilin Espinosa,,"Flood advisories for Harris, Chambers, &amp; Liberty until 6:30pm. #Flood Warning until 7pm for Polk. #YGCWA #rainyweek #umbrella",en,[],[],[],0,1,1,"['flood', 'ygcwa', 'rainyweek', 'umbrella']",[],https://twitter.com/CaitilinPIO/status/481562861714419712,False,,0,,,,,,,,[],,,,
481562828789137408,481562828789137408,2014-06-24 18:21:40 EDT,2014-06-24,18:21:40,-0400,2426412866,radiosimpletx,Radio Simple,,"Join us tomorrow at 7pm Central for a special edition show to #benefit #flood victims in #CiudadAcuña, #Mexico.  http://t.co/svp7RDbwoO",en,[],[],['https://pbs.twimg.com/media/Bq7a1zKCAAARVg9.jpg'],1,0,0,"['benefit', 'flood', 'ciudadacuña', 'mexico']",[],https://twitter.com/radiosimpletx/status/481562828789137408,False,,1,https://pbs.twimg.com/media/Bq7a1zKCAAARVg9.jpg,,,,,,,[],,,,
481554934672793601,481554934672793601,2014-06-24 17:50:17 EDT,2014-06-24,17:50:17,-0400,274025365,insurancebureau,IBC,,"If you're away from home, ask neighbours or friends to check on your property in case of #flood or #storm warnings.",en,[],[],[],0,3,1,"['flood', 'storm']",[],https://twitter.com/InsuranceBureau/status/481554934672793601,False,,0,,,,,,,,[],,,,
481554894424645632,481554894424645632,2014-06-24 17:50:08 EDT,2014-06-24,17:50:08,-0400,17983739,redcrossntx,American Red Cross Greater North Texas,,"Reminder for areas under #flood warning, avoid flooded roads on your commute. If you come across one, take an alternate route! #dfwwx",en,[],[],[],0,2,1,"['flood', 'dfwwx']",[],https://twitter.com/RedCrossNTX/status/481554894424645632,False,,0,,,,,,,,[],,,,
481553669851463680,481553669851463680,2014-06-24 17:45:16 EDT,2014-06-24,17:45:16,-0400,123153997,kevandlaura,Kevin & Laura Ray,,Are you prepared for an #Emergency? #Evacuation #Flood #Tornado #Hurricane  http://t.co/SJ5BJZsZee,en,[],['http://ow.ly/ypgKh'],[],0,0,0,"['emergency', 'evacuation', 'flood', 'tornado', 'hurricane']",[],https://twitter.com/KevAndLaura/status/481553669851463680,False,,0,,,,,,,,[],,,,
481553661618028544,481553661618028544,2014-06-24 17:45:14 EDT,2014-06-24,17:45:14,-0400,2499431209,realestateaxis,Real Estate Axis,,Are you prepared for an #Emergency? #Evacuation #Flood #Tornado #Hurricane  http://t.co/z6iTFsSYDw,en,[],['http://ow.ly/ypgrI'],[],0,0,0,"['emergency', 'evacuation', 'flood', 'tornado', 'hurricane']",[],https://twitter.com/RealEstateAxis/status/481553661618028544,False,,0,,,,,,,,[],,,,
481552839567626241,481552839567626241,2014-06-24 17:41:58 EDT,2014-06-24,17:41:58,-0400,64467360,minnesotafarm,Minnesota Farm Guide,,Torrential #rains #flood many parts of Minnesota -  http://t.co/ryFPSO96qi,ca,[],['http://bit.ly/1jLZFYY'],[],0,0,0,"['rains', 'flood']",[],https://twitter.com/MinnesotaFarm/status/481552839567626241,False,,0,,,,,,,,[],,,,
481552105501900802,481552105501900802,2014-06-24 17:39:03 EDT,2014-06-24,17:39:03,-0400,36414124,cbusrealtors,Columbus REALTORS®,,Flood damage? The first 24 hours are critical.  http://t.co/0lOeme51GP #flood #flooddamage #HomeMaintenance #realestate,en,[],['http://bit.ly/1quFUKW'],[],0,0,0,"['flood', 'flooddamage', 'homemaintenance', 'realestate']",[],https://twitter.com/cbusrealtors/status/481552105501900802,False,,0,,,,,,,,[],,,,
481546618605285377,481546618605285377,2014-06-24 17:17:15 EDT,2014-06-24,17:17:15,-0400,1304873036,bwd_sports,BWDSE,,Flood Risk Scenarios   http://t.co/z6NcVPUQpS #flood #insurance  http://t.co/4yiEcb0tlf,en,[],"['http://www.bwd.us/quicknote/floodrisk.asp', 'http://fb.me/2xC8Ql8Ym']",[],0,0,0,"['flood', 'insurance']",[],https://twitter.com/BWD_Sports/status/481546618605285377,False,,0,,,,,,,,[],,,,
481544837330903041,481544837330903041,2014-06-24 17:10:10 EDT,2014-06-24,17:10:10,-0400,743762052,info4homeowners,Info 4 HomeOwners,,Are you prepared for an #Emergency? #Evacuation #Flood #Tornado #Hurricane  http://t.co/AdLfSZmC7S,en,[],['http://ow.ly/ypg2O'],[],0,0,0,"['emergency', 'evacuation', 'flood', 'tornado', 'hurricane']",[],https://twitter.com/Info4HomeOwners/status/481544837330903041,False,,0,,,,,,,,[],,,,
481543646735380484,481543646735380484,2014-06-24 17:05:26 EDT,2014-06-24,17:05:26,-0400,95096343,like2,#Like2,,"#Like2 ""@DDrainage: Worried about #flood damage to your sewage treatment system? Call us on 01388 537030 for...  http://t.co/KZ2FCW1vlY """,en,"[{'screen_name': 'ddrainage', 'name': 'direct drainage', 'id': '562770917'}]",['http://like2.it/668y3c'],[],0,0,0,"['like2', 'flood']",[],https://twitter.com/like2/status/481543646735380484,False,,0,,,,,,,,[],,,,
481542656086917121,481542656086917121,2014-06-24 17:01:30 EDT,2014-06-24,17:01:30,-0400,41164967,teamapcia,American Property Casualty Insurance Association,,@PCIAA Says #ItOnlyTakesOne Storm; Consider #Flood Insurance  http://t.co/bBlsDdjcfn,en,[],['http://www.pciaa.net/LegTrack/web/NAIIPublications.nsf/lookupwebcontent/B52F77E1D0CDB1C286257D010071352?opendocument'],[],0,1,0,"['itonlytakesone', 'flood']",[],https://twitter.com/TeamAPCIA/status/481542656086917121,False,,0,,,,,,,,[],,,,
481542539934048258,481542539934048258,2014-06-24 17:01:02 EDT,2014-06-24,17:01:02,-0400,480789756,whitejamaican97,Caleb Oviatt,,Soooo it's raining a lil bit :o _danword tippbran833 #rain #flood #crazy #river #pool #swimming #damn  http://t.co/mc33JWO56I,en,[],['http://instagram.com/p/ppCDtuGtjY/'],[],0,0,0,"['rain', 'flood', 'crazy', 'river', 'pool', 'swimming', 'damn']",[],https://twitter.com/WhiteJamaican97/status/481542539934048258,False,,0,,,,,,,,[],,,,
481539795546800130,481539795546800130,2014-06-24 16:50:08 EDT,2014-06-24,16:50:08,-0400,1399327958,angel0fshad0ws,William Crespo,,Never ending #flood onslaught #zombie #halo4 #infection #haloart #fileshare  http://t.co/HS3VUEaa3g,en,[],['http://instagram.com/p/ppAz5JQ3T-/'],[],0,0,0,"['flood', 'zombie', 'halo4', 'infection', 'haloart', 'fileshare']",[],https://twitter.com/angel0fshad0ws/status/481539795546800130,False,,0,,,,,,,,[],,,,
481538515830722562,481538515830722562,2014-06-24 16:45:03 EDT,2014-06-24,16:45:03,-0400,1499440374,pajers,Pajers,,"Heavy storms flood Minnesota. Video: volunteers, National Guard packing sandbags to stop rising waters. #farms #flood  http://t.co/UqMS10pZ4q",en,[],['http://ow.ly/ypr7B'],[],0,0,0,"['farms', 'flood']",[],https://twitter.com/pajers/status/481538515830722562,False,,0,,,,,,,,[],,,,
481538230047617024,481538230047617024,2014-06-24 16:43:55 EDT,2014-06-24,16:43:55,-0400,14870389,immanuelruby,immanuelruby,,#tornadowarning #flood continuously its pouring..we are safe,en,[],[],[],0,0,0,"['tornadowarning', 'flood']",[],https://twitter.com/immanuelruby/status/481538230047617024,False,,0,,,,,,,,[],,,,
481537715586871297,481537715586871297,2014-06-24 16:41:52 EDT,2014-06-24,16:41:52,-0400,1525157018,ks_wx,Kansas Weather,,Flash Flood Warning for Pratt County until 6:45PM #kswx #Pratt #flood #flashflood,en,[],[],[],0,0,0,"['kswx', 'pratt', 'flood', 'flashflood']",[],https://twitter.com/KS_WX/status/481537715586871297,False,,0,,,,,,,,[],,,,
481536561310625792,481536561310625792,2014-06-24 16:37:17 EDT,2014-06-24,16:37:17,-0400,17983739,redcrossntx,American Red Cross Greater North Texas,,"#Flood advisory in Dallas, avoid flooded roads! Dwnld our free Flood app (now in Spanish!) for safety info:  http://t.co/RRup6713JY #dfwwx",en,[],['http://ow.ly/yprMk'],[],0,3,0,"['flood', 'dfwwx']",[],https://twitter.com/RedCrossNTX/status/481536561310625792,False,,0,,,,,,,,[],,,,
481535582263205895,481535582263205895,2014-06-24 16:33:23 EDT,2014-06-24,16:33:23,-0400,1525157018,ks_wx,Kansas Weather,,Flash Flood Warning for Hodgeman County until 6:30PM Tonight #kswx #flood #flashflood,en,[],[],[],0,0,0,"['kswx', 'flood', 'flashflood']",[],https://twitter.com/KS_WX/status/481535582263205895,False,,0,,,,,,,,[],,,,
481532702316060672,481532702316060672,2014-06-24 16:21:57 EDT,2014-06-24,16:21:57,-0400,16340846,aphotoassistant,Tim Olsen,,Photo: Picnic Ducks #minneapolis #lake #calhoun #flood #duck #picnic (at Lake Calhoun - North Beach)  http://t.co/fsZZOgKWLd,en,[],['http://tmblr.co/Zy-pSy1JdnbY8'],[],0,0,0,"['minneapolis', 'lake', 'calhoun', 'flood', 'duck', 'picnic']",[],https://twitter.com/APhotoAssistant/status/481532702316060672,False,,0,,,,,,,,[],,,,
481532627867152384,481531771079888896,2014-06-24 16:21:39 EDT,2014-06-24,16:21:39,-0400,14587890,britt_w,Britt Warg,,@johncurtinEA We can do a lot with temporary #flood defences! 3D – or not. ;),en,[],[],[],0,0,1,['flood'],[],https://twitter.com/Britt_W/status/481532627867152384,False,,0,,,,,,,,[],,,,
481531771079888896,481531771079888896,2014-06-24 16:18:15 EDT,2014-06-24,16:18:15,-0400,707582186,johncurtinea,John Curtin,,In a future world with 3D printed buildings  http://t.co/3rMIUe1otB what could we do with temporary #flood defences?  http://t.co/Ce6B31LMjw,en,[],['http://goo.gl/lsH4r3'],['https://pbs.twimg.com/media/Bq6-lxHIcAE1leC.jpg'],1,1,1,['flood'],[],https://twitter.com/johncurtinEA/status/481531771079888896,False,,1,https://pbs.twimg.com/media/Bq6-lxHIcAE1leC.jpg,,,,,,,[],,,,
481531318128607232,481531318128607232,2014-06-24 16:16:27 EDT,2014-06-24,16:16:27,-0400,95225484,the_cooperators,The Co-operators,,Kudos to the fed and MB govts RT @ICLRCanada  7 #Manitoba communities to get permanent #flood dikes  http://t.co/sOpXd0g0VF,en,"[{'screen_name': 'iclrcanada', 'name': 'glenn mcgillivray', 'id': '122387909'}]",['http://www.cbc.ca/1.2685712'],[],0,0,0,"['manitoba', 'flood']",[],https://twitter.com/The_Cooperators/status/481531318128607232,False,,0,,,,,,,,[],,,,
481530198715027456,481530198715027456,2014-06-24 16:12:00 EDT,2014-06-24,16:12:00,-0400,562770917,ddrainage,Direct Drainage,,Worried about #flood damage to your sewage treatment system? Call us on 01388 537030 for parts &amp; advice #rain #like2 #flooding,en,[],[],[],0,0,0,"['flood', 'rain', 'like2', 'flooding']",[],https://twitter.com/DDrainage/status/481530198715027456,False,,0,,,,,,,,[],,,,
481528551712116738,481528551712116738,2014-06-24 16:05:27 EDT,2014-06-24,16:05:27,-0400,526528241,sarasavoy,Mrs. Boykin,,#minnesota #Flood @meetminneapolis  http://t.co/dig9cSFtai,und,"[{'screen_name': 'meetminneapolis', 'name': 'meet minneapolis', 'id': '14001742'}]",['http://instagram.com/p/po7smouLSb/'],[],0,0,0,"['minnesota', 'flood']",[],https://twitter.com/SaraSavoy/status/481528551712116738,False,,0,,,,,,,,[],,,,
481526025432494081,481526025432494081,2014-06-24 15:55:25 EDT,2014-06-24,15:55:25,-0400,122387909,iclrcanada,Glenn McGillivray,,7 #Manitoba communities to get permanent #flood dikes  http://t.co/2KdTHDFQd1,en,[],['http://www.cbc.ca/1.2685712'],[],0,0,0,"['manitoba', 'flood']",[],https://twitter.com/ICLRCanada/status/481526025432494081,False,,0,,,,,,,,[],,,,
481525989252808704,481525989252808704,2014-06-24 15:55:16 EDT,2014-06-24,15:55:16,-0400,2584662344,realestate_5280,Denver Housing Market Info,,Are you prepared for an #Emergency? #Evacuation #Flood #Tornado #Hurricane 3  http://t.co/5uVD3fMDvX,en,[],['http://ow.ly/ymJgv'],[],0,0,0,"['emergency', 'evacuation', 'flood', 'tornado', 'hurricane']",[],https://twitter.com/RealEstate_5280/status/481525989252808704,False,,0,,,,,,,,[],,,,
481521937370595328,481521937370595328,2014-06-24 15:39:10 EDT,2014-06-24,15:39:10,-0400,24096787,l_cohen_indy,VacciCohenated 🇮🇱✡️,,#tornado now a #flood what is next?! #indianaweather,en,[],[],[],0,0,0,"['tornado', 'flood', 'indianaweather']",[],https://twitter.com/L_Cohen_Indy/status/481521937370595328,False,,0,,,,,,,,[],,,,
481521216344162304,481521216344162304,2014-06-24 15:36:18 EDT,2014-06-24,15:36:18,-0400,15638152,ltht,LTHT,,Classrooms and the...  http://t.co/k0dNIAdbln #Africa #Flood #RUHANGA #uganda,en,[],['http://www.lethemhelpthemselves.org/news/classrooms-and-boys-toilet-hit-by-floods'],[],0,0,0,"['africa', 'flood', 'ruhanga', 'uganda']",[],https://twitter.com/LTHT/status/481521216344162304,False,,0,,,,,,,,[],,,,
481520921149054976,481520921149054976,2014-06-24 15:35:08 EDT,2014-06-24,15:35:08,-0400,1368369673,planforemergncy,Plan For Emergency,,The perfect one day survival kit at the perfect price of $7.28. #Fire #Earthquake #Flood   http://t.co/50ICPIjzHj,en,[],['http://bit.ly/1kKADyi'],[],0,0,0,"['fire', 'earthquake', 'flood']",[],https://twitter.com/planforemergncy/status/481520921149054976,False,,0,,,,,,,,[],,,,
481520242015760385,481520242015760385,2014-06-24 15:32:26 EDT,2014-06-24,15:32:26,-0400,1536412436,globalfloodnews,GlobalFloodSystem,,"#flood #disaster 24,000 hit by Assam floods: Guwahati, June 24 (IANS) Over 24,000 people have been affected by...  http://t.co/7cZ9PckpuP",en,[],['http://yhoo.it/1pKHnND'],[],0,1,0,"['flood', 'disaster']",[],https://twitter.com/GlobalFloodNews/status/481520242015760385,False,,0,,,,,,,,[],,,,
481519237211496448,481519237211496448,2014-06-24 15:28:27 EDT,2014-06-24,15:28:27,-0400,68734580,nechama,NECHAMA,,Mucking &amp; Gutting in #RockRapids #Iowa #flood #Response #VOAD w/ @crosslakeefc  http://t.co/vUIivdsI5Q,en,"[{'screen_name': 'crosslakeefc', 'name': 'the log church', 'id': '561920237'}]",[],['https://pbs.twimg.com/media/Bq6zMQ1CIAAU1Jv.jpg'],0,0,0,"['rockrapids', 'iowa', 'flood', 'response', 'voad']",[],https://twitter.com/NECHAMA/status/481519237211496448,False,,1,https://pbs.twimg.com/media/Bq6zMQ1CIAAU1Jv.jpg,,,,,,,[],,,,
481517705628246016,481517705628246016,2014-06-24 15:22:21 EDT,2014-06-24,15:22:21,-0400,562770917,ddrainage,Direct Drainage,,Problems with #flood? We stock submersible #pumps at discount prices  http://t.co/OU9XKiVJTX #floods #weather #rain,en,[],['http://goo.gl/1W2XY'],[],0,1,0,"['flood', 'pumps', 'floods', 'weather', 'rain']",[],https://twitter.com/DDrainage/status/481517705628246016,False,,0,,,,,,,,[],,,,
481516732524146688,481516732524146688,2014-06-24 15:18:29 EDT,2014-06-24,15:18:29,-0400,834567360,valerieraer,Valerie Reichel,,Guess I'll need to bring a canoe if I want to take my normal route home from work #flood #stpaul #shepherdroad  http://t.co/xlM4hGfd8d,en,[],[],['https://pbs.twimg.com/media/Bq6w6rjCQAA_LE2.jpg'],0,0,0,"['flood', 'stpaul', 'shepherdroad']",[],https://twitter.com/valerieraer/status/481516732524146688,False,,1,https://pbs.twimg.com/media/Bq6w6rjCQAA_LE2.jpg,,,,,,,[],,,,
481514371378446336,481514371378446336,2014-06-24 15:09:06 EDT,2014-06-24,15:09:06,-0400,258479830,graceprotopapas,Grace Protopapas,,Matt DeWolf from Lake of the Woods Control Board offers an update on lake and river levels  http://t.co/FEOvDVqJJf #flood #Kenora,en,[],['http://kenoraonline.com/index.php?option=com_content&task=view&id=9413&Itemid=160'],[],0,0,0,"['flood', 'kenora']",[],https://twitter.com/GraceProtopapas/status/481514371378446336,False,,0,,,,,,,,[],,,,
481513140321280002,481513140321280002,2014-06-24 15:04:13 EDT,2014-06-24,15:04:13,-0400,119545391,mztml1980,MZTML1980,,Yuppp I know #flood #timeline #newsfeed never safe TML  http://t.co/zaElLPmqt8,en,[],['http://instagram.com/p/po0sIbytiD/'],[],0,0,0,"['flood', 'timeline', 'newsfeed']",[],https://twitter.com/MZTML1980/status/481513140321280002,False,,0,,,,,,,,[],,,,
481511460150206464,481511460150206464,2014-06-24 14:57:32 EDT,2014-06-24,14:57:32,-0400,392254137,natersjoy,Nata B,,Anybody getting sick of #flood pictures yet? #Mississippi #watereverywhere  http://t.co/L6vQfpM2xX,en,[],['http://instagram.com/p/poz7MwzTOL/'],[],0,0,0,"['flood', 'mississippi', 'watereverywhere']",[],https://twitter.com/NatersJoy/status/481511460150206464,False,,0,,,,,,,,[],,,,
481508330859290624,481508330859290624,2014-06-24 14:45:06 EDT,2014-06-24,14:45:06,-0400,199357399,homeownersfyi,HomeOwnership Tips,,Are you prepared for an #Emergency? #Evacuation #Flood #Tornado #Hurricane  http://t.co/4nvPJ30BlL,en,[],['http://ow.ly/yoHAA'],[],0,0,0,"['emergency', 'evacuation', 'flood', 'tornado', 'hurricane']",[],https://twitter.com/HomeOwnersFYI/status/481508330859290624,False,,0,,,,,,,,[],,,,
481507992438059008,481505329981968384,2014-06-24 14:43:46 EDT,2014-06-24,14:43:46,-0400,359288159,floodadviceuk,Warwick York Chartered Surveyors,,See previous Tweets on Flood Resilient Repair.  http://t.co/lu80ZO1pa2.  If you need professional help Contact us at flood@fastmail.fm #flood,en,[],['http://nationalfloodforum.org.uk/wp-content/uploads/A-guide-to-resistant-and-resilient-repair-after-a-flood-final-version-2-2.pdf'],[],0,0,0,['flood'],[],https://twitter.com/FloodAdviceUK/status/481507992438059008,False,,0,,,,,,,,[],,,,
481505329981968384,481505329981968384,2014-06-24 14:33:11 EDT,2014-06-24,14:33:11,-0400,359288159,floodadviceuk,Warwick York Chartered Surveyors,,All Flood Victims Should Read This. Insist your insurance company follows these guidelines. #flood. #ukflood  http://t.co/lu80ZO1pa2,en,[],['http://nationalfloodforum.org.uk/wp-content/uploads/A-guide-to-resistant-and-resilient-repair-after-a-flood-final-version-2-2.pdf'],[],1,5,0,"['flood', 'ukflood']",[],https://twitter.com/FloodAdviceUK/status/481505329981968384,False,,0,,,,,,,,[],,,,
481504019769462784,481504019769462784,2014-06-24 14:27:58 EDT,2014-06-24,14:27:58,-0400,359288159,floodadviceuk,Warwick York Chartered Surveyors,,"Flood victims - Having been asked .... Appoint your own Loss Assessor, your OWN  ( trusted ) Builder and your own Surveyor. #flood #ukflood",en,[],[],[],0,3,0,"['flood', 'ukflood']",[],https://twitter.com/FloodAdviceUK/status/481504019769462784,False,,0,,,,,,,,[],,,,
481500756449583104,481500756449583104,2014-06-24 14:15:00 EDT,2014-06-24,14:15:00,-0400,394273425,ambestco,AM Best,,Aon Unit to Add #Flood #Insurance Vendor  http://t.co/nFKWzT5s56,es,[],['http://bit.ly/1sBEouB#aon1'],[],0,0,0,"['flood', 'insurance']",[],https://twitter.com/AMBestCo/status/481500756449583104,False,,0,,,,,,,,[],,,,
481498954174332928,481498954174332928,2014-06-24 14:07:51 EDT,2014-06-24,14:07:51,-0400,359288159,floodadviceuk,Warwick York Chartered Surveyors,,Insurers  have not learnt anything from previous floods. Seen some very poor quality ( and inappropriate ) flood repairs recently #flood,en,[],[],[],1,3,0,['flood'],[],https://twitter.com/FloodAdviceUK/status/481498954174332928,False,,0,,,,,,,,[],,,,
481497219191693313,481497219191693313,2014-06-24 14:00:57 EDT,2014-06-24,14:00:57,-0400,1368369673,planforemergncy,Plan For Emergency,,One Day 12 Piece Fanny Pack Emergency Kit.   http://t.co/ski6b5YYf2 #Earthquake #Fire #Flood #Hurricane #Tornado,en,[],['http://bit.ly/1haIC24'],[],0,0,0,"['earthquake', 'fire', 'flood', 'hurricane', 'tornado']",[],https://twitter.com/planforemergncy/status/481497219191693313,False,,0,,,,,,,,[],,,,
481495778415087616,481495778415087616,2014-06-24 13:55:13 EDT,2014-06-24,13:55:13,-0400,2557742851,rereferral,Real Estate Referral,,Are you prepared for an #Emergency? #Evacuation #Flood #Tornado #Hurricane 3  http://t.co/ytmyxsjzpf,en,[],['http://ow.ly/ylOOZ'],[],0,0,0,"['emergency', 'evacuation', 'flood', 'tornado', 'hurricane']",[],https://twitter.com/REReferral/status/481495778415087616,False,,0,,,,,,,,[],,,,
481495289107193857,481495289107193857,2014-06-24 13:53:17 EDT,2014-06-24,13:53:17,-0400,1418569878,paulaikenbdc,Paul Aiken,,Photos of the 2013 #flood in #boulder and #longmont forecast models didn't predict  See here:  http://t.co/rMeNsULJkl  http://t.co/Grxfg9Z5IH,en,[],['http://bit.ly/TefsJ4'],['https://pbs.twimg.com/media/Bq6daagCAAAGln6.jpg'],0,0,0,"['flood', 'boulder', 'longmont']",[],https://twitter.com/PaulAikenBDC/status/481495289107193857,False,,1,https://pbs.twimg.com/media/Bq6daagCAAAGln6.jpg,,,,,,,[],,,,
481493319055589376,481493319055589376,2014-06-24 13:45:27 EDT,2014-06-24,13:45:27,-0400,546217977,southshore_5280,Southshore Aurora,,Are you prepared for an #Emergency? #Evacuation #Flood #Tornado #Hurricane  http://t.co/GkAecCXwaK,en,[],['http://ow.ly/yoGEL'],[],0,0,0,"['emergency', 'evacuation', 'flood', 'tornado', 'hurricane']",[],https://twitter.com/Southshore_5280/status/481493319055589376,False,,0,,,,,,,,[],,,,
481489598837579776,481489598837579776,2014-06-24 13:30:40 EDT,2014-06-24,13:30:40,-0400,1399867488,ucsshana,"Shana Udvardy, CFM",,"@HazCenter @HazWS #Lyons #flood #hazrd, annual rainfall 14 inches; flood event caused by 17 inches rainfall over 5 days.",en,"[{'screen_name': 'hazws', 'name': 'nhc workshop', 'id': '157041671'}]",[],[],0,0,0,"['lyons', 'flood', 'hazrd']",[],https://twitter.com/UCSshana/status/481489598837579776,False,,0,,,,,,,,[],,,,
481488473505820673,481488473505820673,2014-06-24 13:26:12 EDT,2014-06-24,13:26:12,-0400,1536412436,globalfloodnews,GlobalFloodSystem,,#flood #disaster June 2014 floods - Fairbanks Daily News-Miner: June 2014 floodsFairbanks Daily News-MinerHeav...  http://t.co/Rzi5XhpQS2,en,[],['http://bit.ly/1l7sAqh'],[],0,0,0,"['flood', 'disaster']",[],https://twitter.com/GlobalFloodNews/status/481488473505820673,False,,0,,,,,,,,[],,,,
481485979467796481,481485979467796481,2014-06-24 13:16:17 EDT,2014-06-24,13:16:17,-0400,1399867488,ucsshana,"Shana Udvardy, CFM",,"@HazCenter @HazWS current #Lyons', CO Mayor O'Brien speaks to challenges of #Business #flood #hazrd recovery plan.",en,"[{'screen_name': 'hazws', 'name': 'nhc workshop', 'id': '157041671'}]",[],[],0,0,0,"['lyons', 'business', 'flood', 'hazrd']",[],https://twitter.com/UCSshana/status/481485979467796481,False,,0,,,,,,,,[],,,,
481484461305909248,481484461305909248,2014-06-24 13:10:15 EDT,2014-06-24,13:10:15,-0400,970651890,ncarolinarecord,NorthCarolinaRecord,,May 29 Exact Weather forecast: Flash #FLOOD watch remains in effect -  FLASH FLOOD...  http://t.co/hTKQTtMDCX  #ExactWeather #TonightMostly,en,[],['http://j.mp/1kPqD5T'],[],0,0,0,"['flood', 'exactweather', 'tonightmostly']",[],https://twitter.com/NCarolinaRecord/status/481484461305909248,False,,0,,,,,,,,[],,,,
481482623555211264,481482623555211264,2014-06-24 13:02:57 EDT,2014-06-24,13:02:57,-0400,71245831,flsert,FL Division of Emergency Management,,"MT @HumanityRoad: #Flood Safety: If you come upon a flooded road while driving, turn around, don't drown.",en,"[{'screen_name': 'humanityroad', 'name': 'humanity road', 'id': '125637896'}]",[],[],1,0,1,['flood'],[],https://twitter.com/FLSERT/status/481482623555211264,False,,0,,,,,,,,[],,,,
481482192145506304,481482192145506304,2014-06-24 13:01:14 EDT,2014-06-24,13:01:14,-0400,69027629,umnext,U of MN Extension,,Hail damage? #UMNExt's Coulter &amp; Naeve on next steps.  http://t.co/gW43KQkXdp #flood #mnag @MnFarmersUnion @MNFarmBureau,en,"[{'screen_name': 'mnfarmersunion', 'name': 'minnesota farmers union', 'id': '40024095'}, {'screen_name': 'mnfarmbureau', 'name': 'minnesota farm bureau', 'id': '97286436'}]",['http://z.umn.edu/mss'],[],0,2,0,"['umnext', 'flood', 'mnag']",[],https://twitter.com/UMNExt/status/481482192145506304,False,,0,,,,,,,,[],,,,
481482137049112576,481482137049112576,2014-06-24 13:01:01 EDT,2014-06-24,13:01:01,-0400,1399867488,ucsshana,"Shana Udvardy, CFM",,"@HazCenter #Simonsen speaks to  #flood #hazrd impressive #disaster recovery: 20% loss housing stock, $50m damages, businesses out 7 weeks.",en,[],[],[],0,0,1,"['simonsen', 'flood', 'hazrd', 'disaster']",[],https://twitter.com/UCSshana/status/481482137049112576,False,,0,,,,,,,,[],,,,
481480980012605441,481480980012605441,2014-06-24 12:56:25 EDT,2014-06-24,12:56:25,-0400,17668901,cinbee,Cindy Becker,,"#Flood Safety: If you come upon a flooded road while driving, turn around + go another way. (via  http://t.co/hepATRAtiw) #MN #hmrd ^cb",en,[],['http://redcross.org'],[],0,1,0,"['flood', 'mn', 'hmrd']",[],https://twitter.com/cinbee/status/481480980012605441,False,,0,,,,,,,,[],,,,
481480688202285056,481480688202285056,2014-06-24 12:55:16 EDT,2014-06-24,12:55:16,-0400,123153997,kevandlaura,Kevin & Laura Ray,,Are you prepared for an #Emergency? #Evacuation #Flood #Tornado #Hurricane 3  http://t.co/wtiBI6iGpS,en,[],['http://ow.ly/ylOlS'],[],0,0,0,"['emergency', 'evacuation', 'flood', 'tornado', 'hurricane']",[],https://twitter.com/KevAndLaura/status/481480688202285056,False,,0,,,,,,,,[],,,,
481479458281750528,481479458281750528,2014-06-24 12:50:22 EDT,2014-06-24,12:50:22,-0400,2363376368,luxuriousdenver,Million Dollar Denver,,Are you prepared for an #Emergency? #Evacuation #Flood #Tornado #Hurricane  http://t.co/PZ1HLFrzVc,en,[],['http://ow.ly/yoH36'],[],0,0,0,"['emergency', 'evacuation', 'flood', 'tornado', 'hurricane']",[],https://twitter.com/LuxuriousDenver/status/481479458281750528,False,,0,,,,,,,,[],,,,
481479394242744320,481479394242744320,2014-06-24 12:50:07 EDT,2014-06-24,12:50:07,-0400,17668901,cinbee,Cindy Becker,,#Flood Safety: Be prepared to evacuate at a moment’s notice (via  http://t.co/hepATRAtiw)  http://t.co/XtWk9KnF6z #MN #hmrd ^cb,en,[],"['http://redcross.org', 'http://ow.ly/trj7Z']",[],0,0,0,"['flood', 'mn', 'hmrd']",[],https://twitter.com/cinbee/status/481479394242744320,False,,0,,,,,,,,[],,,,
481477766903500800,481411318969147394,2014-06-24 12:43:39 EDT,2014-06-24,12:43:39,-0400,44442585,shelleycarroll,Shelley Carroll,,“@erika_cucchiara: This is the view from the front of the car #melbourne #flood  http://t.co/h3OtvD9Exd” #ClimateChange,en,"[{'screen_name': 'erika_cucchiara', 'name': 'erikacucchiara.ph', 'id': '378854228'}]",['http://Instagram.com/p/poGYtyRR2J/'],[],0,0,0,"['melbourne', 'flood', 'climatechange']",[],https://twitter.com/shelleycarroll/status/481477766903500800,False,,0,,,,,,,,[],,,,
481477761027301377,481477761027301377,2014-06-24 12:43:38 EDT,2014-06-24,12:43:38,-0400,80516999,firenshr,FIRENS,,Cool!! VIDEO: De Kracht van #Enthousiasme bij @BoonEdam  http://t.co/4msgkgtWqs  #flame #flow en #flood @caramelbusiness @pixtoryNL @rijn,nl,"[{'screen_name': 'boonedam', 'name': 'boon edam', 'id': '71201501'}, {'screen_name': 'caramelbusiness', 'name': 'caramelbusiness', 'id': '1035047270'}, {'screen_name': 'rijn', 'name': 'rijn vogelaar', 'id': '15514355'}]",['http://ow.ly/yfPSW'],[],0,1,0,"['enthousiasme', 'flame', 'flow', 'flood']",[],https://twitter.com/FIRENSHR/status/481477761027301377,False,,0,,,,,,,,[],,,,
481477673001431040,481477673001431040,2014-06-24 12:43:17 EDT,2014-06-24,12:43:17,-0400,72449880,3artisdarnell,| Deij |👾,,#TransformationTuesday #Flood ‼️😂  http://t.co/KKOLVyxqzu,und,[],[],"['https://pbs.twimg.com/media/Bq6NZDZCQAEX9nc.jpg', 'https://pbs.twimg.com/media/Bq6NY7lCIAAoRNv.jpg']",1,0,3,"['transformationtuesday', 'flood']",[],https://twitter.com/3ArtisDarnell/status/481477673001431040,False,,1,https://pbs.twimg.com/media/Bq6NZDZCQAEX9nc.jpg,,,,,,,[],,,,
481472337381163008,481472337381163008,2014-06-24 12:22:05 EDT,2014-06-24,12:22:05,-0400,814884224,worldalerts247,WORLD ALERTS ²⁴/7,,"2 Feared Dead, 16 Injured in Asaba Flood-  http://t.co/beWqa4cjKb #flood #fb",en,[],['http://www.ubalert.com/uELb'],[],0,0,0,"['flood', 'fb']",[],https://twitter.com/WorldALERTS247/status/481472337381163008,False,,0,,,,,,,,[],,,,
481470280510873601,481470280510873601,2014-06-24 12:13:54 EDT,2014-06-24,12:13:54,-0400,416082863,sherierao,Sherie Rao,,#flood  http://t.co/M17LhpJra1,und,[],['http://instagram.com/p/pohMtMNVJZ/'],[],0,0,0,['flood'],[],https://twitter.com/sherierao/status/481470280510873601,False,,0,,,,,,,,[],,,,
481469363220799488,481469363220799488,2014-06-24 12:10:16 EDT,2014-06-24,12:10:16,-0400,1504373528,yojairohg,Jairo hidalgo Garcia,,#PAC  #Misión #Andromeda  #CruzRojaMexicana  #Flood #Resilience #Program  http://t.co/BNwAN7SXWm,und,[],['http://instagram.com/p/pogyAOQd7p/'],[],0,0,0,"['pac', 'misión', 'andromeda', 'cruzrojamexicana', 'flood', 'resilience', 'program']",[],https://twitter.com/Yojairohg/status/481469363220799488,False,,0,,,,,,,,[],,,,
481468384803307520,481468384803307520,2014-06-24 12:06:22 EDT,2014-06-24,12:06:22,-0400,434975688,insuranceiis,Integrated Insurance,,#Flood insurance coverage can vary; misunderstandings are everywhere after recent storms  http://t.co/7vjmwRahbP via @ohiodotcom,en,[],['http://stateau.to/UF8fmI'],[],0,0,0,['flood'],[],https://twitter.com/InsuranceIIS/status/481468384803307520,False,,0,,,,,,,,[],,,,
481467769989255168,481467769989255168,2014-06-24 12:03:56 EDT,2014-06-24,12:03:56,-0400,1089798908,cadenceins,Cadence Insurance,,Use the following resources to find out if you live in a #flood #danger zone.  http://t.co/c75ftShBCb  http://t.co/rbnC7cY74q,en,[],['http://blogs.imms.com/cadenceinsurance/2014/06/24/do-you-live-in-a-flood-zone/'],['https://pbs.twimg.com/media/Bq6EYpMCQAAhZwS.jpg'],0,0,0,"['flood', 'danger']",[],https://twitter.com/CadenceIns/status/481467769989255168,False,,1,https://pbs.twimg.com/media/Bq6EYpMCQAAhZwS.jpg,,,,,,,[],,,,
481466826723823618,481466826723823618,2014-06-24 12:00:11 EDT,2014-06-24,12:00:11,-0400,2362445893,termbrokersfl,Term Brokers ,,Don't be caught off guard! Did you know? Only 13% of U.S. homeowners had #flood #insurance last year.  http://t.co/Er8bh2lo3h,en,[],['http://on.wsj.com/1wowJON'],[],0,0,0,"['flood', 'insurance']",[],https://twitter.com/TermBrokersFL/status/481466826723823618,False,,0,,,,,,,,[],,,,
481465642076631040,481465642076631040,2014-06-24 11:55:28 EDT,2014-06-24,11:55:28,-0400,2499431209,realestateaxis,Real Estate Axis,,Are you prepared for an #Emergency? #Evacuation #Flood #Tornado #Hurricane 3  http://t.co/GXL6xzKZWT,en,[],['http://ow.ly/ylNRa'],[],0,0,0,"['emergency', 'evacuation', 'flood', 'tornado', 'hurricane']",[],https://twitter.com/RealEstateAxis/status/481465642076631040,False,,0,,,,,,,,[],,,,
481465026646380545,481465026646380545,2014-06-24 11:53:02 EDT,2014-06-24,11:53:02,-0400,2161645632,nolanf10,Nolan Feldpausch,,Its days like these I'm thankful I built an ark #flood,en,[],[],[],0,0,1,['flood'],[],https://twitter.com/nolanf10/status/481465026646380545,False,,0,,,,,,,,[],,,,
481464688497016833,481464688497016833,2014-06-24 11:51:41 EDT,2014-06-24,11:51:41,-0400,2424074786,itsuiowa,ITS University of Iowa,,High-Performance Computing helps researchers predict flooding for Iowa communities #flood #hpc  http://t.co/pJPoB39acN  http://t.co/ei8xoQIxmQ,en,[],['http://bit.ly/1nBZMrE'],['https://pbs.twimg.com/media/Bq6BlRQCUAAwjWi.jpg'],0,0,0,"['flood', 'hpc']",[],https://twitter.com/itsuiowa/status/481464688497016833,False,,1,https://pbs.twimg.com/media/Bq6BlRQCUAAwjWi.jpg,,,,,,,[],,,,
481464020004634625,481464020004634625,2014-06-24 11:49:02 EDT,2014-06-24,11:49:02,-0400,442889242,pauldaviscanada,Paul Davis Canada,,What are your thoughts on a National Flood Insurance Program?  http://t.co/elEJn4YqwO #insurance #news #flood #weather,en,[],['http://ow.ly/yoBPS'],[],0,1,0,"['insurance', 'news', 'flood', 'weather']",[],https://twitter.com/PaulDavisCanada/status/481464020004634625,False,,0,,,,,,,,[],,,,
481462349677621249,481462349677621249,2014-06-24 11:42:23 EDT,2014-06-24,11:42:23,-0400,16688474,whec_spensgen,Stacey Pensgen,,"Flash #Flood watch: Monroe, Livingston &amp; points west through late tonight. Heavy rain poss. in storms. #ROC @News_8  http://t.co/fV3qrkZSzc",en,"[{'screen_name': 'news_8', 'name': 'news 8 wroc', 'id': '16453340'}]",[],['https://pbs.twimg.com/media/Bq5_dDZCQAAQaQA.jpg'],0,6,0,"['flood', 'roc']",[],https://twitter.com/WHEC_SPensgen/status/481462349677621249,False,,1,https://pbs.twimg.com/media/Bq5_dDZCQAAQaQA.jpg,,,,,,,[],,,,
481462205133885440,481462205133885440,2014-06-24 11:41:49 EDT,2014-06-24,11:41:49,-0400,153879569,c21papp,Century 21 - Papp Realty,,Get Your Basic #Flood Facts Here!  http://t.co/ffL47W6v22,en,[],['http://fb.me/6x4ltWcac'],[],0,1,0,['flood'],[],https://twitter.com/C21Papp/status/481462205133885440,False,,0,,,,,,,,[],,,,
481461452037844994,481461452037844994,2014-06-24 11:38:49 EDT,2014-06-24,11:38:49,-0400,17296650,roughfisher,Jean-Paul Lipton,,There's some connectivity on the Des Moines river today  #minnesota #streams #fishpassage #curriedam #flood...  http://t.co/j6W8ccL9iW,en,[],['http://fb.me/3tnkS4W6w'],[],0,0,0,"['minnesota', 'streams', 'fishpassage', 'curriedam', 'flood']",[],https://twitter.com/roughfisher/status/481461452037844994,False,,0,,,,,,,,[],,,,
481460289926623232,481460289926623232,2014-06-24 11:34:12 EDT,2014-06-24,11:34:12,-0400,261959272,sdsuclimate,Laura Edwards-SDSU Ext Climate,,"June 2014 estimated #rain for SD, from radar &amp; gauges. 13-16"" for last 23 days in Lincoln county! #ag #flood #sdwx  http://t.co/xoj9f0Gxtg",en,[],[],['https://pbs.twimg.com/media/Bq59lQbIAAALJoh.jpg'],0,11,1,"['rain', 'ag', 'flood', 'sdwx']",[],https://twitter.com/SDSUclimate/status/481460289926623232,False,,1,https://pbs.twimg.com/media/Bq59lQbIAAALJoh.jpg,,,,,,,[],,,,
481460089925021696,481460089925021696,2014-06-24 11:33:25 EDT,2014-06-24,11:33:25,-0400,738820711,arkstormprepper,ARkstorm Prepper,,ARkstorm: The Ones That Made It audio book  http://t.co/7feHCGBrOX #flood #survival #preppers,en,[],['http://www.audible.com/pd/Sci-Fi-Fantasy/ARkstorm-Audiobook/B00F9A6GFO/ref=sr_1_4?qid=1380684766&sr=1-4'],[],0,0,0,"['flood', 'survival', 'preppers']",[],https://twitter.com/ARkstormPrepper/status/481460089925021696,False,,0,,,,,,,,[],,,,
481458522048036864,481458522048036864,2014-06-24 11:27:11 EDT,2014-06-24,11:27:11,-0400,19190413,teritradio,Teri Totushek,,"for updates on #Flood road opening, closings and detours check out  http://t.co/oJfyiuqYg3 and follow @MnDOTcentral #Minnesota #Mankato",en,"[{'screen_name': 'mndotcentral', 'name': 'mndot district 3', 'id': '1400504882'}]",['http://dot.state.mn.us/flood/'],[],0,0,0,"['flood', 'minnesota', 'mankato']",[],https://twitter.com/TeriTradio/status/481458522048036864,False,,0,,,,,,,,[],,,,
481453700083621888,481453700083621888,2014-06-24 11:08:01 EDT,2014-06-24,11:08:01,-0400,548677035,lngerken_z13601,Logan #Gerken #LNG NY13601,,#NSA #CiA #TheyMightBeGiants #music #name #FLOOD #isIs #aiBUM xr500LVNV #Timerider BakshiWizards→CalmetteWB #xt225 #MS #Memphis #Topor #LNG,tl,[],[],[],0,1,2,"['nsa', 'cia', 'theymightbegiants', 'music', 'name', 'flood', 'isis', 'aibum', 'timerider', 'xt225', 'ms', 'memphis', 'topor', 'lng']",[],https://twitter.com/LNGerken_z13601/status/481453700083621888,False,,0,,,,,,,,[],,,,
481451459016658944,481451459016658944,2014-06-24 10:59:07 EDT,2014-06-24,10:59:07,-0400,392714686,interpol_cyber,INTERPOL_Cyber,,#DNS #Flood #DDoS attack hit video gaming industry with 90 million requests per second  http://t.co/QVK5ofWmi8,en,[],['http://bit.ly/1nZL5RY'],[],0,1,2,"['dns', 'flood', 'ddos']",[],https://twitter.com/INTERPOL_Cyber/status/481451459016658944,False,,0,,,,,,,,[],,,,
481451188655636480,481451188655636480,2014-06-24 10:58:02 EDT,2014-06-24,10:58:02,-0400,45195411,ubalert,ubAlert,,"2 Feared Dead, 16 Injured in Asaba Flood-  http://t.co/hlGEW7NVzh #flood #fb",en,[],['http://www.ubalert.com/uELb'],[],0,0,0,"['flood', 'fb']",[],https://twitter.com/ubalert/status/481451188655636480,False,,0,,,,,,,,[],,,,
481450459602124800,481450459602124800,2014-06-24 10:55:09 EDT,2014-06-24,10:55:09,-0400,743762052,info4homeowners,Info 4 HomeOwners,,Are you prepared for an #Emergency? #Evacuation #Flood #Tornado #Hurricane 3  http://t.co/m6Igcac1Jw,en,[],['http://ow.ly/ylNnQ'],[],0,0,0,"['emergency', 'evacuation', 'flood', 'tornado', 'hurricane']",[],https://twitter.com/Info4HomeOwners/status/481450459602124800,False,,0,,,,,,,,[],,,,
481450036044525569,481450036044525569,2014-06-24 10:53:28 EDT,2014-06-24,10:53:28,-0400,147868488,chypuskar,Puskar Chaudhary,,"कोसी नदीमा म्याक्सिमम्‍ फ्लो भैरहदा , आफ्नो रुममा बत्ति नहुँदा, कताकता आफ्नै कमजोरि छ जस्तो लाग्छ । #flood in #nepal",ne,[],[],[],0,0,0,"['flood', 'nepal']",[],https://twitter.com/ChyPuskar/status/481450036044525569,False,,0,,,,,,,,[],,,,
481449344738926592,481449344738926592,2014-06-24 10:50:43 EDT,2014-06-24,10:50:43,-0400,410566588,waltherkrickl,walther krickl,,US #US_News #flood #illegal #immigration #options US: Looking at All Options in Immigration Surge: The post US:...  http://t.co/xg059tvQqL,en,[],['http://dlvr.it/661Pfb'],[],0,0,0,"['us_news', 'flood', 'illegal', 'immigration', 'options']",[],https://twitter.com/WaltherKrickl/status/481449344738926592,False,,0,,,,,,,,[],,,,
481449270692700161,481449270692700161,2014-06-24 10:50:25 EDT,2014-06-24,10:50:25,-0400,2350367216,karinnachsicht,zhuchan li,,US #US_News #flood #illegal #immigration #options US: Looking at All Options in Immigration Surge: The post US:...  http://t.co/4LKfmOweS5,en,[],['http://dlvr.it/661PNZ'],[],0,0,0,"['us_news', 'flood', 'illegal', 'immigration', 'options']",[],https://twitter.com/karinnachsicht/status/481449270692700161,False,,0,,,,,,,,[],,,,
481449254360072195,481449254360072195,2014-06-24 10:50:21 EDT,2014-06-24,10:50:21,-0400,2329382563,wenhua2015,changxiong,,US #US_News #flood #illegal #immigration #options US: Looking at All Options in Immigration Surge  http://t.co/w7fyyHAHih,en,[],['http://dlvr.it/661PHf'],[],0,0,0,"['us_news', 'flood', 'illegal', 'immigration', 'options']",[],https://twitter.com/wenhua2015/status/481449254360072195,False,,0,,,,,,,,[],,,,
481449244901912578,481449244901912578,2014-06-24 10:50:19 EDT,2014-06-24,10:50:19,-0400,2350233150,yenlingttt,陳彥玲,,US #US_News #flood #illegal #immigration #options US: Looking at All Options in Immigration Surge: The post US:...  http://t.co/Z1FXkS8N25,en,[],['http://dlvr.it/661PDH'],[],0,0,0,"['us_news', 'flood', 'illegal', 'immigration', 'options']",[],https://twitter.com/Yenlingttt/status/481449244901912578,False,,0,,,,,,,,[],,,,
481449234848157696,481449234848157696,2014-06-24 10:50:17 EDT,2014-06-24,10:50:17,-0400,2272978051,vorarlberg1,China,,US #USNews #flood #illegal #immigration #options US: Looking at All Options in Immigration Surge  http://t.co/ncPwpufoYz,en,[],['http://dlvr.it/661P8b'],[],0,0,0,"['usnews', 'flood', 'illegal', 'immigration', 'options']",[],https://twitter.com/Vorarlberg1/status/481449234848157696,False,,0,,,,,,,,[],,,,
481447769790758913,481447769790758913,2014-06-24 10:44:27 EDT,2014-06-24,10:44:27,-0400,67397583,mwarhurst,Michael Warhurst,,#Osborne wasting our money? MT @guyshrubsole: Winter floods have cost UK £1bn #flood prevention is better than cure  http://t.co/bodN6bG7ZN,en,"[{'screen_name': 'guyshrubsole', 'name': 'guy shrubsole', 'id': '74989387'}]",['http://www.newstatesman.com/staggers/2014/06/counting-1bn-cost-winter-floods'],[],0,0,0,"['osborne', 'flood']",[],https://twitter.com/mwarhurst/status/481447769790758913,False,,0,,,,,,,,[],,,,
481441579056386049,481441579056386049,2014-06-24 10:19:51 EDT,2014-06-24,10:19:51,-0400,872332771,preparecenter,GDPC,,Check out this #Flood #Safety #Checklist#  http://t.co/GzjJvSqhJ3,en,[],['http://preparecenter.org/resources/flood-safety-checklist'],[],0,0,0,"['flood', 'safety']",[],https://twitter.com/PrepareCenter/status/481441579056386049,False,,0,,,,,,,,[],,,,
481439450980171776,481439450980171776,2014-06-24 10:11:24 EDT,2014-06-24,10:11:24,-0400,164208335,djwarburton,David Warburton MP,,"At #Flood Surgery this morning @riverparrettc #Langport. Satisfying to help people access funds, grants &amp; support.  http://t.co/F07N55oqTY",en,"[{'screen_name': 'riverparrettc', 'name': 'riverparrettcafe', 'id': '1348775192'}]",[],['https://pbs.twimg.com/media/Bq5qoPIIIAAeA2A.jpg'],1,7,6,"['flood', 'langport']",[],https://twitter.com/DJWarburton/status/481439450980171776,False,,1,https://pbs.twimg.com/media/Bq5qoPIIIAAeA2A.jpg,,,,,,,[],,,,
481437982394957824,481437982394957824,2014-06-24 10:05:34 EDT,2014-06-24,10:05:34,-0400,2584662344,realestate_5280,Denver Housing Market Info,,Are you prepared for an #Emergency? #Evacuation #Flood #Tornado #Hurricane 2  http://t.co/ONnp7blEcn,en,[],['http://ow.ly/ymJdL'],[],0,0,0,"['emergency', 'evacuation', 'flood', 'tornado', 'hurricane']",[],https://twitter.com/RealEstate_5280/status/481437982394957824,False,,0,,,,,,,,[],,,,
481437800026214400,481437800026214400,2014-06-24 10:04:50 EDT,2014-06-24,10:04:50,-0400,317486119,g_lens_,𝔊𝔦𝔟𝔟𝔬𝔫 𝔏𝔦𝔟 𝔓. 𝔇𝔬𝔪𝔬𝔟𝔬𝔶 ᴸᴾᵀ,"{'type': 'Point', 'coordinates': [6.9576173, 126.207391]}",Retweets!! #Flood,en,[],[],[],0,0,1,['flood'],[],https://twitter.com/g_lens_/status/481437800026214400,False,,0,,,,,,,,[],,,,
481436599180222464,481436599180222464,2014-06-24 10:00:04 EDT,2014-06-24,10:00:04,-0400,200076288,floodexpert,Ambiental,,"Have you seen our #flood case study for Brisbane, #Australia? Read more here:  http://t.co/26vhqtKMRU”",en,[],['http://www.ambiental.co.uk/case-studies/brisbane-australia/'],[],0,0,0,"['flood', 'australia']",[],https://twitter.com/floodexpert/status/481436599180222464,False,,0,,,,,,,,[],,,,
481435809304690688,481435809304690688,2014-06-24 09:56:56 EDT,2014-06-24,09:56:56,-0400,69027629,umnext,U of MN Extension,,Cover crops &amp; more after #flood w/ #UMNExt's Stahl &amp; DeWitte:   http://t.co/U2u17TYKkL @MNagriculture @mncorn @MNSoybean #mnag,en,"[{'screen_name': 'mnagriculture', 'name': 'mn agriculture dept', 'id': '19780355'}, {'screen_name': 'mncorn', 'name': 'mn corn growers', 'id': '38662810'}, {'screen_name': 'mnsoybean', 'name': 'mn soybean research & promotion council', 'id': '98907041'}]",['http://z.umn.edu/mv7'],[],0,0,1,"['flood', 'umnext', 'mnag']",[],https://twitter.com/UMNExt/status/481435809304690688,False,,0,,,,,,,,[],,,,
481434157814272000,481434157814272000,2014-06-24 09:50:22 EDT,2014-06-24,09:50:22,-0400,223205139,bustmold,Mold Busters,,NEWS | We just saw the 1-year anniversary of the Alberta floods. How are the victims holding up?  http://t.co/nmLTUIcOoz #Alberta #flood,en,[],['http://ow.ly/ydLtb'],[],0,0,0,"['alberta', 'flood']",[],https://twitter.com/bustmold/status/481434157814272000,False,,0,,,,,,,,[],,,,
481431319176417281,481431319176417281,2014-06-24 09:39:05 EDT,2014-06-24,09:39:05,-0400,814884224,worldalerts247,WORLD ALERTS ²⁴/7,,"Over 200,000 displaced by Floods in Paraguay-  http://t.co/YPPIh9qCi5 #flood #fb",en,[],['http://www.ubalert.com/QDLb'],[],0,0,0,"['flood', 'fb']",[],https://twitter.com/WorldALERTS247/status/481431319176417281,False,,0,,,,,,,,[],,,,
481430780002848770,481430780002848770,2014-06-24 09:36:57 EDT,2014-06-24,09:36:57,-0400,2518437636,247cleanup,24/7 Cleaning,,#24/7 property cleaning &amp; restoration 1-877-284-7701 #water damage #Flood Clean up    http://t.co/cgHQmzgS3a,en,[],['http://saintpaul-minnesota.olx.com/posting_success.php'],[],0,0,0,"['water', 'flood']",[],https://twitter.com/247cleanup/status/481430780002848770,False,,0,,,,,,,,[],,,,
481428341992730624,481428341992730624,2014-06-24 09:27:15 EDT,2014-06-24,09:27:15,-0400,386578078,hipsterspice,Chelsea Noble,,It's a little harder to get to the bank than usual this morning. #flood  http://t.co/zcKpu3AyFZ,en,[],['http://instagram.com/p/poOILnHzyK/'],[],0,0,0,['flood'],[],https://twitter.com/hipsterspice/status/481428341992730624,False,,0,,,,,,,,[],,,,
481426688551948288,481426688551948288,2014-06-24 09:20:41 EDT,2014-06-24,09:20:41,-0400,1229935676,avrilchaffeypr,Avril Chaffey,,? aren't h/holds &amp; councils taking Govt #grants #flood repair &amp;refurbish #journorequest anyone interested in our findings DM @AvrilChaffeyPR,en,"[{'screen_name': 'avrilchaffeypr', 'name': 'avril chaffey', 'id': '1229935676'}]",[],[],1,0,0,"['grants', 'flood', 'journorequest']",[],https://twitter.com/AvrilChaffeyPR/status/481426688551948288,False,,0,,,,,,,,[],,,,
481426390886002690,481426390886002690,2014-06-24 09:19:30 EDT,2014-06-24,09:19:30,-0400,1040290489,emeline_81,Emeline,,Nouveaux toulousain ! ❤ #stadetoulousain #toulousain #ernestwallon #tobyflood #neemiatialata #flood…  http://t.co/q3gqTlsiXj,fr,[],['http://instagram.com/p/poNPWPhDSR/'],[],0,1,0,"['stadetoulousain', 'toulousain', 'ernestwallon', 'tobyflood', 'neemiatialata', 'flood']",[],https://twitter.com/Emeline_81/status/481426390886002690,False,,0,,,,,,,,[],,,,
481426231796432896,481426231796432896,2014-06-24 09:18:52 EDT,2014-06-24,09:18:52,-0400,502019669,hummelgroup,Hummel Group,,#Homeowners policies don't cover #flood damage!  Call Hummel Group today for information about a flood policy.  http://t.co/Ml6CE9KI0X,en,[],['http://goo.gl/FJNgMd'],[],0,1,0,"['homeowners', 'flood']",[],https://twitter.com/HummelGroup/status/481426231796432896,False,,0,,,,,,,,[],,,,
481425789112811520,481425789112811520,2014-06-24 09:17:07 EDT,2014-06-24,09:17:07,-0400,25517182,giovannitp,Giovanni Taylor,,Private insurers slow to enter #flood zone  http://t.co/wwgI4XWqeU,en,[],['http://bit.ly/TrDErS'],[],0,1,0,['flood'],[],https://twitter.com/giovannitp/status/481425789112811520,False,,0,,,,,,,,[],,,,
481424903250259968,481424903250259968,2014-06-24 09:13:36 EDT,2014-06-24,09:13:36,-0400,45195411,ubalert,ubAlert,,"Over 200,000 displaced by Floods in Paraguay-  http://t.co/M80RCr4zsK #flood #fb",en,[],['http://www.ubalert.com/QDLb'],[],0,0,0,"['flood', 'fb']",[],https://twitter.com/ubalert/status/481424903250259968,False,,0,,,,,,,,[],,,,
481424022362525698,481424022362525698,2014-06-24 09:10:06 EDT,2014-06-24,09:10:06,-0400,31175353,stateauto,State Auto Insurance,,#Flood insurance coverage can vary; misunderstandings are everywhere after recent storms  http://t.co/IPXJwmKzty via @ohiodotcom,en,[],['http://stateau.to/UF8fmI'],[],0,4,2,['flood'],[],https://twitter.com/StateAuto/status/481424022362525698,False,,0,,,,,,,,[],,,,
481420288509218817,481420288509218817,2014-06-24 08:55:15 EDT,2014-06-24,08:55:15,-0400,199357399,homeownersfyi,HomeOwnership Tips,,Are you prepared for an #Emergency? #Evacuation #Flood #Tornado #Hurricane 3  http://t.co/knR8Q1Mm7G,en,[],['http://ow.ly/ylLoe'],[],0,0,0,"['emergency', 'evacuation', 'flood', 'tornado', 'hurricane']",[],https://twitter.com/HomeOwnersFYI/status/481420288509218817,False,,0,,,,,,,,[],,,,
481416458514100226,481416458514100226,2014-06-24 08:40:02 EDT,2014-06-24,08:40:02,-0400,2437090574,gjcco,★ gotye stan ★,,@StTelebrico followback HO! @sc_gg13 Syempre #Flood yan eh,tl,[],[],[],0,0,0,['flood'],[],https://twitter.com/gjcco/status/481416458514100226,False,,0,,,,,,,,[],,,,
481411318969147394,481411318969147394,2014-06-24 08:19:37 EDT,2014-06-24,08:19:37,-0400,378854228,erika_cucchiara,erikacucchiara.ph,,This is the view from the front of the car #melbourne #flood  http://t.co/njFXpnk9Zc,en,[],['http://instagram.com/p/poGYtyRR2J/'],[],1,0,0,"['melbourne', 'flood']",[],https://twitter.com/erika_cucchiara/status/481411318969147394,False,,0,,,,,,,,[],,,,
481411268843020289,481411268843020289,2014-06-24 08:19:25 EDT,2014-06-24,08:19:25,-0400,1536412436,globalfloodnews,GlobalFloodSystem,,#flood #disaster Counting the £1bn cost of the winter floods - New Statesman: Counting the £1bn cost of the wi...  http://t.co/ddne2aTELA,en,[],['http://bit.ly/1iBv3yB'],[],0,1,0,"['flood', 'disaster']",[],https://twitter.com/GlobalFloodNews/status/481411268843020289,False,,0,,,,,,,,[],,,,
481407732772503552,481407732772503552,2014-06-24 08:05:22 EDT,2014-06-24,08:05:22,-0400,2557742851,rereferral,Real Estate Referral,,Are you prepared for an #Emergency? #Evacuation #Flood #Tornado #Hurricane 2  http://t.co/lWvNcz35Ik,en,[],['http://ow.ly/ylOKg'],[],0,0,0,"['emergency', 'evacuation', 'flood', 'tornado', 'hurricane']",[],https://twitter.com/REReferral/status/481407732772503552,False,,0,,,,,,,,[],,,,
481406662314831872,481406662314831872,2014-06-24 08:01:07 EDT,2014-06-24,08:01:07,-0400,44367399,creationnews,Creation Ministries,,A #disaster of ‘biblical proportions’?  http://t.co/aMVFn9rUD7 #creation #evolution #science #flood -ShaneC,ca,[],['http://creation.com/disaster-biblical-proportions'],[],0,0,0,"['disaster', 'creation', 'evolution', 'science', 'flood']",[],https://twitter.com/creationnews/status/481406662314831872,False,,0,,,,,,,,[],,,,
481405164780519426,481405164780519426,2014-06-24 07:55:10 EDT,2014-06-24,07:55:10,-0400,546217977,southshore_5280,Southshore Aurora,,Are you prepared for an #Emergency? #Evacuation #Flood #Tornado #Hurricane 3  http://t.co/F7h97gt5zP,en,[],['http://ow.ly/ylKNO'],[],0,0,0,"['emergency', 'evacuation', 'flood', 'tornado', 'hurricane']",[],https://twitter.com/Southshore_5280/status/481405164780519426,False,,0,,,,,,,,[],,,,
481405088087695360,481405088087695360,2014-06-24 07:54:51 EDT,2014-06-24,07:54:51,-0400,20332679,domusweb,Domus,,"MT @sciarcnews: Heather Flood's PUNK'D #SCIArcGallery show. Gallery talk scheduled 7/18, 7pm w/ #Flood &amp; #Moss  http://t.co/e7PudcRNil",en,[],['http://www.domusweb.it/en/news/2014/06/20/heather_flood_punk_d.html'],[],0,1,0,"['sciarcgallery', 'flood', 'moss']",[],https://twitter.com/DomusWeb/status/481405088087695360,False,,0,,,,,,,,[],,,,
481404700215246848,481404700215246848,2014-06-24 07:53:19 EDT,2014-06-24,07:53:19,-0400,303206968,luzanb,Luzan (O+ve),,"Photo: Heavy #rainfall in #Pokhara #nepal #water #monsoon #green #waterporn #flood (at Pokhara, Nepal)  http://t.co/leTWj48FTL",in,[],['http://tmblr.co/ZJi3wt1Jbb0-G'],[],0,0,0,"['rainfall', 'pokhara', 'nepal', 'water', 'monsoon', 'green', 'waterporn', 'flood']",[],https://twitter.com/luzanb/status/481404700215246848,False,,0,,,,,,,,[],,,,
481404692954501120,481404692954501120,2014-06-24 07:53:17 EDT,2014-06-24,07:53:17,-0400,303206968,luzanb,Luzan (O+ve),,"Heavy #rainfall in #Pokhara #nepal #water #monsoon #green #waterporn #flood @ Pokhara, Nepal  http://t.co/ukgTNJVey2",in,[],['http://instagram.com/p/poDX2IxQhu/'],[],0,0,0,"['rainfall', 'pokhara', 'nepal', 'water', 'monsoon', 'green', 'waterporn', 'flood']",[],https://twitter.com/luzanb/status/481404692954501120,False,,0,,,,,,,,[],,,,
481404091646873600,481404091646873600,2014-06-24 07:50:54 EDT,2014-06-24,07:50:54,-0400,81747730,f4hwn,F4HWN Λrmel,,@SPoint Tu tentes une nouvelle technique de #flood sur Twitter ? :p  http://t.co/2wGim7FE6u,fr,[],[],['https://pbs.twimg.com/media/Bq5KeHMIYAEtkhH.png'],1,0,0,['flood'],[],https://twitter.com/f4hwn/status/481404091646873600,False,,1,https://pbs.twimg.com/media/Bq5KeHMIYAEtkhH.png,,,,,,,[],,,,
481400183046303745,481400183046303745,2014-06-24 07:35:22 EDT,2014-06-24,07:35:22,-0400,65640487,thenbs,NBS,,Read all about #flood mitigation solutions in buildings (part two)    http://t.co/Ekhobn09vt,en,[],['http://ow.ly/ydtxa'],[],0,0,0,['flood'],[],https://twitter.com/theNBS/status/481400183046303745,False,,0,,,,,,,,[],,,,
481398542557147136,481398542557147136,2014-06-24 07:28:51 EDT,2014-06-24,07:28:51,-0400,1036663620,indiaonlineiol,India Online Network,,"#Rains, artificial #flood creates havoc in #Guwahati.  http://t.co/ALgrWt917k",ca,[],['http://goo.gl/LTNGMF'],[],1,2,0,"['rains', 'flood', 'guwahati']",[],https://twitter.com/indiaonlineiol/status/481398542557147136,False,,0,,,,,,,,[],,,,
481395121821609984,481395121821609984,2014-06-24 07:15:15 EDT,2014-06-24,07:15:15,-0400,2363376368,luxuriousdenver,Million Dollar Denver,,Are you prepared for an #Emergency? #Evacuation #Flood #Tornado #Hurricane 3  http://t.co/sOPjPhoMzz,en,[],['http://ow.ly/ylK2D'],[],0,0,0,"['emergency', 'evacuation', 'flood', 'tornado', 'hurricane']",[],https://twitter.com/LuxuriousDenver/status/481395121821609984,False,,0,,,,,,,,[],,,,
481394735798431744,481394735798431744,2014-06-24 07:13:43 EDT,2014-06-24,07:13:43,-0400,2320625035,nomusafocik,Cwenburg Bolver,,FDOUG &amp;amp; THUNDER: FLOOD WARNING IS STILL IN EFFECT FOR LA CROSSE  http://t.co/A84deFXlY2 #Flood #Wisconsin #MississippiRiver,en,[],['http://fdoug.blogspot.com/2014/06/flood-warning-is-still-in-effect-for-la.html?spref=tw'],[],0,0,0,"['flood', 'wisconsin', 'mississippiriver']",[],https://twitter.com/nomusafocik/status/481394735798431744,False,,0,,,,,,,,[],,,,
481394702231404544,481394702231404544,2014-06-24 07:13:35 EDT,2014-06-24,07:13:35,-0400,206953187,fdterp,Doug Terpstra,,FDOUG &amp; THUNDER: FLOOD WARNING IS STILL IN EFFECT FOR LA CROSSE  http://t.co/cFxpJU2nGT #Flood #Wisconsin #MississippiRiver,en,[],['http://fdoug.blogspot.com/2014/06/flood-warning-is-still-in-effect-for-la.html?spref=tw'],[],0,0,0,"['flood', 'wisconsin', 'mississippiriver']",[],https://twitter.com/FDTerp/status/481394702231404544,False,,0,,,,,,,,[],,,,
481392678165544960,481392678165544960,2014-06-24 07:05:32 EDT,2014-06-24,07:05:32,-0400,123153997,kevandlaura,Kevin & Laura Ray,,Are you prepared for an #Emergency? #Evacuation #Flood #Tornado #Hurricane 2  http://t.co/cIIMe60pmd,en,[],['http://ow.ly/ylOhW'],[],0,0,0,"['emergency', 'evacuation', 'flood', 'tornado', 'hurricane']",[],https://twitter.com/KevAndLaura/status/481392678165544960,False,,0,,,,,,,,[],,,,
481390474776039424,481390474776039424,2014-06-24 06:56:47 EDT,2014-06-24,06:56:47,-0400,2579464259,violent_viiolet,Violet ACM Crawley,,Werido #scary #rain #wind #flood #aghhhh #cats #cat #kitty #milo  ☔️☔️☔️☔️☔️☔️☔️☔️☔️☔️☔️☔️☔️☔️☔️  http://t.co/EOA34DNLs2,en,[],['http://instagram.com/p/pn86GDwnMv/'],[],0,0,0,"['scary', 'rain', 'wind', 'flood', 'aghhhh', 'cats', 'cat', 'kitty', 'milo']",[],https://twitter.com/Violent_Viiolet/status/481390474776039424,False,,0,,,,,,,,[],,,,
481389980246220800,481389980246220800,2014-06-24 06:54:49 EDT,2014-06-24,06:54:49,-0400,2579464259,violent_viiolet,Violet ACM Crawley,,Rainnnn #rain #wind #storm #flood #scary ☔️☔️☔️☔️☔️☔️☔️☔️☔️☔️☔️☔️☔️☔️☔️☔️☔️☔️☔️☔️☔️☔️☔️☔️☔️  http://t.co/hae8seZoU4,en,[],['http://instagram.com/p/pn8rrGQnMg/'],[],0,0,0,"['rain', 'wind', 'storm', 'flood', 'scary']",[],https://twitter.com/Violent_Viiolet/status/481389980246220800,False,,0,,,,,,,,[],,,,
481389135731511297,481389135731511297,2014-06-24 06:51:28 EDT,2014-06-24,06:51:28,-0400,50157141,servicecentralz,Service Central,,#Melbourne after todays #flooding this guide to cleaning up after a #flood will hopefully be useful. Please be...  http://t.co/Mi47u8reCl,en,[],['http://fb.me/29n99eZQo'],[],0,0,0,"['melbourne', 'flooding', 'flood']",[],https://twitter.com/servicecentralz/status/481389135731511297,False,,0,,,,,,,,[],,,,
481385594078375936,481385594078375936,2014-06-24 06:37:24 EDT,2014-06-24,06:37:24,-0400,296248882,labginfo,Langport Area Biz Gp,,Bumped into @DJWarburton holding a #Flood Surgery @riverparrettc Langport  http://t.co/BQE2sWowsC ... Any questions pop in to see him today,en,"[{'screen_name': 'djwarburton', 'name': 'david warburton mp', 'id': '164208335'}, {'screen_name': 'riverparrettc', 'name': 'riverparrettcafe', 'id': '1348775192'}]",['http://bit.ly/1p9VnhT'],[],0,2,4,['flood'],[],https://twitter.com/LABGInfo/status/481385594078375936,False,,0,,,,,,,,[],,,,
481383871318331392,481383871318331392,2014-06-24 06:30:33 EDT,2014-06-24,06:30:33,-0400,20998320,gerdiend,gerdien d,,VIDEO: De Kracht van #Enthousiasme bij @BoonEdam  http://t.co/fSURfzjChB  #flame #flow en #flood @caramelbusiness @pixtoryNL @rijn,nl,"[{'screen_name': 'boonedam', 'name': 'boon edam', 'id': '71201501'}, {'screen_name': 'caramelbusiness', 'name': 'caramelbusiness', 'id': '1035047270'}, {'screen_name': 'rijn', 'name': 'rijn vogelaar', 'id': '15514355'}]",['http://ow.ly/yfPSW'],[],2,0,0,"['enthousiasme', 'flame', 'flow', 'flood']",[],https://twitter.com/gerdiend/status/481383871318331392,False,,0,,,,,,,,[],,,,
481383868487176192,481383868487176192,2014-06-24 06:30:32 EDT,2014-06-24,06:30:32,-0400,1035047270,caramelbusiness,caramelbusiness,,VIDEO: De Kracht van #Enthousiasme bij @BoonEdam  http://t.co/MmC2eehjFe  #flame #flow en #flood @caramelbusiness @pixtoryNL @rijn,nl,"[{'screen_name': 'boonedam', 'name': 'boon edam', 'id': '71201501'}, {'screen_name': 'caramelbusiness', 'name': 'caramelbusiness', 'id': '1035047270'}, {'screen_name': 'rijn', 'name': 'rijn vogelaar', 'id': '15514355'}]",['http://ow.ly/yfPSW'],[],0,0,0,"['enthousiasme', 'flame', 'flow', 'flood']",[],https://twitter.com/caramelbusiness/status/481383868487176192,False,,0,,,,,,,,[],,,,
481383866813255680,481383866813255680,2014-06-24 06:30:32 EDT,2014-06-24,06:30:32,-0400,19424413,jaspervbochove,Jasper van Bochove,,VIDEO: De Kracht van #Enthousiasme bij @BoonEdam  http://t.co/4Rv87OUyxL  #flame #flow en #flood @caramelbusiness @pixtoryNL @rijn,nl,"[{'screen_name': 'boonedam', 'name': 'boon edam', 'id': '71201501'}, {'screen_name': 'caramelbusiness', 'name': 'caramelbusiness', 'id': '1035047270'}, {'screen_name': 'rijn', 'name': 'rijn vogelaar', 'id': '15514355'}]",['http://ow.ly/yfPSW'],[],1,0,1,"['enthousiasme', 'flame', 'flow', 'flood']",[],https://twitter.com/jaspervbochove/status/481383866813255680,False,,0,,,,,,,,[],,,,
481382372089540608,481382372089540608,2014-06-24 06:24:35 EDT,2014-06-24,06:24:35,-0400,2538301753,eaglev1p,Ксения Ряжская,,#Belarus #Palessie #flood #hrydzin #2013,und,[],[],[],0,0,0,"['belarus', 'palessie', 'flood', 'hrydzin']",[],https://twitter.com/EagleV1p/status/481382372089540608,False,,0,,,,,,,,[],,,,
481379698392707073,481379698392707073,2014-06-24 06:13:58 EDT,2014-06-24,06:13:58,-0400,237731124,weetfevents,WEETF Events,,"Minette Batters, Deputy President @NFUtweets has agreed to speak at the #flood management seminar:  http://t.co/sSIVAYZclE #climatechange",en,"[{'screen_name': 'nfutweets', 'name': ""national farmers' union"", 'id': '61736345'}]",['http://www.westminsterforumprojects.co.uk/forums/event.php?eid=875'],[],0,0,0,"['flood', 'climatechange']",[],https://twitter.com/WEETFEvents/status/481379698392707073,False,,0,,,,,,,,[],,,,
481379698308833281,481379698308833281,2014-06-24 06:13:58 EDT,2014-06-24,06:13:58,-0400,234334860,wfpevents,WFPEvents,,"Minette Batters, Deputy President @NFUtweets has agreed to speak at the #flood management seminar:  http://t.co/qSnHqVCJsd #climatechange",en,"[{'screen_name': 'nfutweets', 'name': ""national farmers' union"", 'id': '61736345'}]",['http://www.westminsterforumprojects.co.uk/forums/event.php?eid=875'],[],0,0,0,"['flood', 'climatechange']",[],https://twitter.com/wfpevents/status/481379698308833281,False,,0,,,,,,,,[],,,,
481377504985640960,481377504985640960,2014-06-24 06:05:15 EDT,2014-06-24,06:05:15,-0400,2499431209,realestateaxis,Real Estate Axis,,Are you prepared for an #Emergency? #Evacuation #Flood #Tornado #Hurricane 2  http://t.co/iefzFLJyKE,en,[],['http://ow.ly/ylNLO'],[],0,0,0,"['emergency', 'evacuation', 'flood', 'tornado', 'hurricane']",[],https://twitter.com/RealEstateAxis/status/481377504985640960,False,,0,,,,,,,,[],,,,
481375357086760960,481375357086760960,2014-06-24 05:56:43 EDT,2014-06-24,05:56:43,-0400,1414982677,lydiafairman,Lydia Fairman,,"Our top #job today's a Principal #Water Management Engineer/ #Flood Risk Consultant in #Manchester, see the...  http://t.co/Wi7S08LFEz",en,[],['http://fb.me/39PEAt4Lq'],[],0,1,0,"['job', 'water', 'flood', 'manchester']",[],https://twitter.com/lydiafairman/status/481375357086760960,False,,0,,,,,,,,[],,,,
481375345040719872,481375345040719872,2014-06-24 05:56:40 EDT,2014-06-24,05:56:40,-0400,1414982677,lydiafairman,Lydia Fairman,,"Our top #job today's a Principal #Water Management Engineer/ #Flood Risk Consultant in #Manchester, see the advert here...",en,[],[],[],0,0,0,"['job', 'water', 'flood', 'manchester']",[],https://twitter.com/lydiafairman/status/481375345040719872,False,,0,,,,,,,,[],,,,
481373117239930880,481373117239930880,2014-06-24 05:47:49 EDT,2014-06-24,05:47:49,-0400,1536412436,globalfloodnews,GlobalFloodSystem,,#flood #disaster Over 80K affected by floods in Maguindanao - Philippine Star: Over 80K affected by floods in ...  http://t.co/ZbWVinkbE4,en,[],['http://bit.ly/1l67PeB'],[],0,0,0,"['flood', 'disaster']",[],https://twitter.com/GlobalFloodNews/status/481373117239930880,False,,0,,,,,,,,[],,,,
481373115495100417,481373115495100417,2014-06-24 05:47:48 EDT,2014-06-24,05:47:48,-0400,1536412436,globalfloodnews,GlobalFloodSystem,,#flood #disaster Floods displace 200000 people in Paraguay - Press TV: Press TVFloods displace 200000 people i...  http://t.co/bsAgFZAz3g,en,[],['http://bit.ly/1mhXiC3'],[],0,0,0,"['flood', 'disaster']",[],https://twitter.com/GlobalFloodNews/status/481373115495100417,False,,0,,,,,,,,[],,,,
481372385661042688,481372385661042688,2014-06-24 05:44:54 EDT,2014-06-24,05:44:54,-0400,1368369673,planforemergncy,Plan For Emergency,,Pro Ready To Roll Emergency Preparedness Kit.  http://t.co/VKQkIm52Ka  #Earthquake #Fire #Flood #Hurricane #Tornado,en,[],['http://bit.ly/1foiPkI'],[],0,0,0,"['earthquake', 'fire', 'flood', 'hurricane', 'tornado']",[],https://twitter.com/planforemergncy/status/481372385661042688,False,,0,,,,,,,,[],,,,
481371732649836544,481371732649836544,2014-06-24 05:42:19 EDT,2014-06-24,05:42:19,-0400,192547775,presstv,Press TV,,"Floods displace 200,000 in #Paraguay  http://t.co/Ri0PgzXVoX #flood",en,[],['http://goo.gl/kie5oe'],[],0,2,0,"['paraguay', 'flood']",[],https://twitter.com/PressTV/status/481371732649836544,False,,0,,,,,,,,[],,,,
481366572729372672,481366572729372672,2014-06-24 05:21:48 EDT,2014-06-24,05:21:48,-0400,19643403,insurance_post,Insurance_post,,.@BritishInsurers outlines #flood Re SME exclusion stance at @DefraGovUK meeting  http://t.co/4M9x8HmQ2m #insurance,en,"[{'screen_name': 'britishinsurers', 'name': 'abi', 'id': '50318476'}, {'screen_name': 'defragovuk', 'name': 'defra uk', 'id': '50069007'}]",['http://bit.ly/V8pa1x'],[],0,1,0,"['flood', 'insurance']",[],https://twitter.com/Insurance_Post/status/481366572729372672,False,,0,,,,,,,,[],,,,
481362380270473217,481362380270473217,2014-06-24 05:05:09 EDT,2014-06-24,05:05:09,-0400,743762052,info4homeowners,Info 4 HomeOwners,,Are you prepared for an #Emergency? #Evacuation #Flood #Tornado #Hurricane 2  http://t.co/z6B5QUDux4,en,[],['http://ow.ly/ylNiE'],[],0,0,0,"['emergency', 'evacuation', 'flood', 'tornado', 'hurricane']",[],https://twitter.com/Info4HomeOwners/status/481362380270473217,False,,0,,,,,,,,[],,,,
481355696869351424,481355696869351424,2014-06-24 04:38:35 EDT,2014-06-24,04:38:35,-0400,1432344752,carebdesh,CARE Bangladesh,,#SHOUHARDOII &amp; GoB has enhanced #flood #earlywarning generation &amp; dissemination. Please visit  http://t.co/Gk9JQ1zTDQ for Forecasts &amp; Warning,en,[],['http://www.ffwc.gov.bd'],[],0,0,0,"['shouhardoii', 'flood', 'earlywarning']",[],https://twitter.com/CAREBdesh/status/481355696869351424,False,,0,,,,,,,,[],,,,
481349786327875584,481349786327875584,2014-06-24 04:15:06 EDT,2014-06-24,04:15:06,-0400,2584662344,realestate_5280,Denver Housing Market Info,,Are you prepared for an #Emergency? #Evacuation #Flood #Tornado #Hurricane 1  http://t.co/wILQbWkCqw,en,[],['http://ow.ly/ymJaC'],[],0,0,0,"['emergency', 'evacuation', 'flood', 'tornado', 'hurricane']",[],https://twitter.com/RealEstate_5280/status/481349786327875584,False,,0,,,,,,,,[],,,,
481347371000147968,481347371000147968,2014-06-24 04:05:30 EDT,2014-06-24,04:05:30,-0400,1192608498,dredgetherivers,FLAG Somerset,,"@DJWarburton: #Flood Surgery: today 9am-12 at River Parrett Cafe @riverparrettc #Langport Come along for help with flood grants, funds, etc!",en,"[{'screen_name': 'riverparrettc', 'name': 'riverparrettcafe', 'id': '1348775192'}]",[],[],0,3,2,"['flood', 'langport']",[],https://twitter.com/dredgetherivers/status/481347371000147968,False,,0,,,,,,,,[],,,,
481346754185793536,481346754185793536,2014-06-24 04:03:03 EDT,2014-06-24,04:03:03,-0400,92041222,cunningtons,Cunningtons LLP,,Negative factors more important than #property price for house hunters:  http://t.co/a6joPLcAqO #flood #neighbours #transport #crime,en,[],['http://buff.ly/1rnqkQZ'],[],0,0,0,"['property', 'flood', 'neighbours', 'transport', 'crime']",[],https://twitter.com/Cunningtons/status/481346754185793536,False,,0,,,,,,,,[],,,,
481343959206080512,481343959206080512,2014-06-24 03:51:57 EDT,2014-06-24,03:51:57,-0400,24103137,schwartznow,Jeff Schwartz,,NE Colorado. RT @MattMakens247Wx: FLASH #FLOOD #WARNING for Yuma County to 4:30am MDT.  http://t.co/N5FnvBECMY #cowx -  http://t.co/6b1sXq6lCL,en,"[{'screen_name': 'mattmakens247wx', 'name': 'matt makens', 'id': '4049630897'}]","['http://1.usa.gov/mjkDjT', 'http://alerts.weather.gov/cap/wwacapget.php?x=CO12515ABE56A0.FlashFloodWarning.12515ABEC658CO.GLDFFWGLD.04094e5a87082c5c58723e077495c22d']",[],0,0,0,"['flood', 'warning', 'cowx']",[],https://twitter.com/SchwartzNow/status/481343959206080512,False,,0,,,,,,,,[],,,,
481342916133408769,481342916133408769,2014-06-24 03:47:48 EDT,2014-06-24,03:47:48,-0400,18018500,highbg,highbg,,How to #donate for #Bulgaria #flood #victims  http://t.co/4Ju59osGsI,en,[],['http://en.redcross.bg/floods_bulgaria2014/view.html?nid=19934'],[],0,0,0,"['donate', 'bulgaria', 'flood', 'victims']",[],https://twitter.com/highbg/status/481342916133408769,False,,0,,,,,,,,[],,,,
481338729823354880,481338729823354880,2014-06-24 03:31:10 EDT,2014-06-24,03:31:10,-0400,1926646572,republikaeng,RepublikaEng,,Appeal for organizing humanitarian #aid for #flood affected areas in #Bulgaria | Republika Online  http://t.co/yaXDIwMqyk,en,[],['http://english.republika.mk/?p=122916'],[],0,0,0,"['aid', 'flood', 'bulgaria']",[],https://twitter.com/RepublikaEng/status/481338729823354880,False,,0,,,,,,,,[],,,,
481334068961759233,481334068961759233,2014-06-24 03:12:39 EDT,2014-06-24,03:12:39,-0400,1529734374,heraldsunphoto,Heraldsunphoto,,Melb Yarra river flows over. pic Ellen Smith. see more at  http://t.co/M2LD9Qpyy4 #weather #winterblast #flood  http://t.co/jKgDbIVT5V,en,[],['http://bit.ly/1nZawTT'],['https://pbs.twimg.com/media/Bq4KyMGCYAAh3YY.jpg'],1,4,1,"['weather', 'winterblast', 'flood']",[],https://twitter.com/heraldsunphoto/status/481334068961759233,False,,1,https://pbs.twimg.com/media/Bq4KyMGCYAAh3YY.jpg,,,,,,,[],,,,
481332182707736577,481332182707736577,2014-06-24 03:05:09 EDT,2014-06-24,03:05:09,-0400,199357399,homeownersfyi,HomeOwnership Tips,,Are you prepared for an #Emergency? #Evacuation #Flood #Tornado #Hurricane 2  http://t.co/kpTVVlu9AB,en,[],['http://ow.ly/ylLj0'],[],0,0,0,"['emergency', 'evacuation', 'flood', 'tornado', 'hurricane']",[],https://twitter.com/HomeOwnersFYI/status/481332182707736577,False,,0,,,,,,,,[],,,,
481323223318290432,481323223318290432,2014-06-24 02:29:33 EDT,2014-06-24,02:29:33,-0400,48275223,dominicvavala,DOM VAV,,Anyone care for a swim at Altona beach ...or on the road? #flooded #flood #melbourne #melbourneweather…  http://t.co/BCe0IF6DwH,en,[],['http://instagram.com/p/pneU0eynKx/'],[],0,0,0,"['flooded', 'flood', 'melbourne', 'melbourneweather']",[],https://twitter.com/dominicvavala/status/481323223318290432,False,,0,,,,,,,,[],,,,
481321424091480064,481321424091480064,2014-06-24 02:22:24 EDT,2014-06-24,02:22:24,-0400,22996034,cammysan,Cameron Thomas,"{'type': 'Point', 'coordinates': [-37.81880651, 144.96795623]}",Damn the water receded #yarrariver #melbourne #flood #melbourneweather,en,[],[],[],0,0,0,"['yarrariver', 'melbourne', 'flood', 'melbourneweather']",[],https://twitter.com/cammysan/status/481321424091480064,False,,0,,,,,,,,[],,,,
481319620247576576,481319620247576576,2014-06-24 02:15:14 EDT,2014-06-24,02:15:14,-0400,2557742851,rereferral,Real Estate Referral,,Are you prepared for an #Emergency? #Evacuation #Flood #Tornado #Hurricane 1  http://t.co/1r4G3r3Sde,en,[],['http://ow.ly/ylOGM'],[],0,0,0,"['emergency', 'evacuation', 'flood', 'tornado', 'hurricane']",[],https://twitter.com/REReferral/status/481319620247576576,False,,0,,,,,,,,[],,,,
481317072061079552,481317072061079552,2014-06-24 02:05:07 EDT,2014-06-24,02:05:07,-0400,546217977,southshore_5280,Southshore Aurora,,Are you prepared for an #Emergency? #Evacuation #Flood #Tornado #Hurricane 2  http://t.co/6tvlggLZt7,en,[],['http://ow.ly/ylKEY'],[],0,0,0,"['emergency', 'evacuation', 'flood', 'tornado', 'hurricane']",[],https://twitter.com/Southshore_5280/status/481317072061079552,False,,0,,,,,,,,[],,,,
481315579370819585,481315579370819585,2014-06-24 01:59:11 EDT,2014-06-24,01:59:11,-0400,1403574307,giterdonenews,Giter Done News,,Father Defends 'Tough Training' for Crying 4 Yr Old Son -  A video of a four year old Chinese...  http://t.co/fbANvtpopZ  #Child #Flood #Snow,en,[],['http://j.mp/QoXlzA'],[],0,0,0,"['child', 'flood', 'snow']",[],https://twitter.com/GiterDoneNews/status/481315579370819585,False,,0,,,,,,,,[],,,,
481314695026995200,481314695026995200,2014-06-24 01:55:40 EDT,2014-06-24,01:55:40,-0400,1536412436,globalfloodnews,GlobalFloodSystem,,#flood #disaster Yarra floods Southbank as high winds push the river back upstream - The Guardian: The Guardia...  http://t.co/r4T5tVPZ1G,en,[],['http://bit.ly/1iAJTW4'],[],0,0,1,"['flood', 'disaster']",[],https://twitter.com/GlobalFloodNews/status/481314695026995200,False,,0,,,,,,,,[],,,,
481314694414622720,481314694414622720,2014-06-24 01:55:40 EDT,2014-06-24,01:55:40,-0400,1536412436,globalfloodnews,GlobalFloodSystem,,#flood #disaster Thank taxpayers for itty-bitty floods - Quad City Times: Thank taxpayers for itty-bitty flood...  http://t.co/irIHMul5FC,en,[],['http://bit.ly/1iAJSBz'],[],0,0,0,"['flood', 'disaster']",[],https://twitter.com/GlobalFloodNews/status/481314694414622720,False,,0,,,,,,,,[],,,,
481312946291630080,481312946291630080,2014-06-24 01:48:43 EDT,2014-06-24,01:48:43,-0400,417627203,rapidcan,Rapidcan Inc.,,"Hire experts at Rapidcan &amp; keep all #flood damages at bay with our top notch #cleanup services. Anytime, anywhere, we are just a call away!",en,[],[],[],0,0,0,"['flood', 'cleanup']",[],https://twitter.com/rapidcan/status/481312946291630080,False,,0,,,,,,,,[],,,,
481310720328732672,481310720328732672,2014-06-24 01:39:52 EDT,2014-06-24,01:39:52,-0400,1536412436,globalfloodnews,GlobalFloodSystem,,#Global #Flood #News is out!  http://t.co/Md3w8tfcw1 Stories via @greenwoodnow @SNOWGOUSA,en,"[{'screen_name': 'greenwoodnow', 'name': 'dave greenwood', 'id': '213515998'}, {'screen_name': 'snowgousa', 'name': 'snowgo', 'id': '1232277894'}]",['http://paper.li/GlobalFloodNews/1373268934'],[],0,0,0,"['global', 'flood', 'news']",[],https://twitter.com/GlobalFloodNews/status/481310720328732672,False,,0,,,,,,,,[],,,,
481306994306187265,481306994306187265,2014-06-24 01:25:04 EDT,2014-06-24,01:25:04,-0400,2363376368,luxuriousdenver,Million Dollar Denver,,Are you prepared for an #Emergency? #Evacuation #Flood #Tornado #Hurricane 2  http://t.co/YRsZkll3Sx,en,[],['http://ow.ly/ylJVS'],[],0,0,0,"['emergency', 'evacuation', 'flood', 'tornado', 'hurricane']",[],https://twitter.com/LuxuriousDenver/status/481306994306187265,False,,0,,,,,,,,[],,,,
481305558767919106,481305558767919106,2014-06-24 01:19:22 EDT,2014-06-24,01:19:22,-0400,18967805,ccarthy,Courtney Carthy,,ponyfishisland from another angle. Courtesy of Parks Victoria #melbourne #flood  http://t.co/Vh6R0OFj5Q,en,[],['http://instagram.com/p/pnWStrn1Lc/'],[],0,0,1,"['melbourne', 'flood']",[],https://twitter.com/ccarthy/status/481305558767919106,False,,0,,,,,,,,[],,,,
481304491321729024,481304491321729024,2014-06-24 01:15:07 EDT,2014-06-24,01:15:07,-0400,123153997,kevandlaura,Kevin & Laura Ray,,Are you prepared for an #Emergency? #Evacuation #Flood #Tornado #Hurricane 1  http://t.co/AR2tlv7fwo,en,[],['http://ow.ly/ylOd1'],[],0,0,0,"['emergency', 'evacuation', 'flood', 'tornado', 'hurricane']",[],https://twitter.com/KevAndLaura/status/481304491321729024,False,,0,,,,,,,,[],,,,
481303822405357569,481303822405357569,2014-06-24 01:12:28 EDT,2014-06-24,01:12:28,-0400,1368369673,planforemergncy,Plan For Emergency,,"8 Liter #Emergency #Water Bag for $1.60. - #Disaster, #Fire, #Flood, #Tsunami, #Earthquake &amp; #Survivor   http://t.co/fuA45xrCiM",da,[],['http://bit.ly/PNiGm9'],[],0,0,0,"['emergency', 'water', 'disaster', 'fire', 'flood', 'tsunami', 'earthquake', 'survivor']",[],https://twitter.com/planforemergncy/status/481303822405357569,False,,0,,,,,,,,[],,,,
481294177397776384,481294177397776384,2014-06-24 00:34:08 EDT,2014-06-24,00:34:08,-0400,628818653,clairetillotson,Claire Tillotson,,Serving people in a way that they could never repay you may be the most satisfying feeling ever. #groupworkcamps #co #flood,en,[],[],[],0,0,0,"['groupworkcamps', 'co', 'flood']",[],https://twitter.com/ClaireTillotson/status/481294177397776384,False,,0,,,,,,,,[],,,,
481289426580942849,481289426580942849,2014-06-24 00:15:15 EDT,2014-06-24,00:15:15,-0400,2499431209,realestateaxis,Real Estate Axis,,Are you prepared for an #Emergency? #Evacuation #Flood #Tornado #Hurricane 1  http://t.co/4AYkLPyVAH,en,[],['http://ow.ly/ylNHa'],[],0,0,0,"['emergency', 'evacuation', 'flood', 'tornado', 'hurricane']",[],https://twitter.com/RealEstateAxis/status/481289426580942849,False,,0,,,,,,,,[],,,,
481288888594337793,481288888594337793,2014-06-24 00:13:07 EDT,2014-06-24,00:13:07,-0400,1368369673,planforemergncy,Plan For Emergency,,#Emergency Kit Tip: Include Shampoo w/Body Bath for personal hygine. #Earthquake  #Tornado #Hurricane #Fire #Flood  http://t.co/TVrLPJmLoA,en,[],['http://bit.ly/1kkBjXu'],[],0,0,0,"['emergency', 'earthquake', 'tornado', 'hurricane', 'fire', 'flood']",[],https://twitter.com/planforemergncy/status/481288888594337793,False,,0,,,,,,,,[],,,,
481284958070140928,481284958070140928,2014-06-23 23:57:30 EDT,2014-06-23,23:57:30,-0400,64964286,morganagram,Morgane Byloos,,Overflowing #Mississippi River in #Winona and other stuff. #river #flood #weather #rain  http://t.co/K0p8TSOodP,en,[],['http://wp.me/p3pljO-Nc'],[],0,0,0,"['mississippi', 'winona', 'river', 'flood', 'weather', 'rain']",[],https://twitter.com/morganagram/status/481284958070140928,False,,0,,,,,,,,[],,,,
481283487589085187,481283487589085187,2014-06-23 23:51:39 EDT,2014-06-23,23:51:39,-0400,602065304,nwstwincities,NWS Twin Cities,,"Close to crest!  RT @johnwetter: Crow River at Delano, 9:30pm. @NWSTwinCities #mnwx #flood  http://t.co/K3GsEy2b9T",en,"[{'screen_name': 'johnwetter', 'name': 'john wetter', 'id': '24815411'}, {'screen_name': 'nwstwincities', 'name': 'nws twin cities', 'id': '602065304'}]",[],['https://pbs.twimg.com/media/Bq3MV2bCAAE4s82.jpg'],0,1,0,"['mnwx', 'flood']",[],https://twitter.com/NWSTwinCities/status/481283487589085187,False,,1,https://pbs.twimg.com/media/Bq3MV2bCAAE4s82.jpg,,,,,,,[],,,,
481277641962434560,481277641962434560,2014-06-23 23:28:26 EDT,2014-06-23,23:28:26,-0400,59266686,cganders,Krees!,,"Looks like the Aussies in Melbourne need a ""G'DRAIN, MATE"" #toosoon #melbourne #flood",en,[],[],[],0,0,0,"['toosoon', 'melbourne', 'flood']",[],https://twitter.com/cganders/status/481277641962434560,False,,0,,,,,,,,[],,,,
481275978145366016,481275978145366016,2014-06-23 23:21:49 EDT,2014-06-23,23:21:49,-0400,258006338,heretolove3,Onlyhopeyouhave,,Evidence Of Noah’s Ark  http://t.co/hWsVyn7o7b #Flood #Genesis #Science #fossils,en,[],['http://ow.ly/tbC86'],[],0,0,0,"['flood', 'genesis', 'science', 'fossils']",[],https://twitter.com/heretolove3/status/481275978145366016,False,,0,,,,,,,,[],,,,
481274304534171648,481274304534171648,2014-06-23 23:15:10 EDT,2014-06-23,23:15:10,-0400,743762052,info4homeowners,Info 4 HomeOwners,,Are you prepared for an #Emergency? #Evacuation #Flood #Tornado #Hurricane 1  http://t.co/ugLvDkBsZu,en,[],['http://ow.ly/ylNdL'],[],0,0,0,"['emergency', 'evacuation', 'flood', 'tornado', 'hurricane']",[],https://twitter.com/Info4HomeOwners/status/481274304534171648,False,,0,,,,,,,,[],,,,
481270589420609536,481270589420609536,2014-06-23 23:00:24 EDT,2014-06-23,23:00:24,-0400,2583182030,wharsock,willow harsock,,Ahhh it's storming!!! Just ahhh I hate storms 😭 #storms #raining #scared #flood #flooding #roads,en,[],[],[],0,0,2,"['storms', 'raining', 'scared', 'flood', 'flooding', 'roads']",[],https://twitter.com/WHarsock/status/481270589420609536,False,,0,,,,,,,,[],,,,
481265411233562624,481265411233562624,2014-06-23 22:39:50 EDT,2014-06-23,22:39:50,-0400,24815411,johnwetter,John Wetter,"{'type': 'Point', 'coordinates': [45.041075, -93.788907]}","Crow River at Delano, 9:30pm. @NWSTwinCities #mnwx #flood  http://t.co/dDzMQY8RcJ",en,"[{'screen_name': 'nwstwincities', 'name': 'nws twin cities', 'id': '602065304'}]",[],['https://pbs.twimg.com/media/Bq3MV2bCAAE4s82.jpg'],0,5,2,"['mnwx', 'flood']",[],https://twitter.com/johnwetter/status/481265411233562624,False,,1,https://pbs.twimg.com/media/Bq3MV2bCAAE4s82.jpg,,,,,,,[],,,,
481264880134012928,481264880134012928,2014-06-23 22:37:43 EDT,2014-06-23,22:37:43,-0400,1556798142,campcedarlodge,Cedar Lodge,,I hope everyone brought their goggles this week. #somuchwater #flood #fakelake,en,[],[],[],0,0,1,"['somuchwater', 'flood', 'fakelake']",[],https://twitter.com/CampCedarLodge/status/481264880134012928,False,,0,,,,,,,,[],,,,
481262018922426368,481262018922426368,2014-06-23 22:26:21 EDT,2014-06-23,22:26:21,-0400,2551755560,daeciavanwert,BAECIA🌻,,Thrown outside in the rain. Jk. I wanted to play #ilovestorms #flood?  http://t.co/mrTZ2QRUZe,en,[],[],['https://pbs.twimg.com/media/Bq3JQTFCcAA4ZPj.jpg'],0,0,0,"['ilovestorms', 'flood']",[],https://twitter.com/daeciavanwert/status/481262018922426368,False,,1,https://pbs.twimg.com/media/Bq3JQTFCcAA4ZPj.jpg,,,,,,,[],,,,
481261698700283904,481261698700283904,2014-06-23 22:25:05 EDT,2014-06-23,22:25:05,-0400,2584662344,realestate_5280,Denver Housing Market Info,,Are you prepared for an #Emergency? #Evacuation #Flood #Tornado #Hurricane  http://t.co/3inKlmo4aM,en,[],['http://ow.ly/ymJ7T'],[],0,0,0,"['emergency', 'evacuation', 'flood', 'tornado', 'hurricane']",[],https://twitter.com/RealEstate_5280/status/481261698700283904,False,,0,,,,,,,,[],,,,
481257332358545408,481257332358545408,2014-06-23 22:07:44 EDT,2014-06-23,22:07:44,-0400,1074372474,christarphotog,Christa Reed Photography,,The place where i shot my last session...underwater.  Mn River at Belle Plaine. #flood #weather…  http://t.co/1ukcq4Slw1,en,[],['http://instagram.com/p/pnAXB7qA3C/'],[],0,0,0,"['flood', 'weather']",[],https://twitter.com/ChristaRPhotog/status/481257332358545408,False,,0,,,,,,,,[],,,,
481255323181666304,481255323181666304,2014-06-23 21:59:45 EDT,2014-06-23,21:59:45,-0400,185015643,fibrook,Fiona Brook,,Melbourne you are crazy! “@ccarthy: It's a Venice party at Pony Fish Island! #flood #melbourne  http://t.co/9iuzxG7XQ6”,en,"[{'screen_name': 'ccarthy', 'name': 'courtney carthy', 'id': '18967805'}]",['http://instagram.com/p/pm-UagH1Ma/'],[],0,0,0,"['flood', 'melbourne']",[],https://twitter.com/FiBrook/status/481255323181666304,False,,0,,,,,,,,[],,,,
481253983177441280,480771079904829440,2014-06-23 21:54:25 EDT,2014-06-23,21:54:25,-0400,702291044,pigiron55,PresidentElectAssaultRacist,,@sherman91 @feelmusicluv HumanCost of #Progressive #Agenda to #Flood #America w/#Illegials IS MANY Dead/Enslaved Never make it #GotEmpathy?,en,"[{'screen_name': 'feelmusicluv', 'name': '𝐒𝐚𝐦𝐚𝐧𝐭𝐡𝐚', 'id': '2216151008'}]",[],[],0,0,0,"['progressive', 'agenda', 'flood', 'america', 'illegials', 'gotempathy']",[],https://twitter.com/pigiron55/status/481253983177441280,False,,0,,,,,,,,[],,,,
481252841755901952,481252841755901952,2014-06-23 21:49:53 EDT,2014-06-23,21:49:53,-0400,18967805,ccarthy,Courtney Carthy,,It's a Venice party at Pony Fissh Island! #flood #melbourne  http://t.co/cgdhR8iZl5,en,[],['http://instagram.com/p/pm-UagH1Ma/'],[],0,2,0,"['flood', 'melbourne']",[],https://twitter.com/ccarthy/status/481252841755901952,False,,0,,,,,,,,[],,,,
481248271529017346,481248271529017346,2014-06-23 21:31:43 EDT,2014-06-23,21:31:43,-0400,1536412436,globalfloodnews,GlobalFloodSystem,,"#flood #disaster Floods, Toure tragedy motivate Ivory Coast - Arizona Daily Star: Floods, Toure tragedy motiva...  http://t.co/M40o5DCfzp",en,[],['http://bit.ly/1j9BVOB'],[],0,0,0,"['flood', 'disaster']",[],https://twitter.com/GlobalFloodNews/status/481248271529017346,False,,0,,,,,,,,[],,,,
481247924265828356,481247924265828356,2014-06-23 21:30:20 EDT,2014-06-23,21:30:20,-0400,15672221,georgecaplan1,georgecaplan1,,While I still have issues with #Beats as a paid service. I did find this gem. Love #flood's work.…  http://t.co/xGq79anfVf,en,[],['http://instagram.com/p/pm8FTdI9X2/'],[],0,0,0,"['beats', 'flood']",[],https://twitter.com/georgecaplan1/status/481247924265828356,False,,0,,,,,,,,[],,,,
481245196064002049,481245196064002049,2014-06-23 21:19:30 EDT,2014-06-23,21:19:30,-0400,500380144,sonnesag,SONNESA GOODING,,At the Powers futurity!! #flood #sunshine No stalls flooded!!!  http://t.co/pdYdRh4tnh,en,[],[],"['https://pbs.twimg.com/media/Bq256DyCcAEKw_F.jpg', 'https://pbs.twimg.com/media/Bq259EBCQAEDMBx.jpg']",0,0,1,"['flood', 'sunshine']",[],https://twitter.com/SONNESAG/status/481245196064002049,False,,1,https://pbs.twimg.com/media/Bq256DyCcAEKw_F.jpg,,,,,,,[],,,,
481244119340052483,481244119340052483,2014-06-23 21:15:13 EDT,2014-06-23,21:15:13,-0400,199357399,homeownersfyi,HomeOwnership Tips,,Are you prepared for an #Emergency? #Evacuation #Flood #Tornado #Hurricane 1  http://t.co/FDBSpJx0n3,en,[],['http://ow.ly/ylLbV'],[],0,0,0,"['emergency', 'evacuation', 'flood', 'tornado', 'hurricane']",[],https://twitter.com/HomeOwnersFYI/status/481244119340052483,False,,0,,,,,,,,[],,,,
481242868518895616,481242868518895616,2014-06-23 21:10:15 EDT,2014-06-23,21:10:15,-0400,525171812,piadesk,PIA Desk,,Download @dost_pagasa's online apps to get updates on #rainfall &amp; #flood situation:  http://t.co/UgtzIC1bdr   http://t.co/SDUpVsoq2Y,en,"[{'screen_name': 'dost_pagasa', 'name': 'pagasa-dost', 'id': '202890266'}]",['http://bit.ly/1lyqhkj'],['https://pbs.twimg.com/media/BqS55TgCQAEkVcD.png'],0,0,1,"['rainfall', 'flood']",[],https://twitter.com/PIADesk/status/481242868518895616,False,,1,https://pbs.twimg.com/media/BqS55TgCQAEkVcD.png,,,,,,,[],,,,
481239097290129408,481239097290129408,2014-06-23 20:55:16 EDT,2014-06-23,20:55:16,-0400,1536412436,globalfloodnews,GlobalFloodSystem,,"#flood #disaster Floods, Toure tragedy motivate Ivory Coast -  http://t.co/EJT7Tr1Vpm: TheNewsTribune.comFloods,...  http://t.co/AKUVZrW9Gc",en,[],"['http://TheNewsTribune.com', 'http://bit.ly/1l4YGTE']",[],0,0,0,"['flood', 'disaster']",[],https://twitter.com/GlobalFloodNews/status/481239097290129408,False,,0,,,,,,,,[],,,,
481238511178493952,481238511178493952,2014-06-23 20:52:56 EDT,2014-06-23,20:52:56,-0400,169102561,mershiii,Rick Mershon,"{'type': 'Point', 'coordinates': [44.90701909, -93.56708732]}","Yea, so the water bench is this new invention we came up with. #flood#waterbench @ Excelsior Commons  http://t.co/ff3MCX7200",en,[],['http://instagram.com/p/pm3zXimUIr/'],[],0,0,0,[],[],https://twitter.com/mershIII/status/481238511178493952,False,,0,,,,,,,,[],,,,
481238079986864128,481238079986864128,2014-06-23 20:51:13 EDT,2014-06-23,20:51:13,-0400,2544611220,katriskllc,KatRisk,,KatRisk #flood risk map #Savannah in the area of heavy rain today. #floods #flooding  http://t.co/k9yjJhNhpY,en,[],[],['https://pbs.twimg.com/media/Bq2zexnCcAAnZj3.png'],0,1,0,"['flood', 'savannah', 'floods', 'flooding']",[],https://twitter.com/KatRiskLLC/status/481238079986864128,False,,1,https://pbs.twimg.com/media/Bq2zexnCcAAnZj3.png,,,,,,,[],,,,
481231531332362240,481231531332362240,2014-06-23 20:25:12 EDT,2014-06-23,20:25:12,-0400,2557742851,rereferral,Real Estate Referral,,Are you prepared for an #Emergency? #Evacuation #Flood #Tornado #Hurricane  http://t.co/xy4IPYL8WQ,en,[],['http://ow.ly/ylOC4'],[],0,0,0,"['emergency', 'evacuation', 'flood', 'tornado', 'hurricane']",[],https://twitter.com/REReferral/status/481231531332362240,False,,0,,,,,,,,[],,,,
481229880491659264,481229880491659264,2014-06-23 20:18:38 EDT,2014-06-23,20:18:38,-0400,1368369673,planforemergncy,Plan For Emergency,,"Mayday 400 Calorie ""Mini Meal"" Food Ration - 400 Cal. #Emergency #Survival #Food for #Flood #Fire #Earthquake  http://t.co/0VDYUMXyOT",en,[],['http://bit.ly/1kUWcfV'],[],0,0,0,"['emergency', 'survival', 'food', 'flood', 'fire', 'earthquake']",[],https://twitter.com/planforemergncy/status/481229880491659264,False,,0,,,,,,,,[],,,,
481229637574348800,481229637574348800,2014-06-23 20:17:41 EDT,2014-06-23,20:17:41,-0400,23388563,juliaabbottyoga,Julia Abbott,,Perfect conditions for kayaking!! We have more lake now:-P #kayak #flood #bigwoodslake  http://t.co/vaYrdxw4XB,en,[],['http://instagram.com/p/pmzxFbqaRY/'],[],0,0,0,"['kayak', 'flood', 'bigwoodslake']",[],https://twitter.com/JuliaAbbottYoga/status/481229637574348800,False,,0,,,,,,,,[],,,,
481229010094260224,481229010094260224,2014-06-23 20:15:11 EDT,2014-06-23,20:15:11,-0400,546217977,southshore_5280,Southshore Aurora,,Are you prepared for an #Emergency? #Evacuation #Flood #Tornado #Hurricane 1  http://t.co/eVLU4nWFQM,en,[],['http://ow.ly/ylKy3'],[],0,0,0,"['emergency', 'evacuation', 'flood', 'tornado', 'hurricane']",[],https://twitter.com/Southshore_5280/status/481229010094260224,False,,0,,,,,,,,[],,,,
