id,conversation_id,created_at,date,time,timezone,user_id,username,name,place,tweet,language,mentions,urls,photos,replies_count,retweets_count,likes_count,hashtags,cashtags,link,retweet,quote_url,video,thumbnail,near,geo,source,user_rt_id,user_rt,retweet_id,reply_to,retweet_date,translate,trans_src,trans_dest
362719787631132674,362719787631132674,2013-07-31 19:41:51 EDT,2013-07-31,19:41:51,-0400,959295578,grzelaklyss,ℓyssa,,#sooproblems #flood the underpass poor van :-[  http://t.co/mMppptMstJ,en,[],[],['https://pbs.twimg.com/media/BQijuZ8CQAEBhJo.jpg'],0,0,0,"['sooproblems', 'flood']",[],https://twitter.com/GrzelakLyss/status/362719787631132674,False,,1,https://pbs.twimg.com/media/BQijuZ8CQAEBhJo.jpg,,,,,,,[],,,,
362716717044076544,362716717044076544,2013-07-31 19:29:38 EDT,2013-07-31,19:29:38,-0400,124240323,science_buzz,Science Buzz,,"Flood Stage: 14 ft Latest Observation: 3.91 ft Observation Time: Jul 31, 2013 05:15 PM…  http://t.co/L7ccdqowCz #flood",en,[],['http://goo.gl/fb/NpOLG'],[],0,0,0,['flood'],[],https://twitter.com/science_buzz/status/362716717044076544,False,,0,,,,,,,,[],,,,
362716293108994048,362716293108994048,2013-07-31 19:27:57 EDT,2013-07-31,19:27:57,-0400,130033510,sarahdillingham,Sarah Dillingham,,"Flash #Flood Warning in Alachua Co [FL] --&gt; Gainesville, FL received 3.52"" of rain since 4pm! That's 1""+/hr rainfall rates...still raining!",en,[],[],[],0,0,0,['flood'],[],https://twitter.com/SarahDillingham/status/362716293108994048,False,,0,,,,,,,,[],,,,
362709788951453696,362709788951453696,2013-07-31 19:02:07 EDT,2013-07-31,19:02:07,-0400,255299915,_wellrounded,Lor Q,,😂😂😂 Shit Niggas Use To Do ! #Flood  http://t.co/t7IR8V3QXE,en,[],['http://instagram.com/p/ccrBwMDwuN/'],[],0,0,0,['flood'],[],https://twitter.com/_wellrounded/status/362709788951453696,False,,0,,,,,,,,[],,,,
362709260108443649,362709260108443649,2013-07-31 19:00:01 EDT,2013-07-31,19:00:01,-0400,201253802,phillturnerdiy,Phill Turner,,#flood sorted!!! :-) let the drying commence! #mañana,en,[],[],[],1,0,1,"['flood', 'mañana']",[],https://twitter.com/PhillTurnerDIY/status/362709260108443649,False,,0,,,,,,,,[],,,,
362705799878934528,362705799878934528,2013-07-31 18:46:16 EDT,2013-07-31,18:46:16,-0400,16564282,andreabutera,Andrea Butera,,"*STORM REPORT* Flash #flood reported in Jasper County, SC.  Knowles Island Rd. reportedly impassable, per NWS Chat. #SCwx #severe",en,[],[],[],0,0,0,"['flood', 'scwx', 'severe']",[],https://twitter.com/AndreaButera/status/362705799878934528,False,,0,,,,,,,,[],,,,
362702487809040384,362702487809040384,2013-07-31 18:33:06 EDT,2013-07-31,18:33:06,-0400,489831801,sergeant_weigel,Matthew Weigel,,"Your wrong Luke Bryan, rain is no longer a good thing. #flood",en,[],[],[],1,4,7,['flood'],[],https://twitter.com/Sergeant_Weigel/status/362702487809040384,False,,0,,,,,,,,[],,,,
362702139115573248,362702139115573248,2013-07-31 18:31:43 EDT,2013-07-31,18:31:43,-0400,16493584,terrybledsoe,terrybledsoe,,7 local damage assessment teams &amp; 2 state teams working to assess #flood in Catawba County. On weather watch too! Working to keep you safe!,en,[],[],[],0,0,0,['flood'],[],https://twitter.com/terrybledsoe/status/362702139115573248,False,,0,,,,,,,,[],,,,
362701495478652929,362701495478652929,2013-07-31 18:29:09 EDT,2013-07-31,18:29:09,-0400,251281443,kpasing,Karrie Pavish Anderson,,Hoping for more CDs to be sponsored for #Galena #flood families.  Need only 30 more.  Just 9.5hrs left.   http://t.co/EaNnzB6a3H,en,[],['http://www.pledgemusic.com/projects/karriepavishanderson'],[],0,0,0,"['galena', 'flood']",[],https://twitter.com/KPAsing/status/362701495478652929,False,,0,,,,,,,,[],,,,
362700793251508224,362700793251508224,2013-07-31 18:26:22 EDT,2013-07-31,18:26:22,-0400,459772301,cjohnson2001,Chris Johnson,,Praying for Pastor @bobby_lemley and the service @VODCHURCH youth camp tonight!! #openheaven #flood,en,"[{'screen_name': 'bobby_lemley', 'name': 'bobby lemley', 'id': '18880939'}, {'screen_name': 'vodchurch', 'name': 'valley of decision', 'id': '32810750'}]",[],[],0,1,0,"['openheaven', 'flood']",[],https://twitter.com/CJohnson2001/status/362700793251508224,False,,0,,,,,,,,[],,,,
362700593141260288,362700593141260288,2013-07-31 18:25:34 EDT,2013-07-31,18:25:34,-0400,191564258,belforgroup,BELFOR,,@TFDL provides support &amp; assistance to Calgary #flood victims. How did they do it? Find out here via @UCalgary:  http://t.co/0MEmWjC0pJ #tech,en,"[{'screen_name': 'ucalgary', 'name': 'u calgary', 'id': '16809022'}]",['http://bit.ly/1eaYr6K'],[],0,0,0,"['flood', 'tech']",[],https://twitter.com/BELFORGroup/status/362700593141260288,False,,0,,,,,,,,[],,,,
362700261388587010,362700261388587010,2013-07-31 18:24:15 EDT,2013-07-31,18:24:15,-0400,212373118,3985fan,Sylvester Rodriquez,,Sorry neighbors I won't move the van. Oh well hooray ditch dam. #Flood,en,[],[],[],0,0,0,['flood'],[],https://twitter.com/3985Fan/status/362700261388587010,False,,0,,,,,,,,[],,,,
362699736026865664,362699736026865664,2013-07-31 18:22:10 EDT,2013-07-31,18:22:10,-0400,286358749,kigotthe_juicee,MsBossyKiaa💗,,#flood 😺  http://t.co/YpILtekbFs,und,[],[],['https://pbs.twimg.com/media/BQiRfP5CYAIZnec.jpg'],0,0,0,['flood'],[],https://twitter.com/KiGotThe_Juicee/status/362699736026865664,False,,1,https://pbs.twimg.com/media/BQiRfP5CYAIZnec.jpg,,,,,,,[],,,,
362695875492974593,362695875492974593,2013-07-31 18:06:49 EDT,2013-07-31,18:06:49,-0400,1069836031,constructcodes,Construction Codes,,Flood mitigation measures are not only for Canada. Reduce flood risk or watch development wash away   http://t.co/cQPmGvcmyX #yeg #yyc #flood,en,[],['http://www.preventionweb.net/english/professional/news/v.php?id=33782'],[],0,0,0,"['yeg', 'yyc', 'flood']",[],https://twitter.com/ConstructCodes/status/362695875492974593,False,,0,,,,,,,,[],,,,
362695518410911744,362695518410911744,2013-07-31 18:05:24 EDT,2013-07-31,18:05:24,-0400,1231040629,groth1511,Gustavo Schramm Roth,"{'type': 'Point', 'coordinates': [-30.04846061, -51.21761799]}",The #flood #ContracapaZH #PhotoEssay   #BehindTheScenes #BastidoresZH  in the #newsroom at…  http://t.co/UWtjS9ageh,en,[],['http://instagram.com/p/cckpNesAIw/'],[],0,0,0,"['flood', 'contracapazh', 'photoessay', 'behindthescenes', 'bastidoreszh', 'newsroom']",[],https://twitter.com/groth1511/status/362695518410911744,False,,0,,,,,,,,[],,,,
362693790185701376,362693790185701376,2013-07-31 17:58:32 EDT,2013-07-31,17:58:32,-0400,1511159688,nedsltd,North East Drainage,,If your property has flooded or you know of any please contact us we can help! #floodaware #flood #rain #northeast,en,[],[],[],0,1,1,"['floodaware', 'flood', 'rain', 'northeast']",[],https://twitter.com/NEDSLTD/status/362693790185701376,False,,0,,,,,,,,[],,,,
362693775950225409,362693775950225409,2013-07-31 17:58:29 EDT,2013-07-31,17:58:29,-0400,27668072,chicanomcgyver,Carlos Madrid,,Video: Washout!! #USFS #ARNF #RistCanyon #water #forestfire #flood #rocks #damage #house #falling  http://t.co/nOJ9OvnamJ,en,[],['http://tmblr.co/ZdLAWwr5lo3D'],[],0,0,0,"['usfs', 'arnf', 'ristcanyon', 'water', 'forestfire', 'flood', 'rocks', 'damage', 'house', 'falling']",[],https://twitter.com/ChicanoMcGyver/status/362693775950225409,False,,0,,,,,,,,[],,,,
362693773467197441,362693773467197441,2013-07-31 17:58:28 EDT,2013-07-31,17:58:28,-0400,27668072,chicanomcgyver,Carlos Madrid,,Washout!! #USFS #ARNF #RistCanyon #water #forestfire #flood #rocks #damage #house #falling  http://t.co/KJXhwHIjfy,en,[],['http://instagram.com/p/cciXiFGtM3/'],[],0,0,0,"['usfs', 'arnf', 'ristcanyon', 'water', 'forestfire', 'flood', 'rocks', 'damage', 'house', 'falling']",[],https://twitter.com/ChicanoMcGyver/status/362693773467197441,False,,0,,,,,,,,[],,,,
362693698720501761,362693698720501761,2013-07-31 17:58:10 EDT,2013-07-31,17:58:10,-0400,81860959,brain_frese,Freeze,,Halo Memories.... #halo #flood #fuckthat #RUN!!!!!!  https://t.co/4zBvM9AqWF,en,[],['https://vine.co/v/hqnIH9HzJen'],[],0,0,0,"['halo', 'flood', 'fuckthat', 'run']",[],https://twitter.com/Brain_Frese/status/362693698720501761,False,,0,,,,,,,,[],,,,
362692865597505537,362692865597505537,2013-07-31 17:54:52 EDT,2013-07-31,17:54:52,-0400,95468980,paulhbeckwith,Paul Beckwith,,Videos of a #tornado? Images of a #flood. Massive #hurricane. Great information on #climatechange and #weather here.  https://t.co/zJx5WC5ZVu,en,[],['https://www.facebook.com/groups/WeirdWeather/'],[],0,0,0,"['tornado', 'flood', 'hurricane', 'climatechange', 'weather']",[],https://twitter.com/PaulHBeckwith/status/362692865597505537,False,,0,,,,,,,,[],,,,
362690866311217152,362690866311217152,2013-07-31 17:46:55 EDT,2013-07-31,17:46:55,-0400,59113144,marshy1313,Nicholas Marsh,,Well then..... #gonnadie #flood #carolina  http://t.co/rDaVYROlP4,en,[],['http://instagram.com/p/cciirnNsoo/'],[],0,0,0,"['gonnadie', 'flood', 'carolina']",[],https://twitter.com/marshy1313/status/362690866311217152,False,,0,,,,,,,,[],,,,
362690721221836800,362690721221836800,2013-07-31 17:46:21 EDT,2013-07-31,17:46:21,-0400,316508410,wuftnews,WUFT News,,This was 13th and University in Gainesville around 5:15 (via @GACSmarttraffic). #flood #rain #florida #weather  http://t.co/oNYe5A9k2V,en,"[{'screen_name': 'gacsmarttraffic', 'name': 'gainesville transportation management center', 'id': '253843943'}]",[],['https://pbs.twimg.com/media/BQiJShICAAAxXV2.jpg'],1,18,5,"['flood', 'rain', 'florida', 'weather']",[],https://twitter.com/WUFTNews/status/362690721221836800,False,,1,https://pbs.twimg.com/media/BQiJShICAAAxXV2.jpg,,,,,,,[],,,,
362690630515818496,362690630515818496,2013-07-31 17:45:59 EDT,2013-07-31,17:45:59,-0400,385476820,canadany,CanadaNY,,Joint #US - #Canada study group releases #new #flood report @banner_news  http://t.co/1adBJ8nKDu,en,"[{'screen_name': 'banner_news', 'name': 'bennington banner', 'id': '194437453'}]",['http://ow.ly/nuGJ0'],[],0,0,0,"['us', 'canada', 'new', 'flood']",[],https://twitter.com/CanadaNY/status/362690630515818496,False,,0,,,,,,,,[],,,,
362689705365618688,362689705365618688,2013-07-31 17:42:18 EDT,2013-07-31,17:42:18,-0400,487938591,desierraclub,Delaware Sierra Club,"{'type': 'Point', 'coordinates': [39.72934636, -75.56178044]}","#Southbridge is part of Rep Johnson's district and it is in the 100 year #flood plain. #flooding, #drainage and Mosquitos problematic #NetDE",en,[],[],[],0,0,0,"['southbridge', 'flood', 'flooding', 'drainage', 'netde']",[],https://twitter.com/desierraclub/status/362689705365618688,False,,0,,,,,,,,[],,,,
362687136958398464,362687136958398464,2013-07-31 17:32:06 EDT,2013-07-31,17:32:06,-0400,117810351,wsws_updates,World Socialist Web Site,,#Australia: #Queensland #flood victims still living in freight containers - World Socialist Web Site  http://t.co/cpjoDm8ZDt #auspol,en,[],['http://ow.ly/nuA7Z'],[],0,0,0,"['australia', 'queensland', 'flood', 'auspol']",[],https://twitter.com/WSWS_Updates/status/362687136958398464,False,,0,,,,,,,,[],,,,
362687019727585280,362687019727585280,2013-07-31 17:31:38 EDT,2013-07-31,17:31:38,-0400,396171753,elise_heidi,Ling&Heidi,,Someone save me I'm stranded.... #Hurricane #why #myLifeSucks #flood #stupid #Gainesville #Florida #work  https://t.co/olBpx7gezx,en,[],['https://vine.co/v/hqnrtW2xq0A'],[],0,1,0,"['hurricane', 'why', 'mylifesucks', 'flood', 'stupid', 'gainesville', 'florida', 'work']",[],https://twitter.com/elise_heidi/status/362687019727585280,False,,0,,,,,,,,[],,,,
362686282163425281,362686282163425281,2013-07-31 17:28:42 EDT,2013-07-31,17:28:42,-0400,201253802,phillturnerdiy,Phill Turner,,Burst water main in our basement!!!!! #flood plumber on his way!  Still smiling!! Always look on the bright side!!,en,[],[],[],5,0,0,['flood'],[],https://twitter.com/PhillTurnerDIY/status/362686282163425281,False,,0,,,,,,,,[],,,,
362684352804556801,362683291767283712,2013-07-31 17:21:02 EDT,2013-07-31,17:21:02,-0400,237889688,gregoirkav,G.K,,@CelticChuck67 @tim_brannigan If we built an overpass we'd still manage to flood it! #flood #belfast,en,"[{'screen_name': 'tim_brannigan', 'name': 'tim brannigan', 'id': '256180339'}]",[],[],0,0,0,"['flood', 'belfast']",[],https://twitter.com/GregoirKav/status/362684352804556801,False,,0,,,,,,,,[],,,,
362683274318970881,362683274318970881,2013-07-31 17:16:45 EDT,2013-07-31,17:16:45,-0400,503581229,vadimbuyniak,Vadim Buyniak,,#flood#  http://t.co/ZYTKGKskJo,und,[],['http://vk.cc/1HDMX1'],[],0,0,0,[],[],https://twitter.com/VadimBuyniak/status/362683274318970881,False,,0,,,,,,,,[],,,,
362683165141245952,362683165141245952,2013-07-31 17:16:19 EDT,2013-07-31,17:16:19,-0400,124240323,science_buzz,Science Buzz,,"Flood Stage: 14 ft Latest Observation: 3.92 ft Observation Time: Jul 31, 2013 03:15 PM…  http://t.co/lcXZv5yVGS #flood",en,[],['http://goo.gl/fb/kS5Ly'],[],0,0,0,['flood'],[],https://twitter.com/science_buzz/status/362683165141245952,False,,0,,,,,,,,[],,,,
362682298375741442,362682298375741442,2013-07-31 17:12:52 EDT,2013-07-31,17:12:52,-0400,472566009,goblemeup,Chelsea Goble,,Needless to say I took the long way to work today... #flood  http://t.co/tFsZqXShLA,en,[],['http://instagram.com/p/cced3NBZMe/'],[],0,0,0,['flood'],[],https://twitter.com/goblemeup/status/362682298375741442,False,,0,,,,,,,,[],,,,
362682007991492609,362682007991492609,2013-07-31 17:11:43 EDT,2013-07-31,17:11:43,-0400,60144385,rafaeltrape,Rafael Trapé,,#flood mas esse lugar é incrível!!!!! #turkishhoneymoon @ Maçakızı Hotel  http://t.co/xtzIor2nzK,ro,[],['http://instagram.com/p/ccebu3CtrN/'],[],0,0,0,"['flood', 'turkishhoneymoon']",[],https://twitter.com/rafaeltrape/status/362682007991492609,False,,0,,,,,,,,[],,,,
362680122022707200,362680122022707200,2013-07-31 17:04:14 EDT,2013-07-31,17:04:14,-0400,282746547,tistweets,Teeters Insurance,,Danger of mudslides follow Southern California wildfire #fire #flood #insurance  http://t.co/lwgnXTFyvA,en,[],['http://ow.ly/nhva0'],[],0,0,0,"['fire', 'flood', 'insurance']",[],https://twitter.com/TISTWEETS/status/362680122022707200,False,,0,,,,,,,,[],,,,
362678156894797824,362678156894797824,2013-07-31 16:56:25 EDT,2013-07-31,16:56:25,-0400,28177860,catcoem,Catawba County EM,"{'type': 'Point', 'coordinates': [35.66384021, -81.23136679]}",7 local damage assessment teams &amp; 2 state teams working to assess #flood in Catawba County. On weather watch too! Working to keep you safe!,en,[],[],[],0,3,1,['flood'],[],https://twitter.com/CatCoEM/status/362678156894797824,False,,0,,,,,,,,[],,,,
362675293770629121,362675293770629121,2013-07-31 16:45:02 EDT,2013-07-31,16:45:02,-0400,1135251462,acaattorneys,ACAAttorneys,,Recent thunder #storms lead to a Los Angeles flash #flood warning. Read what to do about #property #damage here:   http://t.co/GXpoyjofo5,en,[],['http://preventioned.wordpress.com/2013/07/31/recent-thunder-storms-lead-to-los-angeles-flash-flood-warning/'],[],0,0,0,"['storms', 'flood', 'property', 'damage']",[],https://twitter.com/ACAAttorneys/status/362675293770629121,False,,0,,,,,,,,[],,,,
362674479912071168,362674479912071168,2013-07-31 16:41:48 EDT,2013-07-31,16:41:48,-0400,1536412436,globalfloodnews,GlobalFloodSystem,,"#flood #disaster Floods force evacuation of Palawan town, washes away bridge: Floods caused by the heavy rain ...  http://t.co/YFli7iYQU8",en,[],['http://bit.ly/14Ecmw8'],[],0,0,0,"['flood', 'disaster']",[],https://twitter.com/GlobalFloodNews/status/362674479912071168,False,,0,,,,,,,,[],,,,
362671248263753729,362671248263753729,2013-07-31 16:28:58 EDT,2013-07-31,16:28:58,-0400,339722887,snowhydro,Dr. Sarah Boon,,"AB govt not revising #flood maps, say Jun event was 'unusual'. #climatechange may make it more 'usual'  http://t.co/dJClWHf2v6 by @cderworiz",en,"[{'screen_name': 'cderworiz', 'name': 'colette derworiz', 'id': '33251570'}]",['http://bit.ly/13zTkXH'],[],0,0,0,"['flood', 'climatechange']",[],https://twitter.com/SnowHydro/status/362671248263753729,False,,0,,,,,,,,[],,,,
362671194819923968,362671194819923968,2013-07-31 16:28:45 EDT,2013-07-31,16:28:45,-0400,29204831,mcurranclaims,Martin Curran,,Policyholders should always consult a loss assessor  before they claim for flood damage  http://t.co/oogE1SztYq    Tel 0800 781 2148 #flood,en,[],['http://www.martincurraninsuranceclaims.co.uk'],[],0,0,0,['flood'],[],https://twitter.com/MCurranClaims/status/362671194819923968,False,,0,,,,,,,,[],,,,
362664373472329729,362664373472329729,2013-07-31 16:01:39 EDT,2013-07-31,16:01:39,-0400,1536412436,globalfloodnews,GlobalFloodSystem,,#flood #disaster North floods 'caused by lack of drainage' - The Nation: The NationNorth floods 'caused by lac...  http://t.co/5ZXu3Cv6B3,en,[],['http://bit.ly/14E2UJn'],[],0,0,0,"['flood', 'disaster']",[],https://twitter.com/GlobalFloodNews/status/362664373472329729,False,,0,,,,,,,,[],,,,
362664329641861122,362664329641861122,2013-07-31 16:01:28 EDT,2013-07-31,16:01:28,-0400,223505934,gotmoldglobal,#gotmold?™,,Why #Sewage Contamination Testing is Vitally Important for #Flood Victims  http://t.co/52awK9s1LT #mold #abfloods PLEASE RETWEET,en,[],['http://bit.ly/13kJ8ad'],[],0,0,0,"['sewage', 'flood', 'mold', 'abfloods']",[],https://twitter.com/gotmoldglobal/status/362664329641861122,False,,0,,,,,,,,[],,,,
362661600961904640,362661600961904640,2013-07-31 15:50:38 EDT,2013-07-31,15:50:38,-0400,448175359,baxres,Baxter Restoration,,RT @federalalliance: Flash floods can be costly for drivers and deadly for anyone @abc15 #TurnAroundDontDrown #flood  http://t.co/TbEhCkv5bt,en,"[{'screen_name': 'federalalliance', 'name': 'federalalliance (flash)', 'id': '18922871'}, {'screen_name': 'abc15', 'name': 'abc15 arizona', 'id': '9721292'}]",['http://goo.gl/lhby7p'],[],0,0,0,"['turnarounddontdrown', 'flood']",[],https://twitter.com/BaxRes/status/362661600961904640,False,,0,,,,,,,,[],,,,
362658783392055296,362658783392055296,2013-07-31 15:39:26 EDT,2013-07-31,15:39:26,-0400,295713773,trf,Thomson Reuters Foundation,,"#Guyana's coastal #farmers improve drainage to avert worsening #flood damage, need more support  http://t.co/wtiCjdYU0o #climate #adaptation",en,[],['http://ow.ly/nuYnB'],[],0,0,0,"['guyana', 'farmers', 'flood', 'climate', 'adaptation']",[],https://twitter.com/TRF/status/362658783392055296,False,,0,,,,,,,,[],,,,
362656498037440512,362656498037440512,2013-07-31 15:30:21 EDT,2013-07-31,15:30:21,-0400,426299379,eye4weather,Eye 4 Weather,,"#SXM Low-lying &amp; #flood-prone areas include:  L.B. Scott Road/Cul-de-Sac, Coralita Road/Saunders, parts of St....  http://t.co/YtF0QsxogP",en,[],['http://fb.me/2xbLzGJVP'],[],0,0,0,"['sxm', 'flood']",[],https://twitter.com/Eye4Weather/status/362656498037440512,False,,0,,,,,,,,[],,,,
362650773999472640,362650773999472640,2013-07-31 15:07:37 EDT,2013-07-31,15:07:37,-0400,10046442,brettbum,Brett Bumeter llm,,My dock office security guard walking his new beat #lakewylie after the #flood  http://t.co/4qybGnIaGi,en,[],[],['https://pbs.twimg.com/media/BQhk9SICUAAQT4J.jpg'],0,0,0,"['lakewylie', 'flood']",[],https://twitter.com/brettbum/status/362650773999472640,False,,1,https://pbs.twimg.com/media/BQhk9SICUAAQT4J.jpg,,,,,,,[],,,,
362650709944045568,362650709944045568,2013-07-31 15:07:21 EDT,2013-07-31,15:07:21,-0400,632306723,jerome_dean_,Insurance Answer Man/PD Speaker,,@CityNews Folks should take the time 2 really understand their life insurance contract.  Remember the recent #flood? many claims were denied,en,[],[],[],0,0,0,['flood'],[],https://twitter.com/Jerome_Dean_/status/362650709944045568,False,,0,,,,,,,,[],,,,
362650042059866112,362650042059866112,2013-07-31 15:04:42 EDT,2013-07-31,15:04:42,-0400,562770917,ddrainage,Direct Drainage,,"Is your septic tank struggling to cope with the #rain? We provide Klargester parts &amp; spares, &amp; great advice!  http://t.co/1LWl7vXMDT #flood",en,[],['http://goo.gl/vgRqv'],[],0,0,0,"['rain', 'flood']",[],https://twitter.com/DDrainage/status/362650042059866112,False,,0,,,,,,,,[],,,,
362649963332771841,362649963332771841,2013-07-31 15:04:23 EDT,2013-07-31,15:04:23,-0400,632306723,jerome_dean_,Insurance Answer Man/PD Speaker,,"Don't wait till disaster happens to know the fine print &amp; detailed info, of your life insurance policy! Remember the #flood ? claims denied",en,[],[],[],0,0,0,['flood'],[],https://twitter.com/Jerome_Dean_/status/362649963332771841,False,,0,,,,,,,,[],,,,
362648968611631105,362648968611631105,2013-07-31 15:00:26 EDT,2013-07-31,15:00:26,-0400,339143831,jebron23121,Jonald,,Basement getting renovated #Flood,en,[],[],[],0,0,0,['flood'],[],https://twitter.com/Jebron23121/status/362648968611631105,False,,0,,,,,,,,[],,,,
362648600943149057,362648600943149057,2013-07-31 14:58:58 EDT,2013-07-31,14:58:58,-0400,403539516,disaster_update,Recent Natural Disasters,,"#Myanmar Floods 2013: Karen State flooding evacuates 25,000  http://t.co/PKJJflgbXC #specialreports #flood",en,[],['http://goo.gl/fb/IZ3BT'],[],0,0,0,"['myanmar', 'specialreports', 'flood']",[],https://twitter.com/Disaster_Update/status/362648600943149057,False,,0,,,,,,,,[],,,,
362648569104171010,362648569104171010,2013-07-31 14:58:51 EDT,2013-07-31,14:58:51,-0400,403539516,disaster_update,Recent Natural Disasters,,Thai floods hit 7 provinces  http://t.co/AvHMDg46sw #specialreports #flood #recentnaturaldisasters #thailand,en,[],['http://goo.gl/fb/FxzuR'],[],0,1,0,"['specialreports', 'flood', 'recentnaturaldisasters', 'thailand']",[],https://twitter.com/Disaster_Update/status/362648569104171010,False,,0,,,,,,,,[],,,,
362648403659849729,362648403659849729,2013-07-31 14:58:11 EDT,2013-07-31,14:58:11,-0400,124240323,science_buzz,Science Buzz,,"Flood Stage: 14 ft Latest Observation: 3.95 ft Observation Time: Jul 31, 2013 01:15 PM…  http://t.co/Ft4mcBOeR6 #flood",en,[],['http://goo.gl/fb/DK08U'],[],0,0,0,['flood'],[],https://twitter.com/science_buzz/status/362648403659849729,False,,0,,,,,,,,[],,,,
362648098754932736,362648098754932736,2013-07-31 14:56:59 EDT,2013-07-31,14:56:59,-0400,352524401,jenniferbruce16,Jennifer Bruce,"{'type': 'Point', 'coordinates': [53.3955636, -3.1809013]}",Oooooops left the bath to run a tad too long #flood,en,[],[],[],0,0,0,['flood'],[],https://twitter.com/JenniferBruce16/status/362648098754932736,False,,0,,,,,,,,[],,,,
362647617999618050,362647617999618050,2013-07-31 14:55:04 EDT,2013-07-31,14:55:04,-0400,45195411,ubalert,ubAlert,,"Flood - Ethiopia, Africa-  http://t.co/DqOAigdpI3 #flood #fb",cy,[],['http://www.ubalert.com/jX3b'],[],0,0,0,"['flood', 'fb']",[],https://twitter.com/ubalert/status/362647617999618050,False,,0,,,,,,,,[],,,,
362645108115509249,362645108115509249,2013-07-31 14:45:06 EDT,2013-07-31,14:45:06,-0400,139173929,eleanoriona,Eleanor Greener,,Cried a river #flood,en,[],[],[],0,0,0,['flood'],[],https://twitter.com/eleanoriona/status/362645108115509249,False,,0,,,,,,,,[],,,,
362644083694510081,362644083694510081,2013-07-31 14:41:01 EDT,2013-07-31,14:41:01,-0400,539355124,cottageclubgl,CottageClub,,Is your #vacation property prepared if a #flood strikes?   http://t.co/SZISD6qyr3,en,[],['http://spr.ly/6012ZUZr'],[],0,0,0,"['vacation', 'flood']",[],https://twitter.com/CottageClubGL/status/362644083694510081,False,,0,,,,,,,,[],,,,
362643732710965248,362643732710965248,2013-07-31 14:39:38 EDT,2013-07-31,14:39:38,-0400,487190429,tellenicole1122,Chantelle⚓️,,#VOD #churchcamp #flood #2013  http://t.co/f4FjbxKWwI,und,[],['http://instagram.com/p/ccNGgNlkws/'],[],0,0,0,"['vod', 'churchcamp', 'flood']",[],https://twitter.com/tellenicole1122/status/362643732710965248,False,,0,,,,,,,,[],,,,
362642774744514562,362642774744514562,2013-07-31 14:35:49 EDT,2013-07-31,14:35:49,-0400,367971143,intysse,IYSSE,,#Australia: #Queensland #flood victims still living in freight containers - World Socialist Web Site  http://t.co/ochmCegUTM #auspol,en,[],['http://ow.ly/nuAl7'],[],0,0,0,"['australia', 'queensland', 'flood', 'auspol']",[],https://twitter.com/INTYSSE/status/362642774744514562,False,,0,,,,,,,,[],,,,
362641510056984576,362641510056984576,2013-07-31 14:30:48 EDT,2013-07-31,14:30:48,-0400,1536412436,globalfloodnews,GlobalFloodSystem,,#flood #disaster Intact sees insurance-rate hikes as Canada floods hit profit: By Cameron French TORONTO (Reut...  http://t.co/Avh3Su0ALH,en,[],['http://yhoo.it/15b3OTL'],[],0,0,0,"['flood', 'disaster']",[],https://twitter.com/GlobalFloodNews/status/362641510056984576,False,,0,,,,,,,,[],,,,
362637619462541312,362637619462541312,2013-07-31 14:15:20 EDT,2013-07-31,14:15:20,-0400,25095666,dpardue1,Doug Pardue,,"Areal #Flood Advisory now in effect for #Berkeley and #Charleston counties until 4:15 PM, Weather Service reports #Weather #Chs",en,[],[],[],0,0,0,"['flood', 'berkeley', 'charleston', 'weather', 'chs']",[],https://twitter.com/dpardue1/status/362637619462541312,False,,0,,,,,,,,[],,,,
362636124813922307,362636124813922307,2013-07-31 14:09:24 EDT,2013-07-31,14:09:24,-0400,562770917,ddrainage,Direct Drainage,,Problems with #flood? We stock submersible #pumps at discount prices  http://t.co/jFGul4XHwY #floods #weather #rain,en,[],['http://goo.gl/1W2XY'],[],0,0,0,"['flood', 'pumps', 'floods', 'weather', 'rain']",[],https://twitter.com/DDrainage/status/362636124813922307,False,,0,,,,,,,,[],,,,
362635107359657984,362635107359657984,2013-07-31 14:05:21 EDT,2013-07-31,14:05:21,-0400,24227849,causemapping,ThinkReliability,,"#todayinhistory July 31, 1976 Flash #flood kills 145, causes &gt;$40M in damages in Big Thompson Canyon, Colorado #naturaldisaster",en,[],[],[],0,0,0,"['todayinhistory', 'flood', 'naturaldisaster']",[],https://twitter.com/CauseMapping/status/362635107359657984,False,,0,,,,,,,,[],,,,
362635080830697472,362635080830697472,2013-07-31 14:05:15 EDT,2013-07-31,14:05:15,-0400,164431348,meadhunt,Mead & Hunt,,"Water Resources Development Act: What's next? Navigation, #flood control, water supply &amp; #hydropower   http://t.co/7hwhQO0MY5",en,[],['http://ow.ly/ndwys'],[],0,1,0,"['flood', 'hydropower']",[],https://twitter.com/MeadHunt/status/362635080830697472,False,,0,,,,,,,,[],,,,
362633910775054337,362633910775054337,2013-07-31 14:00:36 EDT,2013-07-31,14:00:36,-0400,164327493,jaiddog,jAIDdog,,"Woof! #Flood: If you must leave an #animal behind, make sure it isn't tied up &amp; has an escape route.  http://t.co/Ks1cOtpv8d #jAIDdog #meow",en,[],['http://bit.ly/M2ztZf'],[],0,3,0,"['flood', 'animal', 'jaiddog', 'meow']",[],https://twitter.com/jAIDDog/status/362633910775054337,False,,0,,,,,,,,[],,,,
362629242112057346,362629242112057346,2013-07-31 13:42:03 EDT,2013-07-31,13:42:03,-0400,117408852,specialtyinsure,Andrew Muller,, http://t.co/fIRB4lnHd8 Update on #Flood Insurance for the #Lowcountry @postandcourier @TyrichardsonPC,en,"[{'screen_name': 'postandcourier', 'name': 'the post and courier', 'id': '14693499'}, {'screen_name': 'tyrichardsonpc', 'name': 'ty richardson', 'id': '29519507'}]",['http://goo.gl/ItKYqu'],[],0,0,0,"['flood', 'lowcountry']",[],https://twitter.com/SpecialtyINSURE/status/362629242112057346,False,,0,,,,,,,,[],,,,
362627006363475968,362627006363475968,2013-07-31 13:33:10 EDT,2013-07-31,13:33:10,-0400,295713773,trf,Thomson Reuters Foundation,,"#Guyana's coastal #farmers improve drainage to avert worsening #flood damage, need more support  http://t.co/asS9jxWL6u #climate",en,[],['http://ow.ly/nuYBz'],[],0,0,0,"['guyana', 'farmers', 'flood', 'climate']",[],https://twitter.com/TRF/status/362627006363475968,False,,0,,,,,,,,[],,,,
362626111911366656,362626111911366656,2013-07-31 13:29:37 EDT,2013-07-31,13:29:37,-0400,241167991,jenny_renner,Jenny Renner,,RT @ahs_media: 105 new supportive living beds opening in High River in Spring 2014 #flood #yyc #ab_flood,en,"[{'screen_name': 'ahs_media', 'name': 'alberta health services', 'id': '279097431'}]",[],[],0,0,0,"['flood', 'yyc', 'ab_flood']",[],https://twitter.com/Jenny_Renner/status/362626111911366656,False,,0,,,,,,,,[],,,,
362626104848158720,362626104848158720,2013-07-31 13:29:35 EDT,2013-07-31,13:29:35,-0400,403539516,disaster_update,Recent Natural Disasters,,"#Vietnam #flood kills 5, destroys 200 plus houses  http://t.co/7nvqw3CA6L",fr,[],['http://www.disaster-report.com/2013/07/vietnam-floods-2013-five-dead-200.html'],[],0,1,0,"['vietnam', 'flood']",[],https://twitter.com/Disaster_Update/status/362626104848158720,False,,0,,,,,,,,[],,,,
362625921393500161,362625921393500161,2013-07-31 13:28:51 EDT,2013-07-31,13:28:51,-0400,403539516,disaster_update,Recent Natural Disasters,,#Flood hits seven provinces in #Thailand claiming lives of at least three people  http://t.co/gUTsTPYu7I,en,[],['http://www.disaster-report.com/2013/07/thai-floods-hit-7-provinces.html'],[],0,1,0,"['flood', 'thailand']",[],https://twitter.com/Disaster_Update/status/362625921393500161,False,,0,,,,,,,,[],,,,
362625060042846210,362625060042846210,2013-07-31 13:25:26 EDT,2013-07-31,13:25:26,-0400,274025365,insurancebureau,IBC,,Even a small #flood can cost a fortune in damages and lost profit. How covered is your business?  http://t.co/STPdDXUY3K,en,[],['http://ow.ly/nv6iQ'],[],0,1,0,['flood'],[],https://twitter.com/InsuranceBureau/status/362625060042846210,False,,0,,,,,,,,[],,,,
362615745894551552,362615745894551552,2013-07-31 12:48:25 EDT,2013-07-31,12:48:25,-0400,352504415,vlmresearch,Vickie Makings,,"People remember the #BigThompson #flood of 1976, and comment on our post:  http://t.co/wauiQ3Fkcf",en,[],['http://blogs.denverpost.com/library/2012/07/31/big-thompson-flood-disaster-colorado-1976/2795/#disqus_thread'],[],0,0,0,"['bigthompson', 'flood']",[],https://twitter.com/VLMResearch/status/362615745894551552,False,,0,,,,,,,,[],,,,
362615072813621249,362615072813621249,2013-07-31 12:45:45 EDT,2013-07-31,12:45:45,-0400,385476820,canadany,CanadaNY,,Joint #US - #Canada study group releases #new #flood report @banner_news  http://t.co/1adBJ8nKDu,en,"[{'screen_name': 'banner_news', 'name': 'bennington banner', 'id': '194437453'}]",['http://ow.ly/nuGJ0'],[],0,0,1,"['us', 'canada', 'new', 'flood']",[],https://twitter.com/CanadaNY/status/362615072813621249,False,,0,,,,,,,,[],,,,
362613371327102977,362613371327102977,2013-07-31 12:38:59 EDT,2013-07-31,12:38:59,-0400,338621124,ahs_southzone,AHS South Zone,,The waters have receded but #Flood recovery work will be ongoing.  http://t.co/uuKk7p2iaj Latest information here.,en,[],['http://ow.ly/nuSsd'],[],0,1,0,['flood'],[],https://twitter.com/AHS_SouthZone/status/362613371327102977,False,,0,,,,,,,,[],,,,
362612739216121856,362612739216121856,2013-07-31 12:36:28 EDT,2013-07-31,12:36:28,-0400,124240323,science_buzz,Science Buzz,,"Flood Stage: 14 ft Latest Observation: 3.9 ft Observation Time: Jul 31, 2013 10:15 AM…  http://t.co/5kPfmNnSZf #flood",en,[],['http://goo.gl/fb/K32aA'],[],0,0,0,['flood'],[],https://twitter.com/science_buzz/status/362612739216121856,False,,0,,,,,,,,[],,,,
362612036947025920,362612036947025920,2013-07-31 12:33:41 EDT,2013-07-31,12:33:41,-0400,519042376,kendrapullen,Kendra,,I absolutely can wait to hear the message @bobby_lemley  has for us tonight! #VOD #Flood #ChurchCamp #Jesus,en,"[{'screen_name': 'bobby_lemley', 'name': 'bobby lemley', 'id': '18880939'}]",[],[],0,0,1,"['vod', 'flood', 'churchcamp', 'jesus']",[],https://twitter.com/KendraPullen/status/362612036947025920,False,,0,,,,,,,,[],,,,
362607156593311744,362607156593311744,2013-07-31 12:14:17 EDT,2013-07-31,12:14:17,-0400,279097431,ahs_media,Alberta Health Services,,105 new supportive living beds opening in High River in Spring 2014 #flood #yyc #ab_flood,en,[],[],[],0,1,0,"['flood', 'yyc', 'ab_flood']",[],https://twitter.com/AHS_media/status/362607156593311744,False,,0,,,,,,,,[],,,,
362605545959587840,362605545959587840,2013-07-31 12:07:53 EDT,2013-07-31,12:07:53,-0400,217012625,richfordssw,Richfords,,#flood defence scheme delay at #Ulverston in #Cumbria  http://t.co/3OxsIhsIjq,en,[],['http://www.thewestmorlandgazette.co.uk/news/10582531.Ulverston_flood_defence_scheme_delay/'],[],0,0,0,"['flood', 'ulverston', 'cumbria']",[],https://twitter.com/RichfordsSW/status/362605545959587840,False,,0,,,,,,,,[],,,,
362603691225780224,362603691225780224,2013-07-31 12:00:31 EDT,2013-07-31,12:00:31,-0400,504406463,nlfrndx,𝖓𝖔𝖊𝖑𝖎𝖆,,#newswimmingpool #flood #water #nofilter #sunnyday #rain #swimming #mommyanddaughter #backyard…  http://t.co/4LXpEBJOFk,und,[],['http://instagram.com/p/cb67EpBw2C/'],[],0,0,0,"['newswimmingpool', 'flood', 'water', 'nofilter', 'sunnyday', 'rain', 'swimming', 'mommyanddaughter', 'backyard']",[],https://twitter.com/nlfrndx/status/362603691225780224,False,,0,,,,,,,,[],,,,
362603013011030016,362603013011030016,2013-07-31 11:57:49 EDT,2013-07-31,11:57:49,-0400,403539516,disaster_update,Recent Natural Disasters,,"#Myanmar #flood forces 25,000 into camps  http://t.co/Gac0Izn6vG",en,[],['http://www.disaster-report.com/2013/07/myanmar-floods-2013-karen-state.html'],[],0,0,0,"['myanmar', 'flood']",[],https://twitter.com/Disaster_Update/status/362603013011030016,False,,0,,,,,,,,[],,,,
362601734943682561,362601734943682561,2013-07-31 11:52:45 EDT,2013-07-31,11:52:45,-0400,580270047,successfulgames,Successful Games,,Flooded #village - xmas eve - Play this...  http://t.co/sWg23LuSV8 #christmas #flood #pirate #villager,en,[],['http://successfulgames.com/play/flooded-village-xmas-eve/'],[],0,0,0,"['village', 'christmas', 'flood', 'pirate', 'villager']",[],https://twitter.com/successfulgames/status/362601734943682561,False,,0,,,,,,,,[],,,,
362600933638668288,362600933638668288,2013-07-31 11:49:34 EDT,2013-07-31,11:49:34,-0400,18409135,callrich,Callrich EcoServices,,Great map &amp; timeline from @OntarioClimate of the impact of the July 8 #flood in #Toronto:  http://t.co/nR7E3TeULh,en,"[{'screen_name': 'ontarioclimate', 'name': 'occ', 'id': '707604500'}]",['http://climateontario.org/wp/3079-2map_section/#map_section'],[],0,0,0,"['flood', 'toronto']",[],https://twitter.com/callrich/status/362600933638668288,False,,0,,,,,,,,[],,,,
362600505274417155,362600505274417155,2013-07-31 11:47:51 EDT,2013-07-31,11:47:51,-0400,47411635,dramaticdani,Danielle Carrolyn,,Just another day at the UCF student union. Some nice flooding going on. #leak #flood #jumpjumpjump…  http://t.co/qnqW9tVlW0,en,[],['http://instagram.com/p/cb5F_tiPba/'],[],0,0,0,"['leak', 'flood', 'jumpjumpjump']",[],https://twitter.com/DramaticDani/status/362600505274417155,False,,0,,,,,,,,[],,,,
362597518778966022,362597518778966022,2013-07-31 11:35:59 EDT,2013-07-31,11:35:59,-0400,1536412436,globalfloodnews,GlobalFloodSystem,,#flood #disaster Tornadoes and floods strike across Sweden - The Local.se: The Local.seTornadoes and floods st...  http://t.co/d29PB9MGpY,en,[],['http://bit.ly/17inbpE'],[],0,0,0,"['flood', 'disaster']",[],https://twitter.com/GlobalFloodNews/status/362597518778966022,False,,0,,,,,,,,[],,,,
362597515482251267,362597515482251267,2013-07-31 11:35:59 EDT,2013-07-31,11:35:59,-0400,1536412436,globalfloodnews,GlobalFloodSystem,,#flood #disaster Floods hit Thai-Myanmar border - Bangkok Post: Bangkok PostFloods hit Thai-Myanmar borderBang...  http://t.co/vStaTt763l,en,[],['http://bit.ly/17indxQ'],[],0,0,0,"['flood', 'disaster']",[],https://twitter.com/GlobalFloodNews/status/362597515482251267,False,,0,,,,,,,,[],,,,
362596794754007041,362596794754007041,2013-07-31 11:33:07 EDT,2013-07-31,11:33:07,-0400,295713773,trf,Thomson Reuters Foundation,,"#Guyana's coastal #farmers improve drainage to avert worsening #flood damage, need more support  http://t.co/asS9jxWL6u #climate #adaptation",en,[],['http://ow.ly/nuYBz'],[],0,0,0,"['guyana', 'farmers', 'flood', 'climate', 'adaptation']",[],https://twitter.com/TRF/status/362596794754007041,False,,0,,,,,,,,[],,,,
362596539408973824,362596539408973824,2013-07-31 11:32:06 EDT,2013-07-31,11:32:06,-0400,200239420,ia_and_b,IA&B,,Facts for #flood-prone PA PRT @millersinsagen: Separating Flood Insurance Facts From Myths  http://t.co/GftgOWg6LK,en,[],['http://hub.am/1ap2gFm'],[],0,0,0,['flood'],[],https://twitter.com/IA_and_B/status/362596539408973824,False,,0,,,,,,,,[],,,,
362596132628602880,362596132628602880,2013-07-31 11:30:29 EDT,2013-07-31,11:30:29,-0400,358072048,ukfbint,UKFB International,,Introducing the first BSI Kitemark certified steel security &amp; flood door on the market - security &amp; #flood defence  http://t.co/Go89WeQsuE,en,[],['http://ow.ly/nuI6g'],[],0,0,0,['flood'],[],https://twitter.com/UKFBInt/status/362596132628602880,False,,0,,,,,,,,[],,,,
362594824840425473,362594824840425473,2013-07-31 11:25:17 EDT,2013-07-31,11:25:17,-0400,19030368,canadianwater,Water Canada,,#BC invests in #flood mitigation for West Kelowna.  http://t.co/NqLbDzjJF5,en,[],['http://fb.me/G6uXLJEx'],[],0,0,0,"['bc', 'flood']",[],https://twitter.com/CanadianWater/status/362594824840425473,False,,0,,,,,,,,[],,,,
362590398729818112,362590398729818112,2013-07-31 11:07:42 EDT,2013-07-31,11:07:42,-0400,321495484,johnjclev,John J,,Great day in K2 slum trialing a #recycled plastic bottle #flood control idea. @revelation_life  http://t.co/g2F6cQzlZg,en,"[{'screen_name': 'revelation_life', 'name': 'revelation life', 'id': '883051159610683393'}]",[],['https://pbs.twimg.com/media/BQguC-uCEAIMqeV.jpg'],0,1,0,"['recycled', 'flood']",[],https://twitter.com/johnjclev/status/362590398729818112,False,,1,https://pbs.twimg.com/media/BQguC-uCEAIMqeV.jpg,,,,,,,[],,,,
362589340506914817,362589340506914817,2013-07-31 11:03:30 EDT,2013-07-31,11:03:30,-0400,1322766223,john_agcallhr,John MacArthur,,#alberta #flood affected farms or ranches may be eligible for assistance through #AFSC,en,[],[],[],0,0,0,"['alberta', 'flood', 'afsc']",[],https://twitter.com/John_AgCallHR/status/362589340506914817,False,,0,,,,,,,,[],,,,
362588638070059009,362588638070059009,2013-07-31 11:00:42 EDT,2013-07-31,11:00:42,-0400,236212321,caraazevedo,Cara Azevedo,,Bank makes the loan #AFSC guarantees it. #abflood #Calgary #HighRiver @IanANewman Prime plus One #flood recovery,en,"[{'screen_name': 'iananewman', 'name': 'ian newman', 'id': '718819968'}]",[],[],0,0,0,"['afsc', 'abflood', 'calgary', 'highriver', 'flood']",[],https://twitter.com/CaraAzevedo/status/362588638070059009,False,,0,,,,,,,,[],,,,
362588396415238144,362588396415238144,2013-07-31 10:59:44 EDT,2013-07-31,10:59:44,-0400,302044030,daibyday,double masked dai 😷🇨🇦🇨🇴,,#Music Compilation in Aid of #Alberta #Flood Victims  http://t.co/n6GpUChcsT via @alancross #yycflood #abflood #calgarystrong,en,"[{'screen_name': 'alancross', 'name': 'alan cross', 'id': '14043002'}]",['http://tinyurl.com/khxxvme'],[],0,1,0,"['music', 'alberta', 'flood', 'yycflood', 'abflood', 'calgarystrong']",[],https://twitter.com/daibyday/status/362588396415238144,False,,0,,,,,,,,[],,,,
362587805756555264,362587805756555264,2013-07-31 10:57:24 EDT,2013-07-31,10:57:24,-0400,56493702,montana410,Sam Montana,,The Worst Flash Floods in US History:  http://t.co/rn0sz36vw4  #BigThompson #flood,en,[],['http://meteorology.knoji.com/the-worst-flash-floods-in-us-history/'],[],0,0,0,"['bigthompson', 'flood']",[],https://twitter.com/Montana410/status/362587805756555264,False,,0,,,,,,,,[],,,,
362587677285023745,362587677285023745,2013-07-31 10:56:53 EDT,2013-07-31,10:56:53,-0400,137466571,reporterbetsy,Betsy Scott,,#Mentor wants to help #flood victims who help themselves  http://t.co/NhFDKy8gdP To the tune of $1 million,en,[],['http://bit.ly/1cczriH'],[],0,0,0,"['mentor', 'flood']",[],https://twitter.com/ReporterBetsy/status/362587677285023745,False,,0,,,,,,,,[],,,,
362587389127966720,362587389127966720,2013-07-31 10:55:44 EDT,2013-07-31,10:55:44,-0400,236338186,envagencynw,Env Agency NW,,We also build #flood schemes from natural products such as #willow @ Natland Mill Beck #Kendal #cumbria  http://t.co/nHdC5f5vuj ',en,[],['http://ow.ly/i/2KGhH'],[],0,2,0,"['flood', 'willow', 'kendal', 'cumbria']",[],https://twitter.com/EnvAgencyNW/status/362587389127966720,False,,0,,,,,,,,[],,,,
362587350657798144,362587350657798144,2013-07-31 10:55:35 EDT,2013-07-31,10:55:35,-0400,112961043,siddharthrunwal,Siddharth Runwal,,#rain #nagpur #flood #shame #damagedone  http://t.co/jjTrYvdtXY,und,[],['http://instagram.com/p/cbzJD-EjKz/'],[],0,0,0,"['rain', 'nagpur', 'flood', 'shame', 'damagedone']",[],https://twitter.com/siddharthrunwal/status/362587350657798144,False,,0,,,,,,,,[],,,,
362587209129394176,362587209129394176,2013-07-31 10:55:01 EDT,2013-07-31,10:55:01,-0400,89711639,trf_climate,TRF Climate,,"#Guyana's coastal #farmers improve drainage to avert worsening #flood damage, need more support  http://t.co/dINZhJMUql #climate #adaptation",en,[],['http://ow.ly/nuYBz'],[],0,0,0,"['guyana', 'farmers', 'flood', 'climate', 'adaptation']",[],https://twitter.com/TRF_Climate/status/362587209129394176,False,,0,,,,,,,,[],,,,
362587206633791494,362587206633791494,2013-07-31 10:55:01 EDT,2013-07-31,10:55:01,-0400,15762575,trf_stories,Thomson Reuters Foundation News,,"#Guyana's coastal #farmers improve drainage to avert worsening #flood damage, need more support  http://t.co/ImZBSsaOeX #climate #adaptation",en,[],['http://ow.ly/nuYnB'],[],0,0,0,"['guyana', 'farmers', 'flood', 'climate', 'adaptation']",[],https://twitter.com/TRF_Stories/status/362587206633791494,False,,0,,,,,,,,[],,,,
362586554209800192,362586554209800192,2013-07-31 10:52:25 EDT,2013-07-31,10:52:25,-0400,613641024,radaltonltd,RA Dalton,,Problems with your #sewage system due to the #rain &amp; #floods - call us on 01388 537030 for help #bizitweet #like2 #flood,en,[],[],[],0,0,0,"['sewage', 'rain', 'floods', 'bizitweet', 'like2', 'flood']",[],https://twitter.com/RADaltonLtd/status/362586554209800192,False,,0,,,,,,,,[],,,,
362583938323054593,362583938323054593,2013-07-31 10:42:02 EDT,2013-07-31,10:42:02,-0400,539355124,cottageclubgl,CottageClub,,Who will be attending the #Flood Aid concert at McMahon Stadium hosted by @BrentButt next month?   http://t.co/wRQqsRxujA #,en,"[{'screen_name': 'brentbutt', 'name': 'brent butt', 'id': '41626387'}]",['http://spr.ly/6011Zo4T'],[],0,0,0,['flood'],[],https://twitter.com/CottageClubGL/status/362583938323054593,False,,0,,,,,,,,[],,,,
362583349258235904,362583349258235904,2013-07-31 10:39:41 EDT,2013-07-31,10:39:41,-0400,1467303697,milrelo,MilitaryRelocator,,Flood Insurance Rates Going Up? Here’s What to Do  #flood #protectyourhome #tips  http://t.co/b4J8xjbBjO,en,[],['http://bit.ly/1377sIO'],[],0,0,0,"['flood', 'protectyourhome', 'tips']",[],https://twitter.com/MilRelo/status/362583349258235904,False,,0,,,,,,,,[],,,,
362581262197719041,362581262197719041,2013-07-31 10:31:24 EDT,2013-07-31,10:31:24,-0400,903495044,ictinemergency,ICTinEmergency,,Geoscience Australia develops online National #Flood #Risk #Information #Portal:   https://t.co/9adfYxGOrZ,en,[],['https://ict4peace.crowdmap.com/reports/view/1559'],[],0,0,0,"['flood', 'risk', 'information', 'portal']",[],https://twitter.com/ICTinEmergency/status/362581262197719041,False,,0,,,,,,,,[],,,,
362580541087825920,362580541087825920,2013-07-31 10:28:32 EDT,2013-07-31,10:28:32,-0400,49655193,fmglobal,FM Global,,Reduce #flood #risk or watch development wash away  http://t.co/hdlbiBA2sH @unisdr,en,"[{'screen_name': 'unisdr', 'name': 'unisdr', 'id': '1151141593128284160'}]",['http://ow.ly/nuTuY'],[],0,3,0,"['flood', 'risk']",[],https://twitter.com/FMGlobal/status/362580541087825920,False,,0,,,,,,,,[],,,,
362573018674905088,362573018674905088,2013-07-31 09:58:38 EDT,2013-07-31,09:58:38,-0400,1536412436,globalfloodnews,GlobalFloodSystem,,"#flood #disaster Floods hit Thai-Myanmar border: YANGON - Almost 25,000 people have been evacuated to makeshif...  http://t.co/HIQ7Hm7V3R",en,[],['http://bit.ly/14CHbkY'],[],0,0,0,"['flood', 'disaster']",[],https://twitter.com/GlobalFloodNews/status/362573018674905088,False,,0,,,,,,,,[],,,,
362571433861316609,362571433861316609,2013-07-31 09:52:20 EDT,2013-07-31,09:52:20,-0400,21544055,porobica,Amra Porobic,,"Sea-level rise threatens 1,400 US cities  http://t.co/Hj5PYd0S1Y via @USATODAY Think #costal #flood #management as emissions' cut won't help",en,"[{'screen_name': 'usatoday', 'name': 'usa today', 'id': '15754281'}]",['http://usat.ly/1chGyVt'],[],0,0,0,"['costal', 'flood', 'management']",[],https://twitter.com/porobica/status/362571433861316609,False,,0,,,,,,,,[],,,,
362571389741436929,362571389741436929,2013-07-31 09:52:10 EDT,2013-07-31,09:52:10,-0400,124240323,science_buzz,Science Buzz,,"Flood Stage: 14 ft Latest Observation: 3.72 ft Observation Time: Jul 31, 2013 08:15 AM…  http://t.co/XHUWgS1W39 #flood",en,[],['http://goo.gl/fb/s6DRm'],[],0,0,0,['flood'],[],https://twitter.com/science_buzz/status/362571389741436929,False,,0,,,,,,,,[],,,,
362570064861474816,362570064861474816,2013-07-31 09:46:54 EDT,2013-07-31,09:46:54,-0400,492315701,ticket_for_one,TICKET-FOR-ONE,,#thebible #noah #methuselah #ark #flood #God #Genesis #Texas #church #aronofsky Darren Aronofsky's Noah footage...  http://t.co/VEtxut9pfY,fr,[],['http://fb.me/2hQH05HSE'],[],0,0,0,"['thebible', 'noah', 'methuselah', 'ark', 'flood', 'god', 'genesis', 'texas', 'church', 'aronofsky']",[],https://twitter.com/TICKET_FOR_ONE/status/362570064861474816,False,,0,,,,,,,,[],,,,
362569914810249218,362569914810249218,2013-07-31 09:46:18 EDT,2013-07-31,09:46:18,-0400,459772301,cjohnson2001,Chris Johnson,,Excited to deliver a word to @VODCHURCH youth camp this morning!! God will pour out His spirit on ALL flesh! #flood,en,"[{'screen_name': 'vodchurch', 'name': 'valley of decision', 'id': '32810750'}]",[],[],0,1,1,['flood'],[],https://twitter.com/CJohnson2001/status/362569914810249218,False,,0,,,,,,,,[],,,,
362569587834896384,362569587834896384,2013-07-31 09:45:00 EDT,2013-07-31,09:45:00,-0400,444650546,clfplayer,CLF PLAYER,,#thebible #noah #methuselah #ark #flood #God #Genesis #Texas #church Darren Aronofsky's Noah footage screened at...  http://t.co/3TVyBhJTs2,en,[],['http://fb.me/2DTRQlAkk'],[],0,0,0,"['thebible', 'noah', 'methuselah', 'ark', 'flood', 'god', 'genesis', 'texas', 'church']",[],https://twitter.com/clfplayer/status/362569587834896384,False,,0,,,,,,,,[],,,,
362565618949554176,362565618949554176,2013-07-31 09:29:14 EDT,2013-07-31,09:29:14,-0400,216234890,sjamesfield,sjamesfield,,"#Flood preparedness, communication and #adaptation at the neighbourhood scale.  http://t.co/Rr0RjzUrWS #climatechange",en,[],['http://climatecolab.org/web/guest/plans/-/plans/contestId/14/planId/1303615#.UfkRDawVXB4.twitter'],[],0,0,0,"['flood', 'adaptation', 'climatechange']",[],https://twitter.com/sjamesfield/status/362565618949554176,False,,0,,,,,,,,[],,,,
362565423377559553,362565423377559553,2013-07-31 09:28:27 EDT,2013-07-31,09:28:27,-0400,1524666164,lighting4yoo,dom lighting,,TCP LED14E26P3030KFL Dimmable LED 14Watt...  http://t.co/BlLOJgKC3L #14Watt #Dimmable #Flood #Lamp #LED14E26P3030KFL #North #PAR30,en,[],['http://www.shortvale.com/xth2'],[],0,0,0,"['14watt', 'dimmable', 'flood', 'lamp', 'led14e26p3030kfl', 'north', 'par30']",[],https://twitter.com/lighting4yoo/status/362565423377559553,False,,0,,,,,,,,[],,,,
362563080447721473,362563080447721473,2013-07-31 09:19:09 EDT,2013-07-31,09:19:09,-0400,313283120,mishallbanilla,Michelle B. Magarzo,,#Shaped #Flood #NoFilter #Michelle  http://t.co/2jts1es1f4,und,[],['http://instagram.com/p/cboZgGCzzg/'],[],0,0,0,"['shaped', 'flood', 'nofilter', 'michelle']",[],https://twitter.com/MishallBanilla/status/362563080447721473,False,,0,,,,,,,,[],,,,
362562551965433856,362562551965433856,2013-07-31 09:17:03 EDT,2013-07-31,09:17:03,-0400,562640122,servpromaryland,SERVPRO Glen Burnie,,"Should your business suffer a major loss, give us a call. #flood #fire #disastercleanup  http://t.co/eJ04Oz2Biy",en,[],['http://bit.ly/12BnP2J'],[],0,0,0,"['flood', 'fire', 'disastercleanup']",[],https://twitter.com/SERVPROMaryland/status/362562551965433856,False,,0,,,,,,,,[],,,,
362562362454192129,362562362454192129,2013-07-31 09:16:17 EDT,2013-07-31,09:16:17,-0400,1536412436,globalfloodnews,GlobalFloodSystem,,#flood #disaster Flash floods in Yorkshire as half a month's rain falls in just two hours - Express.co...  http://t.co/emRnSvpNAO,en,[],['http://bit.ly/15aXhZj'],[],0,0,0,"['flood', 'disaster']",[],https://twitter.com/GlobalFloodNews/status/362562362454192129,False,,0,,,,,,,,[],,,,
362559117572849665,362010212418334722,2013-07-31 09:03:24 EDT,2013-07-31,09:03:24,-0400,1360704102,guilly2p,2P News,,@CTVCalgary @CTVBMacfarlane @CTVNews  http://t.co/F7aN0DqnRO #flood #redford,und,"[{'screen_name': 'ctvbmacfarlane', 'name': 'bill macfarlane', 'id': '405118537'}, {'screen_name': 'ctvnews', 'name': 'ctv news', 'id': '203123011'}]",['http://www.provedplusprobable.com/redford-amends-flood-relief-requirements-all-houses-now-required-to-be-jacked/'],[],0,0,0,"['flood', 'redford']",[],https://twitter.com/Guilly2P/status/362559117572849665,False,,0,,,,,,,,[],,,,
362558909044633602,362558909044633602,2013-07-31 09:02:34 EDT,2013-07-31,09:02:34,-0400,191513342,guichs,Guillaume Stckmnn,,Unfollowing @dourfestival. Done. #spam #flood,en,"[{'screen_name': 'dourfestival', 'name': 'dour festival', 'id': '6007782'}]",[],[],0,0,0,"['spam', 'flood']",[],https://twitter.com/GuichS/status/362558909044633602,False,,0,,,,,,,,[],,,,
362558773849620481,362558773849620481,2013-07-31 09:02:02 EDT,2013-07-31,09:02:02,-0400,1395886172,insrisksadvisor,InsuranceRiskAdvisor,," http://t.co/2f6q8fWkR3 #Using #Outdated #Data, #FEMA Is #Wrongly #Placing #Homeowners in #Flood #Zones  http://t.co/lrjhrk9ev9",en,[],['http://bit.ly/137sVkS'],['https://pbs.twimg.com/media/BQgRSK4CAAE89_f.jpg'],0,0,0,"['using', 'outdated', 'data', 'fema', 'wrongly', 'placing', 'homeowners', 'flood', 'zones']",[],https://twitter.com/InsRisksAdvisor/status/362558773849620481,False,,1,https://pbs.twimg.com/media/BQgRSK4CAAE89_f.jpg,,,,,,,[],,,,
362558597969874944,362558597969874944,2013-07-31 09:01:20 EDT,2013-07-31,09:01:20,-0400,1497050484,oceanplank,Jose Juan Gutierrez,,#Wetlands #Natural #Ecological #Systems #Erosion #Flood #Control #Water #Treatment #Environment #Ecological #Habitats  http://t.co/PoOKDqeArv,und,[],['http://dld.bz/b9fer'],[],0,0,0,"['wetlands', 'natural', 'ecological', 'systems', 'erosion', 'flood', 'control', 'water', 'treatment', 'environment', 'ecological', 'habitats']",[],https://twitter.com/oceanplank/status/362558597969874944,False,,0,,,,,,,,[],,,,
362554477980565504,362554477980565504,2013-07-31 08:44:58 EDT,2013-07-31,08:44:58,-0400,540290026,francklebreton1,Franck Le Breton,,Espagne #troller du 21ème siècle qui s'excite sur une tendance du genre #flood #cqfd  https://t.co/NllTza0NOY,fr,[],['https://twitter.com/Albayraakkk/status/362150940461113346'],[],0,0,0,"['troller', 'flood', 'cqfd']",[],https://twitter.com/Francklebreton1/status/362554477980565504,False,0,0,,,,,,,,[],,,,
362553428452446209,362553428452446209,2013-07-31 08:40:47 EDT,2013-07-31,08:40:47,-0400,436790453,basementsedin,Basement Waterproof,,RT @WiseBasementSys: Experts issue #Flood and #Heatwave alerts! Are you sizzling or soaked?  http://t.co/LbLgDyJcXu,en,"[{'screen_name': 'wisebasementsys', 'name': 'basement systems', 'id': '329646621'}]",['http://www.thesun.co.uk/sol/homepage/news/5042846/Heatwave-flood-alerts-at-the-same-time.html'],[],0,0,0,"['flood', 'heatwave']",[],https://twitter.com/BasementsEdin/status/362553428452446209,False,,0,,,,,,,,[],,,,
362543683029049344,362543683029049344,2013-07-31 08:02:04 EDT,2013-07-31,08:02:04,-0400,633485882,news9tweets,NEWS9,,"#Flood-ravaged #Uttarakhand seeks Rs 13,800 crore from the Centre for reconstruction, relief work #NEWS9",en,[],[],[],0,0,0,"['flood', 'uttarakhand', 'news9']",[],https://twitter.com/NEWS9TWEETS/status/362543683029049344,False,,0,,,,,,,,[],,,,
362542425916448768,362542425916448768,2013-07-31 07:57:04 EDT,2013-07-31,07:57:04,-0400,371239780,viceryllecavite,",",,out.. ang saya.. hahah.. :D #flood,tl,[],[],[],1,0,0,['flood'],[],https://twitter.com/viceryllecavite/status/362542425916448768,False,,0,,,,,,,,[],,,,
362541075237306370,362541075237306370,2013-07-31 07:51:42 EDT,2013-07-31,07:51:42,-0400,342772619,goatys_news,GOATY'S NEWS UK-COVID19 airbourne indoors-mask up!,,#UK #SEVERE #WEATHER &amp; #FLOOD WARNINGS: #TORNADO #MIDLANDS #Flooding #Wales #England #Wx #SkywarnUK #News  http://t.co/SUJ9ZZZoUf,en,[],['http://fb.me/2dPTnZuTI'],[],0,0,0,"['uk', 'severe', 'weather', 'flood', 'tornado', 'midlands', 'flooding', 'wales', 'england', 'wx', 'skywarnuk', 'news']",[],https://twitter.com/Goatys_News/status/362541075237306370,False,,0,,,,,,,,[],,,,
362537045064822786,362537045064822786,2013-07-31 07:35:41 EDT,2013-07-31,07:35:41,-0400,1536412436,globalfloodnews,GlobalFloodSystem,,#flood #disaster Floods cause 'sheer devastation' in Todmorden: A TOWN was left under a foot and a half of wat...  http://t.co/6gK1vC4zFj,en,[],['http://bit.ly/17hFrzA'],[],0,0,0,"['flood', 'disaster']",[],https://twitter.com/GlobalFloodNews/status/362537045064822786,False,,0,,,,,,,,[],,,,
362536377562308608,362536377562308608,2013-07-31 07:33:02 EDT,2013-07-31,07:33:02,-0400,403539516,disaster_update,Recent Natural Disasters,,"Mission, South Dakota flooding 2013: Over 100 evacuated  http://t.co/EENlzkg7TM #unitedstates #specialreports #flood",en,[],['http://goo.gl/fb/2Qnzf'],[],0,1,0,"['unitedstates', 'specialreports', 'flood']",[],https://twitter.com/Disaster_Update/status/362536377562308608,False,,0,,,,,,,,[],,,,
362536213401444353,362536213401444353,2013-07-31 07:32:23 EDT,2013-07-31,07:32:23,-0400,124240323,science_buzz,Science Buzz,,"Flood Stage: 14 ft Latest Observation: 3.91 ft Observation Time: Jul 31, 2013 05:15 AM…  http://t.co/0KIToahEQF #flood",en,[],['http://goo.gl/fb/c5Gw7'],[],0,0,0,['flood'],[],https://twitter.com/science_buzz/status/362536213401444353,False,,0,,,,,,,,[],,,,
362526885894295554,362526885894295554,2013-07-31 06:55:19 EDT,2013-07-31,06:55:19,-0400,1536412436,globalfloodnews,GlobalFloodSystem,,#flood #disaster Myanmar floods force 25000 into camps - The Australian: Channel News AsiaMyanmar floods force...  http://t.co/DfPCd98A7w,en,[],['http://bit.ly/14C6vHV'],[],0,0,0,"['flood', 'disaster']",[],https://twitter.com/GlobalFloodNews/status/362526885894295554,False,,0,,,,,,,,[],,,,
362526884933795842,362526884933795842,2013-07-31 06:55:19 EDT,2013-07-31,06:55:19,-0400,1536412436,globalfloodnews,GlobalFloodSystem,,#flood #disaster 85% fall in tourist traffic in Uttarakhand due to floods: ASSOCHAM - Economic Times: Economic...  http://t.co/G93OBZqf9H,en,[],['http://bit.ly/15abm9g'],[],0,0,0,"['flood', 'disaster']",[],https://twitter.com/GlobalFloodNews/status/362526884933795842,False,,0,,,,,,,,[],,,,
362526884237545472,362526884237545472,2013-07-31 06:55:19 EDT,2013-07-31,06:55:19,-0400,1536412436,globalfloodnews,GlobalFloodSystem,,#flood #disaster Qld floods sparked smoking surge: study - Ninemsn: The GuardianQld floods sparked smoking sur...  http://t.co/2treRF5Den,en,[],['http://bit.ly/1bJ7OyB'],[],0,0,0,"['flood', 'disaster']",[],https://twitter.com/GlobalFloodNews/status/362526884237545472,False,,0,,,,,,,,[],,,,
362524117401993216,362524117401993216,2013-07-31 06:44:19 EDT,2013-07-31,06:44:19,-0400,574621238,glipho,Glipho,,"A Nasty, Nasty Lesson From Mother Nature.   http://t.co/cNYG7GggxP #flood",en,[],['http://glipho.com/goneawayboys/a-nasty-nasty-lesson-from-mother-nature'],[],0,0,0,['flood'],[],https://twitter.com/glipho/status/362524117401993216,False,,0,,,,,,,,[],,,,
362516879555821569,362516879555821569,2013-07-31 06:15:33 EDT,2013-07-31,06:15:33,-0400,138538188,leafletpro,Mark Harding,,#StokeBiz One call flood &amp; fire restoration for all your restoration needs #fire #flood #mould call Tom on 07717 846843 #bizitalk #FPSBS,en,[],[],[],0,3,0,"['stokebiz', 'fire', 'flood', 'mould', 'bizitalk', 'fpsbs']",[],https://twitter.com/LeafletPro/status/362516879555821569,False,,0,,,,,,,,[],,,,
362515930464518145,362515930464518145,2013-07-31 06:11:47 EDT,2013-07-31,06:11:47,-0400,1597304312,xinhuaworld,Xinhua World News,,#Flood leaves five dead in northern Vietnam.  http://t.co/tuVUpThtHY,en,[],['http://news.xinhuanet.com/english/world/2013-07/31/c_132590903.htm'],[],0,0,0,['flood'],[],https://twitter.com/XinhuaWorld/status/362515930464518145,False,,0,,,,,,,,[],,,,
362505613089062913,362505613089062913,2013-07-31 05:30:47 EDT,2013-07-31,05:30:47,-0400,269735648,wiseknotweed,Wise Knotweed,,RT @WiseBasementSys: Experts issue #Flood and #Heatwave alerts! Are you sizzling or soaked?  http://t.co/NE2n5d8pnN,en,"[{'screen_name': 'wisebasementsys', 'name': 'basement systems', 'id': '329646621'}]",['http://www.thesun.co.uk/sol/homepage/news/5042846/Heatwave-flood-alerts-at-the-same-time.html'],[],0,0,0,"['flood', 'heatwave']",[],https://twitter.com/wiseknotweed/status/362505613089062913,False,,0,,,,,,,,[],,,,
362502775768231936,362502775768231936,2013-07-31 05:19:31 EDT,2013-07-31,05:19:31,-0400,403539516,disaster_update,Recent Natural Disasters,,Yorkshire floods today: #Flood damage in Calder Valley and Todmorden  http://t.co/1fNvbuZFkU #specialreports,en,[],['http://goo.gl/fb/1U5H5'],[],0,0,0,"['flood', 'specialreports']",[],https://twitter.com/Disaster_Update/status/362502775768231936,False,,0,,,,,,,,[],,,,
362502597334138881,362502597334138881,2013-07-31 05:18:48 EDT,2013-07-31,05:18:48,-0400,124240323,science_buzz,Science Buzz,,"Flood Stage: 14 ft Latest Observation: 3.92 ft Observation Time: Jul 31, 2013 03:15 AM…  http://t.co/5NQFPbvwxF #flood",en,[],['http://goo.gl/fb/odNB2'],[],0,0,0,['flood'],[],https://twitter.com/science_buzz/status/362502597334138881,False,,0,,,,,,,,[],,,,
362502151290880001,362502151290880001,2013-07-31 05:17:02 EDT,2013-07-31,05:17:02,-0400,1536412436,globalfloodnews,GlobalFloodSystem,,#flood #disaster Floods cause 'sheer devastation' to Todmorden: A TOWN was left under a foot and a half of wat...  http://t.co/z0dqjLbn6l,en,[],['http://bit.ly/1bIS8ez'],[],0,0,0,"['flood', 'disaster']",[],https://twitter.com/GlobalFloodNews/status/362502151290880001,False,,0,,,,,,,,[],,,,
362502150523326465,362502150523326465,2013-07-31 05:17:02 EDT,2013-07-31,05:17:02,-0400,1536412436,globalfloodnews,GlobalFloodSystem,,"#flood #disaster Myanmar floods force 25,000 into relief camps: Nearly 25,000 people have been evacuated to ma...  http://t.co/tks9VuCawV",en,[],['http://bit.ly/1bIS9zh'],[],0,0,0,"['flood', 'disaster']",[],https://twitter.com/GlobalFloodNews/status/362502150523326465,False,,0,,,,,,,,[],,,,
362502149856440320,362502149856440320,2013-07-31 05:17:02 EDT,2013-07-31,05:17:02,-0400,1536412436,globalfloodnews,GlobalFloodSystem,,"#flood #disaster Holenarasipur has seen no floods, has flood protection wall: While people from flood-affected...  http://t.co/FLXEOwr8Pv",en,[],['http://bit.ly/14BOPfq'],[],0,0,0,"['flood', 'disaster']",[],https://twitter.com/GlobalFloodNews/status/362502149856440320,False,,0,,,,,,,,[],,,,
362498595712270336,362498595712270336,2013-07-31 05:02:54 EDT,2013-07-31,05:02:54,-0400,316426218,one_trueangel,One True Angel,,Ready for the flood #flood #rainboots #typhoon #InstaFrame  http://t.co/hj73sV8k0p,en,[],['http://instagram.com/p/cbLFPfAzaI/'],[],0,0,0,"['flood', 'rainboots', 'typhoon', 'instaframe']",[],https://twitter.com/one_trueangel/status/362498595712270336,False,,0,,,,,,,,[],,,,
362498443601657856,362498443601657856,2013-07-31 05:02:18 EDT,2013-07-31,05:02:18,-0400,54264954,healix_security,Healix Security,,"Brazil - Travel News - Rio de Janeiro suburb flooded by burst water pipe, hundreds evacuated #Brazil #RiodeJaneiro #travel #safety #flood",en,[],[],[],0,0,0,"['brazil', 'riodejaneiro', 'travel', 'safety', 'flood']",[],https://twitter.com/healix_security/status/362498443601657856,False,,0,,,,,,,,[],,,,
362498278761304064,362498278761304064,2013-07-31 05:01:39 EDT,2013-07-31,05:01:39,-0400,1445261761,lmi_hub,LMI Coordination Hub,,Want to stay update on the Mekong flood situation? Visit @MRCMekong 's Flood Forecasting at  http://t.co/pFlXidO0gZ  #Mekong #flood,en,"[{'screen_name': 'mrcmekong', 'name': 'mrc', 'id': '212175109'}]",['http://ffw.mrcmekong.org/'],[],0,0,0,"['mekong', 'flood']",[],https://twitter.com/LMI_Hub/status/362498278761304064,False,,0,,,,,,,,[],,,,
362497635820642304,362497635820642304,2013-07-31 04:59:05 EDT,2013-07-31,04:59:05,-0400,991615020,calumcarrick1,Calum,,Torrential rain out there r noah will sort us though #flood,en,[],[],[],0,0,1,['flood'],[],https://twitter.com/calumcarrick1/status/362497635820642304,False,,0,,,,,,,,[],,,,
362493267281068032,362493267281068032,2013-07-31 04:41:44 EDT,2013-07-31,04:41:44,-0400,172832752,ncemergency,NC Emergency Management,,"#flood damage continues today in Catawba and Lincoln counties. If you need help recovering from recent flooding,...  http://t.co/AY8QS5GRfw",en,[],['http://fb.me/23Oh2KTAj'],[],0,2,1,['flood'],[],https://twitter.com/NCEmergency/status/362493267281068032,False,,0,,,,,,,,[],,,,
362492032494735361,362492032494735361,2013-07-31 04:36:49 EDT,2013-07-31,04:36:49,-0400,1536412436,globalfloodnews,GlobalFloodSystem,,#flood #disaster Queensland flood victims report higher rates of drinking and smoking - The Guardian: The Guar...  http://t.co/ntuvJ3wwho,en,[],['http://bit.ly/17hejk6'],[],0,0,0,"['flood', 'disaster']",[],https://twitter.com/GlobalFloodNews/status/362492032494735361,False,,0,,,,,,,,[],,,,
362492031592964097,362492031592964097,2013-07-31 04:36:49 EDT,2013-07-31,04:36:49,-0400,1536412436,globalfloodnews,GlobalFloodSystem,,"#flood #disaster SBA loans available after storms, floods in Perry, surrounding counties - Columbus Dispatch: ...  http://t.co/0ZpzI6Sgn2",en,[],['http://bit.ly/1cn9ITf'],[],0,0,0,"['flood', 'disaster']",[],https://twitter.com/GlobalFloodNews/status/362492031592964097,False,,0,,,,,,,,[],,,,
362491612913352706,362491612913352706,2013-07-31 04:35:09 EDT,2013-07-31,04:35:09,-0400,172832752,ncemergency,NC Emergency Management,,Catawba County residents who have flood damage may report damage at  http://t.co/7nFF362JXq  or call 828-466-7208. #flood #readync #ccflood,en,[],['http://bit.ly/ccflood'],[],0,3,1,"['flood', 'readync', 'ccflood']",[],https://twitter.com/NCEmergency/status/362491612913352706,False,,0,,,,,,,,[],,,,
362491611902517248,362491611902517248,2013-07-31 04:35:09 EDT,2013-07-31,04:35:09,-0400,429910939,ncpublicsafety,NC Public Safety,,Catawba County residents who have flood damage may report damage at  http://t.co/YQUoEH6yX2  or call 828-466-7208. #flood #readync #ccflood,en,[],['http://bit.ly/ccflood'],[],0,0,1,"['flood', 'readync', 'ccflood']",[],https://twitter.com/NCPublicSafety/status/362491611902517248,False,,0,,,,,,,,[],,,,
362487991387684865,362487991387684865,2013-07-31 04:20:46 EDT,2013-07-31,04:20:46,-0400,868301413,keepdotca,Keep Canada,,keep.ca: High River homes sacrificed during...  http://t.co/sYqmPp1UL4  #during #flood #High #homes #official #River #sacrificed #says #video,en,[],['http://bit.ly/18Meqro'],[],0,0,0,"['during', 'flood', 'high', 'homes', 'official', 'river', 'sacrificed', 'says', 'video']",[],https://twitter.com/KeepDotCa/status/362487991387684865,False,,0,,,,,,,,[],,,,
362487947515269121,362487947515269121,2013-07-31 04:20:36 EDT,2013-07-31,04:20:36,-0400,99252356,jillybully,The Good Tomato,,Flooded again un manila. #pwu #taft #flood #rain  http://t.co/E2D1qzZtn6,en,[],['http://instagram.com/p/cahafULNu9/'],[],1,0,0,"['pwu', 'taft', 'flood', 'rain']",[],https://twitter.com/jillybully/status/362487947515269121,False,,0,,,,,,,,[],,,,
362486738234519552,362486738234519552,2013-07-31 04:15:47 EDT,2013-07-31,04:15:47,-0400,239315002,wisepc,Wise Property Care,,RT @WiseBasementSys: Experts issue #Flood and #Heatwave alerts! Are you sizzling or soaked?  http://t.co/aFELd2bHRM #wpcdamp,en,"[{'screen_name': 'wisebasementsys', 'name': 'basement systems', 'id': '329646621'}]",['http://www.thesun.co.uk/sol/homepage/news/5042846/Heatwave-flood-alerts-at-the-same-time.html'],[],0,0,0,"['flood', 'heatwave', 'wpcdamp']",[],https://twitter.com/wisepc/status/362486738234519552,False,,0,,,,,,,,[],,,,
362482442172502016,362482442172502016,2013-07-31 03:58:43 EDT,2013-07-31,03:58:43,-0400,920688266,insurancesteph,Stephanie Denton,,What's the #flood update today? @CunninghamLin @Crawford_News @GABRobinsUK #stillraining,en,"[{'screen_name': 'cunninghamlin', 'name': 'lin cunningham', 'id': '1008402373541269504'}]",[],[],0,0,0,"['flood', 'stillraining']",[],https://twitter.com/InsuranceSteph/status/362482442172502016,False,,0,,,,,,,,[],,,,
362481921424494595,362481921424494595,2013-07-31 03:56:39 EDT,2013-07-31,03:56:39,-0400,1548738824,christthealbum,SubversiveActivitys,,"I just thought about young #BradleyManning and feel like #Tears, but those tears feed a river of discontent, many are crying, #Flood #Please",en,[],[],[],0,0,0,"['bradleymanning', 'tears', 'flood', 'please']",[],https://twitter.com/ChristTheAlbum/status/362481921424494595,False,,0,,,,,,,,[],,,,
362475789767290880,362475789767290880,2013-07-31 03:32:17 EDT,2013-07-31,03:32:17,-0400,403539516,disaster_update,Recent Natural Disasters,,"#Flood damage in Calder Valley and #Todmorden, #Yorkshire, #England  http://t.co/05LZhU05YZ",en,[],['http://www.disaster-report.com/2013/07/yorkshire-floods-today-flood-damage-in.html'],[],0,0,0,"['flood', 'todmorden', 'yorkshire', 'england']",[],https://twitter.com/Disaster_Update/status/362475789767290880,False,,0,,,,,,,,[],,,,
362472405798625280,362472405798625280,2013-07-31 03:18:50 EDT,2013-07-31,03:18:50,-0400,85306437,sakalmedianews,sakalmedia,,"""देवभूमी'वर देव कोपला  http://t.co/aHnZpTJ4Kx  #uttarpradesh #flood #rains #calamity #national #tourismindustry",mr,[],['http://goo.gl/tLIKRi'],[],0,1,1,"['uttarpradesh', 'flood', 'rains', 'calamity', 'national', 'tourismindustry']",[],https://twitter.com/SakalMediaNews/status/362472405798625280,False,,0,,,,,,,,[],,,,
362470011039776768,362470011039776768,2013-07-31 03:09:19 EDT,2013-07-31,03:09:19,-0400,124240323,science_buzz,Science Buzz,,"Flood Stage: 14 ft Latest Observation: 3.92 ft Observation Time: Jul 31, 2013 01:15 AM…  http://t.co/kTJ8Mi2h4s #flood",en,[],['http://goo.gl/fb/VxAY3'],[],0,0,0,['flood'],[],https://twitter.com/science_buzz/status/362470011039776768,False,,0,,,,,,,,[],,,,
362469343239487488,362469343239487488,2013-07-31 03:06:40 EDT,2013-07-31,03:06:40,-0400,329646621,wisebasementsys,Basement Systems,,Experts issue #Flood and #Heatwave alerts! Are you sizzling or soaked?  http://t.co/fhyMB2ReTi #wpcdamp,en,[],['http://www.thesun.co.uk/sol/homepage/news/5042846/Heatwave-flood-alerts-at-the-same-time.html'],[],0,0,0,"['flood', 'heatwave', 'wpcdamp']",[],https://twitter.com/WiseBasementSys/status/362469343239487488,False,,0,,,,,,,,[],,,,
362467684803280898,362467684803280898,2013-07-31 03:00:05 EDT,2013-07-31,03:00:05,-0400,217012625,richfordssw,Richfords,,Article from #Worcester about the changes in #flood #insurance  http://t.co/i2kvtBkxDu #floodinsurance,en,[],['http://www.worcesterstandard.co.uk/2013/07/31/news-Flood-insurance-is-guaranteed-to-homeowners-76576.html'],[],0,0,0,"['worcester', 'flood', 'insurance', 'floodinsurance']",[],https://twitter.com/RichfordsSW/status/362467684803280898,False,,0,,,,,,,,[],,,,
362467432415248384,362467432415248384,2013-07-31 02:59:04 EDT,2013-07-31,02:59:04,-0400,1536412436,globalfloodnews,GlobalFloodSystem,,#flood #disaster Heavy rains flood parts of Metro Manila: MANILA -- Gutter-deep floods hit parts of Metro Mani...  http://t.co/DUTokyy4rr,en,[],['http://bit.ly/159P6ws'],[],0,0,0,"['flood', 'disaster']",[],https://twitter.com/GlobalFloodNews/status/362467432415248384,False,,0,,,,,,,,[],,,,
362466715126353920,362466715126353920,2013-07-31 02:56:13 EDT,2013-07-31,02:56:13,-0400,924159224,ag_wigleygroup,Alan Greenway,,Early start; workload buildup from weekend of local flooding/ overcapacity #flood damage #facilities  http://t.co/pd57chIRbt,en,[],[],['https://pbs.twimg.com/media/BQe9jpaCUAEqqNf.jpg'],0,2,0,"['flood', 'facilities']",[],https://twitter.com/AG_WigleyGroup/status/362466715126353920,False,,1,https://pbs.twimg.com/media/BQe9jpaCUAEqqNf.jpg,,,,,,,[],,,,
362465159328956417,362465159328956417,2013-07-31 02:50:02 EDT,2013-07-31,02:50:02,-0400,40492289,iamunicahija729,Razel Erma Cuenco,,dahil ang tagal mag-load at error doble doble tanong ko.. #flood #JuliElmoLiveChat,tl,[],[],[],0,0,0,"['flood', 'julielmolivechat']",[],https://twitter.com/iamunicahija729/status/362465159328956417,False,,0,,,,,,,,[],,,,
362460521431187457,362460521431187457,2013-07-31 02:31:37 EDT,2013-07-31,02:31:37,-0400,20194839,andymatthews09,Andy Matthews,,"Nantwich Show today, so naturally it's absolutely chucking it down!!!  #rain #flood #bog #wellies",en,[],[],[],0,0,0,"['rain', 'flood', 'bog', 'wellies']",[],https://twitter.com/andymatthews09/status/362460521431187457,False,,0,,,,,,,,[],,,,
362460063299944448,362460063299944448,2013-07-31 02:29:47 EDT,2013-07-31,02:29:47,-0400,914051640,erinburton_2013,Erin Burton,,Bus driver who ignored Ariz. #flood may be charged - Yahoo! News  http://t.co/aMpYc5RVBf via @YahooNews,en,"[{'screen_name': 'yahoonews', 'name': 'yahoo news', 'id': '7309052'}]",['http://news.yahoo.com/bus-driver-ignored-ariz-flood-may-charged-204923839.html'],[],0,0,0,['flood'],[],https://twitter.com/ErinBurton_2013/status/362460063299944448,False,,0,,,,,,,,[],,,,
362457193649418241,362457193649418241,2013-07-31 02:18:23 EDT,2013-07-31,02:18:23,-0400,1536412436,globalfloodnews,GlobalFloodSystem,,#flood #disaster Investigation into how floods could wreck hospital - Irish Independent: Investigation into ho...  http://t.co/fIYEHRN0ny,en,[],['http://bit.ly/17gUbyG'],[],0,0,0,"['flood', 'disaster']",[],https://twitter.com/GlobalFloodNews/status/362457193649418241,False,,0,,,,,,,,[],,,,
362447097456365568,362447097456365568,2013-07-31 01:38:16 EDT,2013-07-31,01:38:16,-0400,1536412436,globalfloodnews,GlobalFloodSystem,,#Global #Flood #News is out!  http://t.co/gQpMAO5E3H ▸ Top stories today via @CrombieWard5 @LeeYount @GlobalFloodNews,en,"[{'screen_name': 'crombieward5', 'name': 'bonnie crombie', 'id': '256835855'}, {'screen_name': 'leeyount', 'name': 'lee yount, jr.', 'id': '16468224'}, {'screen_name': 'globalfloodnews', 'name': 'globalfloodsystem', 'id': '1536412436'}]",['http://paper.globalfloodnews.com'],[],0,0,0,"['global', 'flood', 'news']",[],https://twitter.com/GlobalFloodNews/status/362447097456365568,False,,0,,,,,,,,[],,,,
362446884863873025,362446884863873025,2013-07-31 01:37:25 EDT,2013-07-31,01:37:25,-0400,151892450,christian_galt,Christian Galt,,"Homeowners, Auto, Flood, Boat, Life, Health Insurance. Click here for a quote  http://t.co/TqK85PMUso - #GIG #coralsprings #Naples #flood",en,[],['http://galtinsurance.com/web/index.php/get-a-quote'],[],0,1,0,"['gig', 'coralsprings', 'naples', 'flood']",[],https://twitter.com/Christian_Galt/status/362446884863873025,False,,0,,,,,,,,[],,,,
362444789830000640,362444789830000640,2013-07-31 01:29:06 EDT,2013-07-31,01:29:06,-0400,23824465,melanesianyouth,M.Y.,,"RT @MALUKUSATUDAR4H: Negeri Amahusu, #Ambon ini jalan ke kuburan, (Photo by: @jmanuputty )  http://t.co/pF3fiGtqOU #flood #Maluku",in,"[{'screen_name': 'malukusatudar4h', 'name': 'maluku satu darah', 'id': '294549734'}, {'screen_name': 'jmanuputty', 'name': 'jacky manuputty', 'id': '93991706'}]",[],['https://pbs.twimg.com/media/BQegGS_CYAAcI3k.jpg'],0,1,0,"['ambon', 'flood', 'maluku']",[],https://twitter.com/MelanesianYouth/status/362444789830000640,False,,1,https://pbs.twimg.com/media/BQegGS_CYAAcI3k.jpg,,,,,,,[],,,,
362444677355544576,362444677355544576,2013-07-31 01:28:39 EDT,2013-07-31,01:28:39,-0400,23824465,melanesianyouth,M.Y.,,RT @MALUKUSATUDAR4H: Beberapa lokasi tanah longsor di #Ambon (Photo by: @jmanuputty )  http://t.co/ly80FzoReQ #flood #Maluku,in,"[{'screen_name': 'malukusatudar4h', 'name': 'maluku satu darah', 'id': '294549734'}, {'screen_name': 'jmanuputty', 'name': 'jacky manuputty', 'id': '93991706'}]",[],['https://pbs.twimg.com/media/BQefydJCcAAB_X9.jpg'],0,0,0,"['ambon', 'flood', 'maluku']",[],https://twitter.com/MelanesianYouth/status/362444677355544576,False,,1,https://pbs.twimg.com/media/BQefydJCcAAB_X9.jpg,,,,,,,[],,,,
362435016984236032,362435016984236032,2013-07-31 00:50:16 EDT,2013-07-31,00:50:16,-0400,124240323,science_buzz,Science Buzz,,"Flood Stage: 14 ft Latest Observation: 3.92 ft Observation Time: Jul 30, 2013 11:15 PM…  http://t.co/UyZZUbBkNI #flood",en,[],['http://goo.gl/fb/dxBda'],[],0,0,0,['flood'],[],https://twitter.com/science_buzz/status/362435016984236032,False,,0,,,,,,,,[],,,,
362430431695605760,362430431695605760,2013-07-31 00:32:03 EDT,2013-07-31,00:32:03,-0400,489951422,singing_freedom,Alison,,Service tonight was wowww. Can't wait for the rest of the week! @VODCHURCH #flood 🙌👍🙏,en,"[{'screen_name': 'vodchurch', 'name': 'valley of decision', 'id': '32810750'}]",[],[],0,2,0,['flood'],[],https://twitter.com/singing_freedom/status/362430431695605760,False,,0,,,,,,,,[],,,,
362430155563597826,362430155563597826,2013-07-31 00:30:57 EDT,2013-07-31,00:30:57,-0400,1415336172,ponyprodwtvy,Sean Sporman WTVY,,A Flash #Flood Warning is in effect for Pike County through 1am. The latest:  http://t.co/aQRU6ntwxU #alwx,en,[],['http://www.wtvy.com/home/headlines/Flash-Flood-Warning-in-Effect-for-Pike-County-Through-1am-217700391.html'],[],0,1,0,"['flood', 'alwx']",[],https://twitter.com/PonyProdWTVY/status/362430155563597826,False,,0,,,,,,,,[],,,,
362423638948978692,362423638948978692,2013-07-31 00:05:03 EDT,2013-07-31,00:05:03,-0400,271228129,jethbardillon,Jeth Bardillon,,Ako ay may evidence kung bakit ako late! :|   #ihaterainydays #flood  http://t.co/UBy8WlBCKu,tl,[],['http://instagram.com/p/caoKhAvJ67/'],[],0,0,0,"['ihaterainydays', 'flood']",[],https://twitter.com/jethbardillon/status/362423638948978692,False,,0,,,,,,,,[],,,,
362422970519535616,362422970519535616,2013-07-31 00:02:24 EDT,2013-07-31,00:02:24,-0400,1536412436,globalfloodnews,GlobalFloodSystem,,#flood #disaster Brazilian girl killed as water floods streets - Ninemsn: The News InternationalBrazilian girl...  http://t.co/qA0sWVXKnu,en,[],['http://bit.ly/1cmvvud'],[],0,0,0,"['flood', 'disaster']",[],https://twitter.com/GlobalFloodNews/status/362422970519535616,False,,0,,,,,,,,[],,,,
362422790999130112,362422790999130112,2013-07-31 00:01:41 EDT,2013-07-31,00:01:41,-0400,15763674,luichris,Lui Chris,,"Effin rain! #flood #wetshoes #wetsocks yup, bumabaha po sa makati. San Lo nga binabaha eh",tl,[],[],[],0,0,0,"['flood', 'wetshoes', 'wetsocks']",[],https://twitter.com/LuiChris/status/362422790999130112,False,,0,,,,,,,,[],,,,
362421744776122369,362421744776122369,2013-07-30 23:57:32 EDT,2013-07-30,23:57:32,-0400,133152120,news5ph,News5,,"#FLOOD ALERT: Quezon blvd. Paterno SB - gutter deep., Adriatico Harrison SB - gutter deep. #mmda |via @MMDA",en,"[{'screen_name': 'mmda', 'name': 'official mmda', 'id': '171574926'}]",[],[],0,0,0,"['flood', 'mmda']",[],https://twitter.com/News5PH/status/362421744776122369,False,,0,,,,,,,,[],,,,
362419946308894720,362419946308894720,2013-07-30 23:50:23 EDT,2013-07-30,23:50:23,-0400,119928233,gynetta,Gynetta Johnson,,Another amazing night at VOD such an honor for us 2 minister in worship as @bobby_lemley ministered thru the word!! God is so good!! #flood,en,"[{'screen_name': 'bobby_lemley', 'name': 'bobby lemley', 'id': '18880939'}]",[],[],0,2,0,['flood'],[],https://twitter.com/Gynetta/status/362419946308894720,False,,0,,,,,,,,[],,,,
362419451171323904,362419451171323904,2013-07-30 23:48:25 EDT,2013-07-30,23:48:25,-0400,1284991346,x_restoration,Xpress Restoration Inc.,,Need Emergency Flood Clean Up Service From Spring Valley? Call Xpress Restoration Inc Today!  http://t.co/c4w5fwVpBw #Flood #Cleanup,en,[],['http://www.xpress-restoration.com/blog/need-emergency-flood-cleanup-service-from-spring-valley-call-xpress-restoration-inc-today/'],[],0,0,0,"['flood', 'cleanup']",[],https://twitter.com/X_Restoration/status/362419451171323904,False,,0,,,,,,,,[],,,,
362413738831261696,362413738831261696,2013-07-30 23:25:43 EDT,2013-07-30,23:25:43,-0400,16468224,leeyount,"Lee Yount, Jr.","{'type': 'Point', 'coordinates': [35.6373391, -81.22614392]}",I'm not sure this sign applied this past Saturday. #catawbacounty #catawbacountyflood #flood #ncwx #nc…  http://t.co/uKI77DmlMT,en,[],['http://instagram.com/p/cakbBcIDDv/'],[],0,0,0,"['catawbacounty', 'catawbacountyflood', 'flood', 'ncwx', 'nc']",[],https://twitter.com/LeeYount/status/362413738831261696,False,,0,,,,,,,,[],,,,
362413008120578050,362413008120578050,2013-07-30 23:22:49 EDT,2013-07-30,23:22:49,-0400,360841799,ahs_yyczone,AHS_CalgaryZone,,More continuing care beds in High River ahead - and hospital now ramping up to pre-#flood services #yyc #ab_flood,en,[],[],[],0,2,0,"['flood', 'yyc', 'ab_flood']",[],https://twitter.com/AHS_YYCZone/status/362413008120578050,False,,0,,,,,,,,[],,,,
362410394108690432,362410394108690432,2013-07-30 23:12:25 EDT,2013-07-30,23:12:25,-0400,185952325,itsmechelo22,Cloy Pestaño,,Dami naman #SNOB sige nga kung dika snob like ka nga dito kung mag like ka dito Eh #FLOOD ko yang Facebook wall...  http://t.co/B9JWrjRCJV,tl,[],['http://fb.me/118RIIDWi'],[],0,0,0,"['snob', 'flood']",[],https://twitter.com/itsmechelo22/status/362410394108690432,False,,0,,,,,,,,[],,,,
362408848478318594,362408848478318594,2013-07-30 23:06:17 EDT,2013-07-30,23:06:17,-0400,30868014,abbiemana,Abbie Manalastas,,Well it's raining hard.... shit. #ustproblems #flood,en,[],[],[],0,0,0,"['ustproblems', 'flood']",[],https://twitter.com/abbiemana/status/362408848478318594,False,,0,,,,,,,,[],,,,
362407472780165121,362266949746569216,2013-07-30 23:00:49 EDT,2013-07-30,23:00:49,-0400,35596233,mkoch61,Matt Koch,,@FloodPolicyWonk: Blue Tape Marks #Flood Risks for Coastal Businesses #climate #floodinsurance #floodmaps  http://t.co/PcMY9hNiDU via @BW,en,"[{'screen_name': 'bw', 'name': 'businessweek', 'id': '67358777'}]",['http://buswk.co/145DECI'],[],0,0,0,"['flood', 'climate', 'floodinsurance', 'floodmaps']",[],https://twitter.com/mkoch61/status/362407472780165121,False,,0,,,,,,,,[],,,,
362407318442360833,362407318442360833,2013-07-30 23:00:12 EDT,2013-07-30,23:00:12,-0400,37513019,katgeitner,Kat Geitner,,Power doppler radar tracking a big storm system to our west. #great causeweneedmorerain #flood #catawbacounty,en,[],[],[],0,0,0,"['great', 'flood', 'catawbacounty']",[],https://twitter.com/KatGeitner/status/362407318442360833,False,,0,,,,,,,,[],,,,
362404501132554240,362404501132554240,2013-07-30 22:49:00 EDT,2013-07-30,22:49:00,-0400,365456981,emianix,null_null,"{'type': 'Point', 'coordinates': [55.77719453, 37.58149266]}",Засоряю Инстаграм :3 #flood #tickets #train #aeroexpress #airport #transition #comfort @ Аэроэкспресс…  http://t.co/ZTLwoRLU4P,ru,[],['http://instagram.com/p/cagP5SPXX3/'],[],0,0,0,"['flood', 'tickets', 'train', 'aeroexpress', 'airport', 'transition', 'comfort']",[],https://twitter.com/emianix/status/362404501132554240,False,,0,,,,,,,,[],,,,
362403993026183169,362403993026183169,2013-07-30 22:46:59 EDT,2013-07-30,22:46:59,-0400,124240323,science_buzz,Science Buzz,,"Flood Stage: 14 ft Latest Observation: 3.96 ft Observation Time: Jul 30, 2013 08:15 PM…  http://t.co/lwUAvcyT5b #flood",en,[],['http://goo.gl/fb/0fdyZ'],[],0,0,0,['flood'],[],https://twitter.com/science_buzz/status/362403993026183169,False,,0,,,,,,,,[],,,,
362403464720035843,362403464720035843,2013-07-30 22:44:53 EDT,2013-07-30,22:44:53,-0400,1069836031,constructcodes,Construction Codes,,Calgary council fears housing crisis looming in aftermath of southern Alberta floods  http://t.co/CCaHX0AWSk #yyc #flood,en,[],['http://www.calgarysun.com/2013/07/30/calgary-council-fears-housing-crisis-looming-in-aftermath-of-southern-alberta-floods'],[],0,0,0,"['yyc', 'flood']",[],https://twitter.com/ConstructCodes/status/362403464720035843,False,,0,,,,,,,,[],,,,
362402338784280577,362402338784280577,2013-07-30 22:40:25 EDT,2013-07-30,22:40:25,-0400,1069836031,constructcodes,Construction Codes,,"High River homes sacrificed during flood, says official in video  http://t.co/b72r0krDDn #yyc #HighRiver #flood",en,[],['http://cbc.sh/ihwcSaS'],[],0,0,0,"['yyc', 'highriver', 'flood']",[],https://twitter.com/ConstructCodes/status/362402338784280577,False,,0,,,,,,,,[],,,,
362397804154470401,362397804154470401,2013-07-30 22:22:24 EDT,2013-07-30,22:22:24,-0400,520361430,southsnippets,South Snippets™️,,FLOOD ALERT: Foot-thick rainwater #flood at Sharp SB due to heavy rain shower.  Moderate #traffic build-up. via @SkywaySOMCO #southAlerts,en,"[{'screen_name': 'skywaysomco', 'name': 'skyway somco', 'id': '355370689'}]",[],[],0,0,0,"['flood', 'traffic', 'southalerts']",[],https://twitter.com/SouthSnippets/status/362397804154470401,False,,0,,,,,,,,[],,,,
362396831843491841,361582742309322753,2013-07-30 22:18:32 EDT,2013-07-30,22:18:32,-0400,28065670,marykegouws,marykegouws,,@Midow32 VERY good!😊#flood #stephenbaxter,en,[],[],[],0,0,0,"['flood', 'stephenbaxter']",[],https://twitter.com/marykegouws/status/362396831843491841,False,,0,,,,,,,,[],,,,
362391335870808064,362391335870808064,2013-07-30 21:56:42 EDT,2013-07-30,21:56:42,-0400,992983208,friendscongress,Friends of Congress,,#UP #Flood situation improves as water level recedes in major rivers,en,[],[],[],0,1,0,"['up', 'flood']",[],https://twitter.com/friendscongress/status/362391335870808064,False,,0,,,,,,,,[],,,,
362388055899897856,362388055899897856,2013-07-30 21:43:40 EDT,2013-07-30,21:43:40,-0400,1056850669,airnewsalerts,All India Radio News,,#UP #Flood situation improves as water level recedes in major rivers,en,[],[],[],0,0,0,"['up', 'flood']",[],https://twitter.com/airnewsalerts/status/362388055899897856,False,,0,,,,,,,,[],,,,
362384131868463105,362384131868463105,2013-07-30 21:28:04 EDT,2013-07-30,21:28:04,-0400,37027487,wxemergencydpt,Upstate Weather SC,,@TVAmy Flip flops aren't in this year - I'm finding out. #flood Opening my car door to a cloud of mosquitos -- tank tops/shorts are out too.,en,[],[],[],1,0,0,['flood'],[],https://twitter.com/Wxemergencydpt/status/362384131868463105,False,,0,,,,,,,,[],,,,
362382817277116416,362382817277116416,2013-07-30 21:22:51 EDT,2013-07-30,21:22:51,-0400,297968046,am_mckenna,Ann Marie McKenna,,Donate to @redcrosscanada by midnight July 31 and Lysol will triple your donation to support Alberta #flood victims! #abflood #highriver,en,"[{'screen_name': 'redcrosscanada', 'name': 'canadian red cross', 'id': '16434613'}]",[],[],0,0,1,"['flood', 'abflood', 'highriver']",[],https://twitter.com/am_mckenna/status/362382817277116416,False,,0,,,,,,,,[],,,,
362380199154819072,362380199154819072,2013-07-30 21:12:26 EDT,2013-07-30,21:12:26,-0400,350129762,aalee_loveee,Monique(:,,Hector decides he can come cross over from his house to mine lmao #crazynigga #flood  http://t.co/pieYqORoXm,en,[],['http://instagram.com/p/caVKehmJgt/'],[],0,0,0,"['crazynigga', 'flood']",[],https://twitter.com/aalee_loveee/status/362380199154819072,False,,0,,,,,,,,[],,,,
362377176739364865,362377176739364865,2013-07-30 21:00:26 EDT,2013-07-30,21:00:26,-0400,301167651,disasteranimals,Animals in Disaster,,Maintaining #Livestock Health After a #Flood (via University of Wisconsin-Extension)  http://t.co/4en9ZUFhXd #disasteranimals #hmrd,en,[],['http://bit.ly/13pfcHw'],[],0,2,0,"['livestock', 'flood', 'disasteranimals', 'hmrd']",[],https://twitter.com/DisasterAnimals/status/362377176739364865,False,,0,,,,,,,,[],,,,
362376732688392192,362376732688392192,2013-07-30 20:58:40 EDT,2013-07-30,20:58:40,-0400,40657506,msbeema,Mädäm Beemä,,Inserts arrived today! Waiting on the pressed up cds... Gettn ready to #flood the streetz! #ScuseMe  http://t.co/9qdMmYAg41,en,[],['http://fb.me/Phs49XF3'],[],0,0,0,"['flood', 'scuseme']",[],https://twitter.com/MsBeema/status/362376732688392192,False,,0,,,,,,,,[],,,,
362372694479605761,362372694479605761,2013-07-30 20:42:37 EDT,2013-07-30,20:42:37,-0400,124240323,science_buzz,Science Buzz,,"Flood Stage: 14 ft Latest Observation: 3.92 ft Observation Time: Jul 30, 2013 06:15 PM…  http://t.co/sVcYlAXeMC #flood",en,[],['http://goo.gl/fb/TcOJg'],[],0,0,0,['flood'],[],https://twitter.com/science_buzz/status/362372694479605761,False,,0,,,,,,,,[],,,,
362372456377352194,362372456377352194,2013-07-30 20:41:40 EDT,2013-07-30,20:41:40,-0400,1634079728,vlexsim,Boybelieber.∞,,#Flood,und,[],[],[],0,0,0,['flood'],[],https://twitter.com/vlexsim/status/362372456377352194,False,,0,,,,,,,,[],,,,
362365515576000513,362365515576000513,2013-07-30 20:14:06 EDT,2013-07-30,20:14:06,-0400,90572962,gemgarci,Gem Garci,,What's worse than Manila? Manila with the furious rains creating havoc in the street. #Flood,en,[],[],[],0,0,0,['flood'],[],https://twitter.com/gemgarci/status/362365515576000513,False,,0,,,,,,,,[],,,,
362364338058702848,362364338058702848,2013-07-30 20:09:25 EDT,2013-07-30,20:09:25,-0400,527059180,juntshoi,Jun Tshoi,,Air di got koq keliatan makin deras ngalirnya lagi yaa?? #flood #prepare,in,[],[],[],0,0,0,"['flood', 'prepare']",[],https://twitter.com/JunTshoi/status/362364338058702848,False,,0,,,,,,,,[],,,,
