id,conversation_id,created_at,date,time,timezone,user_id,username,name,place,tweet,language,mentions,urls,photos,replies_count,retweets_count,likes_count,hashtags,cashtags,link,retweet,quote_url,video,thumbnail,near,geo,source,user_rt_id,user_rt,retweet_id,reply_to,retweet_date,translate,trans_src,trans_dest
597551586114691073,597551586114691073,2015-05-10 19:59:34 EDT,2015-05-10,19:59:34,-0400,2585523085,disaworldnews,Disaster World News,,Baby Among Those Rescued From Flooded Krum House - CBS Local  http://t.co/CDkBjb2RXD #Flood,en,[],['http://news.google.com/news/url?sa=t&fd=R&ct2=us&usg=AFQjCNFUnr0GhEBolt7JHvKZOo0Sui-Xrg&clid=c3a7d30bb8a4878e06b80cf16b898331&ei=Ve5PVbjgO-y3mQKL74DgBQ&url=http://dfw.cbslocal.com/2015/05/10/army-national-guard-rescuing-residents-in-krum/'],[],0,0,0,['flood'],[],https://twitter.com/DisaWorldNews/status/597551586114691073,False,,0,,,,,,,,[],,,,
597549947098005504,597549947098005504,2015-05-10 19:53:03 EDT,2015-05-10,19:53:03,-0400,635106480,charlie_pot,Charlie Potatoes,,"guess the anagram of the death ridge with, you know, not the right letters #flood  http://t.co/UtR9hAT8TV",en,[],[],['https://pbs.twimg.com/media/CErsgP3VAAApadM.jpg'],0,0,1,['flood'],[],https://twitter.com/Charlie_Pot/status/597549947098005504,False,,1,https://pbs.twimg.com/media/CErsgP3VAAApadM.jpg,,,,,,,[],,,,
597546729161007104,597546729161007104,2015-05-10 19:40:16 EDT,2015-05-10,19:40:16,-0400,129859046,leslie1174,Leslie Wallace,,@weatherchannel is like watching a movie right now. Watching @lane_wisdom rescue was intense! #flood #rescue #gladtheyaresafe,en,"[{'screen_name': 'lane_wisdom', 'name': 'young killa', 'id': '1576633916'}]",[],[],0,1,3,"['flood', 'rescue', 'gladtheyaresafe']",[],https://twitter.com/Leslie1174/status/597546729161007104,False,,0,,,,,,,,[],,,,
597543878372290560,597543878372290560,2015-05-10 19:28:57 EDT,2015-05-10,19:28:57,-0400,2585523085,disaworldnews,Disaster World News,,LIVE TWEETS: Flood rescues in Denton County - WFAA  http://t.co/DY7jKeVl25 #Flood,en,[],['http://news.google.com/news/url?sa=t&fd=R&ct2=us&usg=AFQjCNG9s-FBaMEiMner6jEgEEBLkHMcUA&clid=c3a7d30bb8a4878e06b80cf16b898331&cid=52778836189151&ei=WOdPVZitGMjNmQKE1YC4CA&url=http://www.wfaa.com/story/weather/2015/05/10/live-tweets-a-stormy-mothers-day/27080523/'],[],0,0,0,['flood'],[],https://twitter.com/DisaWorldNews/status/597543878372290560,False,,0,,,,,,,,[],,,,
597543875574702083,597543875574702083,2015-05-10 19:28:56 EDT,2015-05-10,19:28:56,-0400,2585523085,disaworldnews,Disaster World News,,"Colorado rivers flood, close roads after spring storm - FOX31 Denver  http://t.co/aUMminmzu5 #Flood",en,[],['http://news.google.com/news/url?sa=t&fd=R&ct2=us&usg=AFQjCNE_iQj3GnuagCKOvdnOosiCSWlO5A&clid=c3a7d30bb8a4878e06b80cf16b898331&cid=52778835868937&ei=WOdPVZitGMjNmQKE1YC4CA&url=http://kdvr.com/2015/05/10/colorado-rivers-flood-close-roads-after-spring-storm/'],[],0,0,0,['flood'],[],https://twitter.com/DisaWorldNews/status/597543875574702083,False,,0,,,,,,,,[],,,,
597542413670993921,597542413670993921,2015-05-10 19:23:07 EDT,2015-05-10,19:23:07,-0400,342772619,goatys_news,GOATY'S NEWS UK-COVID19 airbourne indoors-mask up!,,LIVE #flood/severe/#tornado coverage from N #Texas (@NBCDFW)-TV/v @stormchaser4850 #TXwx #Tornadoes #Wx #News  http://t.co/yuttZJiFRT,en,"[{'screen_name': 'nbcdfw', 'name': 'nbc dfw', 'id': '15933690'}, {'screen_name': 'stormchaser4850', 'name': 'johnny kelly', 'id': '15665499'}]",['http://bit.ly/wMfXlF'],[],0,0,0,"['flood', 'tornado', 'texas', 'txwx', 'tornadoes', 'wx', 'news']",[],https://twitter.com/Goatys_News/status/597542413670993921,False,,0,,,,,,,,[],,,,
597542236373397505,597542236373397505,2015-05-10 19:22:25 EDT,2015-05-10,19:22:25,-0400,1536412436,globalfloodnews,GlobalFloodSystem,,#flood #disaster The Latest on Severe Weather: Some Rescues From Texas Floods - New York Times: Sacramento Bee...  http://t.co/M9dh3nxXsI,en,[],['http://bit.ly/1KyTDsK'],[],0,1,1,"['flood', 'disaster']",[],https://twitter.com/GlobalFloodNews/status/597542236373397505,False,,0,,,,,,,,[],,,,
597542235488419840,597542235488419840,2015-05-10 19:22:25 EDT,2015-05-10,19:22:25,-0400,1536412436,globalfloodnews,GlobalFloodSystem,,#flood #disaster High water near Kersey on par with 2013 floods -  http://t.co/QeH7O6M91c: 9NEWS.comHigh water n...  http://t.co/bF7cR6pHwP,en,[],"['http://9NEWS.com', 'http://bit.ly/1KyTDsI']",[],0,0,1,"['flood', 'disaster']",[],https://twitter.com/GlobalFloodNews/status/597542235488419840,False,,0,,,,,,,,[],,,,
597542234750259201,597542234750259201,2015-05-10 19:22:25 EDT,2015-05-10,19:22:25,-0400,1536412436,globalfloodnews,GlobalFloodSystem,,"#flood #disaster Train tracks washed away by Texas floods repaired, reopened - Greenwich Time: Train tracks wa...  http://t.co/RYEnFdFfRN",en,[],['http://bit.ly/1KyTB4b'],[],0,0,1,"['flood', 'disaster']",[],https://twitter.com/GlobalFloodNews/status/597542234750259201,False,,0,,,,,,,,[],,,,
597541673447620608,597541673447620608,2015-05-10 19:20:11 EDT,2015-05-10,19:20:11,-0400,1403921960,pablospencer,Pablo Spencer,"{'type': 'Point', 'coordinates': [35.47440971, -97.50177961]}","Helping those affected by recent #tornado &amp; #flood #OKwx (@ American Red Cross in Oklahoma City, OK)  https://t.co/BLZV6WJ4pt",en,[],['https://www.swarmapp.com/c/6BuotMxbAWu'],[],0,0,0,"['tornado', 'flood', 'okwx']",[],https://twitter.com/PabloSpencer/status/597541673447620608,False,,0,,,,,,,,[],,,,
597541475119996929,597541475119996929,2015-05-10 19:19:24 EDT,2015-05-10,19:19:24,-0400,254232112,kellys_eduardo,Kelly's Eduardo,,"""@stormchaser4850: LIVE #flood/severe/#tornado coverage continues from N #Texas (@NBCDFW)-TV   http://t.co/PDkgb2by5w  http://t.co/k22PuCJoG3""",en,"[{'screen_name': 'stormchaser4850', 'name': 'johnny kelly', 'id': '15665499'}, {'screen_name': 'nbcdfw', 'name': 'nbc dfw', 'id': '15933690'}]",['http://bit.ly/wMfXlF'],['https://pbs.twimg.com/media/CErkppvUEAADFJh.png'],0,0,0,"['flood', 'tornado', 'texas']",[],https://twitter.com/Kellys_eduardo/status/597541475119996929,False,,1,https://pbs.twimg.com/media/CErkppvUEAADFJh.png,,,,,,,[],,,,
597541306257248257,597541306257248257,2015-05-10 19:18:43 EDT,2015-05-10,19:18:43,-0400,15665499,stormchaser4850,Johnny Kelly,,LIVE #flood/severe/#tornado coverage continues from N #Texas (@NBCDFW)-TV   http://t.co/fSvQEADmO2  http://t.co/SBGk21pWUo,en,"[{'screen_name': 'nbcdfw', 'name': 'nbc dfw', 'id': '15933690'}]",['http://bit.ly/wMfXlF'],['https://pbs.twimg.com/media/CErkppvUEAADFJh.png'],5,9,0,"['flood', 'tornado', 'texas']",[],https://twitter.com/stormchaser4850/status/597541306257248257,False,,1,https://pbs.twimg.com/media/CErkppvUEAADFJh.png,,,,,,,[],,,,
597538551933210624,597538551933210624,2015-05-10 19:07:47 EDT,2015-05-10,19:07:47,-0400,1602400843,therealvostcat,The Real VOST Cat,,Shelter #animals transported to #Tulsa after #flood | krmg  http://t.co/mr0HBYQtzi #disasters #OKfloods,en,[],['http://bit.ly/1J3wwby'],[],1,0,0,"['animals', 'tulsa', 'flood', 'disasters', 'okfloods']",[],https://twitter.com/TheRealVOSTCat/status/597538551933210624,False,,0,,,,,,,,[],,,,
597538104166211585,597538104166211585,2015-05-10 19:06:00 EDT,2015-05-10,19:06:00,-0400,130033510,sarahdillingham,Sarah Dillingham,,LIVE WATER RESCUES on @weatherchannel #TXwx #severe #flood  https://t.co/aHoZlsag7A,en,"[{'screen_name': 'weatherchannel', 'name': 'the weather channel', 'id': '20998647'}]",['https://twitter.com/weatherchannel/status/597537336558256128'],[],3,2,1,"['txwx', 'severe', 'flood']",[],https://twitter.com/SarahDillingham/status/597538104166211585,False,https://twitter.com/weatherchannel/status/597537336558256128,0,,,,,,,,[],,,,
597536613657223170,597536613657223170,2015-05-10 19:00:05 EDT,2015-05-10,19:00:05,-0400,2485593067,fcutilities,Fort Collins Utilities,,Get your organization prepared for a #flood with the @PrepareAthon flood playbook:  http://t.co/ratYNA2YzA,en,"[{'screen_name': 'prepareathon', 'name': 'prepareathon', 'id': '1444183922'}]",['http://1.usa.gov/1tylCzY'],[],0,0,0,['flood'],[],https://twitter.com/FCUtilities/status/597536613657223170,False,,0,,,,,,,,[],,,,
597535744505323520,597535744505323520,2015-05-10 18:56:37 EDT,2015-05-10,18:56:37,-0400,2585523085,disaworldnews,Disaster World News,,"Flash flood warning for parts of Lincoln, Lyon counties - Sioux Falls Argus Leader  http://t.co/uBLR6aWJTI #Flood",en,[],['http://news.google.com/news/url?sa=t&fd=R&ct2=us&usg=AFQjCNE5FwSBfGLK2vs7mfFjQaZJgDKcZQ&clid=c3a7d30bb8a4878e06b80cf16b898331&ei=YuBPVaihNoGMmgKC2IHIDA&url=http://www.argusleader.com/story/news/2015/05/10/flash-flood-warning-for-lincoln-lyon-counties/27095163/'],[],0,0,0,['flood'],[],https://twitter.com/DisaWorldNews/status/597535744505323520,False,,0,,,,,,,,[],,,,
597533171434000386,597533171434000386,2015-05-10 18:46:24 EDT,2015-05-10,18:46:24,-0400,17983739,redcrossntx,American Red Cross Greater North Texas,,"Reminder: Parents, don't let your kids or pets near #flood waters. They may not be safe or clean. #dfwwx",en,[],[],[],0,4,3,"['flood', 'dfwwx']",[],https://twitter.com/RedCrossNTX/status/597533171434000386,False,,0,,,,,,,,[],,,,
597532992345645056,597532992345645056,2015-05-10 18:45:41 EDT,2015-05-10,18:45:41,-0400,221072534,echodan11,Dan Jessup,,2day a22 hailsham #Sussex #Hailsham #A22 #water #Eastbourne #digger #flood #itsalongday  http://t.co/o1udTjUhJ7,en,[],[],"['https://pbs.twimg.com/media/CErcyNEW0AAr1tw.jpg', 'https://pbs.twimg.com/media/CErcyNWW8AA4Czo.jpg', 'https://pbs.twimg.com/media/CErcyP5XIAAUwzz.jpg', 'https://pbs.twimg.com/media/CErcyP_WMAEqtDs.jpg']",1,0,1,"['sussex', 'hailsham', 'a22', 'water', 'eastbourne', 'digger', 'flood', 'itsalongday']",[],https://twitter.com/EchoDan11/status/597532992345645056,False,,1,https://pbs.twimg.com/media/CErcyNEW0AAr1tw.jpg,,,,,,,[],,,,
597532357294456833,597532357294456833,2015-05-10 18:43:10 EDT,2015-05-10,18:43:10,-0400,342772619,goatys_news,GOATY'S NEWS UK-COVID19 airbourne indoors-mask up!,,"#TXwx #TX #Wx #Flood #News/If you live in southern #Johnson Co, #Texas, consider leaving home now say @jocotx_em...  http://t.co/vpdachQaSA",en,"[{'screen_name': 'jocotx_em', 'name': 'johnson county em', 'id': '1418592380'}]",['http://fb.me/4ivgXfAkE'],[],0,1,0,"['txwx', 'tx', 'wx', 'flood', 'news', 'johnson', 'texas']",[],https://twitter.com/Goatys_News/status/597532357294456833,False,,0,,,,,,,,[],,,,
597525814112956416,597525814112956416,2015-05-10 18:17:10 EDT,2015-05-10,18:17:10,-0400,1924046688,apocalypticpost,Apocalyptic Fiction,,ARkStorm by prepper fiction author Ron Foster Book Trailer:  http://t.co/4qNggVOEY8 via @YouTube #ARkStorm #preppers #prepper  #flood,en,"[{'screen_name': 'youtube', 'name': 'youtube', 'id': '10228272'}]",['http://youtu.be/nFeaOj3ngDo?list=UUmXsYthWqCj5n4w-xj-Alng'],[],0,0,0,"['arkstorm', 'preppers', 'prepper', 'flood']",[],https://twitter.com/ApocalypticPost/status/597525814112956416,False,,0,,,,,,,,[],,,,
597525401271865344,597525401271865344,2015-05-10 18:15:31 EDT,2015-05-10,18:15:31,-0400,16993425,elm57,Eunice,,"Watching @TexasGuard water rescues in Krum, TX. Amazing work!! #heroes #texas #flood",en,"[{'screen_name': 'texasguard', 'name': 'texas national guard', 'id': '26814634'}]",[],[],0,0,0,"['heroes', 'texas', 'flood']",[],https://twitter.com/elm57/status/597525401271865344,False,,0,,,,,,,,[],,,,
597525168764755969,597525168764755969,2015-05-10 18:14:36 EDT,2015-05-10,18:14:36,-0400,185704599,jackhaley42,Jack Haley,,East Avon firefighters dragged an oil tank that floated into the driveway at Nune Park in Avon #weather #flood #roc  http://t.co/rjzMI9uc53,en,[],[],[],0,5,3,"['weather', 'flood', 'roc']",[],https://twitter.com/jackhaley42/status/597525168764755969,False,,1,https://pbs.twimg.com/ext_tw_video_thumb/597525030180794370/pu/img/D7QRxFv54IfFEKSr.jpg,,,,,,,[],,,,
597524164614885376,597524164614885376,2015-05-10 18:10:36 EDT,2015-05-10,18:10:36,-0400,2581398841,ben_sandifer,Ben Sandifer,,"Dallas Trinity River flooding under Margaret Hunt Hill Bridge May 10, 2015 31 feet #trinityriver #flood  http://t.co/M6TmJn46gk",en,[],[],['https://pbs.twimg.com/media/CErVD57UEAESl-V.jpg'],2,29,18,"['trinityriver', 'flood']",[],https://twitter.com/Ben_Sandifer/status/597524164614885376,False,,1,https://pbs.twimg.com/media/CErVD57UEAESl-V.jpg,,,,,,,[],,,,
597523723596369920,597523723596369920,2015-05-10 18:08:51 EDT,2015-05-10,18:08:51,-0400,185704599,jackhaley42,Jack Haley,,East Avon firefighter James White empties water from his boot after a flooding call #roc #weather #flood  http://t.co/w6qnD1NUbX,en,[],[],['https://pbs.twimg.com/media/CErUpwgVEAANbXI.jpg'],0,2,2,"['roc', 'weather', 'flood']",[],https://twitter.com/jackhaley42/status/597523723596369920,False,,1,https://pbs.twimg.com/media/CErUpwgVEAANbXI.jpg,,,,,,,[],,,,
597523622228578304,597523622228578304,2015-05-10 18:08:27 EDT,2015-05-10,18:08:27,-0400,234533093,scitechculture,SciTech Culture,,A little river to traverse from home to work... #whitemanst #southbank #flood #crown #melbourne  https://t.co/acGcNMJoCB,en,[],['https://instagram.com/p/2hIJgzPUUx/'],[],0,0,0,"['whitemanst', 'southbank', 'flood', 'crown', 'melbourne']",[],https://twitter.com/scitechculture/status/597523622228578304,False,,0,,,,,,,,[],,,,
597513538299637760,597513538299637760,2015-05-10 17:28:23 EDT,2015-05-10,17:28:23,-0400,2233046808,bvmagjy,Moloch,,#retrogaming i had #gamestation like #wtf ?... XD the darned #flood took it away...lotta years ago...i cud play anythin on it...,en,[],[],[],0,1,1,"['retrogaming', 'gamestation', 'wtf', 'flood']",[],https://twitter.com/BVMAGJy/status/597513538299637760,False,,0,,,,,,,,[],,,,
597512061271339009,597512061271339009,2015-05-10 17:22:31 EDT,2015-05-10,17:22:31,-0400,2585523085,disaworldnews,Disaster World News,,"Eastern Oklahoma under flood warning, tornado watch - Tulsa World  http://t.co/u0roF44kJl #Flood",en,[],['http://news.google.com/news/url?sa=t&fd=R&ct2=us&usg=AFQjCNG1FBCrFsVQB2WDGQC412iAE5ZWbw&clid=c3a7d30bb8a4878e06b80cf16b898331&cid=52778835950993&ei=lMtPVbj-Maq8mQKpnoHADw&url=http://www.tulsaworld.com/homepagelatest/eastern-oklahoma-under-flood-warning-tornado-watch/article_44e9591c-813d-58f9-9d16-85a053df0498.html'],[],0,0,0,['flood'],[],https://twitter.com/DisaWorldNews/status/597512061271339009,False,,0,,,,,,,,[],,,,
597510268223107073,597510268223107073,2015-05-10 17:15:23 EDT,2015-05-10,17:15:23,-0400,14825078,xrayattack,Whitney,,"It be flooded. Fishing pier, benches, and picnic tables all under water. #flood #invisible #somuchrain  https://t.co/o7rPRfhhtl",en,[],['https://instagram.com/p/2hCE1ZmN0b/'],[],0,0,0,"['flood', 'invisible', 'somuchrain']",[],https://twitter.com/xrayattack/status/597510268223107073,False,,0,,,,,,,,[],,,,
597507309372215296,597507309372215296,2015-05-10 17:03:38 EDT,2015-05-10,17:03:38,-0400,2436255027,itsyourdystanie,Queen Deee,,"Some call it arrogant, I call it confidence😍😍😍😘😘😘😎🔥🔥👀👀👀💁  #sorry #for #the #flood😂😂😂  http://t.co/Rirx4ZrlyN",en,[],[],['https://pbs.twimg.com/media/CErFt7AVEAAXGma.jpg'],0,0,1,"['sorry', 'for', 'the', 'flood']",[],https://twitter.com/itsyourdystanie/status/597507309372215296,False,,1,https://pbs.twimg.com/media/CErFt7AVEAAXGma.jpg,,,,,,,[],,,,
597503108894306307,597503108894306307,2015-05-10 16:46:56 EDT,2015-05-10,16:46:56,-0400,330678805,buoyantfndproj,Buoyant Foundation Project,,#Amphibious #Architecture refers to an alternative #flood mitigation strategy that allows an…  https://t.co/GnL89l4OFx,en,[],['https://instagram.com/p/2g-0d5NbXR/'],[],0,0,0,"['amphibious', 'architecture', 'flood']",[],https://twitter.com/BuoyantFndProj/status/597503108894306307,False,,0,,,,,,,,[],,,,
597501498604580867,597501498604580867,2015-05-10 16:40:32 EDT,2015-05-10,16:40:32,-0400,808685023,evaq8_news,EVAQ8 Emergency Kits,,Water Purification is essential - see  http://t.co/2IX65KXByj  #disaster #crisis #flood #earthquake #DRR #preparedness #SAFEWATER #travel,en,[],['http://waterpurification-uk.co.uk'],[],0,0,0,"['disaster', 'crisis', 'flood', 'earthquake', 'drr', 'preparedness', 'safewater', 'travel']",[],https://twitter.com/EVAQ8_news/status/597501498604580867,False,,0,,,,,,,,[],,,,
597498105668349952,597498105668349952,2015-05-10 16:27:04 EDT,2015-05-10,16:27:04,-0400,280111014,thecaradigm,Cara Ross,,"@wfaaphilip @CBS11Larry #txwx @startelegram full tank, our exits blocked on the farm #rainedin #drop #Justintx #flood  http://t.co/ubZAtwpNI0",en,"[{'screen_name': 'cbs11larry', 'name': 'larry mowry', 'id': '713213903178629120'}, {'screen_name': 'startelegram', 'name': 'fort worth star-telegram', 'id': '15615783'}]",[],[],0,5,0,"['txwx', 'rainedin', 'drop', 'justintx', 'flood']",[],https://twitter.com/thecaradigm/status/597498105668349952,False,,1,https://pbs.twimg.com/ext_tw_video_thumb/597497591731920896/pu/img/gjiWyDZao2i1FzZY.jpg,,,,,,,[],,,,
597497458990706688,597497458990706688,2015-05-10 16:24:29 EDT,2015-05-10,16:24:29,-0400,932813239,obnoxiousgander,obnoxious gander,,#tornado #thunderstorm #flood #fire watch/warning all around us in #northtexas Meanwhile me with…  https://t.co/J5yKxwIUK3,en,[],['https://instagram.com/p/2g8P4jKXYJ/'],[],0,0,0,"['tornado', 'thunderstorm', 'flood', 'fire', 'northtexas']",[],https://twitter.com/obnoxiousgander/status/597497458990706688,False,,0,,,,,,,,[],,,,
597495961217277952,597495961217277952,2015-05-10 16:18:32 EDT,2015-05-10,16:18:32,-0400,2585523085,disaworldnews,Disaster World News,,"Flash Flood, Tornado Watches Continue For Northeastern Oklahoma - News On 6  http://t.co/apfpoqzcuu #Flood",en,[],['http://news.google.com/news/url?sa=t&fd=R&ct2=us&usg=AFQjCNHlUCqRkhTqXfsoEsRIoxWQZJyuaA&clid=c3a7d30bb8a4878e06b80cf16b898331&cid=52778835966641&ei=_rxPVYiYBYeymQKfiIDgCQ&url=http://www.newson6.com/story/29024683/flash-flood-severe-thunderstorm-warnings-issued-in-oklahoma'],[],0,0,0,['flood'],[],https://twitter.com/DisaWorldNews/status/597495961217277952,False,,0,,,,,,,,[],,,,
597495960156172288,597495960156172288,2015-05-10 16:18:32 EDT,2015-05-10,16:18:32,-0400,2585523085,disaworldnews,Disaster World News,,"Diplomats, Business People Flood Cuba Amid Warmer US Ties - ABC News  http://t.co/iJ3U7Jb1M3 #Flood",en,[],['http://news.google.com/news/url?sa=t&fd=R&ct2=us&usg=AFQjCNHEQ_kpgYaSYQcskf7EUE1fgpznPw&clid=c3a7d30bb8a4878e06b80cf16b898331&cid=52778835748204&ei=_rxPVYiYBYeymQKfiIDgCQ&url=http://abcnews.go.com/Travel/wireStory/diplomats-business-people-flood-cuba-amid-warmer-us-30942867'],[],0,0,0,['flood'],[],https://twitter.com/DisaWorldNews/status/597495960156172288,False,,0,,,,,,,,[],,,,
597494278332420096,597494278332420096,2015-05-10 16:11:51 EDT,2015-05-10,16:11:51,-0400,1536412436,globalfloodnews,GlobalFloodSystem,,"#flood #disaster Water main break in West Hollywood floods street, underground parking garage - Los Angeles Ti...  http://t.co/c54aNa10jg",en,[],['http://bit.ly/1J3b4DH'],[],0,1,1,"['flood', 'disaster']",[],https://twitter.com/GlobalFloodNews/status/597494278332420096,False,,0,,,,,,,,[],,,,
597489769325670400,597489769325670400,2015-05-10 15:53:56 EDT,2015-05-10,15:53:56,-0400,808685023,evaq8_news,EVAQ8 Emergency Kits,,Emergency Preparedess is easy! Start HERE with FREE resources+great Kit  http://t.co/ZsiWgovPeY #disaster #flood #storm #earthquake #tornado,en,[],['http://evaq8.co.uk/Personal-Emergency-Plan.html'],[],0,0,0,"['disaster', 'flood', 'storm', 'earthquake', 'tornado']",[],https://twitter.com/EVAQ8_news/status/597489769325670400,False,,0,,,,,,,,[],,,,
597487990315814913,597487990315814913,2015-05-10 15:46:52 EDT,2015-05-10,15:46:52,-0400,932813239,obnoxiousgander,obnoxious gander,,#tornado #thunderstorm #flood warning/watch all around. Even #fire in #frisco from maybe #lightning…  https://t.co/Oqj9OU8hNp,en,[],['https://instagram.com/p/2g38XIKXce/'],[],0,0,0,"['tornado', 'thunderstorm', 'flood', 'fire', 'frisco', 'lightning']",[],https://twitter.com/obnoxiousgander/status/597487990315814913,False,,0,,,,,,,,[],,,,
597476340707762176,597476340707762176,2015-05-10 15:00:34 EDT,2015-05-10,15:00:34,-0400,2585523085,disaworldnews,Disaster World News,,"Diplomats, business people flood Cuba amid warmer US ties - Washington Times  http://t.co/gJsyySbtcB #Flood",en,[],['http://news.google.com/news/url?sa=t&fd=R&ct2=us&usg=AFQjCNFbt2KbOHlxPILAl9MB5fcGNvgK3g&clid=c3a7d30bb8a4878e06b80cf16b898331&cid=52778835748204&ei=-KdPVbD-JJC1mQKQuYGIBw&url=http://www.washingtontimes.com/news/2015/may/10/diplomats-business-people-flood-cuba-amid-warmer-u/'],[],0,0,0,['flood'],[],https://twitter.com/DisaWorldNews/status/597476340707762176,False,,0,,,,,,,,[],,,,
597475052553183233,597475052553183233,2015-05-10 14:55:27 EDT,2015-05-10,14:55:27,-0400,273010546,starvingmet,The Starving Met™,,#Ana officially downgraded to Tropical Depression. #TS Warnings canceled. #Flood danger continues.  #NCwx #SCwx,en,[],[],[],0,0,0,"['ana', 'ts', 'flood', 'ncwx', 'scwx']",[],https://twitter.com/StarvingMet/status/597475052553183233,False,,0,,,,,,,,[],,,,
597474839063089152,597474839063089152,2015-05-10 14:54:36 EDT,2015-05-10,14:54:36,-0400,562770917,ddrainage,Direct Drainage,,"Is your septic tank struggling to cope with the #rain? We provide Klargester parts &amp; spares, &amp; great advice!  http://t.co/s8fK7ALBle #flood",en,[],['http://goo.gl/vgRqv'],[],0,0,0,"['rain', 'flood']",[],https://twitter.com/DDrainage/status/597474839063089152,False,,0,,,,,,,,[],,,,
597472926322008064,597472926322008064,2015-05-10 14:47:00 EDT,2015-05-10,14:47:00,-0400,2603142410,botgcrise,RoBot Gestion Crise,,#switzerland #neuchatel #marin #lacdeneuchatel #flood #lake #inondation #reflection #décrue en cours... by azurplage  http://t.co/slcQvumXt9,en,[],[],['https://pbs.twimg.com/media/CEqmdfjWgAAVRXA.jpg'],0,0,0,"['switzerland', 'neuchatel', 'marin', 'lacdeneuchatel', 'flood', 'lake', 'inondation', 'reflection', 'décrue']",[],https://twitter.com/BotGCrise/status/597472926322008064,False,,1,https://pbs.twimg.com/media/CEqmdfjWgAAVRXA.jpg,,,,,,,[],,,,
597466071621206016,597466071621206016,2015-05-10 14:19:46 EDT,2015-05-10,14:19:46,-0400,94581061,wxjerdman,Jonathan Erdman,,Yet another dangerous flash #flood threat developing N &amp; W of DFW metro. Friday's models nailed this Sunday threat.  http://t.co/NqSTsu5pNF,en,[],[],['https://pbs.twimg.com/media/CEqgOd3WgAA5rj-.jpg'],0,0,2,['flood'],[],https://twitter.com/wxjerdman/status/597466071621206016,False,,1,https://pbs.twimg.com/media/CEqgOd3WgAA5rj-.jpg,,,,,,,[],,,,
597463757422469122,597463757422469122,2015-05-10 14:10:34 EDT,2015-05-10,14:10:34,-0400,282746547,tistweets,Teeters Insurance,,Federal Judge Says U.S. Liable for Some Katrina Flooding in Louisiana #katrina #flood #fema #nfip  http://t.co/prAojwbAXV,en,[],['http://ow.ly/MuZtV'],[],0,0,0,"['katrina', 'flood', 'fema', 'nfip']",[],https://twitter.com/TISTWEETS/status/597463757422469122,False,,0,,,,,,,,[],,,,
597460840468582400,597460840468582400,2015-05-10 13:58:59 EDT,2015-05-10,13:58:59,-0400,632483177,rrnstormcenter,Rural Radio Storm Center,,"As the #snow winds down, the #flood potential will increase, with snowmelt, and heavy rain from the past few days. Stay tuned! #NEwx #WYwx",en,[],[],[],0,0,0,"['snow', 'flood', 'newx', 'wywx']",[],https://twitter.com/RRNStormCenter/status/597460840468582400,False,,0,,,,,,,,[],,,,
597448154225745920,597448154225745920,2015-05-10 13:08:34 EDT,2015-05-10,13:08:34,-0400,1399113342,usumtwit,Usum,,"European #diplomats, business people #flood #Cuba in search of opportunity after #warming…  http://t.co/v4NvamsXoD",en,[],['http://goo.gl/fb/oYSedt'],[],0,0,0,"['diplomats', 'flood', 'cuba', 'warming']",[],https://twitter.com/usumtwit/status/597448154225745920,False,,0,,,,,,,,[],,,,
597447350618034176,597447350618034176,2015-05-10 13:05:23 EDT,2015-05-10,13:05:23,-0400,2432580182,insuramatch,InsuraMatch,,How much do you know about #Flood #Insurance ? Now is a great time to learn more!  http://t.co/1u2t1RFRX2 Call us 844.342.4391,en,[],['http://ow.ly/My5Zk'],[],0,0,0,"['flood', 'insurance']",[],https://twitter.com/InsuraMatch/status/597447350618034176,False,,0,,,,,,,,[],,,,
597443566491803648,597443566491803648,2015-05-10 12:50:20 EDT,2015-05-10,12:50:20,-0400,525005120,careersingov,CareersInGovernment,,#ENGINEERING ASSISTANT III - #Flood Protection @cityofwestsac by 5-25   http://t.co/c6NfgXte8H #water #construction #california #hiring #city,en,"[{'screen_name': 'cityofwestsac', 'name': 'west sacramento', 'id': '196718521'}]",['http://ow.ly/MIY0j'],[],0,5,3,"['engineering', 'flood', 'water', 'construction', 'california', 'hiring', 'city']",[],https://twitter.com/careersingov/status/597443566491803648,False,,0,,,,,,,,[],,,,
597436491053203456,597436491053203456,2015-05-10 12:22:13 EDT,2015-05-10,12:22:13,-0400,1536412436,globalfloodnews,GlobalFloodSystem,,"#flood #disaster Live: Weather, Flash Floods - 4029tv: NBCNews.comLive: Weather, Flash Floods4029tvLive: Sever...  http://t.co/VItR2LwlMB",en,[],['http://bit.ly/1QyKkNu'],[],0,0,0,"['flood', 'disaster']",[],https://twitter.com/GlobalFloodNews/status/597436491053203456,False,,0,,,,,,,,[],,,,
597436069626454016,597436069626454016,2015-05-10 12:20:33 EDT,2015-05-10,12:20:33,-0400,2585523085,disaworldnews,Disaster World News,,"Diplomats, business people flood Cuba amid warmer US ties - Fox News  http://t.co/9C6M7aoc2o #Flood",en,[],['http://news.google.com/news/url?sa=t&fd=R&ct2=us&usg=AFQjCNHkNyvp0aX5CPigNKEnLEvocfRPzg&clid=c3a7d30bb8a4878e06b80cf16b898331&cid=52778835748204&ei=2IRPVfCYMZC1mQKQuYGIBw&url=http://www.foxnews.com/world/2015/05/10/european-diplomats-business-people-flood-cuba-in-search-opportunity-after/'],[],0,0,0,['flood'],[],https://twitter.com/DisaWorldNews/status/597436069626454016,False,,0,,,,,,,,[],,,,
597434780649656321,597434780649656321,2015-05-10 12:15:26 EDT,2015-05-10,12:15:26,-0400,194331734,stephwright78,Stephanie Wright,,"Legacy Ridge ""Lake"" #golfcourse #flooding #flood #water #rainging #rain #rainraingoaway #bonham…  https://t.co/Cj8zKkKuJE",en,[],['https://instagram.com/p/2gfv2DL_h0/'],[],0,0,1,"['golfcourse', 'flooding', 'flood', 'water', 'rainging', 'rain', 'rainraingoaway', 'bonham']",[],https://twitter.com/StephWright78/status/597434780649656321,False,,0,,,,,,,,[],,,,
597429787754364928,597429787754364928,2015-05-10 11:55:35 EDT,2015-05-10,11:55:35,-0400,17845203,danieldriensky,Daniel Driensky,,Photo: Flash Flood Warning #danieldriensky #flood #flashflood #dallas #valleyviewmall #texas #texasweather...  http://t.co/PUfVSwiJAc,en,[],['http://tmblr.co/ZwHhUy1kU0wcu'],[],0,0,0,"['danieldriensky', 'flood', 'flashflood', 'dallas', 'valleyviewmall', 'texas', 'texasweather']",[],https://twitter.com/DanielDriensky/status/597429787754364928,False,,0,,,,,,,,[],,,,
597429310694129664,597429310694129664,2015-05-10 11:53:42 EDT,2015-05-10,11:53:42,-0400,2698477658,riverouseyork,River Ouse (York),,River Ouse York water level: 2.14m at 15:00. Chance of flooding. #Flood #York #Ouse,en,[],[],[],0,0,0,"['flood', 'york', 'ouse']",[],https://twitter.com/RiverOuseYork/status/597429310694129664,False,,0,,,,,,,,[],,,,
597426921270448130,597426921270448130,2015-05-10 11:44:12 EDT,2015-05-10,11:44:12,-0400,1536412436,globalfloodnews,GlobalFloodSystem,,#flood #disaster Water-main break floods West Hollywood neighborhood - KABC-TV: KABC-TVWater-main break floods...  http://t.co/mwdqdfXxI3,en,[],['http://bit.ly/1J2w8dA'],[],0,0,0,"['flood', 'disaster']",[],https://twitter.com/GlobalFloodNews/status/597426921270448130,False,,0,,,,,,,,[],,,,
597423631510155264,597423631510155264,2015-05-10 11:31:08 EDT,2015-05-10,11:31:08,-0400,2570144929,hey_celyn,Celyn Encinas Perez,,hatred. #flood #uglylove  https://t.co/QQ6XY92z3V,en,[],['https://instagram.com/p/2garZvmp-1/'],[],0,0,0,"['flood', 'uglylove']",[],https://twitter.com/hey_celyn/status/597423631510155264,False,,0,,,,,,,,[],,,,
597423332120596481,597423332120596481,2015-05-10 11:29:56 EDT,2015-05-10,11:29:56,-0400,25531732,weathernation,WeatherNation,,"A Flash #Flood Watch is covering 5 states across the South Central portion of the country through, latest, Mon. PM.  http://t.co/3ozhIJKYLG",en,[],[],['https://pbs.twimg.com/media/CEp5WrNUEAAEJfc.jpg'],0,1,0,['flood'],[],https://twitter.com/WeatherNation/status/597423332120596481,False,,1,https://pbs.twimg.com/media/CEp5WrNUEAAEJfc.jpg,,,,,,,[],,,,
597423110619602944,597423110619602944,2015-05-10 11:29:03 EDT,2015-05-10,11:29:03,-0400,2570144929,hey_celyn,Celyn Encinas Perez,,my poor Tate #flood #uglylove  https://t.co/us0G6oBDdQ,en,[],['https://instagram.com/p/2gacOjmp-K/'],[],0,0,0,"['flood', 'uglylove']",[],https://twitter.com/hey_celyn/status/597423110619602944,False,,0,,,,,,,,[],,,,
597421989981216768,597421989981216768,2015-05-10 11:24:36 EDT,2015-05-10,11:24:36,-0400,255078149,roderickpena,Roderick Peña,"{'type': 'Point', 'coordinates': [32.46101046, -96.75913774]}",What a beautiful morning. #rain #storms #spring #Texas #water #flood @ Loma Linda Events  https://t.co/Mggtzpc0ge,en,[],['https://instagram.com/p/2gZ7lKnrTD/'],[],0,0,0,"['rain', 'storms', 'spring', 'texas', 'water', 'flood']",[],https://twitter.com/roderickpena/status/597421989981216768,False,,0,,,,,,,,[],,,,
597419952501608449,597419952501608449,2015-05-10 11:16:30 EDT,2015-05-10,11:16:30,-0400,2585523085,disaworldnews,Disaster World News,,"Flood and winter weather alert summary for Mother's Day, May 10, 2015 - The Denver Channel  http://t.co/G88J7iNqmw #Flood",en,[],['http://news.google.com/news/url?sa=t&fd=R&ct2=us&usg=AFQjCNE0wyhnisvJo7dCZqlWczOJoIEo6Q&clid=c3a7d30bb8a4878e06b80cf16b898331&cid=52778834047043&ei=-XVPVainNOW1mQL5t4CYBw&url=http://www.thedenverchannel.com/weather/flood-and-winter-weather-alert-summary-for-mothers-day-may-10-2015'],[],0,0,0,['flood'],[],https://twitter.com/DisaWorldNews/status/597419952501608449,False,,0,,,,,,,,[],,,,
597419947187376128,597419947187376128,2015-05-10 11:16:29 EDT,2015-05-10,11:16:29,-0400,2585523085,disaworldnews,Disaster World News,,"Diplomats, Business People Flood Cuba Amid Warmer US Ties - ABC News  http://t.co/k4IIyAivDw #Flood",en,[],['http://news.google.com/news/url?sa=t&fd=R&ct2=us&usg=AFQjCNEAbi5CLTqEq7NXNunBUDW8yVFPLg&clid=c3a7d30bb8a4878e06b80cf16b898331&cid=52778835748204&ei=-XVPVainNOW1mQL5t4CYBw&url=http://abcnews.go.com/International/wireStory/diplomats-business-people-flood-cuba-amid-warmer-us-30938977'],[],0,0,0,['flood'],[],https://twitter.com/DisaWorldNews/status/597419947187376128,False,,0,,,,,,,,[],,,,
597418536416350209,597418536416350209,2015-05-10 11:10:53 EDT,2015-05-10,11:10:53,-0400,279136688,usweatherexpert,Mike Smith,,Mike Smith Enterprises: Ever-Improving Weather Forecasts  http://t.co/CzNu0fS3TL #drought #flood #agriculture #agribusiness #kswx #okwx #txwx,en,[],['http://www.mikesmithenterprisesblog.com/2015/05/ever-improving-weather-forecasts.html?spref=tw'],[],0,1,0,"['drought', 'flood', 'agriculture', 'agribusiness', 'kswx', 'okwx', 'txwx']",[],https://twitter.com/USWeatherExpert/status/597418536416350209,False,,0,,,,,,,,[],,,,
597418402156785665,597418402156785665,2015-05-10 11:10:21 EDT,2015-05-10,11:10:21,-0400,1329776498,smartdroid2000,smart droid,,10 day #weather forecast and #flood alert for #Bangladesh on your #android  https://t.co/SnL3qGGgSR,en,[],['https://play.google.com/store/apps/details?id=com.smartdroid.weather'],[],0,0,0,"['weather', 'flood', 'bangladesh', 'android']",[],https://twitter.com/smartdroid2000/status/597418402156785665,False,,0,,,,,,,,[],,,,
597416726385549312,597416726385549312,2015-05-10 11:03:41 EDT,2015-05-10,11:03:41,-0400,702278455,myradarwx,MyRadar Weather,,"#Flood #warning If you come across a flooded road, Turn around, don't drown.   https://t.co/50MQo6HLTB",en,[],['https://twitter.com/NWStulsa/status/597416452799401985'],[],0,2,3,"['flood', 'warning']",[],https://twitter.com/MyRadarWX/status/597416726385549312,False,https://twitter.com/NWStulsa/status/597416452799401985,0,,,,,,,,[],,,,
597416178332610560,597416178332610560,2015-05-10 11:01:31 EDT,2015-05-10,11:01:31,-0400,36774033,cdcenvironment,CDC Environment,,"Returning home after a #flood? Here’s important info on safe clean up, chemical hazards and more:   http://t.co/3xPxXmMbEc",en,[],['http://ow.ly/MFMTa'],[],0,0,0,['flood'],[],https://twitter.com/CDCEnvironment/status/597416178332610560,False,,0,,,,,,,,[],,,,
597414208188198912,597414208188198912,2015-05-10 10:53:41 EDT,2015-05-10,10:53:41,-0400,2698477658,riverouseyork,River Ouse (York),,River Ouse York water level: 2.18m at 14:00. Chance of flooding. #Flood #York #Ouse,en,[],[],[],0,0,0,"['flood', 'york', 'ouse']",[],https://twitter.com/RiverOuseYork/status/597414208188198912,False,,0,,,,,,,,[],,,,
597412960412311554,597412960412311554,2015-05-10 10:48:43 EDT,2015-05-10,10:48:43,-0400,2585523085,disaworldnews,Disaster World News,,"Flash flood watch, severe storms forecast on Sunday - Dallas Morning News (blog)  http://t.co/1a7bKkdC3L #Flood",en,[],['http://news.google.com/news/url?sa=t&fd=R&ct2=us&usg=AFQjCNHVDLM1WZEu1Bp8SF5WJf-YVeinlw&clid=c3a7d30bb8a4878e06b80cf16b898331&cid=52778834942278&ei=Nm9PVYCjHvDVmQK4iIHQDg&url=http://thescoopblog.dallasnews.com/2015/05/flash-flood-watch-severe-storms-forecast-on-sunday.html/'],[],0,0,0,['flood'],[],https://twitter.com/DisaWorldNews/status/597412960412311554,False,,0,,,,,,,,[],,,,
597412922420293632,597412922420293632,2015-05-10 10:48:34 EDT,2015-05-10,10:48:34,-0400,27286574,ryanthatsmyname,Ryan,,Water went down a few feet... Maybe a lot of feet #LNK #flood #nebraska  https://t.co/phP2lAxxin,en,[],['https://instagram.com/p/2gVzsPKbm_/'],[],0,0,0,"['lnk', 'flood', 'nebraska']",[],https://twitter.com/ryanthatsmyname/status/597412922420293632,False,,0,,,,,,,,[],,,,
597412535151693825,597412535151693825,2015-05-10 10:47:02 EDT,2015-05-10,10:47:02,-0400,118611326,doomalert19,@ThePostmanMRT,,Disaster Preparedness Tip: Always be prepared to evacuate. #Tornado #Earthquake #Fire #Volcano #Flood #Hurricane  http://t.co/i2Dov0FPAI,en,[],[],['https://pbs.twimg.com/media/CEpvhsqUkAEO08a.jpg'],0,1,1,"['tornado', 'earthquake', 'fire', 'volcano', 'flood', 'hurricane']",[],https://twitter.com/doomalert19/status/597412535151693825,False,,1,https://pbs.twimg.com/media/CEpvhsqUkAEO08a.jpg,,,,,,,[],,,,
597412228577505281,597412228577505281,2015-05-10 10:45:49 EDT,2015-05-10,10:45:49,-0400,802187209,cookietheherbal,Cookie The Herbalist,,spring in #bnc... #lakeshore #medz #good #day #vibes #flood #up #natural #mystic  https://t.co/RuMI4F0LeG,en,[],['https://instagram.com/p/2gVffrJCJB/'],[],0,0,0,"['bnc', 'lakeshore', 'medz', 'good', 'day', 'vibes', 'flood', 'up', 'natural', 'mystic']",[],https://twitter.com/CookieTheHerbal/status/597412228577505281,False,,0,,,,,,,,[],,,,
597411826045968384,597411826045968384,2015-05-10 10:44:13 EDT,2015-05-10,10:44:13,-0400,543642331,trappthageneral,IG| @Trappthageneral,,Yall be careful out there for Mother's Day #Flood #OklahomaWeather #AllBad  https://t.co/Q0S7xu0LRK,en,[],['https://instagram.com/p/2gVTz_FUNP/'],[],0,0,0,"['flood', 'oklahomaweather', 'allbad']",[],https://twitter.com/TrappthaGeneral/status/597411826045968384,False,,0,,,,,,,,[],,,,
597410562545471488,597410562545471488,2015-05-10 10:39:12 EDT,2015-05-10,10:39:12,-0400,562770917,ddrainage,Direct Drainage,,Problems with #flood? We stock submersible #pumps at discount prices http://goo.gl/0kMB2R #weather #rain,en,[],[],[],0,0,0,"['flood', 'pumps', 'weather', 'rain']",[],https://twitter.com/DDrainage/status/597410562545471488,False,,0,,,,,,,,[],,,,
597410436603092992,597400053876137984,2015-05-10 10:38:42 EDT,2015-05-10,10:38:42,-0400,280111014,thecaradigm,Cara Ross,,"@startelegram more flooding video, welcome to use it! #txwx #flood #justintx #drop #slab  http://t.co/J4Xovlh1tk",en,[],[],[],0,9,1,"['txwx', 'flood', 'justintx', 'drop', 'slab']",[],https://twitter.com/thecaradigm/status/597410436603092992,False,,1,https://pbs.twimg.com/ext_tw_video_thumb/597410164539437056/pu/img/_GqZqJszJabSQJCm.jpg,,,,,,,[],,,,
597408822899146752,597408822899146752,2015-05-10 10:32:17 EDT,2015-05-10,10:32:17,-0400,88036942,arkredcross,RedCrossArkansas,,Know weather &amp; road conditions start to end.Get #flood alerts with @RedCross Emergency App.Follow @AHTD #arwx #RCDAR  https://t.co/Qy7xzDyQOS,en,"[{'screen_name': 'redcross', 'name': 'american red cross', 'id': '6519522'}]",['https://twitter.com/brianemfinger/status/597390749693382658'],[],0,1,0,"['flood', 'arwx', 'rcdar']",[],https://twitter.com/ArkRedCross/status/597408822899146752,False,https://twitter.com/brianemfinger/status/597390749693382658,0,,,,,,,,[],,,,
597407130862243842,597407130862243842,2015-05-10 10:25:33 EDT,2015-05-10,10:25:33,-0400,1536412436,globalfloodnews,GlobalFloodSystem,,#flood #disaster Water-main break floods West Hollywood neighborhood - KABC-TV: KABC-TVWater-main break floods...  http://t.co/ORMJbXexmD,en,[],['http://bit.ly/1zQ1JNt'],[],0,0,0,"['flood', 'disaster']",[],https://twitter.com/GlobalFloodNews/status/597407130862243842,False,,0,,,,,,,,[],,,,
597406521379663873,597406521379663873,2015-05-10 10:23:08 EDT,2015-05-10,10:23:08,-0400,369392022,top_now,News Now,,"Storm cycle ::  People use a bicycle to ferry goods across flooded Morogoro Road in Dar es Salaam, T  http://t.co/CzR7HrpJxR #flood",en,[],['http://www.overwi.se/NewsFeed/131'],[],0,0,0,['flood'],[],https://twitter.com/top_now/status/597406521379663873,False,,0,,,,,,,,[],,,,
597405850278342657,597405850278342657,2015-05-10 10:20:28 EDT,2015-05-10,10:20:28,-0400,1216053834,autosaur,Autosaur,,"Looks like this 4x4 is about to be swept away in flood, watch and see what happens! #flood #4x4 #offroad  http://t.co/psxCd4SLJx",en,[],['http://wp.me/p3kXGf-2YQ'],[],0,0,0,"['flood', '4x4', 'offroad']",[],https://twitter.com/Autosaur/status/597405850278342657,False,,0,,,,,,,,[],,,,
597399104302362627,597399104302362627,2015-05-10 09:53:40 EDT,2015-05-10,09:53:40,-0400,2698477658,riverouseyork,River Ouse (York),,River Ouse York water level: 2.21m at 13:00. Chance of flooding. #Flood #York #Ouse,en,[],[],[],0,0,0,"['flood', 'york', 'ouse']",[],https://twitter.com/RiverOuseYork/status/597399104302362627,False,,0,,,,,,,,[],,,,
597395791448276992,597395791448276992,2015-05-10 09:40:30 EDT,2015-05-10,09:40:30,-0400,1930751808,fcermnet,FCERM.net,,"Our Annual Assembly is FREE to attend for those working in #Flood research, policy and practice! join us on May 28th  http://t.co/1E22gIlkk1",en,[],['http://ow.ly/Mnu2T'],[],0,0,0,['flood'],[],https://twitter.com/FCERMnet/status/597395791448276992,False,,0,,,,,,,,[],,,,
597393398681739264,597393398681739264,2015-05-10 09:30:59 EDT,2015-05-10,09:30:59,-0400,120879927,light_angel60,Ghislai[n] ⸮,,@idarbwire #A7VT #flood,und,[],[],[],0,0,0,"['a7vt', 'flood']",[],https://twitter.com/Light_Angel60/status/597393398681739264,False,,0,,,,,,,,[],,,,
597387383378550784,597387383378550784,2015-05-10 09:07:05 EDT,2015-05-10,09:07:05,-0400,1536412436,globalfloodnews,GlobalFloodSystem,,"#flood #disaster Colorado weather: Wet, wild conditions close roads, unleash hail, tornadoes - The Denver Post...  http://t.co/ziAQcVVuku",en,[],['http://bit.ly/1clSF8f'],[],0,0,0,"['flood', 'disaster']",[],https://twitter.com/GlobalFloodNews/status/597387383378550784,False,,0,,,,,,,,[],,,,
597385863757230080,597385863757230080,2015-05-10 09:01:03 EDT,2015-05-10,09:01:03,-0400,116331626,gregshiple,Greg Shiple,,5 things you should know about #flood #insurance and preparing for flooding disasters  http://t.co/YuuPbXwBuu  http://t.co/rma2t2penk,en,[],['http://ow.ly/M1nTM'],['https://pbs.twimg.com/media/CEgyR5pVEAEtb_Y.jpg'],0,0,1,"['flood', 'insurance']",[],https://twitter.com/GregShiple/status/597385863757230080,False,,1,https://pbs.twimg.com/media/CEgyR5pVEAEtb_Y.jpg,,,,,,,[],,,,
597383996666875904,597383996666875904,2015-05-10 08:53:38 EDT,2015-05-10,08:53:38,-0400,2698477658,riverouseyork,River Ouse (York),,River Ouse York water level: 2.26m at 12:00. Chance of flooding. #Flood #York #Ouse,en,[],[],[],0,0,0,"['flood', 'york', 'ouse']",[],https://twitter.com/RiverOuseYork/status/597383996666875904,False,,0,,,,,,,,[],,,,
597379567490342913,597379567490342913,2015-05-10 08:36:02 EDT,2015-05-10,08:36:02,-0400,369392022,top_now,News Now,,"Storm cycle ::  People use a bicycle to ferry goods across flooded Morogoro Road in Dar es Salaam, T  http://t.co/CzR7HrpJxR #flood",en,[],['http://www.overwi.se/NewsFeed/131'],[],0,0,0,['flood'],[],https://twitter.com/top_now/status/597379567490342913,False,,0,,,,,,,,[],,,,
597375646885621760,597375646885621760,2015-05-10 08:20:27 EDT,2015-05-10,08:20:27,-0400,53416451,piratelover22,DJ_Pirate,,@WinStarWorld coming in tonight.  Should we bring our ship? #flood #storm @DJ_PiratesLover,en,"[{'screen_name': 'dj_pirateslover', 'name': 'beau legg', 'id': '3188014104'}]",[],[],0,0,1,"['flood', 'storm']",[],https://twitter.com/Piratelover22/status/597375646885621760,False,,0,,,,,,,,[],,,,
597370758441115648,597370758441115648,2015-05-10 08:01:02 EDT,2015-05-10,08:01:02,-0400,2588315462,stopeasternpa,STOP Eastern PA,,One of the best things you can have in the aftermath of a #fire or #flood is a home inventory:  http://t.co/mdKwprzHND,en,[],['http://bit.ly/1GgNIZt'],[],0,0,0,"['fire', 'flood']",[],https://twitter.com/STOPEasternPA/status/597370758441115648,False,,0,,,,,,,,[],,,,
597368891807965184,597368891807965184,2015-05-10 07:53:37 EDT,2015-05-10,07:53:37,-0400,2698477658,riverouseyork,River Ouse (York),,River Ouse York water level: 2.30m at 11:00. Chance of flooding. #Flood #York #Ouse,en,[],[],[],0,0,0,"['flood', 'york', 'ouse']",[],https://twitter.com/RiverOuseYork/status/597368891807965184,False,,0,,,,,,,,[],,,,
597353781253156864,597353781253156864,2015-05-10 06:53:34 EDT,2015-05-10,06:53:34,-0400,2698477658,riverouseyork,River Ouse (York),,River Ouse York water level: 2.35m at 10:00. Chance of flooding. #Flood #York #Ouse,en,[],[],[],0,0,0,"['flood', 'york', 'ouse']",[],https://twitter.com/RiverOuseYork/status/597353781253156864,False,,0,,,,,,,,[],,,,
597352295941197824,597352295941197824,2015-05-10 06:47:40 EDT,2015-05-10,06:47:40,-0400,2585523085,disaworldnews,Disaster World News,,Flood irrigation works better than you think -  http://t.co/yOX9t1eZkC  http://t.co/1wEQwONbyp #Flood,en,[],"['http://azcentral.com', 'http://news.google.com/news/url?sa=t&fd=R&ct2=us&usg=AFQjCNESzDP9U-pr9KJjMC2ORjX03H84Ig&clid=c3a7d30bb8a4878e06b80cf16b898331&cid=52778833955839&ei=yDZPVdCjI8vRmAKCn4GABg&url=http://www.azcentral.com/story/opinion/op-ed/2015/05/09/flood-irrigation-works-better-than-you-think/27002213/']",[],0,0,0,['flood'],[],https://twitter.com/DisaWorldNews/status/597352295941197824,False,,0,,,,,,,,[],,,,
597349969247531009,597349969247531009,2015-05-10 06:38:25 EDT,2015-05-10,06:38:25,-0400,2229280850,ibanjir,Info Banjir Malaysia,,"No graft among civil servants over post-#flood aid, says MACC  http://t.co/RSaXoEAt22",en,[],['http://fb.me/3BSJE4cb6'],[],0,0,0,['flood'],[],https://twitter.com/iBanjir/status/597349969247531009,False,,0,,,,,,,,[],,,,
597347187023020032,597347187023020032,2015-05-10 06:27:22 EDT,2015-05-10,06:27:22,-0400,1665170575,rsen5,Robin Sen,,"Ambridge #thearchers #flood IE: a case study for UK #flood, #soil degradation #IYS2015 &amp; #climatechange mitigation strategy? @Conservatives",en,"[{'screen_name': 'conservatives', 'name': 'conservatives', 'id': '14281853'}]",[],[],0,0,0,"['thearchers', 'flood', 'flood', 'soil', 'iys2015', 'climatechange']",[],https://twitter.com/rsen5/status/597347187023020032,False,,0,,,,,,,,[],,,,
597339976020402176,597339976020402176,2015-05-10 05:58:42 EDT,2015-05-10,05:58:42,-0400,2585523085,disaworldnews,Disaster World News,,Flood threats forced overnight evacuation in Weld County - FOX31 Denver  http://t.co/JVuDmY1EUs #Flood,en,[],['http://news.google.com/news/url?sa=t&fd=R&ct2=us&usg=AFQjCNG5sl0sre3cUNI4iH6LQoCtmoRfkA&clid=c3a7d30bb8a4878e06b80cf16b898331&cid=52778834625568&ei=yShPVYCCKYOAmgLswYHgDw&url=http://kdvr.com/2015/05/09/flood-threats-forced-overnight-evacuation-in-weld-county/'],[],0,0,0,['flood'],[],https://twitter.com/DisaWorldNews/status/597339976020402176,False,,0,,,,,,,,[],,,,
597338681213521920,597338681213521920,2015-05-10 05:53:34 EDT,2015-05-10,05:53:34,-0400,2698477658,riverouseyork,River Ouse (York),,River Ouse York water level: 2.40m at 09:00. Chance of flooding. #Flood #York #Ouse,en,[],[],[],0,0,0,"['flood', 'york', 'ouse']",[],https://twitter.com/RiverOuseYork/status/597338681213521920,False,,0,,,,,,,,[],,,,
597336130460229632,597336130460229632,2015-05-10 05:43:26 EDT,2015-05-10,05:43:26,-0400,2704239539,margraham,Margaret Graham,"{'type': 'Point', 'coordinates': [53.17060863, -3.07021464]}","Oh, *fissures, I though he said ""You should have just seen the *fishes..."" Conjured up all sorts of images  #thearchers #flood",en,[],[],[],0,0,0,"['thearchers', 'flood']",[],https://twitter.com/MarGraham/status/597336130460229632,False,,0,,,,,,,,[],,,,
597335146224836609,597335146224836609,2015-05-10 05:39:31 EDT,2015-05-10,05:39:31,-0400,1329776498,smartdroid2000,smart droid,,10 day #weather forecast and #flood alert for #Bangladesh on your #android  https://t.co/SnL3qGGgSR,en,[],['https://play.google.com/store/apps/details?id=com.smartdroid.weather'],[],0,0,0,"['weather', 'flood', 'bangladesh', 'android']",[],https://twitter.com/smartdroid2000/status/597335146224836609,False,,0,,,,,,,,[],,,,
597328740218056704,597328740218056704,2015-05-10 05:14:04 EDT,2015-05-10,05:14:04,-0400,1536412436,globalfloodnews,GlobalFloodSystem,,"#flood #disaster Severe Weather Weekend: One Dead as Tornadoes, Floods and Hail Batter Plains - NBCN...  http://t.co/Nli8WPHOjN",en,[],['http://bit.ly/1cDnmq6'],[],0,0,1,"['flood', 'disaster']",[],https://twitter.com/GlobalFloodNews/status/597328740218056704,False,,0,,,,,,,,[],,,,
597323576815980544,597323576815980544,2015-05-10 04:53:33 EDT,2015-05-10,04:53:33,-0400,2698477658,riverouseyork,River Ouse (York),,River Ouse York water level: 2.44m at 08:00. Chance of flooding. #Flood #York #Ouse,en,[],[],[],0,0,0,"['flood', 'york', 'ouse']",[],https://twitter.com/RiverOuseYork/status/597323576815980544,False,,0,,,,,,,,[],,,,
597308476944044032,597308476944044032,2015-05-10 03:53:33 EDT,2015-05-10,03:53:33,-0400,2698477658,riverouseyork,River Ouse (York),,River Ouse York water level: 2.48m at 07:00. Chance of flooding. #Flood #York #Ouse,en,[],[],[],0,2,0,"['flood', 'york', 'ouse']",[],https://twitter.com/RiverOuseYork/status/597308476944044032,False,,0,,,,,,,,[],,,,
597300990274965504,597297746354147329,2015-05-10 03:23:48 EDT,2015-05-10,03:23:48,-0400,269815420,meckeringboy,💧Michael Dowling - Be the change!🌏❤️,,@otiose94  #LNPfail #NBN stops working when power is cut. #bushfires #earthquake #flood #LightningStrikes #powercut   Goodbye emergency link,en,[],[],[],1,10,5,"['lnpfail', 'nbn', 'bushfires', 'earthquake', 'flood', 'lightningstrikes', 'powercut']",[],https://twitter.com/MeckeringBoy/status/597300990274965504,False,,0,,,,,,,,[],,,,
597300199162257409,597300199162257409,2015-05-10 03:20:39 EDT,2015-05-10,03:20:39,-0400,2585523085,disaworldnews,Disaster World News,,Flood evacuations at St. Vrain Campground -  http://t.co/QzT5UfMpsN  http://t.co/dX2tCeBY4i #Flood,en,[],"['http://9NEWS.com', 'http://news.google.com/news/url?sa=t&fd=R&ct2=us&usg=AFQjCNElGLMAJe3wB0NIM4d6RYqKAnpzQg&clid=c3a7d30bb8a4878e06b80cf16b898331&cid=52778835245649&ei=hgVPVaD-CoeymQKfiIDgCQ&url=http://www.9news.com/story/news/local/2015/05/09/flood-evacuations--st-vrain-campground/27038657/']",[],0,0,0,['flood'],[],https://twitter.com/DisaWorldNews/status/597300199162257409,False,,0,,,,,,,,[],,,,
597296473403854848,597296473403854848,2015-05-10 03:05:51 EDT,2015-05-10,03:05:51,-0400,424836951,brodflightcrew,BRodFlightCrew,,@CityOfLongmont's #Longmont Strong video about 2013 #Flood wins two Telly awards; #Airport recognized  http://t.co/xpKNGQsA4I #Aviation,en,[],['http://www.examiner.com/article/longmont-strong-video-about-2013-flood-wins-two-telly-awards-airport-recognized'],[],0,1,0,"['longmont', 'flood', 'airport', 'aviation']",[],https://twitter.com/brodflightcrew/status/597296473403854848,False,,0,,,,,,,,[],,,,
597293377873317888,597293377873317888,2015-05-10 02:53:33 EDT,2015-05-10,02:53:33,-0400,2698477658,riverouseyork,River Ouse (York),,River Ouse York water level: 2.50m at 06:15. Chance of flooding. #Flood #York #Ouse,en,[],[],[],0,0,0,"['flood', 'york', 'ouse']",[],https://twitter.com/RiverOuseYork/status/597293377873317888,False,,0,,,,,,,,[],,,,
597292115044016128,597292115044016128,2015-05-10 02:48:32 EDT,2015-05-10,02:48:32,-0400,359288159,floodadviceuk,Warwick York Chartered Surveyors,,Today's Free copy of The Ark is out! Subscribe for free for daily Twitter and email update links  #flood #ukfloods    http://t.co/B6Kvy3o2EP,en,[],['http://paper.li/FloodAdviceUK/1398519991?edition_id=d91fbac0-f6e0-11e4-871e-0cc47a0d15fd'],[],0,0,0,"['flood', 'ukfloods']",[],https://twitter.com/FloodAdviceUK/status/597292115044016128,False,,0,,,,,,,,[],,,,
597286715435397120,597286715435397120,2015-05-10 02:27:04 EDT,2015-05-10,02:27:04,-0400,1329776498,smartdroid2000,smart droid,,10 day #weather forecast and #flood alert for #Bangladesh on your #android  https://t.co/SnL3qGGgSR,en,[],['https://play.google.com/store/apps/details?id=com.smartdroid.weather'],[],0,0,0,"['weather', 'flood', 'bangladesh', 'android']",[],https://twitter.com/smartdroid2000/status/597286715435397120,False,,0,,,,,,,,[],,,,
597280382250307584,597280382250307584,2015-05-10 02:01:54 EDT,2015-05-10,02:01:54,-0400,2585523085,disaworldnews,Disaster World News,,Tracking tonight's storms and Sunday's flood potential - KOKI FOX 23  http://t.co/KaiwPh20h7 #Flood,en,[],['http://news.google.com/news/url?sa=t&fd=R&ct2=us&usg=AFQjCNGNK4Ztoke1hEC4JSSFBbd6JdaE3Q&clid=c3a7d30bb8a4878e06b80cf16b898331&cid=52778833831567&ei=_vBOVdDVPMOimAK604GwCQ&url=http://www.fox23.com/news/news/local/weekend-brings-more-storm-chances/nmCrP/'],[],0,0,0,['flood'],[],https://twitter.com/DisaWorldNews/status/597280382250307584,False,,0,,,,,,,,[],,,,
597279887477571584,597279887477571584,2015-05-10 01:59:56 EDT,2015-05-10,01:59:56,-0400,224961966,yespunjab,YesPunjab.com (For Punjabi follow @BawaHs),,"Flash #flood washes away 500 houses in #Afghanistan, one killed   http://t.co/bJ7voOcwUd  http://t.co/eg9zpnKFRo",en,[],['http://ow.ly/MKNqE'],['https://pbs.twimg.com/media/CEn25IiWYAAkXH7.jpg'],0,1,0,"['flood', 'afghanistan']",[],https://twitter.com/yespunjab/status/597279887477571584,False,,1,https://pbs.twimg.com/media/CEn25IiWYAAkXH7.jpg,,,,,,,[],,,,
597279886928117760,597279886928117760,2015-05-10 01:59:56 EDT,2015-05-10,01:59:56,-0400,54827721,bawahs,YesPunjab-Punjabi (For English Follow @yespunjab),,"Flash #flood washes away 500 houses in #Afghanistan, one killed   http://t.co/M1YzLys9W2  http://t.co/2xmR9XocSf",en,[],['http://ow.ly/MKNqD'],['https://pbs.twimg.com/media/CEn25HZWEAAwFB9.jpg'],0,0,0,"['flood', 'afghanistan']",[],https://twitter.com/BawaHS/status/597279886928117760,False,,1,https://pbs.twimg.com/media/CEn25HZWEAAwFB9.jpg,,,,,,,[],,,,
597278271714168832,597278271714168832,2015-05-10 01:53:31 EDT,2015-05-10,01:53:31,-0400,2698477658,riverouseyork,River Ouse (York),,River Ouse York water level: 2.54m at 05:00. Chance of flooding. #Flood #York #Ouse,en,[],[],[],0,4,0,"['flood', 'york', 'ouse']",[],https://twitter.com/RiverOuseYork/status/597278271714168832,False,,0,,,,,,,,[],,,,
597272301978165248,597272301978165248,2015-05-10 01:29:48 EDT,2015-05-10,01:29:48,-0400,2585523085,disaworldnews,Disaster World News,,"Flood evacuations in Colorado, with mountain snow on the way - The Coloradoan  http://t.co/Hu26qdAz3K #Flood",en,[],['http://news.google.com/news/url?sa=t&fd=R&ct2=us&usg=AFQjCNGhcbwwViXx_BlmsmCAXNOeVJ2slw&clid=c3a7d30bb8a4878e06b80cf16b898331&cid=52778833843172&ei=gulOVcCrMKq8mQKpnoHADw&url=http://www.coloradoan.com/story/news/2015/05/09/flood-and-snow-evacuation/27041893/'],[],0,1,0,['flood'],[],https://twitter.com/DisaWorldNews/status/597272301978165248,False,,0,,,,,,,,[],,,,
597270317220769792,597270317220769792,2015-05-10 01:21:55 EDT,2015-05-10,01:21:55,-0400,183333075,brightnexled,BrightnexLED,,Check out NEW 10W LED #Flood #Light #Outdoor #Landscape #Lamp 3000K Warm White Waterproof IP65   http://t.co/c6jci0jRZT @eBay,en,"[{'screen_name': 'ebay', 'name': 'ebay', 'id': '19709040'}]",['http://www.ebay.com/itm/321742334288'],[],0,0,1,"['flood', 'light', 'outdoor', 'landscape', 'lamp']",[],https://twitter.com/BrightnexLED/status/597270317220769792,False,,0,,,,,,,,[],,,,
597264970313633792,597264970313633792,2015-05-10 01:00:40 EDT,2015-05-10,01:00:40,-0400,73284058,katewindheuser,Kate Windheuser,,My apartment is taking on water.  Moving all the electronics to higher ground was a tougher job than initially anticipated.  #denver #flood,en,[],[],[],0,0,0,"['denver', 'flood']",[],https://twitter.com/katewindheuser/status/597264970313633792,False,,0,,,,,,,,[],,,,
597263168939765760,597263168939765760,2015-05-10 00:53:30 EDT,2015-05-10,00:53:30,-0400,2698477658,riverouseyork,River Ouse (York),,River Ouse York water level: 2.55m at 04:00. Chance of flooding. #Flood #York #Ouse,en,[],[],[],0,0,0,"['flood', 'york', 'ouse']",[],https://twitter.com/RiverOuseYork/status/597263168939765760,False,,0,,,,,,,,[],,,,
597259240110235648,597259240110235648,2015-05-10 00:37:54 EDT,2015-05-10,00:37:54,-0400,1536412436,globalfloodnews,GlobalFloodSystem,,#Global #Flood #News is out!  http://t.co/4qau1x6RoX Stories via @saskretweeter @MagdaDPVilm @atmsclim12,en,"[{'screen_name': 'magdadpvilm', 'name': 'magda d.p. vilmé', 'id': '702700063'}, {'screen_name': 'atmsclim12', 'name': '🧜\u200d♀️💜☠', 'id': '39050906'}]",['http://paper.li/GlobalFloodNews/1373268934?edition_id=9cea3c90-f6ce-11e4-ab66-002590a5ba2d'],[],0,0,1,"['global', 'flood', 'news']",[],https://twitter.com/GlobalFloodNews/status/597259240110235648,False,,0,,,,,,,,[],,,,
597250844753428480,597250844753428480,2015-05-10 00:04:32 EDT,2015-05-10,00:04:32,-0400,1536412436,globalfloodnews,GlobalFloodSystem,,"#flood #disaster Sewer water floods homes in Howe - KTEN: Sewer water floods homes in HoweKTENGRAYSON COUNTY, ...  http://t.co/Guy4fs2UiG",en,[],['http://bit.ly/1ckFvID'],[],0,0,0,"['flood', 'disaster']",[],https://twitter.com/GlobalFloodNews/status/597250844753428480,False,,0,,,,,,,,[],,,,
597250843969126400,597250843969126400,2015-05-10 00:04:32 EDT,2015-05-10,00:04:32,-0400,1536412436,globalfloodnews,GlobalFloodSystem,,#flood #disaster Anniversary: NOLA swamped by May floods 20 years ago - FOX 8 News WVUE-TV: FOX 8 News WVUE-TV...  http://t.co/a0sIxhEx9W,en,[],['http://bit.ly/1ckFvIB'],[],0,0,0,"['flood', 'disaster']",[],https://twitter.com/GlobalFloodNews/status/597250843969126400,False,,0,,,,,,,,[],,,,
597250843113459712,597250843113459712,2015-05-10 00:04:32 EDT,2015-05-10,00:04:32,-0400,1536412436,globalfloodnews,GlobalFloodSystem,,"#flood #disaster Severe Floods Slam Wise, Denton, Collin Counties - CBS Local: CBS LocalSevere Floods Slam Wis...  http://t.co/Ag8NHdY98E",en,[],['http://bit.ly/1ckFvIx'],[],0,0,0,"['flood', 'disaster']",[],https://twitter.com/GlobalFloodNews/status/597250843113459712,False,,0,,,,,,,,[],,,,
597248065368510465,597248065368510465,2015-05-09 23:53:29 EDT,2015-05-09,23:53:29,-0400,2698477658,riverouseyork,River Ouse (York),,River Ouse York water level: 2.55m at 03:00. Chance of flooding. #Flood #York #Ouse,en,[],[],[],0,0,0,"['flood', 'york', 'ouse']",[],https://twitter.com/RiverOuseYork/status/597248065368510465,False,,0,,,,,,,,[],,,,
597246687787155456,597246687787155456,2015-05-09 23:48:01 EDT,2015-05-09,23:48:01,-0400,558530817,dinanathb,Dinanath Bhandari,,"#EWS saves lives. @NEoCOfficial @NepalDRR, DHM update #flood warning system soon &amp; take actions for #disaster preparedness in #Nepal",en,"[{'screen_name': 'neocofficial', 'name': 'neoc, moha nepal', 'id': '3175433616'}, {'screen_name': 'nepaldrr', 'name': 'nrrc', 'id': '1178285450'}]",[],[],0,0,0,"['ews', 'flood', 'disaster', 'nepal']",[],https://twitter.com/DinanathB/status/597246687787155456,False,,0,,,,,,,,[],,,,
597237589951774720,597237589951774720,2015-05-09 23:11:52 EDT,2015-05-09,23:11:52,-0400,1329776498,smartdroid2000,smart droid,,10 day #weather forecast and #flood alert for #Bangladesh on your #android  https://t.co/SnL3qGGgSR,en,[],['https://play.google.com/store/apps/details?id=com.smartdroid.weather'],[],0,0,0,"['weather', 'flood', 'bangladesh', 'android']",[],https://twitter.com/smartdroid2000/status/597237589951774720,False,,0,,,,,,,,[],,,,
597236577031434240,597236577031434240,2015-05-09 23:07:50 EDT,2015-05-09,23:07:50,-0400,349285221,okcthundergal,OKC Thunder Gal 🆗 ⚡️⚡️⚡️,,It's not good when this text alert becomes the norm. Mother nature needs to calm her ta-ta's. #oklahomaweather #flood  http://t.co/xxIdMxtpIh,en,[],[],['https://pbs.twimg.com/media/CEnPgFiUMAAxJpr.jpg'],0,0,1,"['oklahomaweather', 'flood']",[],https://twitter.com/okcthundergal/status/597236577031434240,False,,1,https://pbs.twimg.com/media/CEnPgFiUMAAxJpr.jpg,,,,,,,[],,,,
597232961579143169,597232961579143169,2015-05-09 22:53:28 EDT,2015-05-09,22:53:28,-0400,2698477658,riverouseyork,River Ouse (York),,River Ouse York water level: 2.54m at 02:00. Chance of flooding. #Flood #York #Ouse,en,[],[],[],0,0,0,"['flood', 'york', 'ouse']",[],https://twitter.com/RiverOuseYork/status/597232961579143169,False,,0,,,,,,,,[],,,,
597231120493780992,597231120493780992,2015-05-09 22:46:09 EDT,2015-05-09,22:46:09,-0400,2585523085,disaworldnews,Disaster World News,,Flood damage remains a struggle for Lincoln residents - Lincoln Journal Star  http://t.co/MgUrydSdDR #Flood,en,[],['http://news.google.com/news/url?sa=t&fd=R&ct2=us&usg=AFQjCNGuMBtedFjWKqbDBKhYUEKwOAC43w&clid=c3a7d30bb8a4878e06b80cf16b898331&ei=_8ROVaCDM6SLmgKKgYGIBQ&url=http://journalstar.com/news/local/flood-damage-remains-a-struggle-for-lincoln-residents/article_d40521f5-87d7-5b98-b694-b8e90866711f.html'],[],0,0,0,['flood'],[],https://twitter.com/DisaWorldNews/status/597231120493780992,False,,0,,,,,,,,[],,,,
597224754454626304,597224754454626304,2015-05-09 22:20:52 EDT,2015-05-09,22:20:52,-0400,3106973096,toniburrellhs,Toni Burrell,,I think a #flood is coming I haven't posted anything all day and I'm so excited to show everyone all…  https://t.co/JNORw4j0v7,en,[],['https://instagram.com/p/2fAPDTj3wK/'],[],0,0,0,['flood'],[],https://twitter.com/toniburrellhs/status/597224754454626304,False,,0,,,,,,,,[],,,,
597224592462065664,597224592462065664,2015-05-09 22:20:13 EDT,2015-05-09,22:20:13,-0400,24754424,elfchild42,Erin Ford,,What the HAIL kind of weather is this? #hail #climatechange #flood  http://t.co/i8Su78iqCH,en,[],[],['https://pbs.twimg.com/media/CEnEmBwUsAAFMBz.jpg'],0,0,0,"['hail', 'climatechange', 'flood']",[],https://twitter.com/elfchild42/status/597224592462065664,False,,1,https://pbs.twimg.com/media/CEnEmBwUsAAFMBz.jpg,,,,,,,[],,,,
597221656222826496,597221656222826496,2015-05-09 22:08:33 EDT,2015-05-09,22:08:33,-0400,258006338,heretolove3,Onlyhopeyouhave,,Evidence Of Noah’s Ark  http://t.co/hWsVyn6PKB #Flood #Genesis #Science #fossils,en,[],['http://ow.ly/tbC86'],[],0,0,0,"['flood', 'genesis', 'science', 'fossils']",[],https://twitter.com/heretolove3/status/597221656222826496,False,,0,,,,,,,,[],,,,
597217858771226625,597217858771226625,2015-05-09 21:53:27 EDT,2015-05-09,21:53:27,-0400,2698477658,riverouseyork,River Ouse (York),,River Ouse York water level: 2.51m at 01:00. Chance of flooding. #Flood #York #Ouse,en,[],[],[],0,0,0,"['flood', 'york', 'ouse']",[],https://twitter.com/RiverOuseYork/status/597217858771226625,False,,0,,,,,,,,[],,,,
597216011436195841,597216011436195841,2015-05-09 21:46:07 EDT,2015-05-09,21:46:07,-0400,279136688,usweatherexpert,Mike Smith,,Mike Smith Enterprises Blog: Metroplex Update: 8:45pm  http://t.co/KGwRT5c5Pj #txwx #dfwwx #flood #tornado #flashflood,en,[],['http://www.mikesmithenterprisesblog.com/2015/05/metroplex-update-845pm.html?spref=tw'],[],0,0,0,"['txwx', 'dfwwx', 'flood', 'tornado', 'flashflood']",[],https://twitter.com/USWeatherExpert/status/597216011436195841,False,,0,,,,,,,,[],,,,
597215463739891712,597215463739891712,2015-05-09 21:43:56 EDT,2015-05-09,21:43:56,-0400,30453539,meganf1,Megan Frone,,@idarbwire #4h64 #flood,und,[],[],[],0,0,0,"['4h64', 'flood']",[],https://twitter.com/meganf1/status/597215463739891712,False,,0,,,,,,,,[],,,,
597206818213994496,597206818213994496,2015-05-09 21:09:35 EDT,2015-05-09,21:09:35,-0400,1214991961,thebighomie1,#Wealth&Health,,Bully (Big Bullz) X Yung Reeks - Telepathic |  | Link Up TV  http://t.co/8e4s10xder no sleep round er 💯☔️ #ambition #flood,en,[],['http://youtu.be/Uz6ifhC_LTs'],[],1,1,0,"['ambition', 'flood']",[],https://twitter.com/TheBigHomie1/status/597206818213994496,False,,0,,,,,,,,[],,,,
597203859522596864,597203859522596864,2015-05-09 20:57:50 EDT,2015-05-09,20:57:50,-0400,23583214,kellycass,Kelly Cass,,In the #Lab @weatherchannel with @DrGregForbes @THESarahD29  9-midnight ET. #severe #snow #Ana #hail #flood  http://t.co/q2rdtmkRDt,en,"[{'screen_name': 'weatherchannel', 'name': 'the weather channel', 'id': '20998647'}, {'screen_name': 'drgregforbes', 'name': 'dr. greg forbes', 'id': '442870573'}, {'screen_name': 'thesarahd29', 'name': 'liam baldwin', 'id': '4302045497'}]",[],['https://pbs.twimg.com/media/CEmxvWGVEAAqhNE.jpg'],5,7,38,"['lab', 'severe', 'snow', 'ana', 'hail', 'flood']",[],https://twitter.com/kellycass/status/597203859522596864,False,,1,https://pbs.twimg.com/media/CEmxvWGVEAAqhNE.jpg,,,,,,,[],,,,
597203623483932672,597203623483932672,2015-05-09 20:56:54 EDT,2015-05-09,20:56:54,-0400,262872511,binckly,James Binckly,,#flood  http://t.co/zgq8wX8yHo,und,[],[],['https://pbs.twimg.com/media/CEmxhujUUAEgsOc.jpg'],0,0,0,['flood'],[],https://twitter.com/Binckly/status/597203623483932672,False,,1,https://pbs.twimg.com/media/CEmxhujUUAEgsOc.jpg,,,,,,,[],,,,
597203302707695617,597203302707695617,2015-05-09 20:55:37 EDT,2015-05-09,20:55:37,-0400,235391099,jenmac13moose,Jennifer McCullar,,So this is happening right now. #Flood #oklahomaweather  http://t.co/Z879nadhqy,en,[],[],['https://pbs.twimg.com/media/CEmxPRIUgAQV0SY.jpg'],1,0,2,"['flood', 'oklahomaweather']",[],https://twitter.com/JenMac13Moose/status/597203302707695617,False,,1,https://pbs.twimg.com/media/CEmxPRIUgAQV0SY.jpg,,,,,,,[],,,,
597202756638650368,597202756638650368,2015-05-09 20:53:27 EDT,2015-05-09,20:53:27,-0400,2698477658,riverouseyork,River Ouse (York),,River Ouse York water level: 2.48m at 00:00. Chance of flooding. #Flood #York #Ouse,en,[],[],[],0,0,0,"['flood', 'york', 'ouse']",[],https://twitter.com/RiverOuseYork/status/597202756638650368,False,,0,,,,,,,,[],,,,
597198119156211714,597198119156211714,2015-05-09 20:35:01 EDT,2015-05-09,20:35:01,-0400,2596802863,anthonyhead13,Anthony Hiberts,,RT careersingov: #ENGINEERING ASSISTANT III - #Flood Protection cityofwestsac by 5-25  http://t.co/F4U7zRPrwy  #wa…  http://t.co/zXIgqlP46m,en,[],"['http://ow.ly/MIXZN', 'http://goo.gl/8mCQ6Q']",[],0,0,0,"['engineering', 'flood', 'wa']",[],https://twitter.com/Anthonyhead13/status/597198119156211714,False,,0,,,,,,,,[],,,,
597196185561124864,597196185561124864,2015-05-09 20:27:20 EDT,2015-05-09,20:27:20,-0400,855379321,wxnick,Nick Wiltgen,,"#flood MT @KNEBStormCenter What to do when you can't get to KMart in Scottsbluff, NE? Row, row, row your boat.  http://t.co/SyuE6aoR6c",en,[],[],['https://pbs.twimg.com/media/CEmqXOLUkAA5ckx.jpg'],7,48,56,['flood'],[],https://twitter.com/WxNick/status/597196185561124864,False,,1,https://pbs.twimg.com/media/CEmqXOLUkAA5ckx.jpg,,,,,,,[],,,,
597194516475543554,597194516475543554,2015-05-09 20:20:42 EDT,2015-05-09,20:20:42,-0400,2585523085,disaworldnews,Disaster World News,,"Flood and storm warnings, watches continue as Pikes Peak region braces for snow - Colorado Springs Gazette  http://t.co/xlJBwd5rte #Flood",en,[],['http://news.google.com/news/url?sa=t&fd=R&ct2=us&usg=AFQjCNFeiV6V_2iAbtkrySEQMVR6DaReZQ&clid=c3a7d30bb8a4878e06b80cf16b898331&cid=52778832399134&ei=FaFOVejrMs6wmQKGmIGoBQ&url=http://gazette.com/flood-and-storm-warnings-watches-continue-as-pikes-peak-region-braces-for-snow/article/1551275'],[],0,0,0,['flood'],[],https://twitter.com/DisaWorldNews/status/597194516475543554,False,,0,,,,,,,,[],,,,
597193700633157632,597193700633157632,2015-05-09 20:17:28 EDT,2015-05-09,20:17:28,-0400,344566141,g_rawwwdotcom,Gary,"{'type': 'Point', 'coordinates': [39.982328, -75.155983]}","Day party earlier.  #Flood @ Maxi's Pizza, Subs &amp; Bar  https://t.co/2VGYu8s29S",en,[],['https://instagram.com/p/2eyHh5i_5u/'],[],0,0,0,['flood'],[],https://twitter.com/G_Rawwwdotcom/status/597193700633157632,False,,0,,,,,,,,[],,,,
597192880545878016,597192880545878016,2015-05-09 20:14:12 EDT,2015-05-09,20:14:12,-0400,1536412436,globalfloodnews,GlobalFloodSystem,,"#flood #disaster Severe Floods Slam Wise, Denton, Collin Counties - CBS Local: CBS LocalSevere Floods Slam Wis...  http://t.co/iiVWTycsNp",en,[],['http://bit.ly/1ck7tUK'],[],0,0,0,"['flood', 'disaster']",[],https://twitter.com/GlobalFloodNews/status/597192880545878016,False,,0,,,,,,,,[],,,,
597189395603726336,597189395603726336,2015-05-09 20:00:21 EDT,2015-05-09,20:00:21,-0400,23332848,techfriend13,Ryan,,@idarbwire #CJ32 Ehren do you even swim? #flood,en,[],[],[],0,0,0,"['cj32', 'flood']",[],https://twitter.com/techfriend13/status/597189395603726336,False,,0,,,,,,,,[],,,,
