id,conversation_id,created_at,date,time,timezone,user_id,username,name,place,tweet,language,mentions,urls,photos,replies_count,retweets_count,likes_count,hashtags,cashtags,link,retweet,quote_url,video,thumbnail,near,geo,source,user_rt_id,user_rt,retweet_id,reply_to,retweet_date,translate,trans_src,trans_dest
870419630686314496,870419630686314496,2017-06-01 19:19:46 EDT,2017-06-01,19:19:46,-0400,48817182,csac_counties,California State Association of Counties®,,Interactive #flood mapping tool can help #localgovernment plan.  https://t.co/8B4h1DtZ9S @FurmanCenterNYU @govtechnews #planning,en,"[{'screen_name': 'furmancenternyu', 'name': 'furman center', 'id': '245915883'}, {'screen_name': 'govtechnews', 'name': 'govtechnews', 'id': '18922205'}]",['http://bit.ly/2rp72l9'],[],0,0,1,"['flood', 'localgovernment', 'planning']",[],https://twitter.com/CSAC_Counties/status/870419630686314496,False,,0,,,,,,,,[],,,,
870409633919258625,870409633919258625,2017-06-01 18:40:02 EDT,2017-06-01,18:40:02,-0400,183688400,livewxradar,Rob Delp Weather,,The Low temps  tonight. Track the storms on our Radars at  https://t.co/HNLPnbqhEd #wx #weather #flood #hail #nascar  https://t.co/HNPvlnVTBZ,en,[],['http://www.weather.pub'],['https://pbs.twimg.com/media/DBNBK95UMAAoqFV.jpg'],0,0,0,"['wx', 'weather', 'flood', 'hail', 'nascar']",[],https://twitter.com/livewxradar/status/870409633919258625,False,,1,https://pbs.twimg.com/media/DBNBK95UMAAoqFV.jpg,,,,,,,[],,,,
870408045167333376,870408045167333376,2017-06-01 18:33:44 EDT,2017-06-01,18:33:44,-0400,449379831,adeolal,Adeola Amanda Lake,,"Last time God fixed human fuckery there was a natural disaster... hint, a boat was involved. #flood #fireandbrimstone #tryplanB  https://t.co/roW8IH8fHg",en,[],['https://twitter.com/altNOAA/status/870077896576057344'],[],0,0,0,"['flood', 'fireandbrimstone', 'tryplanb']",[],https://twitter.com/AdeolaL/status/870408045167333376,False,https://twitter.com/altNOAA/status/870077896576057344,0,,,,,,,,[],,,,
870407208856637440,870407208856637440,2017-06-01 18:30:24 EDT,2017-06-01,18:30:24,-0400,83736607,alertesnextway,Alertes Immobilières,,Educate Canadians about #flood risk ! #realestate  https://t.co/EkwRZXVvav,en,[],['http://fb.me/13238YCJR'],[],0,0,0,"['flood', 'realestate']",[],https://twitter.com/AlertesNextway/status/870407208856637440,False,,0,,,,,,,,[],,,,
870407207573233665,870407207573233665,2017-06-01 18:30:24 EDT,2017-06-01,18:30:24,-0400,839701860542001153,dragosruxandu,Dragos Ruxandu,,Educate Canadians about #flood risk ! #realestate  https://t.co/Bvv5zHb5z4,en,[],['http://fb.me/5nO0nVDXO'],[],0,0,0,"['flood', 'realestate']",[],https://twitter.com/DragosRuxandu/status/870407207573233665,False,,0,,,,,,,,[],,,,
870406863791296513,870406863791296513,2017-06-01 18:29:02 EDT,2017-06-01,18:29:02,-0400,1165308708,preppundit,PreparednessPundit,,"""#Flood"" (2007)  https://t.co/8H2S09d2Ig #PrepperTalk #preppers #doomsdaypreppers #prepping #Survivalist #disaster #storm",und,[],['http://goo.gl/ONtZU'],[],0,0,0,"['flood', 'preppertalk', 'preppers', 'doomsdaypreppers', 'prepping', 'survivalist', 'disaster', 'storm']",[],https://twitter.com/PrepPundit/status/870406863791296513,False,,0,,,,,,,,[],,,,
870402664542203904,870402664542203904,2017-06-01 18:12:21 EDT,2017-06-01,18:12:21,-0400,2704377224,sp_simonovic,Slobodan P Simonovic,,I am speechless. Bipartisan Bill Introduced to Fix Neighborhood Floods  https://t.co/lNe4PmGNCI #flood #disaster,en,[],['http://www.climatecentral.org/news/bipartisan-bill-proposes-to-fix-floods-21479'],[],0,1,1,"['flood', 'disaster']",[],https://twitter.com/SP_Simonovic/status/870402664542203904,False,,0,,,,,,,,[],,,,
870399092031201280,870399092031201280,2017-06-01 17:58:09 EDT,2017-06-01,17:58:09,-0400,15720918,stapf,Scott Stapf,,"100,000 already #climate #flood victims: Cost of flood insurance rising as fast as water levels  https://t.co/nh2PfTjhfd #weather",en,[],['http://buffalonews.com/2017/05/31/cost-flood-insurance-rising-fast-water-levels/'],[],0,2,3,"['climate', 'flood', 'weather']",[],https://twitter.com/stapf/status/870399092031201280,False,,0,,,,,,,,[],,,,
870397811312996352,870397811312996352,2017-06-01 17:53:04 EDT,2017-06-01,17:53:04,-0400,519742052,nationalflood,National Flood,,&gt;20% of #flood claims = from moderate/low-risk areas. See what can cause #flooding  https://t.co/wvEjrPg5qN via @YahooNews  @TobieStanger,en,"[{'screen_name': 'yahoonews', 'name': 'yahoo news', 'id': '7309052'}, {'screen_name': 'tobiestanger', 'name': 'tobie stanger', 'id': '1110423788'}]",['https://yhoo.it/2qIqj0r'],[],1,0,0,"['flood', 'flooding']",[],https://twitter.com/NationalFlood/status/870397811312996352,False,,0,,,,,,,,[],,,,
870395886974664704,870395886974664704,2017-06-01 17:45:25 EDT,2017-06-01,17:45:25,-0400,836411232122994688,zombeekiller4u,Zombeekiller4u,,Dam the pool well soon flood Dx #flood #pool  https://t.co/95g72YWg79,en,[],['https://www.instagram.com/p/BU0AFZwFHDN/'],[],0,1,0,"['flood', 'pool']",[],https://twitter.com/zombeekiller4u/status/870395886974664704,False,,0,,,,,,,,[],,,,
870390772989931520,870390772989931520,2017-06-01 17:25:06 EDT,2017-06-01,17:25:06,-0400,3166840817,myhbeach,Hallandale Beach,,"It's hurricane season, don't wait. Get flood insurance now. Visit  https://t.co/easgt9V28U @fema @NWSNHC #HBHereForYou #flood  https://t.co/hazba6Ubga",en,"[{'screen_name': 'fema', 'name': 'fema', 'id': '16669075'}, {'screen_name': 'nwsnhc', 'name': 'national hurricane center', 'id': '3308352436'}]",['http://www.FloodSmart.gov'],['https://pbs.twimg.com/media/DBQ_ytAU0AEFE7U.jpg'],0,0,1,"['hbhereforyou', 'flood']",[],https://twitter.com/MYHBeach/status/870390772989931520,False,,1,https://pbs.twimg.com/media/DBQ_ytAU0AEFE7U.jpg,,,,,,,[],,,,
870385160306536448,870385160306536448,2017-06-01 17:02:47 EDT,2017-06-01,17:02:47,-0400,247796366,_halktanbiri,Berkay Akbulut,,#flood  https://t.co/qLUQnBF3oC,und,[],[],['https://pbs.twimg.com/media/DBQ6q4aXgAAwxD4.jpg'],0,2,4,['flood'],[],https://twitter.com/_HalktanBiri/status/870385160306536448,False,,1,https://pbs.twimg.com/media/DBQ6q4aXgAAwxD4.jpg,,,,,,,[],,,,
870383506114977792,870383506114977792,2017-06-01 16:56:13 EDT,2017-06-01,16:56:13,-0400,46319148,afish16,Dr. Fish,,The Mississippi River is just a tad high... 😱#river #flood #lsu #LSUResearch  https://t.co/EVA91TPmIX,en,[],[],['https://pbs.twimg.com/media/DBQ5LkYXYAA-egY.jpg'],0,0,0,"['river', 'flood', 'lsu', 'lsuresearch']",[],https://twitter.com/afish16/status/870383506114977792,False,,1,https://pbs.twimg.com/media/DBQ5LkYXYAA-egY.jpg,,,,,,,[],,,,
870379434036965376,870379434036965376,2017-06-01 16:40:02 EDT,2017-06-01,16:40:02,-0400,183688400,livewxradar,Rob Delp Weather,,The Low temps for tonight. Track the storms on our Radars at  https://t.co/HNLPnbqhEd #wx #weather #flood #hail #weed  https://t.co/LGoCSzxCyR,en,[],['http://www.weather.pub'],['https://pbs.twimg.com/media/DBNA9pnVYAEkqMB.jpg'],0,1,0,"['wx', 'weather', 'flood', 'hail', 'weed']",[],https://twitter.com/livewxradar/status/870379434036965376,False,,1,https://pbs.twimg.com/media/DBNA9pnVYAEkqMB.jpg,,,,,,,[],,,,
870378344084361216,870374681617899520,2017-06-01 16:35:42 EDT,2017-06-01,16:35:42,-0400,1020301946,jmc_starbug,@Baldwhinger,,@TelegraphNews isn't a picture of a boating lake a little disingenuous? #plague #flood #masshysteria,en,[],[],[],0,0,0,"['plague', 'flood', 'masshysteria']",[],https://twitter.com/JMC_Starbug/status/870378344084361216,False,,0,,,,,,,,"[{'screen_name': 'TelegraphNews', 'name': 'Telegraph Breaking News', 'id': '14138785'}]",,,,
870376708163026945,870376708163026945,2017-06-01 16:29:12 EDT,2017-06-01,16:29:12,-0400,2557520546,dacinformation,Doña Ana County,,#Mesquite residents invited to discuss #flood study:  https://t.co/Jjora93kHB #CommunityOutreach #PublicMeeting,en,[],['http://bit.ly/2qGC3UF'],[],0,0,0,"['mesquite', 'flood', 'communityoutreach', 'publicmeeting']",[],https://twitter.com/DACinformation/status/870376708163026945,False,,0,,,,,,,,[],,,,
870373168501993472,870373168501993472,2017-06-01 16:15:08 EDT,2017-06-01,16:15:08,-0400,2196555223,caseglidenews,CaseGlide,,Florida's private #flood #insurance market is a template for the country  https://t.co/gKY5JnBYBL,en,[],['http://buff.ly/2qy3A6r'],[],0,1,2,"['flood', 'insurance']",[],https://twitter.com/CaseGlideNews/status/870373168501993472,False,,0,,,,,,,,[],,,,
870369372153532417,870369372153532417,2017-06-01 16:00:03 EDT,2017-06-01,16:00:03,-0400,277889424,esa_eo,ESA EarthObservation,,.@DisastersChart activated for #Bangladesh #Flood after #CycloneMora. Maps from #Sentinel1 data by @UNITAR-@UNOSAT:  https://t.co/sGGMQpzyRO  https://t.co/bkuSRuo57s,en,"[{'screen_name': 'disasterschart', 'name': 'disasters charter', 'id': '79132107'}, {'screen_name': 'unitar', 'name': 'unitar', 'id': '34248609'}, {'screen_name': 'unosat', 'name': 'unosat', 'id': '145243831'}]",['http://buff.ly/2shlOup'],"['https://pbs.twimg.com/media/DBQsVKRXgAAUQdL.jpg', 'https://pbs.twimg.com/media/DBQsU7mW0AEO2Yr.jpg']",0,4,6,"['bangladesh', 'flood', 'cyclonemora', 'sentinel1']",[],https://twitter.com/ESA_EO/status/870369372153532417,False,,1,https://pbs.twimg.com/media/DBQsVKRXgAAUQdL.jpg,,,,,,,[],,,,
870367337135747072,870366985208578048,2017-06-01 15:51:58 EDT,2017-06-01,15:51:58,-0400,2276880895,petabencana,PetaBencana.id,,"@itsMakaylaJr Hello, I am Bencana Bot, reply with #flood to send me your flood report.  https://t.co/nQmjG3EDVD",en,[],[],['https://pbs.twimg.com/tweet_video_thumb/C4MFV65UkAAbNll.jpg'],1,2,14,['flood'],[],https://twitter.com/petabencana/status/870367337135747072,False,,1,https://pbs.twimg.com/tweet_video_thumb/C4MFV65UkAAbNll.jpg,,,,,,,"[{'screen_name': 'itsMakaylaJr', 'name': 'Kay.', 'id': '3092808566'}]",,,,
870365951677607936,870365951677607936,2017-06-01 15:46:28 EDT,2017-06-01,15:46:28,-0400,133425581,pianational,PIA,,Draft Bill to Renew #Flood Program Released  https://t.co/M703hWE1MC,en,[],['http://bit.ly/2qL03kQ'],[],0,4,1,['flood'],[],https://twitter.com/PIANational/status/870365951677607936,False,,0,,,,,,,,[],,,,
870365873604878336,870365873604878336,2017-06-01 15:46:09 EDT,2017-06-01,15:46:09,-0400,144661778,russquackenbush,Russ Quackenbush,"{'type': 'Point', 'coordinates': [33.7703751, -118.1880591]}",Someone must of forgot about that water pipe. #longbeach #knowyourpipes #flood @ ArtExchange - ArtX  https://t.co/M0Lxide437,en,[],['https://www.instagram.com/p/BUzyb-HgGTa/'],[],0,0,0,"['longbeach', 'knowyourpipes', 'flood']",[],https://twitter.com/RussQuackenbush/status/870365873604878336,False,,0,,,,,,,,[],,,,
870361490993184769,870361490993184769,2017-06-01 15:28:44 EDT,2017-06-01,15:28:44,-0400,1534330555,godessofvictry,Ashley ✨ she/her/hers,,Send help #Dallas #DFW #Flood  https://t.co/2Q3cq8vG92,en,[],[],['https://pbs.twimg.com/media/DBQlKKHUAAAunbA.jpg'],0,0,0,"['dallas', 'dfw', 'flood']",[],https://twitter.com/godessofvictry/status/870361490993184769,False,,1,https://pbs.twimg.com/media/DBQlKKHUAAAunbA.jpg,,,,,,,[],,,,
870358698505404417,870358698505404417,2017-06-01 15:17:38 EDT,2017-06-01,15:17:38,-0400,3181909616,gameplanexperts,Game Plan Experts,,12 inches of flowing water can carry off a small car. #flood #flashflood #weather  https://t.co/Rc2xCToH8N,en,[],['http://ow.ly/zrWM30ceFwb'],[],0,0,0,"['flood', 'flashflood', 'weather']",[],https://twitter.com/GamePlanExperts/status/870358698505404417,False,,0,,,,,,,,[],,,,
870358698203516930,870358698203516930,2017-06-01 15:17:38 EDT,2017-06-01,15:17:38,-0400,4370167092,prepperparties,PrepperParties,,12 inches of flowing water can carry off a small car. #flood #flashflood #weather  https://t.co/SDWZdUhdLH,en,[],['http://ow.ly/zrWM30ceFwb'],[],0,0,0,"['flood', 'flashflood', 'weather']",[],https://twitter.com/PrepperParties/status/870358698203516930,False,,0,,,,,,,,[],,,,
870355553469517824,870355553469517824,2017-06-01 15:05:09 EDT,2017-06-01,15:05:09,-0400,958321766,usgs_hdds,USGS HDDS,,3 scenes of SENTINEL ingested to HDDS for event 201704_Flood_US #flood  https://t.co/IfLOtwKuMg  https://t.co/HYEmt11yjt,en,[],['https://hddsexplorer.usgs.gov/criteria?event=201704_Flood_US&ordered=201704_Flood_US_ESA_SENTINEL2_20170530_NV&field=BATCH_NAME'],['https://pbs.twimg.com/media/DBQfw1mWAAUuWPr.jpg'],0,0,0,['flood'],[],https://twitter.com/USGS_HDDS/status/870355553469517824,False,,1,https://pbs.twimg.com/media/DBQfw1mWAAUuWPr.jpg,,,,,,,[],,,,
870354953705070593,870354953705070593,2017-06-01 15:02:46 EDT,2017-06-01,15:02:46,-0400,1356775532,sebdahlstrom,Sebastian Dahlström,"{'type': 'Point', 'coordinates': [63.44313, 12.74076]}","Sweden's largest waterfall, Tännforsen, is on fire!   #tännforsen #flood #spring #water…  https://t.co/0A1gNdW1g9",de,[],['https://www.instagram.com/p/BUzteMhAlkA/'],[],0,0,0,"['tännforsen', 'flood', 'spring', 'water']",[],https://twitter.com/SebDahlstrom/status/870354953705070593,False,,0,,,,,,,,[],,,,
870350542509363201,870350542509363201,2017-06-01 14:45:14 EDT,2017-06-01,14:45:14,-0400,3339986950,authorles,Les Farley (Author),,#Good and #evil #clash in this #ebook #fantasy which takes #place long before #Noah's #flood.   https://t.co/K3y9emqGGa  https://t.co/krUz2sDHSl,en,[],['http://ow.ly/ZYZi3080eui'],['https://pbs.twimg.com/media/DBQbNFPUIAAyO6G.jpg'],0,1,0,"['good', 'evil', 'clash', 'ebook', 'fantasy', 'place', 'noah', 'flood']",[],https://twitter.com/AuthorLes/status/870350542509363201,False,,1,https://pbs.twimg.com/media/DBQbNFPUIAAyO6G.jpg,,,,,,,[],,,,
870349167213895680,870349167213895680,2017-06-01 14:39:46 EDT,2017-06-01,14:39:46,-0400,231709433,homesick_ankita,Ankita Sarkar,,The joys of heavy showers 💦 #rain #thunder #clouds #flood #water #splash #nofilter…  https://t.co/N9rJaih9wK,en,[],['https://www.instagram.com/p/BUzq1oqldvs/'],[],0,0,1,"['rain', 'thunder', 'clouds', 'flood', 'water', 'splash', 'nofilter']",[],https://twitter.com/HOMESICK_ANKITA/status/870349167213895680,False,,0,,,,,,,,[],,,,
870348666388742144,870348666388742144,2017-06-01 14:37:47 EDT,2017-06-01,14:37:47,-0400,2876203767,katyglassborow,Katy Coebergh,,#trees in playground of #French school. Helps #shade #airpollution #flood resistance. #Britain would be transformed with investment in trees  https://t.co/OoxpKNqhz9,en,[],[],"['https://pbs.twimg.com/media/DBQZVWRXcAA5R7O.jpg', 'https://pbs.twimg.com/media/DBQZVTeWAAAvJ3q.jpg']",0,0,1,"['trees', 'french', 'shade', 'airpollution', 'flood', 'britain']",[],https://twitter.com/KatyGlassborow/status/870348666388742144,False,,1,https://pbs.twimg.com/media/DBQZVWRXcAA5R7O.jpg,,,,,,,[],,,,
870345280918622209,870345280918622209,2017-06-01 14:24:19 EDT,2017-06-01,14:24:19,-0400,4259135175,icca_canada,Intact Centre | Centre Intact,,Check it out - our #facebook page for the Home #Flood Protection Program is now live! #Burlington #flooding  https://t.co/dPZW7bBuIs,en,[],['http://bit.ly/2siLaYX'],[],0,0,2,"['facebook', 'flood', 'burlington', 'flooding']",[],https://twitter.com/ICCA_Canada/status/870345280918622209,False,,0,,,,,,,,[],,,,
870344945311387649,870344945311387649,2017-06-01 14:22:59 EDT,2017-06-01,14:22:59,-0400,386228649,theagermeister,David Ager 🗺😷 #OpenForWork,,Goodbye New Orleans  https://t.co/xCw1gIZ0mZ #flood #climatechange #envrionment #maps #gis,en,[],['http://googlemapsmania.blogspot.com/2017/06/goodbye-new-orleans.html'],[],0,0,0,"['flood', 'climatechange', 'envrionment', 'maps', 'gis']",[],https://twitter.com/TheAgermeister/status/870344945311387649,False,,0,,,,,,,,[],,,,
870344145596018688,870344145596018688,2017-06-01 14:19:49 EDT,2017-06-01,14:19:49,-0400,595609536,nwsmbrfc,NWS MBRFC,,#Snowmelt is in full gear across the West. #Rivers to rise through the weekend reaching #flood stage at many locations.  https://t.co/nRk75JJ9bG,en,[],[],['https://pbs.twimg.com/media/DBQVYwLXsAAm-Kp.jpg'],0,0,0,"['snowmelt', 'rivers', 'flood']",[],https://twitter.com/NWSMBRFC/status/870344145596018688,False,,1,https://pbs.twimg.com/media/DBQVYwLXsAAm-Kp.jpg,,,,,,,[],,,,
870340462716104706,870340462716104706,2017-06-01 14:05:11 EDT,2017-06-01,14:05:11,-0400,14245324,jacobsconnects,Jacobs,,Our #flood &amp; river management experts can help you seamlessly undertake flood risk modelling at any scale.  https://t.co/BFgO0OF7My  https://t.co/T9wINb2EPC,en,[],['http://ow.ly/62ZB30ce5T1'],['https://pbs.twimg.com/media/DBQSCRSXsAExsha.jpg'],0,5,1,['flood'],[],https://twitter.com/JacobsConnects/status/870340462716104706,False,,1,https://pbs.twimg.com/media/DBQSCRSXsAExsha.jpg,,,,,,,[],,,,
870339843066220544,870116775463051264,2017-06-01 14:02:43 EDT,2017-06-01,14:02:43,-0400,137124539,gapjump,Will Gage,,"@tedlieu God may decide to fix the problem, but there's no guarantee that we'll like the solution #flood",en,[],[],[],0,0,0,['flood'],[],https://twitter.com/gapjump/status/870339843066220544,False,,0,,,,,,,,"[{'screen_name': 'tedlieu', 'name': 'Ted Lieu', 'id': '21059255'}]",,,,
870337481237024769,870337481237024769,2017-06-01 13:53:20 EDT,2017-06-01,13:53:20,-0400,768081604505919488,catrisktrading,Jeffrey Boyd,,The removal of requirements would broaden the pool of private #Flood #Insurance policies that could qualify...  https://t.co/r0n9yKUMBm,en,[],['https://lnkd.in/dj3B4jp'],[],0,0,0,"['flood', 'insurance']",[],https://twitter.com/CatRiskTrading/status/870337481237024769,False,,0,,,,,,,,[],,,,
870337047919296514,870337047919296514,2017-06-01 13:51:36 EDT,2017-06-01,13:51:36,-0400,202986590,daviddwr,David Lloyd Owen,,"#Flood plains matter. In decent condition, they ease storm #water flows by 10-15%. They buy us the time to respond.  https://t.co/RRnUVVMLym",en,[],['https://www.theguardian.com/environment/2017/jun/01/englands-90-floodplains-not-fit-for-purpose-study-finds?CMP=twt_a-environment_b-gdneco'],[],0,1,1,"['flood', 'water']",[],https://twitter.com/Daviddwr/status/870337047919296514,False,,0,,,,,,,,[],,,,
870332714100174849,870332714100174849,2017-06-01 13:34:23 EDT,2017-06-01,13:34:23,-0400,108087564,marshallleslie,Marshall Leslie,,MT @TheEconomist Rising #water: South Florida tries to hold back the sea  https://t.co/GP9XJFr8lp #flood #resilience,en,"[{'screen_name': 'theeconomist', 'name': 'the economist', 'id': '5988062'}]",['http://www.economist.com/news/united-states/21722836-denial-rules-tallahassee-miami-takes-matters-its-own-hands-south-florida-tries'],[],0,0,1,"['water', 'flood', 'resilience']",[],https://twitter.com/MarshallLeslie/status/870332714100174849,False,,0,,,,,,,,[],,,,
870331635903848448,870331635903848448,2017-06-01 13:30:06 EDT,2017-06-01,13:30:06,-0400,183688400,livewxradar,Rob Delp Weather,,Forecast for early today. Keep up with your #weather at    https://t.co/HNLPnbqhEd  #wx #storm #rain #flood #hot #  https://t.co/PgAoigFMMh,en,[],['http://www.weather.pub'],['https://pbs.twimg.com/media/DBNJX09VoAAqg7r.jpg'],0,0,0,"['weather', 'wx', 'storm', 'rain', 'flood', 'hot']",[],https://twitter.com/livewxradar/status/870331635903848448,False,,1,https://pbs.twimg.com/media/DBNJX09VoAAqg7r.jpg,,,,,,,[],,,,
870330829192298498,870328228317085696,2017-06-01 13:26:54 EDT,2017-06-01,13:26:54,-0400,2277991950,zippersam,Sam Zipper,,"But, forests will only reduce #flood peaks if dry antecedent conditions create differences between land covers   https://t.co/QgW6BNgweH",en,[],['http://onlinelibrary.wiley.com/doi/10.1002/hyp.11226/full'],[],1,0,0,['flood'],[],https://twitter.com/ZipperSam/status/870330829192298498,False,,0,,,,,,,,[],,,,
870330610031702017,870330610031702017,2017-06-01 13:26:02 EDT,2017-06-01,13:26:02,-0400,202986590,daviddwr,David Lloyd Owen,,"90% of England's #flood plains are not up to their role of holding back flood #water, because of poor managemnent.  https://t.co/RRnUVVMLym",en,[],['https://www.theguardian.com/environment/2017/jun/01/englands-90-floodplains-not-fit-for-purpose-study-finds?CMP=twt_a-environment_b-gdneco'],[],0,0,0,"['flood', 'water']",[],https://twitter.com/Daviddwr/status/870330610031702017,False,,0,,,,,,,,[],,,,
870328827309731840,870328827309731840,2017-06-01 13:18:57 EDT,2017-06-01,13:18:57,-0400,119542932,usgs_idaho,USGS in Idaho,,South Fork Payette River at Lowman approaching #flood stage:  https://t.co/rOIIk0nxYI  https://t.co/XEF2GBCk9j,en,[],['https://on.doi.gov/2rJuufZ'],['https://pbs.twimg.com/media/DBQHWphV0AAs6YK.jpg'],0,0,1,['flood'],[],https://twitter.com/USGS_Idaho/status/870328827309731840,False,,1,https://pbs.twimg.com/media/DBQHWphV0AAs6YK.jpg,,,,,,,[],,,,
870328781482885120,870328781482885120,2017-06-01 13:18:46 EDT,2017-06-01,13:18:46,-0400,70252290,patiswhereitsat,Patricia,,Maybe with another great #flood?  https://t.co/QPqaIs66Pw,en,[],['https://twitter.com/thehill/status/870328112835330049'],[],0,0,0,['flood'],[],https://twitter.com/patiswhereitsat/status/870328781482885120,False,https://twitter.com/thehill/status/870328112835330049,0,,,,,,,,[],,,,
870328529967128576,870328529967128576,2017-06-01 13:17:46 EDT,2017-06-01,13:17:46,-0400,706341641716572160,spartan300x,Spartan,,A second too late gets you second place. #fakeblood #killermemo #flood #btonice #phxs #funrun2 #300x #CloseButNoCigar #SpartanStrong  https://t.co/CHrMB4eQlS,en,[],[],['https://pbs.twimg.com/media/DBQHLVZUAAAPp5K.jpg'],0,0,2,"['fakeblood', 'killermemo', 'flood', 'btonice', 'phxs', 'funrun2', '300x', 'closebutnocigar', 'spartanstrong']",[],https://twitter.com/spartan300x/status/870328529967128576,False,,1,https://pbs.twimg.com/media/DBQHLVZUAAAPp5K.jpg,,,,,,,[],,,,
870326293941821441,870326293941821441,2017-06-01 13:08:53 EDT,2017-06-01,13:08:53,-0400,829043878116392961,strikecheck1,StrikeCheck,,Private #insurers could gain access to federal #flood program via @cjournal #insurance  https://t.co/revIWUluJm,en,"[{'screen_name': 'cjournal', 'name': 'claims journal', 'id': '15310803'}]",['http://bit.ly/2ruBsok'],[],0,0,0,"['insurers', 'flood', 'insurance']",[],https://twitter.com/StrikeCheck1/status/870326293941821441,False,,0,,,,,,,,[],,,,
870324069572497409,870324069572497409,2017-06-01 13:00:02 EDT,2017-06-01,13:00:02,-0400,405034439,contrconnection,ContractorConnection,,"Preparing For Natural Disasters: Floods, Hurricanes, Tornadoes And Earthquakes --&gt;  https://t.co/3Vr8CTb5KE #disaster #hurricane #flood  https://t.co/iA2F2ZZETs",en,[],['https://www.contractorconnection.com/preparing-for-natural-disasters/'],['https://pbs.twimg.com/media/DBLhpfdW0AAr_ne.jpg'],0,1,3,"['disaster', 'hurricane', 'flood']",[],https://twitter.com/ContrConnection/status/870324069572497409,False,,1,https://pbs.twimg.com/media/DBLhpfdW0AAr_ne.jpg,,,,,,,[],,,,
870312438960447488,870312438960447488,2017-06-01 12:13:49 EDT,2017-06-01,12:13:49,-0400,14907290,diamondrn,Bob Diamond-Pharmacist-Vietnam Vet-Mensa Member,,A huge #flood is the best explanation of how these #dinosuar bones got into their current distribution at the ranch.  https://t.co/R8kgnMdRAb,en,[],['http://fb.me/24WrvjM0U'],[],0,1,1,"['flood', 'dinosuar']",[],https://twitter.com/diamondrn/status/870312438960447488,False,,0,,,,,,,,[],,,,
870310618728767489,870301787718168577,2017-06-01 12:06:35 EDT,2017-06-01,12:06:35,-0400,3306691242,godfriedpimlott,Godfried Pimlott,,"@TheIconBrickell @Bergg69 They may not like the way that ""God takes care of it.""  Remember the #flood?",en,[],[],[],2,0,0,['flood'],[],https://twitter.com/godfriedpimlott/status/870310618728767489,False,,0,,,,,,,,"[{'screen_name': 'TheIconBrickell', 'name': 'Icon Brickell', 'id': '393644173'}, {'screen_name': 'Bergg69', 'name': 'Bergg69', 'id': '76919759'}]",,,,
870305123645435904,870305123645435904,2017-06-01 11:44:45 EDT,2017-06-01,11:44:45,-0400,79132107,disasterschart,Disasters Charter,,"THEOS was used to map the #flood extent in Matara District, #SriLanka, on 28 May:  https://t.co/LCo1VVKgEZ  https://t.co/p7NX0wq42P",en,[],['http://bit.ly/2rwjoec'],['https://pbs.twimg.com/media/DBPv06vXoAASkxo.jpg'],0,0,3,"['flood', 'srilanka']",[],https://twitter.com/DisastersChart/status/870305123645435904,False,,1,https://pbs.twimg.com/media/DBPv06vXoAASkxo.jpg,,,,,,,[],,,,
870302671756021760,870302671756021760,2017-06-01 11:35:01 EDT,2017-06-01,11:35:01,-0400,142864417,climatesignals,Climate Signals,,"The president's budget proposal would cut $452 million intended for #research grants, #flood mapping &amp; analysis.  https://t.co/Visb7WfEiz  https://t.co/QLGca51i5n",en,[],['https://www.washingtonpost.com/national/energy-environment/insidious-but-overlooked-back-bay-flooding-plagues-millions/2017/05/30/e0e7b8f2-44ef-11e7-8de1-cec59a9bf4b1_story.html?utm_term=.767cc0ccbebf'],['https://pbs.twimg.com/media/DBPrTLdXUAAySBF.jpg'],0,3,0,"['research', 'flood']",[],https://twitter.com/ClimateSignals/status/870302671756021760,False,,1,https://pbs.twimg.com/media/DBPrTLdXUAAySBF.jpg,,,,,,,[],,,,
870298095422230529,870298095422230529,2017-06-01 11:16:49 EDT,2017-06-01,11:16:49,-0400,620149729,servprobntfl,Servpro of Bountiful,,At least Kanye is right about this... #SERVPRO #insurance #disaster #picoftheday #flood #fire #lol  https://t.co/NEEaPzPNGy,en,[],[],['https://pbs.twimg.com/media/DBPrgQKVoAED-Al.jpg'],0,1,1,"['servpro', 'insurance', 'disaster', 'picoftheday', 'flood', 'fire', 'lol']",[],https://twitter.com/ServproBntfl/status/870298095422230529,False,,1,https://pbs.twimg.com/media/DBPrgQKVoAED-Al.jpg,,,,,,,[],,,,
870297798528446464,870297798528446464,2017-06-01 11:15:39 EDT,2017-06-01,11:15:39,-0400,2880749641,anything_india,Anything Miki Kedem,, https://t.co/TFFgoBxaVR #Mumbai #monsoon  #flood #India #infrastructure #business #MakeInIndia #anything #anything-india,pt,[],['http://m.hindustantimes.com/mumbai-news/mumbaiites-get-ready-for-flooded-and-bumpy-roads-again-this-monsoon/story-Uz4NQlCX198Mde62mwjMKJ.html'],[],0,0,0,"['mumbai', 'monsoon', 'flood', 'india', 'infrastructure', 'business', 'makeinindia', 'anything', 'anything']",[],https://twitter.com/Anything_India/status/870297798528446464,False,,0,,,,,,,,[],,,,
870297578994360320,870297578994360320,2017-06-01 11:14:46 EDT,2017-06-01,11:14:46,-0400,837054520190464000,crarstairs,bruna,,#flood,und,[],[],[],0,0,0,['flood'],[],https://twitter.com/crarstairs/status/870297578994360320,False,,0,,,,,,,,[],,,,
870297195043577856,870297195043577856,2017-06-01 11:13:15 EDT,2017-06-01,11:13:15,-0400,808222817485524992,flooddefencesuk,Flood Defences,,Flood Doors in Bryans #Flood #Door #Barriers #Bryans  https://t.co/jO9UVKrIcM,en,[],['https://goo.gl/2X0NOh'],[],0,0,0,"['flood', 'door', 'barriers', 'bryans']",[],https://twitter.com/flooddefencesuk/status/870297195043577856,False,,0,,,,,,,,[],,,,
870294061273448448,870294061273448448,2017-06-01 11:00:48 EDT,2017-06-01,11:00:48,-0400,3173876363,atchafalayanha,AtchafalayaNHA,,"90 years ago, the Great #Flood of 1927 changed #Louisiana  https://t.co/rxgESfJrlV #AtchafalayaNHA #WaterStory #ComingAtcha #history",en,[],['http://ow.ly/FdV530cdYZk'],[],0,1,1,"['flood', 'louisiana', 'atchafalayanha', 'waterstory', 'comingatcha', 'history']",[],https://twitter.com/AtchafalayaNHA/status/870294061273448448,False,,0,,,,,,,,[],,,,
870292611545747458,870292611545747458,2017-06-01 10:55:02 EDT,2017-06-01,10:55:02,-0400,280423382,tempestrestor,Tempest Restoration,,"Suffered #fire, #flood or impact #damage? Contact our Claims Team – 0845 052 4522 who will arrange to visit you as soon as possible",en,[],[],[],0,0,0,"['fire', 'flood', 'damage']",[],https://twitter.com/tempestrestor/status/870292611545747458,False,,0,,,,,,,,[],,,,
870292580453502976,870292580453502976,2017-06-01 10:54:55 EDT,2017-06-01,10:54:55,-0400,2573054168,ibc_west,IBC West,,Do you have any #insurance questions related to #flood? Please give us a call @ 1.844.227.5422 #Kelowna #Penticton #BCflood  https://t.co/U1EuxCrFtk,en,[],[],['https://pbs.twimg.com/media/DBPmPDeXcAETRyY.jpg'],0,2,1,"['insurance', 'flood', 'kelowna', 'penticton', 'bcflood']",[],https://twitter.com/IBC_West/status/870292580453502976,False,,1,https://pbs.twimg.com/media/DBPmPDeXcAETRyY.jpg,,,,,,,[],,,,
870288823309279233,870288823309279233,2017-06-01 10:39:59 EDT,2017-06-01,10:39:59,-0400,73450877,wgcu,WGCU Public Media,,"Deadline Looms To Reauthorize National #Flood Insurance Program, via WGCU's @quincy_walters: #HurricaneSeason #SWFL  https://t.co/0OVVntIt7h",en,[],['http://news.wgcu.org/post/deadline-looms-reauthorize-national-flood-insurance-program'],[],0,1,0,"['flood', 'hurricaneseason', 'swfl']",[],https://twitter.com/wgcu/status/870288823309279233,False,,0,,,,,,,,[],,,,
870286331536068608,870286331536068608,2017-06-01 10:30:05 EDT,2017-06-01,10:30:05,-0400,183688400,livewxradar,Rob Delp Weather,,Forecast for early today. Keep up with your  #weather at  https://t.co/HNLPnbqhEd  #wx #storm #rain #flood #hot #  https://t.co/wc4PFjabEU,en,[],['http://www.weather.pub'],['https://pbs.twimg.com/media/DBNJTuJVYAAiLJh.jpg'],0,0,0,"['weather', 'wx', 'storm', 'rain', 'flood', 'hot']",[],https://twitter.com/livewxradar/status/870286331536068608,False,,1,https://pbs.twimg.com/media/DBNJTuJVYAAiLJh.jpg,,,,,,,[],,,,
870286198023098368,870286198023098368,2017-06-01 10:29:33 EDT,2017-06-01,10:29:33,-0400,32492648,hawkinsashcpas,Hawkins Ash CPAs,,Is your project at risk of a #flood? #Contractors and Developers: here's how to protect yourself from costly flood damage.  https://t.co/BfUhsqLbxb,en,[],[],['https://pbs.twimg.com/media/DBPgrtHXYAE5e60.jpg'],0,0,0,"['flood', 'contractors']",[],https://twitter.com/HawkinsAshCPAs/status/870286198023098368,False,,1,https://pbs.twimg.com/media/DBPgrtHXYAE5e60.jpg,,,,,,,[],,,,
870281772281602048,870281772281602048,2017-06-01 10:11:58 EDT,2017-06-01,10:11:58,-0400,3310413069,quickdam,Quick Dam,,It's #HurricaneSeason are you prepared? Start with #flood protection from  https://t.co/JNFg5Pxfnd,en,[],['http://Quickdams.com'],[],0,1,2,"['hurricaneseason', 'flood']",[],https://twitter.com/QUICKDAM/status/870281772281602048,False,,0,,,,,,,,[],,,,
870279707308294145,870279707308294145,2017-06-01 10:03:45 EDT,2017-06-01,10:03:45,-0400,2838146513,irs_patricia,Patricia,,#IRS tip for #HurricanePrep: Review emergency plans annually. More tips:  https://t.co/RysgxrFZxh #Tornado #Hurricane #Flood,en,[],['https://go.usa.gov/x5e3Q'],[],0,0,0,"['irs', 'hurricaneprep', 'tornado', 'hurricane', 'flood']",[],https://twitter.com/IRS_Patricia/status/870279707308294145,False,,0,,,,,,,,[],,,,
870279180700835842,870279180700835842,2017-06-01 10:01:40 EDT,2017-06-01,10:01:40,-0400,3388784315,hydro_int,Hydro International,,What do engineers and contractors need to know about mitigating #flood risk? Read our FAQ:  https://t.co/FTTMnsGxFX,en,[],['https://www.hydro-int.com/water-management-faq-flood-mitigation'],[],0,0,1,['flood'],[],https://twitter.com/Hydro_Int/status/870279180700835842,False,,0,,,,,,,,[],,,,
870278866258055168,870278866258055168,2017-06-01 10:00:25 EDT,2017-06-01,10:00:25,-0400,4874993999,tcindexusa,Construction Index,,Elevated boardwalk to provide #Staten #Island #flood resilience -  https://t.co/WafTa2y4E8 #construction #USA #NY #New #York  https://t.co/zHJNZjanSI,en,[],['http://ow.ly/TKnJ30cdR0M'],['https://pbs.twimg.com/media/DBPaA8XWAAIc4bB.jpg'],0,0,0,"['staten', 'island', 'flood', 'construction', 'usa', 'ny', 'new', 'york']",[],https://twitter.com/TCindexUSA/status/870278866258055168,False,,1,https://pbs.twimg.com/media/DBPaA8XWAAIc4bB.jpg,,,,,,,[],,,,
870277596671610880,870277596671610880,2017-06-01 09:55:22 EDT,2017-06-01,09:55:22,-0400,39995588,srqcountygov,SarasotaCountyGov,,"You're invited to attend a flood zone workshop! All workshops are 10:15a-noon. No reg. req. Learn about risks, zones, regs. and maps. #Flood  https://t.co/hBiKZTpMS9",en,[],[],['https://pbs.twimg.com/media/DBPY3CzWsAAubNH.jpg'],0,4,0,['flood'],[],https://twitter.com/SRQCountyGov/status/870277596671610880,False,,1,https://pbs.twimg.com/media/DBPY3CzWsAAubNH.jpg,,,,,,,[],,,,
870269528579735552,870269528579735552,2017-06-01 09:23:19 EDT,2017-06-01,09:23:19,-0400,216356915,un_water,UN-Water,,How to reduce risk from extreme weather events  https://t.co/Gc3xMQO1Wn  @WMO #Flood #Water #Landslide #Disaster  https://t.co/iwWG5XPawO,en,"[{'screen_name': 'wmo', 'name': 'world meteorological organization', 'id': '113062227'}]",['http://buff.ly/2rSif0j'],['https://pbs.twimg.com/media/DBPRhgIXgAIKieJ.jpg'],0,7,9,"['flood', 'water', 'landslide', 'disaster']",[],https://twitter.com/UN_Water/status/870269528579735552,False,,1,https://pbs.twimg.com/media/DBPRhgIXgAIKieJ.jpg,,,,,,,[],,,,
870268976739139585,870268976739139585,2017-06-01 09:21:07 EDT,2017-06-01,09:21:07,-0400,3011306269,nelivein,Northeast Live,,"#Nagaland #floods: Flash #flood in district claims two lives, two missing: &gt;  https://t.co/pnmSXZGC53  https://t.co/1JnyGpTmqz",en,[],['http://bit.ly/2qEIfIw'],['https://pbs.twimg.com/media/DBPRAfBUwAUYIdv.jpg'],0,0,0,"['nagaland', 'floods', 'flood']",[],https://twitter.com/NeliveIn/status/870268976739139585,False,,1,https://pbs.twimg.com/media/DBPRAfBUwAUYIdv.jpg,,,,,,,[],,,,
870267444853710849,870267444853710849,2017-06-01 09:15:02 EDT,2017-06-01,09:15:02,-0400,200076288,floodexpert,Ambiental,,#Flood &amp; Coast 2017: Event debrief - #Ambiental  https://t.co/W1aUJcCWAJ  https://t.co/yuxHC0HPzz,en,[],['https://goo.gl/tDN0ZO'],['https://pbs.twimg.com/media/DBPPoMbUAAA4T26.jpg'],0,1,1,"['flood', 'ambiental']",[],https://twitter.com/floodexpert/status/870267444853710849,False,,1,https://pbs.twimg.com/media/DBPPoMbUAAA4T26.jpg,,,,,,,[],,,,
870267400695848961,870267400695848961,2017-06-01 09:14:51 EDT,2017-06-01,09:14:51,-0400,749507190642225152,electronics_med,Electronics Media,,#Dublin City Council turns to #internetofthings  for #flood alert system  https://t.co/nBoFhmhscx,en,[],['https://www.electronicsmedia.info/2017/06/01/dublin-city-council-turns-internet-things-flood-alert-system/'],[],0,1,0,"['dublin', 'internetofthings', 'flood']",[],https://twitter.com/electronics_med/status/870267400695848961,False,,0,,,,,,,,[],,,,
870263695305310208,870263695305310208,2017-06-01 09:00:08 EDT,2017-06-01,09:00:08,-0400,712453724585775104,dsolutionsllc,disastersolutionsllc,,Good morning #Disaster Solutions #community! Get your #family #prepared today at  https://t.co/s1AnDL9hrp #emergency #flood #tornado #storm,en,[],['http://ift.tt/1UWwHg2'],[],0,0,0,"['disaster', 'community', 'family', 'prepared', 'emergency', 'flood', 'tornado', 'storm']",[],https://twitter.com/dsolutionsllc/status/870263695305310208,False,,0,,,,,,,,[],,,,
870262436565331968,870262436565331968,2017-06-01 08:55:08 EDT,2017-06-01,08:55:08,-0400,243116018,rainbow_int_uk,Rainbow Int UK,,Seen our state of the art #Fire &amp; #Flood facility?  Training our fantastic network is top priority. Find out more at  https://t.co/8SsuWviH3o  https://t.co/NuWyRlfTFz,en,[],['http://ow.ly/DMSo30cdnnk'],['https://pbs.twimg.com/media/DBPLErpXcAA-8cb.jpg'],0,0,1,"['fire', 'flood']",[],https://twitter.com/Rainbow_Int_uk/status/870262436565331968,False,,1,https://pbs.twimg.com/media/DBPLErpXcAA-8cb.jpg,,,,,,,[],,,,
870262246160650242,870262246160650242,2017-06-01 08:54:22 EDT,2017-06-01,08:54:22,-0400,79132107,disasterschart,Disasters Charter,,"#TerraSARX was used to map the #flood extent in Matara District, #SriLanka, on 30 May:  https://t.co/LCo1VVKgEZ  https://t.co/91SlJMJs0y",en,[],['http://bit.ly/2rwjoec'],['https://pbs.twimg.com/media/DBPKqyPWAAAY0rh.jpg'],0,0,2,"['terrasarx', 'flood', 'srilanka']",[],https://twitter.com/DisastersChart/status/870262246160650242,False,,1,https://pbs.twimg.com/media/DBPKqyPWAAAY0rh.jpg,,,,,,,[],,,,
870258197155782656,870258197155782656,2017-06-01 08:38:17 EDT,2017-06-01,08:38:17,-0400,613591861,nwscle,NWS Cleveland,,"125th Anniversary of the #Titusville and Oil City Flood (June 4-5, 1892)  https://t.co/EhZGTP6Sa3  #pawx #flood #history  https://t.co/166TrKDFBu",en,[],['http://www.weather.gov/cle/news_OilCreekFlood125'],['https://pbs.twimg.com/media/DBPHIZLVoAECbzv.jpg'],0,14,7,"['titusville', 'pawx', 'flood', 'history']",[],https://twitter.com/NWSCLE/status/870258197155782656,False,,1,https://pbs.twimg.com/media/DBPHIZLVoAECbzv.jpg,,,,,,,[],,,,
870256251007008769,870256251007008769,2017-06-01 08:30:33 EDT,2017-06-01,08:30:33,-0400,902106067,drdpendergrass,Dr.David Pendergrass,,"""Do I have to PROVE that Noah's flood happened?"" Click here for my response:  https://t.co/NoA1XhYRjE #apologetics #flood #OldTestament  https://t.co/6dmgOjJ3nR",en,[],['http://bit.ly/2iBhyUW'],['https://pbs.twimg.com/media/DBPFcjyV0AAdduI.jpg'],0,0,1,"['apologetics', 'flood', 'oldtestament']",[],https://twitter.com/DrDPendergrass/status/870256251007008769,False,,1,https://pbs.twimg.com/media/DBPFcjyV0AAdduI.jpg,,,,,,,[],,,,
870256124468936705,870256124468936705,2017-06-01 08:30:03 EDT,2017-06-01,08:30:03,-0400,183688400,livewxradar,Rob Delp Weather,,Forecast for early today.  Keep up with your #weather at  https://t.co/HNLPnbqhEd  #wx #storm #rain #flood #hot #  https://t.co/U9hkGbBw6d,en,[],['http://www.weather.pub'],['https://pbs.twimg.com/media/DBNJPvdU0AIMTgc.jpg'],0,0,0,"['weather', 'wx', 'storm', 'rain', 'flood', 'hot']",[],https://twitter.com/livewxradar/status/870256124468936705,False,,1,https://pbs.twimg.com/media/DBNJPvdU0AIMTgc.jpg,,,,,,,[],,,,
870254149870522368,870254149870522368,2017-06-01 08:22:12 EDT,2017-06-01,08:22:12,-0400,906207152,spaceforearth,Space for Earth,,Satellite data including that from #Sentinel2 used to create #flood map  https://t.co/iNCw6KXC2X  https://t.co/QVHJdbWAIq,en,[],['https://gicait.maps.arcgis.com/apps/MapSeries/index.html?appid=f1ea1aa639614a18893224a363905c84'],['https://pbs.twimg.com/media/DBPDeRkXYAAnRdm.jpg'],0,1,1,"['sentinel2', 'flood']",[],https://twitter.com/spaceforearth/status/870254149870522368,False,,1,https://pbs.twimg.com/media/DBPDeRkXYAAnRdm.jpg,,,,,,,[],,,,
870252280427171840,870252280427171840,2017-06-01 08:14:46 EDT,2017-06-01,08:14:46,-0400,50279781,financialxpress,FinancialXpress,,"Flash #flood in #Nagaland’s #Phek district kills 2 people, 2 other go missing  https://t.co/CSegEbdOAv",en,[],['http://www.financialexpress.com/india-news/flash-flood-in-nagalands-phek-district-kills-2-people-2-other-go-missing/696627/'],[],0,1,2,"['flood', 'nagaland', 'phek']",[],https://twitter.com/FinancialXpress/status/870252280427171840,False,,0,,,,,,,,[],,,,
870248074307829760,870248074307829760,2017-06-01 07:58:03 EDT,2017-06-01,07:58:03,-0400,806542488626311170,themilitaryfeed,Defence & Military,, https://t.co/IVgzeMPHoK for #Defense #News ;  #visiting  #chinese  #navy  #fleet donates  #relief  #materials to  #flood-st  https://t.co/apNqlPB0Ze,en,[],['http://goo.gl/Ggu1EN'],['https://pbs.twimg.com/media/DBO-Aq0XUAE2B9A.jpg'],0,0,0,"['defense', 'news', 'visiting', 'chinese', 'navy', 'fleet', 'relief', 'materials', 'flood']",[],https://twitter.com/themilitaryfeed/status/870248074307829760,False,,1,https://pbs.twimg.com/media/DBO-Aq0XUAE2B9A.jpg,,,,,,,[],,,,
870244633439338498,870244633439338498,2017-06-01 07:44:23 EDT,2017-06-01,07:44:23,-0400,261209521,bms5562,Brad Michael Sowers 🌈,,Congrats to my @midmopowerhouse team in Linn. #1 again ! #greatteam #Flood #hardworkpaysoff,en,"[{'screen_name': 'midmopowerhouse', 'name': 'midmochevy', 'id': '3886011132'}]",[],[],0,0,0,"['greatteam', 'flood', 'hardworkpaysoff']",[],https://twitter.com/bms5562/status/870244633439338498,False,,0,,,,,,,,[],,,,
870244099126951940,870244099126951940,2017-06-01 07:42:16 EDT,2017-06-01,07:42:16,-0400,261209521,bms5562,Brad Michael Sowers 🌈,,Congrats to my @chevystl for a record month in May. #1 again by more than double any other Chevrolet Dealer in town. #flood #hardwork #team,en,"[{'screen_name': 'chevystl', 'name': 'jim butler chevrolet', 'id': '40466624'}]",[],[],0,0,1,"['flood', 'hardwork', 'team']",[],https://twitter.com/bms5562/status/870244099126951940,False,,0,,,,,,,,[],,,,
870241729273896960,870241729273896960,2017-06-01 07:32:51 EDT,2017-06-01,07:32:51,-0400,79132107,disasterschart,Disasters Charter,,"The #flood in Cox's Bazar, #SriLanka, was mapped following #CycloneMora using #Sentinel1 on 30 May:  https://t.co/mjz3iWpiig  https://t.co/EDmsweTHj8",en,[],['http://bit.ly/2qBUXr3'],['https://pbs.twimg.com/media/DBO3vXvXkAALCvH.jpg'],0,6,9,"['flood', 'srilanka', 'cyclonemora', 'sentinel1']",[],https://twitter.com/DisastersChart/status/870241729273896960,False,,1,https://pbs.twimg.com/media/DBO3vXvXkAALCvH.jpg,,,,,,,[],,,,
870241304550137856,870241304550137856,2017-06-01 07:31:09 EDT,2017-06-01,07:31:09,-0400,457365857,fastnews1st,Fastnews1st,,#FLOOD RELIEF Udunuwara UDT&amp;UMF Inaithu Vella AnarthathinAl PAthikapatta Makkalku Niwaranam Porutkal Sekaripu  Uzathawa Virumbuwor 777408887,in,[],[],[],0,0,0,['flood'],[],https://twitter.com/FastNews1st/status/870241304550137856,False,,0,,,,,,,,[],,,,
870241248443019265,870241248443019265,2017-06-01 07:30:56 EDT,2017-06-01,07:30:56,-0400,4105860747,imprex_eu,IMPREX☔️,,#imprexGA17 #play the #flood #forecasting #game by @ArnalLouise @hancloke @FPappenberger @MxgTeo  https://t.co/mezAHsewGm,en,"[{'screen_name': 'arnallouise', 'name': 'dr louise arnal', 'id': '4338104008'}, {'screen_name': 'hancloke', 'name': 'hannah cloke', 'id': '2394657106'}, {'screen_name': 'fpappenberger', 'name': 'florian pappenberger', 'id': '1263785167'}, {'screen_name': 'mxgteo', 'name': 'matteo giuliani', 'id': '1342377462'}]",[],['https://pbs.twimg.com/media/DBO3y8oWsAAcFjP.jpg'],0,4,5,"['imprexga17', 'play', 'flood', 'forecasting', 'game']",[],https://twitter.com/imprex_eu/status/870241248443019265,False,,1,https://pbs.twimg.com/media/DBO3y8oWsAAcFjP.jpg,,,,,,,[],,,,
870233653829349377,870233653829349377,2017-06-01 07:00:45 EDT,2017-06-01,07:00:45,-0400,805056375978008576,advisorseptic,Septic Advisor,,#Flood-Persistent Spring rain increases flooding risk to septic drain fields.  https://t.co/Cijawq2QS2  https://t.co/xDXGnJOhdK,en,[],['http://ow.ly/ognG30ccPM9'],['https://pbs.twimg.com/media/DBOw5U1V0AICzoz.jpg'],0,0,0,['flood'],[],https://twitter.com/AdvisorSeptic/status/870233653829349377,False,,1,https://pbs.twimg.com/media/DBOw5U1V0AICzoz.jpg,,,,,,,[],,,,
870226886638661633,870226886638661633,2017-06-01 06:33:52 EDT,2017-06-01,06:33:52,-0400,33993257,royalcitylif,RoyalCity LiF,,#Wake #up Wake up WAY.UP  The #flood officially begins today. #New #tunes each week. #Check out…  https://t.co/ZX7KEmuREB,en,[],['https://www.instagram.com/p/BUyzN0AF6dl/'],[],0,0,0,"['wake', 'up', 'flood', 'new', 'tunes', 'check']",[],https://twitter.com/royalcitylif/status/870226886638661633,False,,0,,,,,,,,[],,,,
870225985010061312,870225985010061312,2017-06-01 06:30:17 EDT,2017-06-01,06:30:17,-0400,201184868,mitkat_advisory,MitKat Advisory,,#SriLanka: #Navy continues with rescue and relief efforts in #flood affected areas; Southern Expressway opens for motorists,en,[],[],[],0,2,0,"['srilanka', 'navy', 'flood']",[],https://twitter.com/MitKat_Advisory/status/870225985010061312,False,,0,,,,,,,,[],,,,
870225929821339650,870225929821339650,2017-06-01 06:30:04 EDT,2017-06-01,06:30:04,-0400,183688400,livewxradar,Rob Delp Weather,,Forecast for early today. Keep up with your #weather at  https://t.co/HNLPnbqhEd  #wx #storm #rain #flood  #hot #  https://t.co/olNRaOp69c,en,[],['http://www.weather.pub'],['https://pbs.twimg.com/media/DBNJMHOUMAAKTAb.jpg'],0,1,0,"['weather', 'wx', 'storm', 'rain', 'flood', 'hot']",[],https://twitter.com/livewxradar/status/870225929821339650,False,,1,https://pbs.twimg.com/media/DBNJMHOUMAAKTAb.jpg,,,,,,,[],,,,
870223348432818177,870223348432818177,2017-06-01 06:19:48 EDT,2017-06-01,06:19:48,-0400,712260706981310464,_lossassessors,Insurance Assessors,,Insurance company apologises to Edgecumbe #flood victim  https://t.co/jU20aO6LBm,en,[],['http://www.newshub.co.nz/home/new-zealand/2017/05/insurance-company-apologises-to-edgecumbe-flood-victim.html#.WS_qOwum-6c.twitter'],[],0,1,0,['flood'],[],https://twitter.com/_LossAssessors/status/870223348432818177,False,,0,,,,,,,,[],,,,
870221540335529985,870221540335529985,2017-06-01 06:12:37 EDT,2017-06-01,06:12:37,-0400,94581061,wxjerdman,Jonathan Erdman,,"Already over 5"" rain (129 mm), so far, in Salina Cruz, MX. Slow-moving, weak #tropical cyclones = major #flood threat.  https://t.co/jEpoilSGIA",en,[],[],"['https://pbs.twimg.com/media/DBOl2mlXYAECCe4.jpg', 'https://pbs.twimg.com/media/DBOl3VLWAAAQJOc.jpg']",1,1,2,"['tropical', 'flood']",[],https://twitter.com/wxjerdman/status/870221540335529985,False,,1,https://pbs.twimg.com/media/DBOl2mlXYAECCe4.jpg,,,,,,,[],,,,
870220027458449409,870220027458449409,2017-06-01 06:06:37 EDT,2017-06-01,06:06:37,-0400,861870838399852545,cyberbilli,Cyber Baby,,What other councils are as proactive as Camden? Business Continuity week! Brilliant! #bau #flood #cyberattack #snow  https://t.co/DyXGZHczmX,en,[],['http://news.camden.gov.uk/business-continuity-awareness-week-2017/'],[],0,0,0,"['bau', 'flood', 'cyberattack', 'snow']",[],https://twitter.com/CyberBilli/status/870220027458449409,False,,0,,,,,,,,[],,,,
870220024610525184,870220024610525184,2017-06-01 06:06:36 EDT,2017-06-01,06:06:36,-0400,412354055,aurigaconsult,Auriga,,What other councils are as proactive as Camden? Business Continuity week! Brilliant! #bau #flood #cyberattack #snow  https://t.co/9z1LqK0kmn,en,[],['http://news.camden.gov.uk/business-continuity-awareness-week-2017/'],[],0,0,0,"['bau', 'flood', 'cyberattack', 'snow']",[],https://twitter.com/AurigaConsult/status/870220024610525184,False,,0,,,,,,,,[],,,,
870218475616313344,870218475616313344,2017-06-01 06:00:27 EDT,2017-06-01,06:00:27,-0400,277889424,esa_eo,ESA EarthObservation,,".@DisastersChart: #SriLanka #Flood. #Emergency Response map collecting data from 4 satellites, including #Sentinel2:  https://t.co/yzwBRMe3rG  https://t.co/utwzx8Mn9c",en,"[{'screen_name': 'disasterschart', 'name': 'disasters charter', 'id': '79132107'}]",['https://gicait.maps.arcgis.com/apps/MapSeries/index.html?appid=f1ea1aa639614a18893224a363905c84'],['https://pbs.twimg.com/media/DBOiZW5XsAAycCP.jpg'],0,7,10,"['srilanka', 'flood', 'emergency', 'sentinel2']",[],https://twitter.com/ESA_EO/status/870218475616313344,False,,1,https://pbs.twimg.com/media/DBOiZW5XsAAycCP.jpg,,,,,,,[],,,,
870218029920944128,870217986468073476,2017-06-01 05:58:40 EDT,2017-06-01,05:58:40,-0400,2276880895,petabencana,PetaBencana.id,,"@dekstrauss Hello, I am Bencana Bot, reply with #flood to send me your flood report.  https://t.co/KwXQ9b7tf2",en,[],[],['https://pbs.twimg.com/tweet_video_thumb/C4MFV65UkAAbNll.jpg'],0,0,0,['flood'],[],https://twitter.com/petabencana/status/870218029920944128,False,,1,https://pbs.twimg.com/tweet_video_thumb/C4MFV65UkAAbNll.jpg,,,,,,,"[{'screen_name': 'dekstrauss', 'name': 'dex', 'id': '9576602'}]",,,,
870215202448392192,870215202448392192,2017-06-01 05:47:26 EDT,2017-06-01,05:47:26,-0400,18094638,brimblecombe,Kathryn Brimblecombe,,"""Cosmic Fire-Online Exhibition"" #fire #flood #drones #cosmology &amp; the tree-of-life  https://t.co/0BGB3QeLV7 #art #cosmiclandscape #sciart",en,[],['http://kathrynbrimblecombeart.blogspot.com/2017/06/cosmic-fire-online-exhibition.html?spref=tw'],[],0,2,1,"['fire', 'flood', 'drones', 'cosmology', 'art', 'cosmiclandscape', 'sciart']",[],https://twitter.com/brimblecombe/status/870215202448392192,False,,0,,,,,,,,[],,,,
870211924868210689,870211924868210689,2017-06-01 05:34:25 EDT,2017-06-01,05:34:25,-0400,500710033,al_maldives,AaMaldives,,#Pakistan #Navy provides #humanitarian assistance to #flood-stricken #SriLanka  https://t.co/CwhRRETGub #HappeningNow #FloodSL #brk #LKA,en,[],['http://dailytimes.com.pk/pakistan/01-Jun-17/pn-provides-humanitarian-assistance-to-flood-stricken-sri-lanka'],[],0,1,1,"['pakistan', 'navy', 'humanitarian', 'flood', 'srilanka', 'happeningnow', 'floodsl', 'brk', 'lka']",[],https://twitter.com/Al_Maldives/status/870211924868210689,False,,0,,,,,,,,[],,,,
870210953958346752,870210953958346752,2017-06-01 05:30:33 EDT,2017-06-01,05:30:33,-0400,2310400796,stopflood2013,Stopflood,,"Stopflood can save your job and your company by #flood and #water, learn more!  https://t.co/JSgaQFKDbD  https://t.co/j7MP6fQMr5",en,[],['http://www.stopflood.it'],['https://pbs.twimg.com/media/DBOcP2kXcAAPxfF.jpg'],0,0,0,"['flood', 'water']",[],https://twitter.com/Stopflood2013/status/870210953958346752,False,,1,https://pbs.twimg.com/media/DBOcP2kXcAAPxfF.jpg,,,,,,,[],,,,
870210814191579136,870210814191579136,2017-06-01 05:30:00 EDT,2017-06-01,05:30:00,-0400,2478688363,gate_15_analyst,Gate 15,,#TD2E: Newly formed tropical depression threatens to #flood southern #Mexico:  https://t.co/h4UsUH38UG #hurricaneseason,en,[],['http://www.accuweather.com/en/weather-news/newly-formed-tropical-depression-threatens-to-flood-southern-mexico/70001812'],[],0,0,0,"['td2e', 'flood', 'mexico', 'hurricaneseason']",[],https://twitter.com/Gate_15_Analyst/status/870210814191579136,False,,0,,,,,,,,[],,,,
870210422284201984,870210422284201984,2017-06-01 05:28:27 EDT,2017-06-01,05:28:27,-0400,590028170,nwspocatello,NWS Pocatello,,"#flood risk on the Big Wood River is increasing.  Get away from high, fast-flowing water. You can quickly be swept downstream.  https://t.co/piC0aYe8mp",en,[],[],['https://pbs.twimg.com/media/DBObxAxXoAIIiL7.png'],0,0,0,['flood'],[],https://twitter.com/NWSPocatello/status/870210422284201984,False,,1,https://pbs.twimg.com/media/DBObxAxXoAIIiL7.png,,,,,,,[],,,,
870203474255990784,870203474255990784,2017-06-01 05:00:50 EDT,2017-06-01,05:00:50,-0400,3388784315,hydro_int,Hydro International,,"Our expert @HydroMarkG explains how to design, implement &amp; operate a project to mitigate #flood risk in this eGuide:  https://t.co/zNGr7VXhg3",en,[],['https://www.hydro-int.com/en-gb/design-implement-and-operate-water-management-project-mitigate-flood-risk'],[],0,0,0,['flood'],[],https://twitter.com/Hydro_Int/status/870203474255990784,False,,0,,,,,,,,[],,,,
870202884616589312,870202884616589312,2017-06-01 04:58:29 EDT,2017-06-01,04:58:29,-0400,1497684913,berndwilke1,Bernd Wilke,,Preparing for #earthquake #flood #storm : the cost of inaction in #Italy @swissre  https://t.co/bqVVECvMi2,en,"[{'screen_name': 'swissre', 'name': 'swiss re', 'id': '16866956'}]",['http://swissre.smh.re/eJ'],[],0,3,2,"['earthquake', 'flood', 'storm', 'italy']",[],https://twitter.com/BerndWilke1/status/870202884616589312,False,,0,,,,,,,,[],,,,
870202247522725888,870202247522725888,2017-06-01 04:55:58 EDT,2017-06-01,04:55:58,-0400,1497684913,berndwilke1,Bernd Wilke,,Building #resilience for cities against #storm #flood  #earthquake #storm in times of #climatechange @swissre  https://t.co/zoVQO185ss,en,"[{'screen_name': 'swissre', 'name': 'swiss re', 'id': '16866956'}]",['http://swissre.smh.re/eH'],[],0,0,1,"['resilience', 'storm', 'flood', 'earthquake', 'storm', 'climatechange']",[],https://twitter.com/BerndWilke1/status/870202247522725888,False,,0,,,,,,,,[],,,,
870195727107973120,870195727107973120,2017-06-01 04:30:03 EDT,2017-06-01,04:30:03,-0400,183688400,livewxradar,Rob Delp Weather,,Forecast for early today. Keep up with your #weather at  https://t.co/HNLPnbqhEd  #wx #storm #rain #flood #hot #  https://t.co/sRnetS0KUj,en,[],['http://www.weather.pub'],['https://pbs.twimg.com/media/DBNI5lJV0AE_-oc.jpg'],0,1,1,"['weather', 'wx', 'storm', 'rain', 'flood', 'hot']",[],https://twitter.com/livewxradar/status/870195727107973120,False,,1,https://pbs.twimg.com/media/DBNI5lJV0AE_-oc.jpg,,,,,,,[],,,,
870190470466596865,870190470466596865,2017-06-01 04:09:10 EDT,2017-06-01,04:09:10,-0400,79132107,disasterschart,Disasters Charter,,"The #flood extent in Kalutara District, #SriLanka, was captured by #TerraSARX on 30 May:  https://t.co/LCo1VVKgEZ  https://t.co/LdPDcq0UOs",en,[],['http://bit.ly/2rwjoec'],['https://pbs.twimg.com/media/DBOJYcNXgAA8-v1.jpg'],0,0,5,"['flood', 'srilanka', 'terrasarx']",[],https://twitter.com/DisastersChart/status/870190470466596865,False,,1,https://pbs.twimg.com/media/DBOJYcNXgAA8-v1.jpg,,,,,,,[],,,,
870189964423725056,870189964423725056,2017-06-01 04:07:09 EDT,2017-06-01,04:07:09,-0400,312028629,bybianca1304,Bianca,,"Seeing a flood myself, these are some of the truest words I have ever heard!! #parisclimateagreement #flood  https://t.co/APYoHS5Jne",en,[],['https://twitter.com/chelseaclinton/status/870015610180087808'],[],0,0,0,"['parisclimateagreement', 'flood']",[],https://twitter.com/byBianca1304/status/870189964423725056,False,https://twitter.com/chelseaclinton/status/870015610180087808,0,,,,,,,,[],,,,
870186163889459204,870186163889459204,2017-06-01 03:52:03 EDT,2017-06-01,03:52:03,-0400,851440549043335169,fbln_media,FBLN,,"#lecture on #flood-based #farming in #Malawi, at #Lilongwe University of #Agriculture and #Natural #Resources! #RHAM #FBLN  https://t.co/tNtPVL2Byk",en,[],[],"['https://pbs.twimg.com/media/DBOExneXUAA4vcF.jpg', 'https://pbs.twimg.com/media/DBOEyTSXgAAKztv.jpg']",0,0,0,"['lecture', 'flood', 'farming', 'malawi', 'lilongwe', 'agriculture', 'natural', 'resources', 'rham', 'fbln']",[],https://twitter.com/FBLN_media/status/870186163889459204,False,,1,https://pbs.twimg.com/media/DBOExneXUAA4vcF.jpg,,,,,,,[],,,,
870186090531098624,870186090531098624,2017-06-01 03:51:45 EDT,2017-06-01,03:51:45,-0400,2196199453,rakitacraft,Jenia #FBPE #FBPA #JeSuisEuropeenne 🕷🌍🇪🇺🇬🇧,,"Nine tenths of #England's floodplains not fit for purpose, study finds  https://t.co/6aLt7IN9fk #Flood #climatechange",en,[],['https://www.theguardian.com/environment/2017/jun/01/englands-90-floodplains-not-fit-for-purpose-study-finds'],[],0,0,1,"['england', 'flood', 'climatechange']",[],https://twitter.com/RakitaCraft/status/870186090531098624,False,,0,,,,,,,,[],,,,
870185949791002624,870185949791002624,2017-06-01 03:51:12 EDT,2017-06-01,03:51:12,-0400,261580758,dekmict,MAI_ATTHAPON,,การเรียนรู้ไม่มีที่สิ้นสุด ความรู้เป็นสิ่งไม่ตาย #บรีฟงานวนไปจ๊ะ #flood  https://t.co/zripl9qF4Q,th,[],['https://www.instagram.com/p/BUygng6BGuT/'],[],0,0,0,"['บรีฟงานวนไปจ๊ะ', 'flood']",[],https://twitter.com/DekMict/status/870185949791002624,False,,0,,,,,,,,[],,,,
870184633870290945,870184633870290945,2017-06-01 03:45:58 EDT,2017-06-01,03:45:58,-0400,180317088,robre62,Roberto Re   🇮🇹  🇪🇺,,New map: [#EMSR205] Kuruwita: Delineation Map [v1]  https://t.co/it42l4iAJK #flood #01delineation #EUCivPro Via @CopernicusEMS,tl,"[{'screen_name': 'copernicusems', 'name': 'copernicus ems', 'id': '2201283403'}]",['http://j.mp/2rWHLlb'],[],0,0,0,"['emsr205', 'flood', '01delineation', 'eucivpro']",[],https://twitter.com/RobRe62/status/870184633870290945,False,,0,,,,,,,,[],,,,
870177696239697921,870177696239697921,2017-06-01 03:18:24 EDT,2017-06-01,03:18:24,-0400,339564751,newsfirstsl,Newsfirst.lk Sri Lanka,,නාවික හමුදාවෙන් ජනතාවට අනතුරු ඇඟවීමක්….! #lka #ExtremeWeather #Flood #Landslide #SLNavy #News1st  https://t.co/nETDyDmTux,si,[],['http://fb.me/6tODVMBP8'],[],0,2,4,"['lka', 'extremeweather', 'flood', 'landslide', 'slnavy', 'news1st']",[],https://twitter.com/NewsfirstSL/status/870177696239697921,False,,0,,,,,,,,[],,,,
870171460311986178,870171460311986178,2017-06-01 02:53:37 EDT,2017-06-01,02:53:37,-0400,544978515,lizrinaudo1,Liz Rinaudo,,#Sealevelrise will double #coastal #flood risk world wide -  https://t.co/GHnlewwVy9 - #climatechange,en,[],['http://bit.ly/2qIHT2P'],[],0,0,0,"['sealevelrise', 'coastal', 'flood', 'climatechange']",[],https://twitter.com/LizRinaudo1/status/870171460311986178,False,,0,,,,,,,,[],,,,
870169384244969472,870169384244969472,2017-06-01 02:45:22 EDT,2017-06-01,02:45:22,-0400,57600463,visitayianapa,Visit AyiaNapa Staff,,Babis Stokas - Μπάμπης Στόκας with PROSPECTUS start off the Ayia Napa Municipality - Δήμος Αγίας Νάπας #Flood...  https://t.co/t2NjQNWsnm,und,[],['http://fb.me/8JAzI3VeT'],[],0,0,1,['flood'],[],https://twitter.com/Visitayianapa/status/870169384244969472,False,,0,,,,,,,,[],,,,
870163338327707648,870163338327707648,2017-06-01 02:21:21 EDT,2017-06-01,02:21:21,-0400,3012744420,glimpsetheking,Glimpse of Kingdom,,"""Do I have to PROVE that Noah's flood happened?"" Click here for my response:  https://t.co/wKrYYNqbtW #apologetics #flood #OldTestament  https://t.co/ho78PXFxWm",en,[],['http://bit.ly/2iBhyUW'],['https://pbs.twimg.com/media/DBNw8TzW0AAoS6Y.jpg'],0,0,0,"['apologetics', 'flood', 'oldtestament']",[],https://twitter.com/GlimpsetheKing/status/870163338327707648,False,,1,https://pbs.twimg.com/media/DBNw8TzW0AAoS6Y.jpg,,,,,,,[],,,,
870154671226331137,870154671226331137,2017-06-01 01:46:54 EDT,2017-06-01,01:46:54,-0400,2589338451,moondoggsikes80,Moondogg Sikes,,Is there a #flood in the #future #checkerboard #floor /°\  https://t.co/ZOKaCp9QQa,en,[],['https://www.instagram.com/p/BUySZFnFGH8/'],[],0,0,0,"['flood', 'future', 'checkerboard', 'floor']",[],https://twitter.com/moondoggsikes80/status/870154671226331137,False,,0,,,,,,,,[],,,,
870152108091244544,870152108091244544,2017-06-01 01:36:43 EDT,2017-06-01,01:36:43,-0400,137978932,yudipratama90,Yudi Pratama,,flood...  #flood #motorcycle #wather #Street #stone  https://t.co/Xyp0rEgkse,en,[],['https://www.instagram.com/p/BUyRN4DFN7-/'],[],0,0,0,"['flood', 'motorcycle', 'wather', 'street', 'stone']",[],https://twitter.com/YudiPratama90/status/870152108091244544,False,,0,,,,,,,,[],,,,
870142933856473088,870142933856473088,2017-06-01 01:00:16 EDT,2017-06-01,01:00:16,-0400,274489658,dickwellanews,Dickwella News 🇱🇰,,#FLOOD #Dikwella  #CLEAN wellathal pazikkappatta weeduhal innam sutham seiyapadaza nilamaiyil ullazu i.allah indru awai sutham seiyapadum,in,[],[],[],0,0,0,"['flood', 'dikwella', 'clean']",[],https://twitter.com/DickwellaNews/status/870142933856473088,False,,0,,,,,,,,[],,,,
870142112028794880,870142112028794880,2017-06-01 00:57:00 EDT,2017-06-01,00:57:00,-0400,3664903034,greenidvietnam,GreenID Vietnam,,How Rising Seas Drowned the Flood Insurance Program #water #ClimateChange #flood via  https://t.co/JaiGYFuk21  https://t.co/0a2qXtOH9d,en,[],['http://www.climatecentral.org/news/how-rising-seas-drowned-the-flood-insurance-program-21484'],['https://pbs.twimg.com/media/DBNZQyfUIAAwBUE.jpg'],0,0,0,"['water', 'climatechange', 'flood']",[],https://twitter.com/GreenIDVietnam/status/870142112028794880,False,,1,https://pbs.twimg.com/media/DBNZQyfUIAAwBUE.jpg,,,,,,,[],,,,
870128741967695872,870128741967695872,2017-06-01 00:03:52 EDT,2017-06-01,00:03:52,-0400,2201283403,copernicusems,Copernicus EMS,,New map: [#EMSR205] Kuruwita: Delineation Map [v1]  https://t.co/OXPWiqthTG #flood #01delineation #EUCivPro,tl,[],['http://j.mp/2rWHLlb'],[],0,1,1,"['emsr205', 'flood', '01delineation', 'eucivpro']",[],https://twitter.com/CopernicusEMS/status/870128741967695872,False,,0,,,,,,,,[],,,,
870128735420338176,870128735420338176,2017-06-01 00:03:51 EDT,2017-06-01,00:03:51,-0400,2201283403,copernicusems,Copernicus EMS,,New map: [#EMSR205] Parakaduwa: Delineation Map [v1]  https://t.co/AFkCraPvEP #flood #01delineation #EUCivPro,tl,[],['http://j.mp/2rWykC0'],[],0,0,0,"['emsr205', 'flood', '01delineation', 'eucivpro']",[],https://twitter.com/CopernicusEMS/status/870128735420338176,False,,0,,,,,,,,[],,,,
870124005155622914,870124005155622914,2017-05-31 23:45:03 EDT,2017-05-31,23:45:03,-0400,788673869427204096,huijsmanstim,Tim Huijsmans,,A whole village banded together to save this baby #rhino from being washed away in a #flood. #rescue  https://t.co/LeaheFSrCT,en,[],[],[],1,81,100,"['rhino', 'flood', 'rescue']",[],https://twitter.com/HuijsmansTim/status/870124005155622914,False,,1,https://pbs.twimg.com/amplify_video_thumb/869925006473658369/img/k9ABkK40e1B9PvwY.jpg,,,,,,,[],,,,
870122993225052161,870122993225052161,2017-05-31 23:41:02 EDT,2017-05-31,23:41:02,-0400,77012180,taohq,TAO AI,,Emergency Preparation Checklist for Severe Weather  https://t.co/hXC5CzzT9A #flood #storm #weather,en,[],['http://bit.ly/SQJjBW'],[],0,0,0,"['flood', 'storm', 'weather']",[],https://twitter.com/TAOHQ/status/870122993225052161,False,,0,,,,,,,,[],,,,
870119880468471808,870119836474462208,2017-05-31 23:28:40 EDT,2017-05-31,23:28:40,-0400,2276880895,petabencana,PetaBencana.id,,"@thethreeptych Hello, I am Bencana Bot, reply with #flood to send me your flood report.  https://t.co/BSGUjHF4PB",en,[],[],['https://pbs.twimg.com/tweet_video_thumb/C4MFV65UkAAbNll.jpg'],0,0,0,['flood'],[],https://twitter.com/petabencana/status/870119880468471808,False,,1,https://pbs.twimg.com/tweet_video_thumb/C4MFV65UkAAbNll.jpg,,,,,,,[],,,,
870118250138533888,870118250138533888,2017-05-31 23:22:11 EDT,2017-05-31,23:22:11,-0400,7966932,spstarr,Shawn,,"@realDonaldTrump should know whatever is happening to this planet is melting the poles, cites like #NewYork, #Miami will #flood from melt",en,[],[],[],0,0,0,"['newyork', 'miami', 'flood']",[],https://twitter.com/spstarr/status/870118250138533888,False,,0,,,,,,,,[],,,,
870110221271683074,870110221271683074,2017-05-31 22:50:17 EDT,2017-05-31,22:50:17,-0400,2856245599,jpatterfarm,Jamie Patterson,,Finally finishing up fertilizing corn. The flood left it in pretty rough shape. #flood #corn #notgonnamakeanymoney  https://t.co/WVhUfqZCTw,en,[],[],['https://pbs.twimg.com/media/DBNAnnAUAAA7iGL.jpg'],1,0,2,"['flood', 'corn', 'notgonnamakeanymoney']",[],https://twitter.com/jpatterfarm/status/870110221271683074,False,,1,https://pbs.twimg.com/media/DBNAnnAUAAA7iGL.jpg,,,,,,,[],,,,
870098076106706944,870098076106706944,2017-05-31 22:02:01 EDT,2017-05-31,22:02:01,-0400,2329755805,rynshell,Tessa trainee therapy dog,,"Living on a Flood Plain in Victoria, Australia.  https://t.co/TEk9yoZibB #Flood #GoulburnValley #Rural  https://t.co/Af8utbmhA5",en,[],['http://www.rural-lit.com/gray-nomad/living-on-a-flood-plain-in-victoria-australia'],['https://pbs.twimg.com/media/DBM1lZlXkAIFObw.jpg'],0,0,0,"['flood', 'goulburnvalley', 'rural']",[],https://twitter.com/RynShell/status/870098076106706944,False,,1,https://pbs.twimg.com/media/DBM1lZlXkAIFObw.jpg,,,,,,,[],,,,
870095809294946305,870095809294946305,2017-05-31 21:53:01 EDT,2017-05-31,21:53:01,-0400,339722887,snowhydro,Dr. Sarah Boon,,#Flood warnings continue in the #Okanagan as lake levels rise higher than ever before &amp; rain/snowmelt in forecast  https://t.co/3XZeI40Zbt,en,[],['http://globalnews.ca/news/3493936/okanagan-lake-could-rise-another-10-centimetres-forecasters-predict/'],[],2,1,0,"['flood', 'okanagan']",[],https://twitter.com/SnowHydro/status/870095809294946305,False,,0,,,,,,,,[],,,,
870094234946228225,870094234946228225,2017-05-31 21:46:45 EDT,2017-05-31,21:46:45,-0400,718119900,agwriterark,Ferndale International,,#rice #flood #Arkansas #plant17  https://t.co/HMVoaQSstf,und,[],['https://twitter.com/ar_verification/status/869928614669590528'],[],0,0,0,"['rice', 'flood', 'arkansas', 'plant17']",[],https://twitter.com/AgWriterArk/status/870094234946228225,False,https://twitter.com/ar_verification/status/869928614669590528,0,,,,,,,,[],,,,
870090164340535296,870090164340535296,2017-05-31 21:30:35 EDT,2017-05-31,21:30:35,-0400,909584641,iamgtsmith,Gerald Smith,,Interesting: projected max. elevation of #OkanaganLake during a 200 year flood is 343.05m. Today's level (May 31) is 343.15. #BCflood #flood,en,[],[],[],0,0,0,"['okanaganlake', 'bcflood', 'flood']",[],https://twitter.com/iamgtsmith/status/870090164340535296,False,,0,,,,,,,,[],,,,
870088368868249602,870088368868249602,2017-05-31 21:23:27 EDT,2017-05-31,21:23:27,-0400,16353623,aucase,alex u. case,,"Longest recordingology blog entry (unconfirmed): 1979.  Not a favorite band, but an intriguing work of art. #Flood  https://t.co/8mGl29ZqRM",en,[],['https://recordingology.com/2014/02/06/1979/'],[],0,1,0,['flood'],[],https://twitter.com/aucase/status/870088368868249602,False,,0,,,,,,,,[],,,,
870082810857615360,870082810857615360,2017-05-31 21:01:22 EDT,2017-05-31,21:01:22,-0400,2289017468,swampsciqueen,Dr. Mary Grace Lemon,,When you forget your hip waders but there is a rogue #flood and you…  https://t.co/WtrGsItSwq,en,[],['https://www.instagram.com/p/BUxxtyHjN_0hKUzFZ3DGtK6-6y3-b9vltTrUzQ0/'],[],0,0,0,['flood'],[],https://twitter.com/swampsciqueen/status/870082810857615360,False,,0,,,,,,,,[],,,,
870080292782047233,870080292782047233,2017-05-31 20:51:21 EDT,2017-05-31,20:51:21,-0400,2829418196,hydrology_wsl,Massimiliano Zappa,,#Flash #Flood with #drift #wood - #Giswil #Switzerland #Gewitter -  https://t.co/abL0I0yXwi via @youtube,en,"[{'screen_name': 'youtube', 'name': 'youtube', 'id': '10228272'}]",['https://www.youtube.com/watch?v=ZM6Pkf5argY&sns=tw'],[],0,1,0,"['flash', 'flood', 'drift', 'wood', 'giswil', 'switzerland', 'gewitter']",[],https://twitter.com/Hydrology_WSL/status/870080292782047233,False,,0,,,,,,,,[],,,,
870076442595295233,870076398622433280,2017-05-31 20:36:03 EDT,2017-05-31,20:36:03,-0400,2276880895,petabencana,PetaBencana.id,,"@KepoBangetAku Hello, I am Bencana Bot, reply with #flood to send me your flood report.  https://t.co/YFrHXGLAi1",en,[],[],['https://pbs.twimg.com/tweet_video_thumb/C4MFV65UkAAbNll.jpg'],0,0,0,['flood'],[],https://twitter.com/petabencana/status/870076442595295233,False,,1,https://pbs.twimg.com/tweet_video_thumb/C4MFV65UkAAbNll.jpg,,,,,,,"[{'screen_name': 'KepoBangetAku', 'name': 'nanfitzpatrick', 'id': '71940885'}]",,,,
870071145504133121,870071145504133121,2017-05-31 20:15:00 EDT,2017-05-31,20:15:00,-0400,17141766,reporterherald,Reporter-Herald,,ICYMI: @LarimerCounty: 6 #flood damaged structures need to come down this summer.   Via @RHPamelaJ. #NoCo    https://t.co/QwE8mUQgNb  https://t.co/sYF4Ld5dX1,en,"[{'screen_name': 'larimercounty', 'name': 'larimer county', 'id': '17511789'}, {'screen_name': 'rhpamelaj', 'name': 'pamela johnson', 'id': '2832496258'}]",['http://bit.ly/2rhqbpj'],['https://pbs.twimg.com/media/DBKafc3UwAAYxpm.jpg'],0,0,0,"['flood', 'noco']",[],https://twitter.com/reporterherald/status/870071145504133121,False,,1,https://pbs.twimg.com/media/DBKafc3UwAAYxpm.jpg,,,,,,,[],,,,
870070433697091585,870070433697091585,2017-05-31 20:12:11 EDT,2017-05-31,20:12:11,-0400,216569349,nicholasluckyal,Nicholas Luck,"{'type': 'Point', 'coordinates': [43.62083333, -79.37861111]}",Look 👇on the islands . . . ____________________________________#torontoisland #toronto #flood…  https://t.co/ItNVmk0si8,en,[],['https://www.instagram.com/p/BUxsFqHB3BE/'],[],0,0,0,"['toronto', 'flood']",[],https://twitter.com/nicholasluckyal/status/870070433697091585,False,,0,,,,,,,,[],,,,
