id,conversation_id,created_at,date,time,timezone,user_id,username,name,place,tweet,language,mentions,urls,photos,replies_count,retweets_count,likes_count,hashtags,cashtags,link,retweet,quote_url,video,thumbnail,near,geo,source,user_rt_id,user_rt,retweet_id,reply_to,retweet_date,translate,trans_src,trans_dest
855208717322776576,855208717322776576,2017-04-20 19:57:01 EDT,2017-04-20,19:57:01,-0400,109700455,chrisbarbiere,Christine Barbiere,,"Better #Data, Models Expand Private #Flood #Insurance Opportunities: Actuaries  https://t.co/cOm4TxH9oU via @ijournal",en,"[{'screen_name': 'ijournal', 'name': 'insurance journal', 'id': '15300677'}]",['http://www.insurancejournal.com/news/national/2017/04/20/448441.htm'],[],0,0,0,"['data', 'flood', 'insurance']",[],https://twitter.com/chrisbarbiere/status/855208717322776576,False,,0,,,,,,,,[],,,,
855200184380211200,855200184380211200,2017-04-20 19:23:07 EDT,2017-04-20,19:23:07,-0400,248999331,getregional,Get Regional,,#Lismore #Flood #Appeal #Concert cancelled  https://t.co/fOSpzGhRc8,en,[],['http://bit.ly/2pku5Q4'],[],0,0,0,"['lismore', 'flood', 'appeal', 'concert']",[],https://twitter.com/getregional/status/855200184380211200,False,,0,,,,,,,,[],,,,
855196827997446144,855196827997446144,2017-04-20 19:09:47 EDT,2017-04-20,19:09:47,-0400,824688609764728833,tyhuti,Ty'Hûtı Möntu RáNsû 𓍹𓁟𓁮𓇳𓋑𓍺,,'Bout to #flood #twitter with #AstralCreator #Illustrations #StayTooned,en,[],[],[],0,0,0,"['flood', 'twitter', 'astralcreator', 'illustrations', 'staytooned']",[],https://twitter.com/TyHuti/status/855196827997446144,False,,0,,,,,,,,[],,,,
855195661859524609,855195661859524609,2017-04-20 19:05:09 EDT,2017-04-20,19:05:09,-0400,958321766,usgs_hdds,USGS HDDS,,6 scenes of SENTINEL ingested to HDDS for event 201704_Flood_PER #Peru #Flood  https://t.co/7VTIDFRENr  https://t.co/122sV13eYF,en,[],"['https://hddsexplorer.usgs.gov/criteria?event=201704_Flood_PER&ordered=201704_Flood_PER_ESA_SENTINEL1_SLC_20170416,201704_Flood_PER_ESA_SENTINEL1_GRD_20170416_17&field=BATCH_NAME']",['https://pbs.twimg.com/media/C95D7BoWsAArQA_.jpg'],0,0,0,"['peru', 'flood']",[],https://twitter.com/USGS_HDDS/status/855195661859524609,False,,1,https://pbs.twimg.com/media/C95D7BoWsAArQA_.jpg,,,,,,,[],,,,
855194459411296256,855194459411296256,2017-04-20 19:00:22 EDT,2017-04-20,19:00:22,-0400,3413549164,servprobutler,ServproSouthButler,,Call us now we are the experts to #callfirst (724) 473-0745 #Fire  #Damage #Emergency #Flood #Mold #Commercial #Water #Damage  https://t.co/KXdVyBBzO9,en,[],[],['https://pbs.twimg.com/media/C95C07BVYAAxaHS.jpg'],0,0,0,"['callfirst', 'fire', 'damage', 'emergency', 'flood', 'mold', 'commercial', 'water', 'damage']",[],https://twitter.com/ServproButler/status/855194459411296256,False,,1,https://pbs.twimg.com/media/C95C07BVYAAxaHS.jpg,,,,,,,[],,,,
855186943751192576,855186943751192576,2017-04-20 18:30:30 EDT,2017-04-20,18:30:30,-0400,1375976022,hielectriclight,Hawaiian Electric - Hawaii Island,,#Storm #Safety: Learn the elevation level of your property + whether the land is #flood-prone; know how it'll be affected in severe weather.,en,[],[],[],0,0,2,"['storm', 'safety', 'flood']",[],https://twitter.com/HIElectricLight/status/855186943751192576,False,,0,,,,,,,,[],,,,
855185105605840896,855185105605840896,2017-04-20 18:23:12 EDT,2017-04-20,18:23:12,-0400,185834011,gerdesilets,Gérard Désilets,,The #water of the #flood rose so #high that the #pool #overflowed by #inwards :(,en,[],[],[],0,0,0,"['water', 'flood', 'high', 'pool', 'overflowed', 'inwards']",[],https://twitter.com/gerdesilets/status/855185105605840896,False,,0,,,,,,,,[],,,,
855180525551493120,855180525551493120,2017-04-20 18:05:00 EDT,2017-04-20,18:05:00,-0400,240924297,vincrosby,Vin Crosby,,All the major rain and snow will lead to major mold. #Mold and #Flood clea...  https://t.co/toeNm3W6CU via @YouTube an awesome interview!,en,"[{'screen_name': 'youtube', 'name': 'youtube', 'id': '10228272'}]",['https://youtu.be/sAod-q9ZnO8'],[],0,0,1,"['mold', 'flood']",[],https://twitter.com/VinCrosby/status/855180525551493120,False,,0,,,,,,,,[],,,,
855179367072358400,855179367072358400,2017-04-20 18:00:24 EDT,2017-04-20,18:00:24,-0400,519742052,nationalflood,National Flood,,#Safety tips if you are caugh in a #flood. #Beprepared  https://t.co/lFTfAzSV1Y,en,[],['https://twitter.com/PCIAA/status/855170718140690432'],[],0,0,0,"['safety', 'flood', 'beprepared']",[],https://twitter.com/NationalFlood/status/855179367072358400,False,https://twitter.com/PCIAA/status/855170718140690432,0,,,,,,,,[],,,,
855164467562328064,855164467562328064,2017-04-20 17:01:11 EDT,2017-04-20,17:01:11,-0400,950569321,singinghen,Sarah Hendry💙,,Great stuff from our @opendefra colleagues helping us make better use of #flood data  https://t.co/vI6gomBzqb,en,"[{'screen_name': 'opendefra', 'name': 'opendefra', 'id': '890199559430975489'}]",['https://twitter.com/sophia_oliver/status/855113374564323328'],[],0,0,2,['flood'],[],https://twitter.com/singinghen/status/855164467562328064,False,https://twitter.com/sophia_oliver/status/855113374564323328,0,,,,,,,,[],,,,
855161460758073344,855161460758073344,2017-04-20 16:49:15 EDT,2017-04-20,16:49:15,-0400,153947448,dakthebarbarian,Dakota Dean,,@idarbwire #BKEQ #flood,und,[],[],[],0,0,0,"['bkeq', 'flood']",[],https://twitter.com/DakTheBarbarian/status/855161460758073344,False,,0,,,,,,,,[],,,,
855156665905291267,855156665905291267,2017-04-20 16:30:11 EDT,2017-04-20,16:30:11,-0400,2398123802,nlintoronto,NetherlandsinToronto,,Breakthrough in urban #flood defense - buoyant weir protects historic city centre of Spakenburg.  https://t.co/kqlMgeh04D (video in Dutch),en,[],['https://youtu.be/Xrf0WdoSMMI'],[],0,1,1,['flood'],[],https://twitter.com/NLinToronto/status/855156665905291267,False,,0,,,,,,,,[],,,,
855155713311731712,855155713311731712,2017-04-20 16:26:24 EDT,2017-04-20,16:26:24,-0400,268432127,weathersullivan,Brian K. Sullivan,,Bloomberg's new climate news site:  https://t.co/oTCimyLy9S Check it out! @business @climate #climate #flood #drought #spring,en,"[{'screen_name': 'business', 'name': 'bloomberg', 'id': '34713362'}, {'screen_name': 'climate', 'name': 'bloomberg green', 'id': '783719151684685824'}]",['https://www.bloomberg.com/climate-changed'],[],0,0,0,"['climate', 'flood', 'drought', 'spring']",[],https://twitter.com/WeatherSullivan/status/855155713311731712,False,,0,,,,,,,,[],,,,
855154327312138240,855154327312138240,2017-04-20 16:20:54 EDT,2017-04-20,16:20:54,-0400,119542932,usgs_idaho,USGS in Idaho,,Portneuf River at Pocatello above moderate #flood stage:  https://t.co/ZOIgC7IsG6  https://t.co/e6RFa5MpEo,en,[],['https://on.doi.gov/2knmmKG'],['https://pbs.twimg.com/media/C94ePAaVYAAOW5E.jpg'],0,0,0,['flood'],[],https://twitter.com/USGS_Idaho/status/855154327312138240,False,,1,https://pbs.twimg.com/media/C94ePAaVYAAOW5E.jpg,,,,,,,[],,,,
855150596898398208,855150596898398208,2017-04-20 16:06:04 EDT,2017-04-20,16:06:04,-0400,171828737,enviroedgenews,EnviroEdgeNews,,"Heavy Floods Cause Damage, Spark Anger In N. #Kazakhstan; 1000s people, #animals evacuated, @RFERL  https://t.co/P17py3eYfV #climate #Flood",en,"[{'screen_name': 'rferl', 'name': 'radio free europe/radio liberty', 'id': '42700240'}]",['http://bit.ly/2oPcoGY'],[],0,0,0,"['kazakhstan', 'animals', 'climate', 'flood']",[],https://twitter.com/EnviroEdgeNews/status/855150596898398208,False,,0,,,,,,,,[],,,,
855149478344626177,851999406735970304,2017-04-20 16:01:38 EDT,2017-04-20,16:01:38,-0400,561204083,stranger_poetry,stranger,,@SanguinKnight @MLKstudios @Phrygi2 @WeThePe39725520 @skmeghera @zappamel @KantoLamin @keith1865again @Tembusu2 @Buck50RedHook @RichardKallberg @Uberfailjimmy @BelindaHayle @littleglob1 @garyleerose saints? mostly half-starved sharing with #FLOOD of POOR created &amp;murdered by CAPITALISM Beast of Satan and almost ALL bear its MARK Rev14-20,en,[],[],[],1,0,2,['flood'],[],https://twitter.com/stranger_poetry/status/855149478344626177,False,,0,,,,,,,,"[{'screen_name': 'SanguinKnight', 'name': 'Todd Jenkins', 'id': '75846292'}, {'screen_name': 'MLKstudios', 'name': 'Matthew L Kees', 'id': '49449357'}, {'screen_name': 'Phrygi2', 'name': 'Joseph Paul Freije', 'id': '3052215043'}, {'screen_name': 'KantoLamin', 'name': 'Gunnerlamin', 'id': '3008900885'}, {'screen_name': 'keith1865again', 'name': 'Keith1865again', 'id': '833759497969606656'}, {'screen_name': 'tembusu2', 'name': 'tembusu', 'id': '1260483441856053248'}, {'screen_name': 'Buck50RedHook', 'name': 'Buck50', 'id': '1113699042'}, {'screen_name': 'RichardKallberg', 'name': 'Richard Kallberg', 'id': '1632644072'}, {'screen_name': 'Uberfailjimmy', 'name': 'Uberfail Luddite', 'id': '2870654423'}, {'screen_name': 'littleglob1', 'name': '❤Littleglob❤', 'id': '2834953403'}, {'screen_name': 'garyleerose', 'name': 'gary lee', 'id': '2974933827'}]",,,,
855145080163901440,855145080163901440,2017-04-20 15:44:09 EDT,2017-04-20,15:44:09,-0400,275580824,jessepants178,Jesse Otts,,"Foremost: During a flash #flood, your vehicle is the most dangerous place to be. Learn more about staying safe dur…  https://t.co/ZEoVznsihc",en,[],['https://twitter.com/i/web/status/855144107148283906'],[],0,0,0,['flood'],[],https://twitter.com/jessepants178/status/855145080163901440,False,,0,,,,,,,,[],,,,
855144366121390080,855144366121390080,2017-04-20 15:41:19 EDT,2017-04-20,15:41:19,-0400,55017718,stevewilson2018,Steve Wilson,,"RT Foremost: ""During a flash #flood, your vehicle is the most dangerous place to be. Learn more about staying safe…  https://t.co/JeDSntTepV""",en,[],['https://twitter.com/i/web/status/855144107148283906'],[],0,0,0,['flood'],[],https://twitter.com/SteveWilson2018/status/855144366121390080,False,,0,,,,,,,,[],,,,
855144107148283906,855144107148283906,2017-04-20 15:40:17 EDT,2017-04-20,15:40:17,-0400,15100397,foremost,Foremost Insurance Group,,"During a flash #flood, your vehicle is the most dangerous place to be. Learn more about staying safe during floods.  https://t.co/qJIbIqkQe0  https://t.co/cw1OkHlpb0",en,[],['http://wxch.nl/1R3u2tS'],['https://pbs.twimg.com/media/C94VCG5U0AA-S8l.jpg'],0,8,5,['flood'],[],https://twitter.com/Foremost/status/855144107148283906,False,,1,https://pbs.twimg.com/media/C94VCG5U0AA-S8l.jpg,,,,,,,[],,,,
855143159344640000,855143159344640000,2017-04-20 15:36:31 EDT,2017-04-20,15:36:31,-0400,51751973,rodmrrealestate,RodMrRealEstate,,nardotrealtor: RT RealtorAction: The National #Flood Insurance Program expires soon. Here's why it matters:   https://t.co/T3w8L9UAub …… …,en,[],['http://bit.ly/2ovktNi'],[],0,0,0,['flood'],[],https://twitter.com/RodMrRealEstate/status/855143159344640000,False,,0,,,,,,,,[],,,,
855139002482950144,855139002482950144,2017-04-20 15:20:00 EDT,2017-04-20,15:20:00,-0400,40236897,avtechsoftware,"AVTECH Software, Inc",,#Flood damage is 10x more likely than #fire damage to your #business. Stay protected! #infographic  https://t.co/jAgop1gMnp,en,[],[],['https://pbs.twimg.com/media/C9pKsqCWAAILI-E.jpg'],0,1,0,"['flood', 'fire', 'business', 'infographic']",[],https://twitter.com/AVTECHSoftware/status/855139002482950144,False,,1,https://pbs.twimg.com/media/C9pKsqCWAAILI-E.jpg,,,,,,,[],,,,
855137037095247872,855137037095247872,2017-04-20 15:12:11 EDT,2017-04-20,15:12:11,-0400,267429203,sbcatfmglobal,Simon Baker-Chambers,,#flood #lossprevention #beinformed  https://t.co/T5oKkiEgei,und,[],['https://twitter.com/TomLawsonFMG/status/855134236747194368'],[],0,0,0,"['flood', 'lossprevention', 'beinformed']",[],https://twitter.com/SBCatFMGlobal/status/855137037095247872,False,https://twitter.com/TomLawsonFMG/status/855134236747194368,0,,,,,,,,[],,,,
855135870340431874,855135870340431874,2017-04-20 15:07:33 EDT,2017-04-20,15:07:33,-0400,740814289490042881,kirstyatmoc,Kirsty Sullivan,,Great #Flood session today @MuseumofLondon #docklands with Edel of @Thames21 for St Thomas More comp. #globaltolocal #geographyteacher #GCSE,en,"[{'screen_name': 'museumoflondon', 'name': 'museum of london', 'id': '34592271'}, {'screen_name': 'thames21', 'name': 'thames21', 'id': '31800858'}]",[],[],0,1,1,"['flood', 'docklands', 'globaltolocal', 'geographyteacher', 'gcse']",[],https://twitter.com/KirstyAtMoC/status/855135870340431874,False,,0,,,,,,,,[],,,,
855133333776236544,855133333776236544,2017-04-20 14:57:29 EDT,2017-04-20,14:57:29,-0400,301483044,foresteru,Forester University,,"For a #flood control design, the high end of the range of potential Manning’s n values may be of greatest interest. #SurfaceWater",en,[],[],[],0,0,0,"['flood', 'surfacewater']",[],https://twitter.com/ForesterU/status/855133333776236544,False,,0,,,,,,,,[],,,,
855132446714724352,855132446714724352,2017-04-20 14:53:57 EDT,2017-04-20,14:53:57,-0400,21795100,ijcsa,IJCSA,,International #Janitorial #Cleaning Services Association - #Flood Damage &amp; #Restoration -&gt;   https://t.co/6QJ6dDsmZg &lt;- Find A Local Pro,en,[],['http://www.ijcsa.org/Flood-Damage-Restoration-Services'],[],0,0,0,"['janitorial', 'cleaning', 'flood', 'restoration']",[],https://twitter.com/IJCSA/status/855132446714724352,False,,0,,,,,,,,[],,,,
855130336572956673,855130336572956673,2017-04-20 14:45:34 EDT,2017-04-20,14:45:34,-0400,2466009575,emergencyglobal,Emergency Alerts,,"disasteraware:#FLOOD New Alert: Flood - Ecuador, Severity: WARNING  https://t.co/4YNdtN4XyR  https://t.co/7a9MbtnmVH  https://t.co/Kj1x7v0uXc",en,[],"['http://snc.pdc.org/PRODUCTION/385eea18-64d3-4133-bc53-9d815cc58ff9/index.html', 'http://ift.tt/2iEOhIL']",['https://pbs.twimg.com/media/C94IgiGXgAA-KX7.jpg'],0,0,0,['flood'],[],https://twitter.com/emergencyglobal/status/855130336572956673,False,,1,https://pbs.twimg.com/media/C94IgiGXgAA-KX7.jpg,,,,,,,[],,,,
855130208730439680,855130208730439680,2017-04-20 14:45:03 EDT,2017-04-20,14:45:03,-0400,45195411,ubalert,ubAlert,,Flood - Ecuador-  https://t.co/kAe822dCbM #flood #fb,es,[],['http://www.ubalert.com/3Bnc'],[],0,0,0,"['flood', 'fb']",[],https://twitter.com/ubalert/status/855130208730439680,False,,0,,,,,,,,[],,,,
855129542704349184,855129542704349184,2017-04-20 14:42:25 EDT,2017-04-20,14:42:25,-0400,85636450,disasteraware,DisasterAWARE,"{'type': 'Point', 'coordinates': [-1.07264, -79.69117]}","#FLOOD New Alert: Flood - Ecuador, Severity: WARNING  https://t.co/5QI2HxaW4n",en,[],['http://snc.pdc.org/PRODUCTION/385eea18-64d3-4133-bc53-9d815cc58ff9/index.html'],[],0,1,0,['flood'],[],https://twitter.com/disasteraware/status/855129542704349184,False,,0,,,,,,,,[],,,,
855129243684151305,855129243684151305,2017-04-20 14:41:13 EDT,2017-04-20,14:41:13,-0400,3762030741,thenewswyre,Newswyre,,South Carolina: #Lexington County residents encouraged to apply for #flood recovery funding     #southcarolina   https://t.co/1hcsFpBz6u,en,[],['http://bit.ly/2pWDTvX'],[],0,0,0,"['lexington', 'flood', 'southcarolina']",[],https://twitter.com/TheNewswyre/status/855129243684151305,False,,0,,,,,,,,[],,,,
855125338988445698,855125338988445698,2017-04-20 14:25:42 EDT,2017-04-20,14:25:42,-0400,2466009575,emergencyglobal,Emergency Alerts,,"disasteraware:#FLOOD New Alert: Flood - Kazakhstan, Severity: WARNING  https://t.co/MWSdXsbXVr  https://t.co/7a9MbtnmVH  https://t.co/uK7XZj5vDc",en,[],"['http://snc.pdc.org/PRODUCTION/53e7d35f-d4df-4f9e-87ea-638d2e5f7057/index.html', 'http://ift.tt/2iEOhIL']",['https://pbs.twimg.com/media/C94D9oAXsAAhq2U.jpg'],0,0,0,['flood'],[],https://twitter.com/emergencyglobal/status/855125338988445698,False,,1,https://pbs.twimg.com/media/C94D9oAXsAAhq2U.jpg,,,,,,,[],,,,
855125189159530500,855125189159530500,2017-04-20 14:25:07 EDT,2017-04-20,14:25:07,-0400,278531256,stonewood_pm,Stonewood,,Drought-weary Western Cape residents warned to prepare for floods:  https://t.co/fHYIwbBAU0 #drought #flood #savewater,en,[],['http://ow.ly/dHWx30b0Zby'],[],0,0,0,"['drought', 'flood', 'savewater']",[],https://twitter.com/Stonewood_PM/status/855125189159530500,False,,0,,,,,,,,[],,,,
855125188966526982,855125188966526982,2017-04-20 14:25:07 EDT,2017-04-20,14:25:07,-0400,44461403,addsure,Addsure,,Drought-weary Western Cape residents warned to prepare for floods:  https://t.co/7Er0k0YPJv #drought #flood #savewater,en,[],['http://ow.ly/dHWx30b0Zby'],[],0,0,0,"['drought', 'flood', 'savewater']",[],https://twitter.com/addsure/status/855125188966526982,False,,0,,,,,,,,[],,,,
855125188526133251,855125188526133251,2017-04-20 14:25:07 EDT,2017-04-20,14:25:07,-0400,2858598369,garrungroup,Garrun Group Insurance Brokers,,Drought-weary Western Cape residents warned to prepare for floods:  https://t.co/Zdb7SohUDK #drought #flood #savewater,en,[],['http://ow.ly/dHWx30b0Zby'],[],0,0,0,"['drought', 'flood', 'savewater']",[],https://twitter.com/GarrunGroup/status/855125188526133251,False,,0,,,,,,,,[],,,,
855125176429584384,855125176429584384,2017-04-20 14:25:04 EDT,2017-04-20,14:25:04,-0400,45195411,ubalert,ubAlert,,Flood - Kazakhstan-  https://t.co/zhw6tG81j8 #flood #fb,en,[],['http://www.ubalert.com/yBnc'],[],0,0,0,"['flood', 'fb']",[],https://twitter.com/ubalert/status/855125176429584384,False,,0,,,,,,,,[],,,,
855124969138860032,855124969138860032,2017-04-20 14:24:14 EDT,2017-04-20,14:24:14,-0400,85636450,disasteraware,DisasterAWARE,"{'type': 'Point', 'coordinates': [50.39704, 63.47168]}","#FLOOD New Alert: Flood - Kazakhstan, Severity: WARNING  https://t.co/IhrswHhSX7",en,[],['http://snc.pdc.org/PRODUCTION/53e7d35f-d4df-4f9e-87ea-638d2e5f7057/index.html'],[],0,1,1,['flood'],[],https://twitter.com/disasteraware/status/855124969138860032,False,,0,,,,,,,,[],,,,
855119462034542593,855119462034542593,2017-04-20 14:02:21 EDT,2017-04-20,14:02:21,-0400,14468282,glink,Ilyce Glink,,Watch what happens when #flood insurance legislation comes up again. @WGNRadio Thanks for having me on @amyguth,en,"[{'screen_name': 'wgnradio', 'name': 'wgn radio 720', 'id': '18990627'}, {'screen_name': 'amyguth', 'name': 'amy güth', 'id': '5708702'}]",[],[],0,0,0,['flood'],[],https://twitter.com/Glink/status/855119462034542593,False,,0,,,,,,,,[],,,,
855119078679351297,855119078679351297,2017-04-20 14:00:50 EDT,2017-04-20,14:00:50,-0400,35762860,narrealtorparty,REALTOR® Party,,The National #Flood Insurance Program expires soon. Here's why it matters:   https://t.co/mtYauNj17K … @nardotrealtor #SupportNFIP  https://t.co/M0IfjnTPNo,en,"[{'screen_name': 'nardotrealtor', 'name': 'national association of realtors®', 'id': '14095706'}]",['http://bit.ly/2ovktNi'],['https://pbs.twimg.com/media/C93-RPJUIAAvegb.jpg'],0,7,5,"['flood', 'supportnfip']",[],https://twitter.com/NARRealtorParty/status/855119078679351297,False,,1,https://pbs.twimg.com/media/C93-RPJUIAAvegb.jpg,,,,,,,[],,,,
855118882390061057,855118882390061057,2017-04-20 14:00:03 EDT,2017-04-20,14:00:03,-0400,4880515980,casfm_ymg,CASFM YMG,,What a great interactive website to check out to create nature-based #flood #mitigation  https://t.co/nvhM4sO8n0,en,[],['https://twitter.com/FloodsOrg/status/835557692240498689'],[],0,1,1,"['flood', 'mitigation']",[],https://twitter.com/CASFM_YMG/status/855118882390061057,False,https://twitter.com/FloodsOrg/status/835557692240498689,0,,,,,,,,[],,,,
855112361988018176,855112361988018176,2017-04-20 13:34:08 EDT,2017-04-20,13:34:08,-0400,105633000,jamibarnett,Jami Barnett,,20-25% of flood victims live outside a flood zone  https://t.co/BFlZDUiXGr Check out @ConsumerAffairs Buyers Guide on #flood #insurance  https://t.co/UMRlVt6Jvq,en,"[{'screen_name': 'consumeraffairs', 'name': 'consumeraffairs', 'id': '17028478'}]",['http://buff.ly/2pGIWUG'],['https://pbs.twimg.com/media/C934KQFUIAAoFLq.jpg'],0,0,0,"['flood', 'insurance']",[],https://twitter.com/JamiBarnett/status/855112361988018176,False,,1,https://pbs.twimg.com/media/C934KQFUIAAoFLq.jpg,,,,,,,[],,,,
855108809718722562,855108809718722562,2017-04-20 13:20:02 EDT,2017-04-20,13:20:02,-0400,200076288,floodexpert,Ambiental,,Providing #flood risk solutions to Housing Associations  https://t.co/7r9nrZ2maP #Ambiental #whatwedo  https://t.co/p0o7KQMuEZ,en,[],['https://goo.gl/Rq0ALT'],['https://pbs.twimg.com/media/C9307fIU0AE8wLR.jpg'],0,0,0,"['flood', 'ambiental', 'whatwedo']",[],https://twitter.com/floodexpert/status/855108809718722562,False,,1,https://pbs.twimg.com/media/C9307fIU0AE8wLR.jpg,,,,,,,[],,,,
855107222707326976,855107222707326976,2017-04-20 13:13:43 EDT,2017-04-20,13:13:43,-0400,213452332,npiquadcities,Mark Crowley,,Is your home #fIs your home #flood ready?  https://t.co/bMAGjPWkUS | #bepreparedlood ready?  https://t.co/bMAGjPWkUS | #beprepared,en,[],"['http://bit.ly/2h0lIBD', 'http://bit.ly/2h0lIBD']",[],0,0,0,"['fis', 'flood', 'bepreparedlood', 'beprepared']",[],https://twitter.com/NPIQuadCities/status/855107222707326976,False,,0,,,,,,,,[],,,,
855105760551940097,855105760551940097,2017-04-20 13:07:55 EDT,2017-04-20,13:07:55,-0400,831340100202139653,thefloodchannel,The Flood Channel,,"#EastSparta,#Canton #OH.#NimishillenCreek #FloodWarning,minor #flooding.#PurpleWater=HighRisk.(8Hr #Forecast 4/20/2017PM.#Flood #Floods)  https://t.co/DR5z0on2Nr",en,[],[],['https://pbs.twimg.com/media/C93rmpwWAAAebwY.jpg'],0,0,1,"['eastsparta', 'canton', 'oh', 'nimishillencreek', 'floodwarning', 'flooding', 'purplewater', 'forecast', 'flood', 'floods']",[],https://twitter.com/TheFloodChannel/status/855105760551940097,False,,1,https://pbs.twimg.com/media/C93rmpwWAAAebwY.jpg,,,,,,,[],,,,
855105072606392320,855105072606392320,2017-04-20 13:05:11 EDT,2017-04-20,13:05:11,-0400,1281819840,floodps,Flood PS,,"Looks like the UK is in for more bad weather, are you prepared? #rain #flood &gt;  https://t.co/bg0VR5bc9l  https://t.co/qbPD4XFQV2",en,[],['http://dailym.ai/2pGVfjF'],['https://pbs.twimg.com/media/C93xh_CUMAAU_z5.jpg'],1,1,0,"['rain', 'flood']",[],https://twitter.com/floodps/status/855105072606392320,False,,1,https://pbs.twimg.com/media/C93xh_CUMAAU_z5.jpg,,,,,,,[],,,,
855102583899377665,855102583899377665,2017-04-20 12:55:17 EDT,2017-04-20,12:55:17,-0400,519742052,nationalflood,National Flood,,#Flood Fact w/ @fema: Flash #floods often bring walls of water 10 - 15 ft. high. Discover more flooding facts:  https://t.co/M8qmnmryom  https://t.co/E5WndFKym0,en,"[{'screen_name': 'fema', 'name': 'fema', 'id': '16669075'}]",['http://bit.ly/2mKJ8h5'],['https://pbs.twimg.com/media/C93vRF0WAAAh_v9.jpg'],0,1,0,"['flood', 'floods']",[],https://twitter.com/NationalFlood/status/855102583899377665,False,,1,https://pbs.twimg.com/media/C93vRF0WAAAh_v9.jpg,,,,,,,[],,,,
855098813886988290,855098813886988290,2017-04-20 12:40:18 EDT,2017-04-20,12:40:18,-0400,2876524665,tharrisenviro,T.Harris Enviro,,"#Spring is the time to watch out for #flood, mould and #IAQ challenges. Contact us for your assessment:  https://t.co/rqvvGnUbDV",en,[],['http://ow.ly/5PMP30ayNnf'],[],0,0,0,"['spring', 'flood', 'iaq']",[],https://twitter.com/THarrisEnviro/status/855098813886988290,False,,0,,,,,,,,[],,,,
855096190970548224,855096190970548224,2017-04-20 12:29:53 EDT,2017-04-20,12:29:53,-0400,122387909,iclrcanada,Glenn McGillivray,,#Flood warning remains in effect for #Peterborough | Peterborough Examiner  https://t.co/aF28vJNZ2D,en,[],['http://www.thepeterboroughexaminer.com/2017/04/20/flood-warning-remains-in-effect-for-peterborough-and-area'],[],0,1,0,"['flood', 'peterborough']",[],https://twitter.com/ICLRCanada/status/855096190970548224,False,,0,,,,,,,,[],,,,
855095765844332545,855095765844332545,2017-04-20 12:28:12 EDT,2017-04-20,12:28:12,-0400,122387909,iclrcanada,Glenn McGillivray,,"#Flood risk updates issued for #Montreal, #Laval and #WestIsland  https://t.co/m3JbByrZQD",en,[],['http://montrealgazette.com/news/local-news/flood-risk-updates-issued-for-montreal-laval-and-west-island/'],[],0,0,0,"['flood', 'montreal', 'laval', 'westisland']",[],https://twitter.com/ICLRCanada/status/855095765844332545,False,,0,,,,,,,,[],,,,
855090203899416576,855090203899416576,2017-04-20 12:06:06 EDT,2017-04-20,12:06:06,-0400,215499603,taxfreehealth,Bill Marks,,The latest Tax Free Health Insurance Daily!  https://t.co/MCNZLCsrZq #insurance #flood,en,[],['http://paper.li/TaxFreeHealth/1307707561?edition_id=40a2bb60-25e3-11e7-924f-002590a5ba2d'],[],0,0,0,"['insurance', 'flood']",[],https://twitter.com/TaxFreeHealth/status/855090203899416576,False,,0,,,,,,,,[],,,,
855083364776148993,855083364776148993,2017-04-20 11:38:55 EDT,2017-04-20,11:38:55,-0400,849489001,linkreinsurance,Link Re,,"Better Data, Models Expand Private Flood Insurance Opportunities: Actuaries  https://t.co/GeAnxcAnyw via @ijournal #flood #reinsurance #risk",en,"[{'screen_name': 'ijournal', 'name': 'insurance journal', 'id': '15300677'}]",['http://www.insurancejournal.com/news/national/2017/04/20/448441.htm'],[],0,0,0,"['flood', 'reinsurance', 'risk']",[],https://twitter.com/LinkReinsurance/status/855083364776148993,False,,0,,,,,,,,[],,,,
855081144110415872,855081144110415872,2017-04-20 11:30:06 EDT,2017-04-20,11:30:06,-0400,532279505,carogroup,Caro Group,,#flooddefence #floodaware #Flood  https://t.co/21ukjbdqOk,und,[],['https://twitter.com/EnvAgency/status/855048267935219712'],[],0,0,0,"['flooddefence', 'floodaware', 'flood']",[],https://twitter.com/CaroGroup/status/855081144110415872,False,https://twitter.com/EnvAgency/status/855048267935219712,0,,,,,,,,[],,,,
855081132706201601,855081132706201601,2017-04-20 11:30:03 EDT,2017-04-20,11:30:03,-0400,127629761,powellelectric,Powell Electric,,Avoid #electrical #disasters following a #flood!   https://t.co/Zfag5kb58i,en,[],['http://www.popularmechanics.com/adventure/outdoors/tips/a8231/4-rules-for-electrical-safety-after-a-flood-14261065/'],[],0,1,1,"['electrical', 'disasters', 'flood']",[],https://twitter.com/powellelectric/status/855081132706201601,False,,0,,,,,,,,[],,,,
855080444680916993,855080444680916993,2017-04-20 11:27:19 EDT,2017-04-20,11:27:19,-0400,831340100202139653,thefloodchannel,The Flood Channel,,"#NorthIndustry,#Canton #OH.#NimishillenCreek #FloodWarning,minor #flooding.#PurpleWater=HighRisk.(8Hr #Forecast 4/20/2017AM.#Flood #Floods)  https://t.co/2G9NLIclBU",in,[],[],['https://pbs.twimg.com/media/C93a6LlXkAIkBr1.jpg'],0,0,0,"['northindustry', 'canton', 'oh', 'nimishillencreek', 'floodwarning', 'flooding', 'purplewater', 'forecast', 'flood', 'floods']",[],https://twitter.com/TheFloodChannel/status/855080444680916993,False,,1,https://pbs.twimg.com/media/C93a6LlXkAIkBr1.jpg,,,,,,,[],,,,
855080069915475972,855080026240303105,2017-04-20 11:25:49 EDT,2017-04-20,11:25:49,-0400,2276880895,petabencana,PetaBencana.id,,"@catslullaby Hello, I am Bencana Bot, reply with #flood to send me your flood report.  https://t.co/GREb3IVlWF",en,[],[],['https://pbs.twimg.com/tweet_video_thumb/C4MFV65UkAAbNll.jpg'],0,0,0,['flood'],[],https://twitter.com/petabencana/status/855080069915475972,False,,1,https://pbs.twimg.com/tweet_video_thumb/C4MFV65UkAAbNll.jpg,,,,,,,"[{'screen_name': 'catslullaby', 'name': 'artemisBunny', 'id': '1213774812943802368'}]",,,,
855079178001100800,855079178001100800,2017-04-20 11:22:17 EDT,2017-04-20,11:22:17,-0400,596623292,neukomment,Stranger in a strange land,,#Sunset at Chief Hazy Cloud Park #flickr  https://t.co/MKpSTj5NL6  Reflected off the overflowing banks of the Grand River. #flood #Michigan,en,[],['https://flic.kr/p/T9riTQ'],[],0,0,0,"['sunset', 'flickr', 'flood', 'michigan']",[],https://twitter.com/neukomment/status/855079178001100800,False,,0,,,,,,,,[],,,,
855076082889969669,855076082889969669,2017-04-20 11:09:59 EDT,2017-04-20,11:09:59,-0400,723461722791632896,rec_albania,REC Albania,,@PronewsAlbania a programme to improve our National Early Warning System &amp; #flood prevention; REC Albania part of the consortium @EU_Albania  https://t.co/jywf4mA9cT,en,[],[],['https://pbs.twimg.com/media/C93WDmsXcAAHv1n.jpg'],0,1,1,['flood'],[],https://twitter.com/rec_albania/status/855076082889969669,False,,1,https://pbs.twimg.com/media/C93WDmsXcAAHv1n.jpg,,,,,,,[],,,,
855074836204457986,855074836204457986,2017-04-20 11:05:02 EDT,2017-04-20,11:05:02,-0400,2242429296,nationalhomerep,National Home Repair,,#FLOOD TIP - Arrange for emergency temporary repairs to be carried out to prevent further damage to your #property,en,[],[],[],0,0,1,"['flood', 'property']",[],https://twitter.com/nationalhomerep/status/855074836204457986,False,,0,,,,,,,,[],,,,
855074138746224641,855074138746224641,2017-04-20 11:02:15 EDT,2017-04-20,11:02:15,-0400,16296790,pc360_aandb,PC360 Agent & Broker,,.@RANDCorporation found that most NYC residents can't afford the #flood #insurance that they know they need  https://t.co/el6c1KHMZ4  https://t.co/t3tHjJnG4j,en,"[{'screen_name': 'randcorporation', 'name': 'rand corporation', 'id': '22545453'}]",['http://ow.ly/zkA630aFmYR'],['https://pbs.twimg.com/media/C93VZURXUAANnJn.jpg'],0,0,0,"['flood', 'insurance']",[],https://twitter.com/PC360_AandB/status/855074138746224641,False,,1,https://pbs.twimg.com/media/C93VZURXUAANnJn.jpg,,,,,,,[],,,,
855073459310809089,855073459310809089,2017-04-20 10:59:33 EDT,2017-04-20,10:59:33,-0400,23283241,atufft,Alan Tufft,,#water contractors are lax about #flood control but greedy about #water storage  https://t.co/SfaCCpToCT,en,[],['https://apnews.com/0a4b46c359444c58918ad374f7cd3d28'],[],0,0,0,"['water', 'flood', 'water']",[],https://twitter.com/atufft/status/855073459310809089,False,,0,,,,,,,,[],,,,
855070720858226688,855070720858226688,2017-04-20 10:48:40 EDT,2017-04-20,10:48:40,-0400,225574533,_pennytentiaire,Black Mamba,,"Juste comme ça, pour faire court, ma sage-femme m'a sûrement sauvé la vie. #flood 1/  https://t.co/ZqjVOzRjDh",fr,[],['https://twitter.com/Le___Doc/status/854991771482419200'],[],6,3,3,['flood'],[],https://twitter.com/_PennyTentiaire/status/855070720858226688,False,https://twitter.com/Le___Doc/status/854991771482419200,0,,,,,,,,[],,,,
855062708500258818,854309794542497792,2017-04-20 10:16:50 EDT,2017-04-20,10:16:50,-0400,460542252,sgrimbly,Susan Grimbly,,"@GardenJane @HumberArb @TRCA_Edu @TOurbangrowers Hey Jane: will you be hosting this again? I was out of town, and we could sure use some rainscaping in my hardscaped yard #flood #basement",en,[],[],[],0,0,1,"['flood', 'basement']",[],https://twitter.com/sgrimbly/status/855062708500258818,False,,0,,,,,,,,"[{'screen_name': 'GardenJane', 'name': 'Jane Hayes', 'id': '253139596'}, {'screen_name': 'HumberArb', 'name': 'Humber Arboretum', 'id': '224700450'}, {'screen_name': 'TRCA_Edu', 'name': 'TRCA Education', 'id': '2815536696'}, {'screen_name': 'TOurbangrowers', 'name': 'TorontoUrbanGrowers', 'id': '829364241694130176'}]",,,,
855062607094480896,855062607094480896,2017-04-20 10:16:26 EDT,2017-04-20,10:16:26,-0400,28409259,adjustersintl,Adjusters Intl.,,"Damaged property due to a recent #tornado, #fire, or #flood? We can help 800.382.2468  https://t.co/DOO8FylAXm  https://t.co/2fUNY4UEj3",en,[],['http://adjustersinternational.com'],['https://pbs.twimg.com/tweet_video_thumb/C93K5UQUIAEz9zh.jpg'],0,0,0,"['tornado', 'fire', 'flood']",[],https://twitter.com/AdjustersIntl/status/855062607094480896,False,,1,https://pbs.twimg.com/tweet_video_thumb/C93K5UQUIAEz9zh.jpg,,,,,,,[],,,,
855059213130887168,855059213130887168,2017-04-20 10:02:57 EDT,2017-04-20,10:02:57,-0400,1399867488,ucsshana,"Shana Udvardy, CFM",,Will #climate anxiety doom #coastal #RealEstate ? @cflav @UCSUSA @FloodsOrg #Flood #climatechange  https://t.co/DLJtguZleK,en,"[{'screen_name': 'cflav', 'name': 'christopher flavelle', 'id': '242893326'}, {'screen_name': 'ucsusa', 'name': 'union of concerned scientists', 'id': '18696996'}, {'screen_name': 'floodsorg', 'name': 'association of state floodplain managers', 'id': '551221453'}]",['https://twitter.com/cflav/status/854852631516389377'],[],0,0,1,"['climate', 'coastal', 'realestate', 'flood', 'climatechange']",[],https://twitter.com/UCSshana/status/855059213130887168,False,https://twitter.com/cflav/status/854852631516389377,0,,,,,,,,[],,,,
855059024542396416,855059024542396416,2017-04-20 10:02:12 EDT,2017-04-20,10:02:12,-0400,758049516,ppt_search,PPT Search,,John E. Flood Powerpoint Presentations -  https://t.co/FqcgQW8sqL  #John #E. #Flood,en,[],['http://www.ppthunter.com/john-e-flood.htm'],[],0,0,0,"['john', 'e', 'flood']",[],https://twitter.com/PPT_Search/status/855059024542396416,False,,0,,,,,,,,[],,,,
855058926387245056,855058926387245056,2017-04-20 10:01:48 EDT,2017-04-20,10:01:48,-0400,855047861645586432,jonathanmoon85,Jonathan Moon,,New flood paper on #flood management from @Jonathanmoon85 @WesleyFlannery @AlexandraReves:  https://t.co/bX18bePACi  https://t.co/sPO79WN6BQ,en,"[{'screen_name': 'jonathanmoon85', 'name': 'jonathan moon', 'id': '855047861645586432'}, {'screen_name': 'wesleyflannery', 'name': 'wesley flannery', 'id': '2377129394'}, {'screen_name': 'alexandrareves', 'name': 'alexandra revez', 'id': '265476016'}]","['http://goo.gl/H23y7i', 'https://twitter.com/WesleyFlannery/status/855025468923404288']",[],0,1,1,['flood'],[],https://twitter.com/Jonathanmoon85/status/855058926387245056,False,https://twitter.com/WesleyFlannery/status/855025468923404288,0,,,,,,,,[],,,,
855057950297268226,855057950297268226,2017-04-20 09:57:56 EDT,2017-04-20,09:57:56,-0400,79132107,disasterschart,Disasters Charter,,"SPOT-7 acquired this view of the #flood area in Huan, #Peru, on 7 April:  https://t.co/UJzOg2afCr  https://t.co/anB9vEZk4h",en,[],['http://bit.ly/2nmer18'],['https://pbs.twimg.com/media/C93GSRJXYAEGjcO.jpg'],0,1,3,"['flood', 'peru']",[],https://twitter.com/DisastersChart/status/855057950297268226,False,,1,https://pbs.twimg.com/media/C93GSRJXYAEGjcO.jpg,,,,,,,[],,,,
855057867778527232,855057867778527232,2017-04-20 09:57:36 EDT,2017-04-20,09:57:36,-0400,167458426,jenniferwillen,Jennifer Willen,,#RAIN #Flood Send your video to me! So we can feature in our studio update today.,en,[],[],[],0,0,0,"['rain', 'flood']",[],https://twitter.com/JenniferWillen/status/855057867778527232,False,,0,,,,,,,,[],,,,
855057213622177792,855057213622177792,2017-04-20 09:55:00 EDT,2017-04-20,09:55:00,-0400,755420059342934016,apki_sakhi,Sakhi,,बाढ़ के समय और बाद की हिदायतें #flood advice #safety  https://t.co/7dc0kbSBxo,hi,[],[],['https://pbs.twimg.com/media/C9x3_ZbVwAI40UQ.jpg'],0,0,0,"['flood', 'safety']",[],https://twitter.com/apki_sakhi/status/855057213622177792,False,,1,https://pbs.twimg.com/media/C9x3_ZbVwAI40UQ.jpg,,,,,,,[],,,,
855056027447963648,855056027447963648,2017-04-20 09:50:17 EDT,2017-04-20,09:50:17,-0400,2191774418,safeboxesltd,Vittoria Safe Boxes,,"Do you want to protect your valuables from being #stolen, #lost, #fire or #flood? Use our #safetydepositboxes!  https://t.co/fShII57L1K",en,[],['http://ow.ly/FOR730aPgL4'],[],0,0,0,"['stolen', 'lost', 'fire', 'flood', 'safetydepositboxes']",[],https://twitter.com/SafeBoxesLtd/status/855056027447963648,False,,0,,,,,,,,[],,,,
855051290010947584,855051290010947584,2017-04-20 09:31:28 EDT,2017-04-20,09:31:28,-0400,4105420635,nasaarset,NASAARSET 🛰🌎,,Up today in our VA training: post #flood relief planning &amp; case studies. Check out all the materials:  https://t.co/LkyZF6UsWT  https://t.co/Ge3PIF604E,en,[],['http://go.nasa.gov/2ptJI4i'],['https://pbs.twimg.com/media/C93ALo0WAAA5r6U.jpg'],0,2,3,['flood'],[],https://twitter.com/NASAARSET/status/855051290010947584,False,,1,https://pbs.twimg.com/media/C93ALo0WAAA5r6U.jpg,,,,,,,[],,,,
855051262743597057,855050299773526018,2017-04-20 09:31:21 EDT,2017-04-20,09:31:21,-0400,2276880895,petabencana,PetaBencana.id,,"@BoneSkele Hello, I am Bencana Bot, reply with #flood to send me your flood report.  https://t.co/gjaWRtdSpB",en,[],[],['https://pbs.twimg.com/tweet_video_thumb/C4MFV65UkAAbNll.jpg'],0,0,0,['flood'],[],https://twitter.com/petabencana/status/855051262743597057,False,,1,https://pbs.twimg.com/tweet_video_thumb/C4MFV65UkAAbNll.jpg,,,,,,,"[{'screen_name': 'boneskele', 'name': 'Boneskele', 'id': '932206728153894912'}]",,,,
855050853723627520,855050853723627520,2017-04-20 09:29:44 EDT,2017-04-20,09:29:44,-0400,111069245,actuary_dot_org,Actuary.Org,,News coverage of our #flood report.  https://t.co/6lYxSmaDw5,en,[],['https://twitter.com/PC360_Claims/status/855012956643315712'],[],0,1,1,['flood'],[],https://twitter.com/Actuary_Dot_Org/status/855050853723627520,False,https://twitter.com/PC360_Claims/status/855012956643315712,0,,,,,,,,[],,,,
855048520361005056,855048520361005056,2017-04-20 09:20:27 EDT,2017-04-20,09:20:27,-0400,338276405,idealresponseuk,Ideal Response,,#FloodFact Try to avoid walking through #flood water whenever possible - just 6 inches of rapidly moving water can knock you off your feet.  https://t.co/HYSK20I9rJ,en,[],[],['https://pbs.twimg.com/media/C92-GI6UwAQrba7.png'],0,1,1,"['floodfact', 'flood']",[],https://twitter.com/IdealResponseUK/status/855048520361005056,False,,1,https://pbs.twimg.com/media/C92-GI6UwAQrba7.png,,,,,,,[],,,,
855043625763450885,855043625763450885,2017-04-20 09:01:00 EDT,2017-04-20,09:01:00,-0400,2242429296,nationalhomerep,National Home Repair,,Victim of a #flood?   Speak to your #insurance broker to arrange for emergency repairs to be carried out or give us a call today,en,[],[],[],0,0,0,"['flood', 'insurance']",[],https://twitter.com/nationalhomerep/status/855043625763450885,False,,0,,,,,,,,[],,,,
855043586462711808,855043586462711808,2017-04-20 09:00:51 EDT,2017-04-20,09:00:51,-0400,707963715451166720,moldbgonesystem,moldbgonesystem,,Three Steps to Reduce #Flood Damage | #Atlanta GA | Mold-B-Gone  https://t.co/07dIS7fc7k PLEASE RETWEET  https://t.co/hEPTsw1E44,en,[],['http://moldbgonega.com/three-steps-to-reduce-flood-damage/'],['https://pbs.twimg.com/media/C925nB3XcAAMfbf.jpg'],0,0,0,"['flood', 'atlanta']",[],https://twitter.com/moldbgonesystem/status/855043586462711808,False,,1,https://pbs.twimg.com/media/C925nB3XcAAMfbf.jpg,,,,,,,[],,,,
855043527662854144,855043527662854144,2017-04-20 09:00:37 EDT,2017-04-20,09:00:37,-0400,712453724585775104,dsolutionsllc,disastersolutionsllc,,Good morning #Disaster Solutions #community! Get your #family #prepared today at  https://t.co/s1AnDL9hrp #emergency #flood #tornado #storm,en,[],['http://ift.tt/1UWwHg2'],[],0,0,0,"['disaster', 'community', 'family', 'prepared', 'emergency', 'flood', 'tornado', 'storm']",[],https://twitter.com/dsolutionsllc/status/855043527662854144,False,,0,,,,,,,,[],,,,
855041582822809601,855041582822809601,2017-04-20 08:52:53 EDT,2017-04-20,08:52:53,-0400,2809193447,mktm9871,Marketing Mavens,,Minivan Driver Demonstrates What Not To Do In A Flood  VIDEO:  https://t.co/yClebZ4kOg  #minivan #driver #flood #oops  https://t.co/h5fADf6AIH,en,[],['http://dld.bz/eFQxn'],['https://pbs.twimg.com/media/C923yW8XUAEBpcQ.jpg'],0,0,0,"['minivan', 'driver', 'flood', 'oops']",[],https://twitter.com/mktm9871/status/855041582822809601,False,,1,https://pbs.twimg.com/media/C923yW8XUAEBpcQ.jpg,,,,,,,[],,,,
855039012318453760,855039012318453760,2017-04-20 08:42:41 EDT,2017-04-20,08:42:41,-0400,3611403508,planqub,QUB Planning School,,New paper on #flood risk management in #Belfast from @QueensUBelfast  researchers Jonathan Moon &amp; @WesleyFlannery &amp; @AlexandraReves  (@UCC),en,"[{'screen_name': 'queensubelfast', 'name': ""queen's university"", 'id': '915942424119332865'}, {'screen_name': 'wesleyflannery', 'name': 'wesley flannery', 'id': '2377129394'}, {'screen_name': 'alexandrareves', 'name': 'alexandra revez', 'id': '265476016'}, {'screen_name': 'ucc', 'name': 'ucc ireland', 'id': '19705196'}]",[],[],0,4,4,"['flood', 'belfast']",[],https://twitter.com/PlanQUB/status/855039012318453760,False,,0,,,,,,,,[],,,,
855036813668474881,855036813668474881,2017-04-20 08:33:56 EDT,2017-04-20,08:33:56,-0400,21205898,ciwem,CIWEM,,"CIWEM #Jobs: #Flood Risk Officer with @EnvAgency, apply by 30th April  https://t.co/632HEPwxGY",en,"[{'screen_name': 'envagency', 'name': 'environment agency', 'id': '47331384'}]",['http://bit.ly/2nfdZqn'],[],0,0,1,"['jobs', 'flood']",[],https://twitter.com/CIWEM/status/855036813668474881,False,,0,,,,,,,,[],,,,
855036258317414400,855036258317414400,2017-04-20 08:31:44 EDT,2017-04-20,08:31:44,-0400,3429470907,botswanaboys,The Botswana Boys,,#BotsBoys loving the flooded areas of #Botswana right now! Check out #Chobe #Flood #Africa #Nature  https://t.co/tvqFParpVL,en,[],['https://twitter.com/ThisIsChobe/status/855034252697665537'],[],0,0,0,"['botsboys', 'botswana', 'chobe', 'flood', 'africa', 'nature']",[],https://twitter.com/BotswanaBoys/status/855036258317414400,False,https://twitter.com/ThisIsChobe/status/855034252697665537,0,,,,,,,,[],,,,
855035512431796225,855035512431796225,2017-04-20 08:28:46 EDT,2017-04-20,08:28:46,-0400,325615084,seanatgreenwire,Sean Reilly,,"National #Flood Insurance Prgm will need to keep borrowing from Treasury to pay claims, @USCBO predicts:  https://t.co/mTSbR4tjBa #FEMA #NFIP",en,"[{'screen_name': 'uscbo', 'name': 'u.s. cbo', 'id': '1531265618'}]",['http://tinyurl.com/m7y2j84'],[],0,2,0,"['flood', 'fema', 'nfip']",[],https://twitter.com/SeanatGreenwire/status/855035512431796225,False,,0,,,,,,,,[],,,,
855033883410272256,855033883410272256,2017-04-20 08:22:18 EDT,2017-04-20,08:22:18,-0400,842549414350741505,sociallifenqueb,sociallifenquebec,,"RT HealthyCdns: Dampness is one of the most common causes of #mould. If you have a #flood, clean and dry everythin…  https://t.co/8xHqDIPWJj",en,[],['https://twitter.com/i/web/status/854756795092434948'],[],0,0,0,"['mould', 'flood']",[],https://twitter.com/sociallifenqueb/status/855033883410272256,False,,0,,,,,,,,[],,,,
855031928050810880,855031928050810880,2017-04-20 08:14:32 EDT,2017-04-20,08:14:32,-0400,2966883850,mikemalloy9,Mike Malloy,,"Academy report cites issues, concerns re federal #flood #insurance program - @Actuary_Dot_Org #NFIP via @PC_360 -  https://t.co/BQb1JoAQ8Q",en,"[{'screen_name': 'actuary_dot_org', 'name': 'actuary.org', 'id': '111069245'}, {'screen_name': 'pc_360', 'name': 'propertycasualty360', 'id': '45610420'}]",['http://www.propertycasualty360.com/2017/04/20/nfip-challenges-reform-options-from-the-american?slreturn=1492690351'],[],0,0,1,"['flood', 'insurance', 'nfip']",[],https://twitter.com/MikeMalloy9/status/855031928050810880,False,,0,,,,,,,,[],,,,
855029368787226624,855029368787226624,2017-04-20 08:04:21 EDT,2017-04-20,08:04:21,-0400,902106067,drdpendergrass,Dr.David Pendergrass,,"""Do I have to PROVE that Noah's flood happened?"" Click here for my response:  https://t.co/NoA1XhYRjE #apologetics #flood #OldTestament  https://t.co/pwTWyfMDx5",en,[],['http://bit.ly/2iBhyUW'],['https://pbs.twimg.com/media/C92srWWV0AAOrW-.jpg'],0,0,0,"['apologetics', 'flood', 'oldtestament']",[],https://twitter.com/DrDPendergrass/status/855029368787226624,False,,1,https://pbs.twimg.com/media/C92srWWV0AAOrW-.jpg,,,,,,,[],,,,
855028283683090433,855028283683090433,2017-04-20 08:00:03 EDT,2017-04-20,08:00:03,-0400,3313683883,sohistcoll_1930,Southern Historical Collection,,"#OTD 90 years ago, the mighty #MississippiRiver overflowed, amazing images from LA and MS in the JM Parker papers #Flood #naturaldisaster  https://t.co/rIiIfsnkDh",en,[],[],['https://pbs.twimg.com/media/C9zZzpuVwAAOgjO.jpg'],1,2,5,"['otd', 'mississippiriver', 'flood', 'naturaldisaster']",[],https://twitter.com/SoHistColl_1930/status/855028283683090433,False,,1,https://pbs.twimg.com/media/C9zZzpuVwAAOgjO.jpg,,,,,,,[],,,,
855023304008138752,855023304008138752,2017-04-20 07:40:15 EDT,2017-04-20,07:40:15,-0400,330402319,abasispoint,BasisPoint,,The latest Transport Risk!  https://t.co/KjEldhp0B7 #flood #insurance,en,[],['http://paper.li/Abasispoint/1368067203?edition_id=1ee5f390-25be-11e7-ba07-0cc47a0d164b'],[],0,0,1,"['flood', 'insurance']",[],https://twitter.com/Abasispoint/status/855023304008138752,False,,0,,,,,,,,[],,,,
855022027039809536,855022027039809536,2017-04-20 07:35:11 EDT,2017-04-20,07:35:11,-0400,157374924,macbethinsure,Macbeth,, https://t.co/EETVppxPEQ  What is @floodre &amp; how can we help you? #Insurance #Flood,en,"[{'screen_name': 'floodre', 'name': 'flood re', 'id': '2423569706'}]",['http://bit.ly/2fHmq5f'],[],0,0,2,"['insurance', 'flood']",[],https://twitter.com/MacbethInsure/status/855022027039809536,False,,0,,,,,,,,[],,,,
855021073242501120,855021073242501120,2017-04-20 07:31:24 EDT,2017-04-20,07:31:24,-0400,933781555,sargeantins,Sargeant Insurance,,The latest Sargeant #Insurance Daily !  https://t.co/qQnfhZF4zo Thanks to @4N6Associates #flood #insurance,en,"[{'screen_name': '4n6associates', 'name': 'associates in forensic investigations', 'id': '103932744'}]",['http://paper.li/SargeantIns/1383175891?edition_id=e19c84a0-25bc-11e7-87e4-0cc47a0d1609'],[],0,0,0,"['insurance', 'flood', 'insurance']",[],https://twitter.com/SargeantIns/status/855021073242501120,False,,0,,,,,,,,[],,,,
855018871631167488,855018827821838336,2017-04-20 07:22:39 EDT,2017-04-20,07:22:39,-0400,2276880895,petabencana,PetaBencana.id,,"@figo_tay Hello, I am Bencana Bot, reply with #flood to send me your flood report.  https://t.co/C9oCHDiWCc",en,[],[],['https://pbs.twimg.com/tweet_video_thumb/C4MFV65UkAAbNll.jpg'],0,0,0,['flood'],[],https://twitter.com/petabencana/status/855018871631167488,False,,1,https://pbs.twimg.com/tweet_video_thumb/C4MFV65UkAAbNll.jpg,,,,,,,"[{'screen_name': 'figo_tay', 'name': 'FigOnce', 'id': '752530080350347265'}]",,,,
855017164801273861,855017164801273861,2017-04-20 07:15:52 EDT,2017-04-20,07:15:52,-0400,222468030,envagencyyne,Environment Agency - Yorkshire & North East,,We've reduced #flood risk in #Yarm by removing a large amount of debris from under the bridge on the #River #Tees #floodaware  https://t.co/QD2qD77dbH,en,[],[],[],0,6,5,"['flood', 'yarm', 'river', 'tees', 'floodaware']",[],https://twitter.com/EnvAgencyYNE/status/855017164801273861,False,,1,https://pbs.twimg.com/ext_tw_video_thumb/855016922827632640/pu/img/ZEO-kvT1U62RNcWv.jpg,,,,,,,[],,,,
855013982800936961,855013982800936961,2017-04-20 07:03:13 EDT,2017-04-20,07:03:13,-0400,888186206,planabby,Abby Crisostomo,,"Webinar on #flood resilience, except #allmalepanel. Really?No women (or POCs) doing #floodresilience?  https://t.co/tAQ2Mo5B5X #malepalestale",en,[],['http://bit.ly/2oNwL7k'],[],0,2,0,"['flood', 'allmalepanel', 'floodresilience', 'malepalestale']",[],https://twitter.com/PlanAbby/status/855013982800936961,False,,0,,,,,,,,[],,,,
855013909123784704,855013909123784704,2017-04-20 07:02:55 EDT,2017-04-20,07:02:55,-0400,2424351540,pabali75,Pabali,,#Flood  https://t.co/dyqkdXyOIG,und,[],['https://twitter.com/le___doc/status/854991771482419200'],[],0,1,1,['flood'],[],https://twitter.com/pabali75/status/855013909123784704,False,https://twitter.com/le___doc/status/854991771482419200,0,,,,,,,,[],,,,
855013172083904512,855013172083904512,2017-04-20 07:00:00 EDT,2017-04-20,07:00:00,-0400,2382216866,uksandbags,UK Sandbags,,"There are 0 #Flood #Alerts active today, however, you should make sure you are prepared for future #flooding with our high quality defences.",en,[],[],[],0,0,0,"['flood', 'alerts', 'flooding']",[],https://twitter.com/UKSandbags/status/855013172083904512,False,,0,,,,,,,,[],,,,
855008487276990464,855008487276990464,2017-04-20 06:41:23 EDT,2017-04-20,06:41:23,-0400,769056397589880832,harare_post,Harare Post 🇿🇼,,Scenes from #China dontion of food stuffs to #Zimbabwe to assist #flood victims. @Hon_Kasukuwere @FinanceZim @MoHCCZim  https://t.co/JpCFiEyM2G,en,"[{'screen_name': 'hon_kasukuwere', 'name': 'saviour kasukuwere', 'id': '130423131'}, {'screen_name': 'financezim', 'name': 'min. of finance zim', 'id': '845991934393028608'}, {'screen_name': 'mohcczim', 'name': 'ministry of healthzw', 'id': '4891243906'}]",[],"['https://pbs.twimg.com/media/C92ZJHlXsAEiivd.jpg', 'https://pbs.twimg.com/media/C92ZLABXcAANGFw.jpg', 'https://pbs.twimg.com/media/C92ZMuDXYAA7Y3k.jpg']",1,7,6,"['china', 'zimbabwe', 'flood']",[],https://twitter.com/harare_post/status/855008487276990464,False,,1,https://pbs.twimg.com/media/C92ZJHlXsAEiivd.jpg,,,,,,,[],,,,
855007885574766592,855007885574766592,2017-04-20 06:38:59 EDT,2017-04-20,06:38:59,-0400,300207990,ibs_epltd,IBS Eng. Products,,"Did you see our news release last week about our new lightweight #flood barrier, the #SL25 ? #innovation #engineering #design  https://t.co/f5l1JI8p5X",en,[],[],['https://pbs.twimg.com/media/C92ZBUeXsAAW0tq.jpg'],0,4,3,"['flood', 'sl25', 'innovation', 'engineering', 'design']",[],https://twitter.com/IBS_EPLtd/status/855007885574766592,False,,1,https://pbs.twimg.com/media/C92ZBUeXsAAW0tq.jpg,,,,,,,[],,,,
855005999530430464,855005999530430464,2017-04-20 06:31:30 EDT,2017-04-20,06:31:30,-0400,104849636,nercscience,Natural Environment Research Council,,New review charts evolution of #climatechange guidance for fluvial #flood risk management  https://t.co/I6ok4a1FU8 @CEHScienceNews  https://t.co/LjGSJsENe7,en,[],['http://sco.lt/846QRF'],['https://pbs.twimg.com/media/C92XbFmXsAE1SMb.jpg'],0,7,3,"['climatechange', 'flood']",[],https://twitter.com/NERCscience/status/855005999530430464,False,,1,https://pbs.twimg.com/media/C92XbFmXsAE1SMb.jpg,,,,,,,[],,,,
854988116679159808,854988116679159808,2017-04-20 05:20:26 EDT,2017-04-20,05:20:26,-0400,716707307229429763,politicsnewsbit,World Of Politics,,"#Peru #Economy to Recover in 2018, 2019 After #Flood:  https://t.co/G2JPA5fLY0,  https://t.co/p2Kq20GGRk  https://t.co/xik2jct4gC",en,[],"['http://www.mambolook.com/government/departments/finance', 'http://www.mambolook.com/link/9227391']",['https://pbs.twimg.com/media/C92HKPfXYAAozEg.jpg'],0,0,0,"['peru', 'economy', 'flood']",[],https://twitter.com/PoliticsNewsBit/status/854988116679159808,False,,1,https://pbs.twimg.com/media/C92HKPfXYAAozEg.jpg,,,,,,,[],,,,
854986281163640833,854986281163640833,2017-04-20 05:13:08 EDT,2017-04-20,05:13:08,-0400,808222817485524992,flooddefencesuk,Flood Defences,,Flood Doors in Old Tinnis #Flood #Door #Barriers #Old #Tinnis  https://t.co/PnjuqALKAL,en,[],['https://goo.gl/Gbhc1N'],[],0,0,0,"['flood', 'door', 'barriers', 'old', 'tinnis']",[],https://twitter.com/flooddefencesuk/status/854986281163640833,False,,0,,,,,,,,[],,,,
854980970822414336,854980970822414336,2017-04-20 04:52:02 EDT,2017-04-20,04:52:02,-0400,1655577308,hcsmechanical,H Clarke & Sons Ltd,,"Meet Lee Eaglen - leading our new pump, #flood &amp; #drainage division  https://t.co/FV8Tx8JE0T",en,[],['http://ow.ly/IRRG30b0y8o'],[],0,1,1,"['flood', 'drainage']",[],https://twitter.com/hcsmechanical/status/854980970822414336,False,,0,,,,,,,,[],,,,
854972997823811584,854972997823811584,2017-04-20 04:20:21 EDT,2017-04-20,04:20:21,-0400,714504478960037889,businessnewseye,Business News,,"#Peru #Economy to Recover in 2018, 2019 After #Flood:  https://t.co/J64ASNncrx,  https://t.co/saqyG7miV7  https://t.co/cmvxMo1ga5",en,[],"['http://www.mambolook.com/economy', 'http://www.mambolook.com/link/9227391']",['https://pbs.twimg.com/media/C915aOzXUAAg6v2.jpg'],0,0,0,"['peru', 'economy', 'flood']",[],https://twitter.com/BusinessNewsEye/status/854972997823811584,False,,1,https://pbs.twimg.com/media/C915aOzXUAAg6v2.jpg,,,,,,,[],,,,
854970016151875586,854970016151875586,2017-04-20 04:08:31 EDT,2017-04-20,04:08:31,-0400,66934527,robmawdsley,Robert Mawdsley,,Interesting study shows that we can all be a part in reducing #flood impacts  https://t.co/iT9GrN6AO1,en,[],['https://twitter.com/UKCIP/status/854960364404039681'],[],0,0,1,['flood'],[],https://twitter.com/RobMawdsley/status/854970016151875586,False,https://twitter.com/UKCIP/status/854960364404039681,0,,,,,,,,[],,,,
854965303469539328,854965303469539328,2017-04-20 03:49:47 EDT,2017-04-20,03:49:47,-0400,377621328,fionafletcher1,Fiona Fletcher,,Remarkable #Flood victim #Friday the #cow home after #swimming at least 20km to a #HaurakiGulf island  https://t.co/0GbopmD7Uj,en,[],['https://www.tvnz.co.nz/one-news/new-zealand/flood-victim-friday-cow-home-after-swimming-least-20km-hauraki-gulf-island'],[],0,0,0,"['flood', 'friday', 'cow', 'swimming', 'haurakigulf']",[],https://twitter.com/FionaFletcher1/status/854965303469539328,False,,0,,,,,,,,[],,,,
854959028220383232,854959028220383232,2017-04-20 03:24:51 EDT,2017-04-20,03:24:51,-0400,300207990,ibs_epltd,IBS Eng. Products,,#Flood defence scheme planned for #LockingCastle after heavy rain closed schools and roads  https://t.co/vTLnFk7yet,en,[],['http://www.thewestonmercury.co.uk/news/flood-defence-scheme-planned-for-locking-castle-after-heavy-rain-closed-schools-and-roads-1-4981581?utm_source=Twitter&utm_medium=Social_Icon&utm_campaign=in_article_social_icons'],[],0,0,0,"['flood', 'lockingcastle']",[],https://twitter.com/IBS_EPLtd/status/854959028220383232,False,,0,,,,,,,,[],,,,
854958868748787712,854958868748787712,2017-04-20 03:24:13 EDT,2017-04-20,03:24:13,-0400,300207990,ibs_epltd,IBS Eng. Products,,#Carlisle #flood victims 'living without basic facilities'  https://t.co/hAkDJKkhCS #flooding,en,[],['http://www.itv.com/news/border/2017-04-20/flood-victims-living-without-basic-facilities/'],[],0,4,1,"['carlisle', 'flood', 'flooding']",[],https://twitter.com/IBS_EPLtd/status/854958868748787712,False,,0,,,,,,,,[],,,,
854957146890420224,854957102732726272,2017-04-20 03:17:22 EDT,2017-04-20,03:17:22,-0400,2276880895,petabencana,PetaBencana.id,,"@septianzahri Hello, I am Bencana Bot, reply with #flood to send me your flood report.  https://t.co/XZxhjmTzlW",en,[],[],['https://pbs.twimg.com/tweet_video_thumb/C4MFV65UkAAbNll.jpg'],0,0,0,['flood'],[],https://twitter.com/petabencana/status/854957146890420224,False,,1,https://pbs.twimg.com/tweet_video_thumb/C4MFV65UkAAbNll.jpg,,,,,,,"[{'screen_name': 'septianzahri', 'name': 'muhammad septian zah', 'id': '2321847246'}]",,,,
854956420218855424,854956376459587584,2017-04-20 03:14:29 EDT,2017-04-20,03:14:29,-0400,2276880895,petabencana,PetaBencana.id,,"@arunggpalaka Hello, I am Bencana Bot, reply with #flood to send me your flood report.  https://t.co/Sv3ZQxMddE",en,[],[],['https://pbs.twimg.com/tweet_video_thumb/C4MFV65UkAAbNll.jpg'],0,0,0,['flood'],[],https://twitter.com/petabencana/status/854956420218855424,False,,1,https://pbs.twimg.com/tweet_video_thumb/C4MFV65UkAAbNll.jpg,,,,,,,"[{'screen_name': 'arunggpalaka', 'name': 'robbie zidan', 'id': '369546849'}]",,,,
854956390896459776,854956346860425216,2017-04-20 03:14:22 EDT,2017-04-20,03:14:22,-0400,2276880895,petabencana,PetaBencana.id,,"@aprizonedead Hello, I am Bencana Bot, reply with #flood to send me your flood report.  https://t.co/bonWdptzpN",en,[],[],['https://pbs.twimg.com/tweet_video_thumb/C4MFV65UkAAbNll.jpg'],0,0,0,['flood'],[],https://twitter.com/petabencana/status/854956390896459776,False,,1,https://pbs.twimg.com/tweet_video_thumb/C4MFV65UkAAbNll.jpg,,,,,,,"[{'screen_name': 'aprizonedead', 'name': 'chije_coendoet', 'id': '2430541132'}]",,,,
854954887901097986,854954844460691456,2017-04-20 03:08:24 EDT,2017-04-20,03:08:24,-0400,2276880895,petabencana,PetaBencana.id,,"@mlampahdotnet Hello, I am Bencana Bot, reply with #flood to send me your flood report.  https://t.co/wQtXQeOsgG",en,[],[],['https://pbs.twimg.com/tweet_video_thumb/C4MFV65UkAAbNll.jpg'],0,0,0,['flood'],[],https://twitter.com/petabencana/status/854954887901097986,False,,1,https://pbs.twimg.com/tweet_video_thumb/C4MFV65UkAAbNll.jpg,,,,,,,"[{'screen_name': 'mlampahdotnet', 'name': 'mlampahdotnet', 'id': '975727040'}]",,,,
854954768686432260,854954724809875457,2017-04-20 03:07:55 EDT,2017-04-20,03:07:55,-0400,2276880895,petabencana,PetaBencana.id,,"@agungsurya Hello, I am Bencana Bot, reply with #flood to send me your flood report.  https://t.co/TwUqeMTyEe",en,[],[],['https://pbs.twimg.com/tweet_video_thumb/C4MFV65UkAAbNll.jpg'],0,0,0,['flood'],[],https://twitter.com/petabencana/status/854954768686432260,False,,1,https://pbs.twimg.com/tweet_video_thumb/C4MFV65UkAAbNll.jpg,,,,,,,"[{'screen_name': 'agungsurya', 'name': 'Agung Surya Dharma', 'id': '57890625'}]",,,,
854954573315821568,854954528910696448,2017-04-20 03:07:09 EDT,2017-04-20,03:07:09,-0400,2276880895,petabencana,PetaBencana.id,,"@slviamwddh Hello, I am Bencana Bot, reply with #flood to send me your flood report.  https://t.co/DkU23xrMCv",en,[],[],['https://pbs.twimg.com/tweet_video_thumb/C4MFV65UkAAbNll.jpg'],0,0,0,['flood'],[],https://twitter.com/petabencana/status/854954573315821568,False,,1,https://pbs.twimg.com/tweet_video_thumb/C4MFV65UkAAbNll.jpg,,,,,,,"[{'screen_name': 'slviamwddh', 'name': 'Silvia Mawaddah', 'id': '127935614'}]",,,,
854949482890383360,854949482890383360,2017-04-20 02:46:55 EDT,2017-04-20,02:46:55,-0400,375932471,prepperwebsite,PrepperWebsite,,#Hurricane Preparedness Mini-Link Bomb  https://t.co/BMifPcw2We #advice #flood,en,[],['http://www.edthatmatters.com/hurricane-preparedness-mini-link-bomb/?utm_source=ReviveOldPost&utm_medium=social&utm_campaign=ReviveOldPost'],[],0,2,0,"['hurricane', 'advice', 'flood']",[],https://twitter.com/PrepperWebsite/status/854949482890383360,False,,0,,,,,,,,[],,,,
854945137356664832,854945137356664832,2017-04-20 02:29:39 EDT,2017-04-20,02:29:39,-0400,325197216,sezin_erkunt,Sezin Erkunt,,#flood #kadın #özgürlük  https://t.co/DcIXOmeEL9,und,[],['https://twitter.com/hebunhivda_/status/854769846319534087'],[],0,0,0,"['flood', 'kadın', 'özgürlük']",[],https://twitter.com/sezin_erkunt/status/854945137356664832,False,0,0,,,,,,,,[],,,,
854941716671062016,854941716671062016,2017-04-20 02:16:03 EDT,2017-04-20,02:16:03,-0400,1687353230,watertechptyltd,Water Technology,,Community engagement for better #flood understanding #MoretonBay | Read more in the latest Waterlines  https://t.co/881BesogSq #Brisbane  https://t.co/zmUNtHkhpA,en,[],['http://buff.ly/2pTcueb'],"['https://pbs.twimg.com/media/C91c9WBXkAAEosT.jpg', 'https://pbs.twimg.com/media/C91c9W5XsAAXIcb.jpg']",0,0,1,"['flood', 'moretonbay', 'brisbane']",[],https://twitter.com/WaterTechPtyLtd/status/854941716671062016,False,,1,https://pbs.twimg.com/media/C91c9WBXkAAEosT.jpg,,,,,,,[],,,,
854939761454325760,854939761454325760,2017-04-20 02:08:17 EDT,2017-04-20,02:08:17,-0400,3012744420,glimpsetheking,Glimpse of Kingdom,,"""Do I have to PROVE that Noah's flood happened?"" Click here for my response:  https://t.co/wKrYYNqbtW #apologetics #flood #OldTestament  https://t.co/XNYsAtVWnY",en,[],['http://bit.ly/2iBhyUW'],['https://pbs.twimg.com/media/C91bLfrXYAAPcDM.jpg'],0,0,1,"['apologetics', 'flood', 'oldtestament']",[],https://twitter.com/GlimpsetheKing/status/854939761454325760,False,,1,https://pbs.twimg.com/media/C91bLfrXYAAPcDM.jpg,,,,,,,[],,,,
854928465308647424,854928465308647424,2017-04-20 01:23:24 EDT,2017-04-20,01:23:24,-0400,2976519914,wsledlight,Alix Van,,#LED #Flood #Light 200W  Model: WS-FL-C-200W Power: 2*100W Beam Angle: 120 Input Voltage: AC 85-265V!!! see more at- https://t.co/JdNE6dB6H9  https://t.co/FnAZdklxMv,en,[],['http://www.wsledlight.com/led-flood-light-200w/'],['https://pbs.twimg.com/media/C91Q5B4XkAA6BLt.jpg'],0,0,1,"['led', 'flood', 'light']",[],https://twitter.com/wsledlight/status/854928465308647424,False,,1,https://pbs.twimg.com/media/C91Q5B4XkAA6BLt.jpg,,,,,,,[],,,,
854916799191597056,854916799191597056,2017-04-20 00:37:03 EDT,2017-04-20,00:37:03,-0400,501421171,kwiknewsmy,KwikNews,,All flood evacuees in Raub to return home today  https://t.co/zWEg10jroG #Flood #Victim  https://t.co/w0C98OMKpx,en,[],['http://bit.ly/2pi9gEU'],['https://pbs.twimg.com/media/C91GO6rUwAAjqTW.jpg'],0,0,0,"['flood', 'victim']",[],https://twitter.com/kwiknewsMY/status/854916799191597056,False,,1,https://pbs.twimg.com/media/C91GO6rUwAAjqTW.jpg,,,,,,,[],,,,
854910019912990720,854910019912990720,2017-04-20 00:10:06 EDT,2017-04-20,00:10:06,-0400,1358091847,mauielectric,Hawaiian Electric - Maui County,,#EmergencyPreparedness: Flash #Flood Watch = flooding is possible; Flash Flood Warning = flooding has been reported / is imminent. #Safety,en,[],[],[],0,1,1,"['emergencypreparedness', 'flood', 'safety']",[],https://twitter.com/MauiElectric/status/854910019912990720,False,,0,,,,,,,,[],,,,
854907546259386368,854907546259386368,2017-04-20 00:00:17 EDT,2017-04-20,00:00:17,-0400,711596227960434693,sciencetopnews,Science News,,"National #Weather #Service #Issues #Flood advisory:  https://t.co/Bbz4004oc6,  https://t.co/E1lamAOwG4  https://t.co/5CaidkSJhg",en,[],"['http://www.mambolook.com/weather/meteorological-department', 'http://www.mambolook.com/link/9227969']",['https://pbs.twimg.com/media/C9094cSXcAAH2zg.jpg'],0,0,0,"['weather', 'service', 'issues', 'flood']",[],https://twitter.com/ScienceTopNews/status/854907546259386368,False,,1,https://pbs.twimg.com/media/C9094cSXcAAH2zg.jpg,,,,,,,[],,,,
854905496368812035,854905496368812035,2017-04-19 23:52:08 EDT,2017-04-19,23:52:08,-0400,219541687,charmagnelimcao,Charmagne Limcao,,How to Clean a #Mattress Soaked in #Flood  https://t.co/zHhR1c4LdD #Mattress #Flood,en,[],['http://dld.bz/cuhm7'],[],0,0,0,"['mattress', 'flood', 'mattress', 'flood']",[],https://twitter.com/CharmagneLimcao/status/854905496368812035,False,,0,,,,,,,,[],,,,
854897727376809984,854897727376809984,2017-04-19 23:21:16 EDT,2017-04-19,23:21:16,-0400,3319480310,mintmusic_net,민트뮤직,,민트뮤직에 『 End of Time - Flash Flood Darlings 』 정보가 등록되었습니다. #민트뮤직 #멜론 ▶  https://t.co/ZGUmc1LCn8 #End #of #Time #Flash #Flood #Darlings,ko,[],['http://mintmusic.net/1172574'],[],0,1,0,"['민트뮤직', '멜론', 'end', 'of', 'time', 'flash', 'flood', 'darlings']",[],https://twitter.com/mintmusic_net/status/854897727376809984,False,,0,,,,,,,,[],,,,
854886087499669504,854886087499669504,2017-04-19 22:35:00 EDT,2017-04-19,22:35:00,-0400,756256628,saugaverse,Saugaverse,,Video clip I shot on Wednesday showing the flooded walkway under the bridge in Port Credit. #mississauga #flood  https://t.co/uKjtc052La,en,[],[],[],0,0,1,"['mississauga', 'flood']",[],https://twitter.com/Saugaverse/status/854886087499669504,False,,1,https://pbs.twimg.com/ext_tw_video_thumb/854884219448950785/pu/img/DETuqbQi7OYFJilw.jpg,,,,,,,[],,,,
854877516158427140,854877516158427140,2017-04-19 22:00:57 EDT,2017-04-19,22:00:57,-0400,17966601,toddasanders,toddasanders,,"""Coming up from the shipwreck making as if to say..."" #tmbg #flood  https://t.co/wCd6zIlrRU  https://t.co/oqulLKrxfe",en,[],['http://ift.tt/2oXb05x'],['https://pbs.twimg.com/media/C90ikfjXYAAwghq.jpg'],0,0,0,"['tmbg', 'flood']",[],https://twitter.com/toddasanders/status/854877516158427140,False,,1,https://pbs.twimg.com/media/C90ikfjXYAAwghq.jpg,,,,,,,[],,,,
854867836371476480,854867836371476480,2017-04-19 21:22:29 EDT,2017-04-19,21:22:29,-0400,184630259,nsw_fairtrading,NSW Fair Trading,,"For emergency #flood repairs costing more than $5k, written contracts don’t apply in some instances. Info:  https://t.co/TGo3KPNjL2",en,[],['http://bit.ly/2o1zSYY'],[],0,1,0,['flood'],[],https://twitter.com/NSW_FairTrading/status/854867836371476480,False,,0,,,,,,,,[],,,,
854865505668055040,854865505668055040,2017-04-19 21:13:13 EDT,2017-04-19,21:13:13,-0400,857547042,mezomefans,Mezome,,"Lost recipe: The flood took Millie Brooks' favorite meat loaf recipe, so we found it #recipe #flood #millie #brooks…  https://t.co/roIfJPOOmY  https://t.co/xOvkJOLprd",en,[],['http://dlvr.it/Nx47HY'],['https://pbs.twimg.com/media/C90XpXpUAAAPdor.jpg'],0,0,0,"['recipe', 'flood', 'millie', 'brooks']",[],https://twitter.com/mezomefans/status/854865505668055040,False,,1,https://pbs.twimg.com/media/C90XpXpUAAAPdor.jpg,,,,,,,[],,,,
854864751557353472,854864751557353472,2017-04-19 21:10:14 EDT,2017-04-19,21:10:14,-0400,857547042,mezomefans,Mezome,,"Lost recipe: The flood took Millie Brooks' favorite meat loaf recipe, so we found it #recipe #flood #millie #brooks…  https://t.co/JYLIedmHWe  https://t.co/MLCzZZYjnl",en,[],['http://dlvr.it/Nx44k0'],['https://pbs.twimg.com/media/C90W9dsUIAA1U81.jpg'],0,0,0,"['recipe', 'flood', 'millie', 'brooks']",[],https://twitter.com/mezomefans/status/854864751557353472,False,,1,https://pbs.twimg.com/media/C90W9dsUIAA1U81.jpg,,,,,,,[],,,,
854864579456671744,854864579456671744,2017-04-19 21:09:33 EDT,2017-04-19,21:09:33,-0400,857547042,mezomefans,Mezome,,"Lost recipe: The flood took Millie Brooks' favorite meat loaf recipe, so we found it #recipe #flood #millie #brooks…  https://t.co/3AlNDQOzSy  https://t.co/1vl1x8Z8ee",en,[],['http://dlvr.it/Nx43dw'],['https://pbs.twimg.com/media/C90WzcQVYAAMelS.jpg'],0,0,0,"['recipe', 'flood', 'millie', 'brooks']",[],https://twitter.com/mezomefans/status/854864579456671744,False,,1,https://pbs.twimg.com/media/C90WzcQVYAAMelS.jpg,,,,,,,[],,,,
854858791484964864,854858791484964864,2017-04-19 20:46:33 EDT,2017-04-19,20:46:33,-0400,2832256429,pullmansnap,Pullman Snap Fitness,,"#Throwback to 1ya we got +2mil gal of water! We're #grateful to our wonderful, patient members! #fitness #snapnation #flood #newbeginnings  https://t.co/HU382FgiAn",en,[],[],['https://pbs.twimg.com/media/C90QjOZUwAAnzu1.jpg'],0,0,2,"['throwback', 'grateful', 'fitness', 'snapnation', 'flood', 'newbeginnings']",[],https://twitter.com/PullmanSNAP/status/854858791484964864,False,,1,https://pbs.twimg.com/media/C90QjOZUwAAnzu1.jpg,,,,,,,[],,,,
854853211642970112,854853211642970112,2017-04-19 20:24:22 EDT,2017-04-19,20:24:22,-0400,232422202,abcemergency,abcemergency,,#WA The #NullagineRiver at #TumbinnaPool is currently above the moderate #flood level (3.5 metres) and rising slowly  https://t.co/fbfuvMNldE  https://t.co/XvCmyU2N3k,en,[],['http://www.bom.gov.au/wa/warnings/flood/de-grey-river.shtml'],"['https://pbs.twimg.com/media/C90MZC-V0AEIK-G.jpg', 'https://pbs.twimg.com/media/C90MZDAVYAAf4ni.jpg']",0,0,0,"['wa', 'nullagineriver', 'tumbinnapool', 'flood']",[],https://twitter.com/ABCemergency/status/854853211642970112,False,,1,https://pbs.twimg.com/media/C90MZC-V0AEIK-G.jpg,,,,,,,[],,,,
854850292889911296,854850292889911296,2017-04-19 20:12:46 EDT,2017-04-19,20:12:46,-0400,94581061,wxjerdman,Jonathan Erdman,,Impressive. Another flash #flood threat Fri-Sat in parts of the Ohio/Tennessee Valleys.  https://t.co/QtssdB9Esq,en,[],['https://twitter.com/NWSMemphis/status/854807144973185025'],[],0,0,1,['flood'],[],https://twitter.com/wxjerdman/status/854850292889911296,False,https://twitter.com/NWSMemphis/status/854807144973185025,0,,,,,,,,[],,,,
854849604352966656,854849604352966656,2017-04-19 20:10:02 EDT,2017-04-19,20:10:02,-0400,817409784777506816,unreal_donald_t,UNrealDonaldTrump,,@Racing_snake26  Mar-a-Lago will be 1st to go when the #icecaps start melting 🤣🤣🤣  #Flood #Swamp #Sewer #climatechange #ParisAgreement #Coal  https://t.co/3wtaDvhS6p,en,[],['https://twitter.com/UNreal_Donald_T/status/854461388324052992'],[],0,1,1,"['icecaps', 'flood', 'swamp', 'sewer', 'climatechange', 'parisagreement', 'coal']",[],https://twitter.com/UNreal_Donald_T/status/854849604352966656,False,https://twitter.com/UNreal_Donald_T/status/854461388324052992,0,,,,,,,,[],,,,
854847078270369792,854847078270369792,2017-04-19 20:00:00 EDT,2017-04-19,20:00:00,-0400,130268681,businsmagazine,Business Insurance,,National #Flood #Insurance Program restructuring needed as sea levels rise  https://t.co/2QgZdMcVZd,en,[],['http://bit.ly/2o4V5Tn'],[],0,5,1,"['flood', 'insurance']",[],https://twitter.com/BusInsMagazine/status/854847078270369792,False,,0,,,,,,,,[],,,,
