id,conversation_id,created_at,date,time,timezone,user_id,username,name,place,tweet,language,mentions,urls,photos,replies_count,retweets_count,likes_count,hashtags,cashtags,link,retweet,quote_url,video,thumbnail,near,geo,source,user_rt_id,user_rt,retweet_id,reply_to,retweet_date,translate,trans_src,trans_dest
483398731773927424,483398731773927424,2014-06-29 19:56:53 EDT,2014-06-29,19:56:53,-0400,1368369673,planforemergncy,Plan For Emergency,,"Office and Classroom Emergency ""EVERYTHING KIT""  http://t.co/gCICm87sdu #Earthquake #Fire #Flood #Hurricane #Tornado",en,[],['http://bit.ly/1dNUpoe'],[],0,0,0,"['earthquake', 'fire', 'flood', 'hurricane', 'tornado']",[],https://twitter.com/planforemergncy/status/483398731773927424,False,,0,,,,,,,,[],,,,
483397459675074560,483397459675074560,2014-06-29 19:51:50 EDT,2014-06-29,19:51:50,-0400,258006338,heretolove3,Onlyhopeyouhave,,Evidence Of Noah’s Ark  http://t.co/JO6huUlsYk #Flood #Genesis #Science #fossils,en,[],['http://ow.ly/tbC86'],[],0,0,0,"['flood', 'genesis', 'science', 'fossils']",[],https://twitter.com/heretolove3/status/483397459675074560,False,,0,,,,,,,,[],,,,
483394309912145920,483394309912145920,2014-06-29 19:39:19 EDT,2014-06-29,19:39:19,-0400,1536412436,globalfloodnews,GlobalFloodSystem,,#flood #disaster Urban Kayakers Take Advantage Of Mpls. Flash Floods - CBS Local: KAREUrban Kayakers Take Adva...  http://t.co/1lwPsbdzIA,en,[],['http://bit.ly/1k3y9Xj'],[],0,0,0,"['flood', 'disaster']",[],https://twitter.com/GlobalFloodNews/status/483394309912145920,False,,0,,,,,,,,[],,,,
483393247314587648,477240317452644353,2014-06-29 19:35:05 EDT,2014-06-29,19:35:05,-0400,1328968418,bmbrolozmane,Lo$Mane,,@NEthing_4Selena #Flood?,und,[],[],[],1,0,0,['flood'],[],https://twitter.com/BMBroLozmane/status/483393247314587648,False,,0,,,,,,,,[],,,,
483392653543747585,483349600346988544,2014-06-29 19:32:44 EDT,2014-06-29,19:32:44,-0400,26347394,devin_heroux,Devin Heroux,,@stsomers the water is following us! #flood,en,[],[],[],0,0,0,['flood'],[],https://twitter.com/Devin_Heroux/status/483392653543747585,False,,0,,,,,,,,[],,,,
483392141045932034,483392141045932034,2014-06-29 19:30:42 EDT,2014-06-29,19:30:42,-0400,209072276,stsomers,Sean Somers,,In #yqr for the week and can't help but compare what happened to us last year in #yyc. Crazy. #flood,en,[],[],[],0,1,0,"['yqr', 'yyc', 'flood']",[],https://twitter.com/stsomers/status/483392141045932034,False,,0,,,,,,,,[],,,,
483389101882609665,483389101882609665,2014-06-29 19:18:37 EDT,2014-06-29,19:18:37,-0400,22539053,piphi1997,Ann Marie,,Going through old pics today &amp; saw photos of the 1944 #flood and the 1993 #flood. Not looking forward to looking back at 2014. @WHOWeather,en,"[{'screen_name': 'whoweather', 'name': 'who-hd weather', 'id': '2327275866'}]",[],[],0,0,0,"['flood', 'flood']",[],https://twitter.com/piphi1997/status/483389101882609665,False,,0,,,,,,,,[],,,,
483386386171437056,483386386171437056,2014-06-29 19:07:50 EDT,2014-06-29,19:07:50,-0400,2267568168,bajus126,Alex Bajus,,The little kid fishing in his flooded yard maid my day #flood,en,[],[],[],0,0,0,['flood'],[],https://twitter.com/bajus126/status/483386386171437056,False,,0,,,,,,,,[],,,,
483385876961972224,483385876961972224,2014-06-29 19:05:48 EDT,2014-06-29,19:05:48,-0400,379843078,dustin_wiebe021,♔♕Dustin / Terra ♛♚,,She was a shitshow at c-fest but I had a good time while it lasted!! #cfest2014 #flood #rainponcho,en,[],[],[],0,1,2,"['cfest2014', 'flood', 'rainponcho']",[],https://twitter.com/Dustin_Wiebe021/status/483385876961972224,False,,0,,,,,,,,[],,,,
483384711041925120,483384711041925120,2014-06-29 19:01:10 EDT,2014-06-29,19:01:10,-0400,1536412436,globalfloodnews,GlobalFloodSystem,,"#flood #disaster Farmers face damage after floods, some may replant - News &amp; Observer: Farmers face damage aft...  http://t.co/PrQfUA91XK",en,[],['http://bit.ly/1k3rH2q'],[],0,0,0,"['flood', 'disaster']",[],https://twitter.com/GlobalFloodNews/status/483384711041925120,False,,0,,,,,,,,[],,,,
483383315882205184,483383315882205184,2014-06-29 18:55:37 EDT,2014-06-29,18:55:37,-0400,2563545314,nrn_15,Megs✨,,Update: the rain I was hoping would stop 2 days ago...has not stopped. #Flood #saskstorms #stranded,en,[],[],[],0,0,0,"['flood', 'saskstorms', 'stranded']",[],https://twitter.com/NRN_15/status/483383315882205184,False,,0,,,,,,,,[],,,,
483380821647048704,483380821647048704,2014-06-29 18:45:43 EDT,2014-06-29,18:45:43,-0400,266222032,elisa17wx,Elisa Fawcett,,These guys deserve a medal. #bravery #courage #savealife #flood #welwyn #skstorm  http://t.co/DetEPpomp7,en,[],['http://fb.me/42kCJhWJO'],[],0,1,2,"['bravery', 'courage', 'savealife', 'flood', 'welwyn', 'skstorm']",[],https://twitter.com/Elisa17wx/status/483380821647048704,False,,0,,,,,,,,[],,,,
483376614940499968,483376614940499968,2014-06-29 18:29:00 EDT,2014-06-29,18:29:00,-0400,125944392,etribune,The Express Tribune,,(News) Thousands marooned by Indus water  http://t.co/INkmq856A5 #Pakistan #Flood,en,[],['http://tribune.com.pk/story/728919/thousands-marooned-by-indus-water/'],[],0,2,0,"['pakistan', 'flood']",[],https://twitter.com/etribune/status/483376614940499968,False,,0,,,,,,,,[],,,,
483375564678389760,483375564678389760,2014-06-29 18:24:49 EDT,2014-06-29,18:24:49,-0400,1536412436,globalfloodnews,GlobalFloodSystem,,#flood #disaster Massive Floods In Brazil Force 50000 People To Evacuate Their Homes - Business Insider Austra...  http://t.co/DL4Z3OdJJF,en,[],['http://bit.ly/1vloqRx'],[],0,1,1,"['flood', 'disaster']",[],https://twitter.com/GlobalFloodNews/status/483375564678389760,False,,0,,,,,,,,[],,,,
483372773943676928,483372773943676928,2014-06-29 18:13:44 EDT,2014-06-29,18:13:44,-0400,815888173,primadeanna,PrimaDeanna Boutique,"{'type': 'Point', 'coordinates': [50.450626, -104.592621]}",898 HUR way to go around the barricade. #flood #yqr #waves #wreckmyproperty  http://t.co/gZlgnfwqTJ,en,[],[],['https://pbs.twimg.com/media/BrVI-ghCYAEhV7f.jpg'],1,0,1,"['flood', 'yqr', 'waves', 'wreckmyproperty']",[],https://twitter.com/primaDeanna/status/483372773943676928,False,,1,https://pbs.twimg.com/media/BrVI-ghCYAEhV7f.jpg,,,,,,,[],,,,
483372206706012160,483372206706012160,2014-06-29 18:11:29 EDT,2014-06-29,18:11:29,-0400,338091146,shlynhiggs,Ashlyn Higgs,,"Forget the zombie apocalypse, I'm going to have to fight in the flood apocalypse..What kind of weapon can I use to defeat it eh? #yqr #flood",en,[],[],[],1,1,2,"['yqr', 'flood']",[],https://twitter.com/shlynhiggs/status/483372206706012160,False,,0,,,,,,,,[],,,,
483371107299258368,483371107299258368,2014-06-29 18:07:07 EDT,2014-06-29,18:07:07,-0400,232422202,abcemergency,abcemergency,,#VIC #flood warnings for Kiewa &amp; King rivers. A #flood watch for #Melbourne catchments. See the latest:  http://t.co/xFRH7bdEzi #vicfloods,en,[],['http://www.abc.net.au/news/emergency/state/vic/'],[],0,1,0,"['vic', 'flood', 'flood', 'melbourne', 'vicfloods']",[],https://twitter.com/ABCemergency/status/483371107299258368,False,,0,,,,,,,,[],,,,
483370680604299264,483370680604299264,2014-06-29 18:05:25 EDT,2014-06-29,18:05:25,-0400,815888173,primadeanna,PrimaDeanna Boutique,,Thanks for driving around the barricades and flooding my business!  #jerk #flood #yqr  http://t.co/oVNFO2Hy01,en,[],[],['https://pbs.twimg.com/media/BrVHEmgCQAAKIQb.jpg'],0,1,2,"['jerk', 'flood', 'yqr']",[],https://twitter.com/primaDeanna/status/483370680604299264,False,,1,https://pbs.twimg.com/media/BrVHEmgCQAAKIQb.jpg,,,,,,,[],,,,
483369380211081216,483369380211081216,2014-06-29 18:00:15 EDT,2014-06-29,18:00:15,-0400,1098738577,asbestosmoldnew,AsbestosMoldNews,,Got Flood?: Three Key Action Steps to Minimize #Flood Damage |  http://t.co/m9vWtfm9ua,en,[],['http://buff.ly/VlBD22'],[],0,0,0,['flood'],[],https://twitter.com/AsbestosMoldNew/status/483369380211081216,False,,0,,,,,,,,[],,,,
483365656830541824,483365656830541824,2014-06-29 17:45:27 EDT,2014-06-29,17:45:27,-0400,1166279450,aryhatnebahr,Aryhatne,,San Javier bajo aguaa. #Flood #disaster #water #water #and #more #water #rain #afternoon #houses…  http://t.co/3whXsJgu2b,es,[],['http://instagram.com/p/p1-MQ7qhb7/'],[],0,1,0,"['flood', 'disaster', 'water', 'water', 'and', 'more', 'water', 'rain', 'afternoon', 'houses']",[],https://twitter.com/AryhatneBahr/status/483365656830541824,False,,0,,,,,,,,[],,,,
483365208069386240,483365208069386240,2014-06-29 17:43:40 EDT,2014-06-29,17:43:40,-0400,377404433,pjz1228,Pamela Enz,,Stillwater floods #flood  http://t.co/P9lQwviIWM,en,[],[],['https://pbs.twimg.com/media/BrVCGHnCQAAHR6j.jpg'],0,0,0,['flood'],[],https://twitter.com/pjz1228/status/483365208069386240,False,,1,https://pbs.twimg.com/media/BrVCGHnCQAAHR6j.jpg,,,,,,,[],,,,
483362003864805376,483362003864805376,2014-06-29 17:30:56 EDT,2014-06-29,17:30:56,-0400,22939055,620ckrm,620 CKRM,,MOTORISTS URGED TO SLOW DOWN IN REGINA #regina #yqr #Rain #flood #traffic  Motorists should be on the alert for...  http://t.co/xHLxVBiizx,en,[],['http://fb.me/3sPlN2421'],[],0,1,1,"['regina', 'yqr', 'rain', 'flood', 'traffic']",[],https://twitter.com/620ckrm/status/483362003864805376,False,,0,,,,,,,,[],,,,
483360514278293505,483360514278293505,2014-06-29 17:25:01 EDT,2014-06-29,17:25:01,-0400,1559719560,sask_spark,Stephanie P.,,Highway 16 washed out. 1km west of Sheho #flood #sask  http://t.co/chENMQqIeE,en,[],[],['https://pbs.twimg.com/media/BrU90jbCEAArEF2.jpg'],0,7,2,"['flood', 'sask']",[],https://twitter.com/Sask_Spark/status/483360514278293505,False,,1,https://pbs.twimg.com/media/BrU90jbCEAArEF2.jpg,,,,,,,[],,,,
483359712474189826,483359712474189826,2014-06-29 17:21:50 EDT,2014-06-29,17:21:50,-0400,2371882553,turfmansk,Carson Lavender,,7.5 inches of rain since yesterday morning and still more to come. #flood #StateOfEmergency,en,[],[],[],0,0,0,"['flood', 'stateofemergency']",[],https://twitter.com/TurfmanSK/status/483359712474189826,False,,0,,,,,,,,[],,,,
483358454950555648,483358454950555648,2014-06-29 17:16:50 EDT,2014-06-29,17:16:50,-0400,23672469,christaelder,Christa Elder,,This is Fillmore golf course. Extreme water hazards on this course right now. #skstorm #flood  http://t.co/1zCaj8zcg1,en,[],[],['https://pbs.twimg.com/media/BrU78zuCAAEFzMN.jpg'],1,0,0,"['skstorm', 'flood']",[],https://twitter.com/ChristaElder/status/483358454950555648,False,,1,https://pbs.twimg.com/media/BrU78zuCAAEFzMN.jpg,,,,,,,[],,,,
483356279499259904,483356279499259904,2014-06-29 17:08:12 EDT,2014-06-29,17:08:12,-0400,993850500,ty_sinclair3,Ty Sinclair,,Our farm is drowning in water!!! #rain #flood #typical_saskatchewan #farm #swimming #fun #follow…  http://t.co/CDYDQFjG3g,en,[],['http://instagram.com/p/p162gmtO_j/'],[],0,0,0,"['rain', 'flood', 'typical_saskatchewan', 'farm', 'swimming', 'fun', 'follow']",[],https://twitter.com/Ty_Sinclair3/status/483356279499259904,False,,0,,,,,,,,[],,,,
483355716619890688,483355716619890688,2014-06-29 17:05:57 EDT,2014-06-29,17:05:57,-0400,88036942,arkredcross,RedCrossArkansas,,"#RedCross providing emergency shelter, clothing,food &amp; comfort to Forrest City families; 36"" of water in homes during flash #flood. #ARnews",en,[],[],[],1,2,1,"['redcross', 'flood', 'arnews']",[],https://twitter.com/ArkRedCross/status/483355716619890688,False,,0,,,,,,,,[],,,,
483355464755736577,483355464755736577,2014-06-29 17:04:57 EDT,2014-06-29,17:04:57,-0400,1536412436,globalfloodnews,GlobalFloodSystem,,#flood #disaster Flash floods lead to states of emergency in southeast Saskatchewan -  http://t.co/qwCYPnvLSV: C...  http://t.co/QTJi70xHgP,en,[],"['http://Canada.com', 'http://bit.ly/1lGodrh']",[],0,1,0,"['flood', 'disaster']",[],https://twitter.com/GlobalFloodNews/status/483355464755736577,False,,0,,,,,,,,[],,,,
483352779935973378,483352779935973378,2014-06-29 16:54:17 EDT,2014-06-29,16:54:17,-0400,22939055,620ckrm,620 CKRM,,MUNICIPALITIES IN SOUTH EAST SASKATCHEWAN DECLARE STATE OF EMERGENCY #skpoli #sk #rain #flood  The Town of...  http://t.co/x3oqmTqmFw,en,[],['http://fb.me/19WWIyLds'],[],0,3,0,"['skpoli', 'sk', 'rain', 'flood']",[],https://twitter.com/620ckrm/status/483352779935973378,False,,0,,,,,,,,[],,,,
483350272463228928,483350272463228928,2014-06-29 16:44:19 EDT,2014-06-29,16:44:19,-0400,47822740,newhomefinder,Brian Bast,,I just purchased last #sumppump at #canadianTire south in case one of my clients call in #flood panic. Line up for Shop vacs as well .,en,[],[],[],0,1,0,"['sumppump', 'canadiantire', 'flood']",[],https://twitter.com/NewHomeFinder/status/483350272463228928,False,,0,,,,,,,,[],,,,
483349313364697088,483349313364697088,2014-06-29 16:40:31 EDT,2014-06-29,16:40:31,-0400,35222371,martuzzatv,Marta Torres 🎗🇮🇹⚜️😷,"{'type': 'Point', 'coordinates': [43.77166667, 11.25066167]}",Spettacolare #temporale a #Firenze!  #senzafiltri #nofilter #sensefiltres #storm #rain #summer #flood…  http://t.co/AMtupt46aq,it,[],['http://instagram.com/p/p13rxxvtDZ/'],[],0,2,3,"['temporale', 'firenze', 'senzafiltri', 'nofilter', 'sensefiltres', 'storm', 'rain', 'summer', 'flood']",[],https://twitter.com/MARTUZZATV/status/483349313364697088,False,,0,,,,,,,,[],,,,
483346103468036097,483346103468036097,2014-06-29 16:27:45 EDT,2014-06-29,16:27:45,-0400,23672469,christaelder,Christa Elder,,This is home today. Carlyle has seen little rain compared to others. I can't imagine... #staysafe #flood  http://t.co/kUHBCo7V3k,en,[],['http://instagram.com/p/p12OYmk3L-/'],[],0,0,0,"['staysafe', 'flood']",[],https://twitter.com/ChristaElder/status/483346103468036097,False,,0,,,,,,,,[],,,,
483342578923085824,483335362723741697,2014-06-29 16:13:45 EDT,2014-06-29,16:13:45,-0400,2180519486,allups123,Steven Jacobs,,"@Sunburyflooding #flood risk is highest from August to April, Please prepare for flood, buy your flood products now!  http://t.co/io7JeMYA1L",en,[],[],"['https://pbs.twimg.com/media/BrUtdinIgAEng67.jpg', 'https://pbs.twimg.com/media/BrUtd5RIEAEukYX.jpg']",0,0,0,['flood'],[],https://twitter.com/Allups123/status/483342578923085824,False,,1,https://pbs.twimg.com/media/BrUtdinIgAEng67.jpg,,,,,,,[],,,,
483340998383513600,483340998383513600,2014-06-29 16:07:28 EDT,2014-06-29,16:07:28,-0400,2180519486,allups123,Steven Jacobs,,"#EnglandHour Coastal #flood risk is highest from August to April, Please  #beprepared buy flood products now!  http://t.co/1saQu9qtli",en,[],[],"['https://pbs.twimg.com/media/BrUsE0AIQAA9F51.jpg', 'https://pbs.twimg.com/media/BrUsEeIIMAAz9y1.jpg']",0,0,0,"['englandhour', 'flood', 'beprepared']",[],https://twitter.com/Allups123/status/483340998383513600,False,,1,https://pbs.twimg.com/media/BrUsE0AIQAA9F51.jpg,,,,,,,[],,,,
483339569354788864,483339569354788864,2014-06-29 16:01:48 EDT,2014-06-29,16:01:48,-0400,2180519486,allups123,Steven Jacobs,,"@EnglandHour #EnglandHour Coastal #flood risk is highest from August through to April, Please for flood now!  http://t.co/fFGlip2inr",en,[],[],"['https://pbs.twimg.com/media/BrUqq7YIgAAsYli.jpg', 'https://pbs.twimg.com/media/BrUqraxIgAA3i80.jpg']",0,0,0,"['englandhour', 'flood']",[],https://twitter.com/Allups123/status/483339569354788864,False,,1,https://pbs.twimg.com/media/BrUqq7YIgAAsYli.jpg,,,,,,,[],,,,
483339342333878272,483339342333878272,2014-06-29 16:00:53 EDT,2014-06-29,16:00:53,-0400,19000128,longandfoster,Long & Foster,,RT @LNFInsurance: What should you do if your #home suffers #flood damage?  http://t.co/jaWk8JboTI via @argusleader,en,"[{'screen_name': 'lnfinsurance', 'name': 'l&f insurance', 'id': '83909197'}, {'screen_name': 'argusleader', 'name': 'argusleader', 'id': '15436545'}]",['http://ow.ly/yhhv2'],[],0,1,0,"['home', 'flood']",[],https://twitter.com/longandfoster/status/483339342333878272,False,,0,,,,,,,,[],,,,
483337245953650688,483337245953650688,2014-06-29 15:52:34 EDT,2014-06-29,15:52:34,-0400,2180519486,allups123,Steven Jacobs,,"@suffolkcc Coastal #flood risk is highest from August through to April, pls encourage all to prepare for flood now!  http://t.co/QqlbP5wawG",en,[],[],"['https://pbs.twimg.com/media/BrUoqCOIQAADErO.jpg', 'https://pbs.twimg.com/media/BrUoqYiIQAAcVif.jpg']",0,0,0,['flood'],[],https://twitter.com/Allups123/status/483337245953650688,False,,1,https://pbs.twimg.com/media/BrUoqCOIQAADErO.jpg,,,,,,,[],,,,
483335154161577984,483335154161577984,2014-06-29 15:44:15 EDT,2014-06-29,15:44:15,-0400,1536412436,globalfloodnews,GlobalFloodSystem,,#flood #disaster Waters recede after floods forced evacuations - Arkansas Online (subscription): Waters recede...  http://t.co/kPIVwE6nVH,en,[],['http://bit.ly/1r1KJh9'],[],0,0,0,"['flood', 'disaster']",[],https://twitter.com/GlobalFloodNews/status/483335154161577984,False,,0,,,,,,,,[],,,,
483335153557577728,483335153557577728,2014-06-29 15:44:15 EDT,2014-06-29,15:44:15,-0400,1536412436,globalfloodnews,GlobalFloodSystem,,#flood #disaster Managing floods - Sunraysia Daily: Managing floodsSunraysia Daily“We learned a lot of lessons...  http://t.co/lMjhh85Lxb,en,[],['http://bit.ly/1r1KLpq'],[],0,0,0,"['flood', 'disaster']",[],https://twitter.com/GlobalFloodNews/status/483335153557577728,False,,0,,,,,,,,[],,,,
483330353206411264,483330353206411264,2014-06-29 15:25:10 EDT,2014-06-29,15:25:10,-0400,1529928896,mattdanielwx,Matt Daniel,,"Looks like Memphis measured over 7"" of rain over the past 24 hours. Ridiculous numbers! #tnwx @CNN #flood  http://t.co/KC3iVVPCjD",en,"[{'screen_name': 'cnn', 'name': 'cnn', 'id': '759251'}]",[],['https://pbs.twimg.com/media/BrUiZMmCIAI8YoI.png'],0,1,1,"['tnwx', 'flood']",[],https://twitter.com/mattdanielwx/status/483330353206411264,False,,1,https://pbs.twimg.com/media/BrUiZMmCIAI8YoI.png,,,,,,,[],,,,
483330332268036096,483330332268036096,2014-06-29 15:25:05 EDT,2014-06-29,15:25:05,-0400,16906514,practicalaction,Practical Action,,RT @DinanathB: Preparing 4 #flood response. upstream visit #Mockdrill ... @Zurich  #Nepal  #Resilience  http://t.co/VdtzyuHmqo,en,"[{'screen_name': 'dinanathb', 'name': 'dinanath bhandari', 'id': '558530817'}, {'screen_name': 'zurich', 'name': '@zurich', 'id': '101775528'}]",[],"['https://pbs.twimg.com/media/BrIYAnsCQAArI58.jpg', 'https://pbs.twimg.com/media/BrIYAi0CYAA5IDd.jpg', 'https://pbs.twimg.com/media/BrIYAiyCEAApzPo.jpg']",0,5,3,"['flood', 'mockdrill', 'nepal', 'resilience']",[],https://twitter.com/PracticalAction/status/483330332268036096,False,,1,https://pbs.twimg.com/media/BrIYAnsCQAArI58.jpg,,,,,,,[],,,,
483328303059972096,483328303059972096,2014-06-29 15:17:01 EDT,2014-06-29,15:17:01,-0400,73389321,iamleojunior,ex-bailarina do programa Fantasia,,Dai que eu acabei de chegar a Montenegro e descubro que tem risco de enchente! #flood #RioCai…  http://t.co/u1xsW8isU9,pt,[],['http://instagram.com/p/p1uIUlMcdu/'],[],0,0,0,"['flood', 'riocai']",[],https://twitter.com/IamLeoJunior/status/483328303059972096,False,,0,,,,,,,,[],,,,
483328156149903360,483328156149903360,2014-06-29 15:16:26 EDT,2014-06-29,15:16:26,-0400,23794920,gftw,GleaningForTheWorld,,"Homes evacuated in Madison and W. Memphis, AR.10.32"" rain in Little Dixie, AR. #Flood reports:  http://t.co/pXtOM44ud7",en,[],[],['https://pbs.twimg.com/media/BrT2ToICQAEv_Sf.png'],0,0,0,['flood'],[],https://twitter.com/GFTW/status/483328156149903360,False,,1,https://pbs.twimg.com/media/BrT2ToICQAEv_Sf.png,,,,,,,[],,,,
483324789730590720,483324789730590720,2014-06-29 15:03:04 EDT,2014-06-29,15:03:04,-0400,139878900,willgoodon,Will Goodon ∞,,"After all the #rain this year, we have #lakefront property. #bdnmb #metis #water #flood  http://t.co/7qGaqXXeag",en,[],['http://instagram.com/p/p1siDXs2Te/'],[],0,1,0,"['rain', 'lakefront', 'bdnmb', 'metis', 'water', 'flood']",[],https://twitter.com/willgoodon/status/483324789730590720,False,,0,,,,,,,,[],,,,
483324734994526208,483324734994526208,2014-06-29 15:02:51 EDT,2014-06-29,15:02:51,-0400,218649078,s_wasserman,Scott Wasserman,,Senator Klobuchar giving us update on #flood  federal assistance.  Tune at 5  http://t.co/NqBjCMdbWl,en,[],[],['https://pbs.twimg.com/media/BrUdSIaCMAALpdS.jpg'],1,5,1,['flood'],[],https://twitter.com/S_Wasserman/status/483324734994526208,False,,1,https://pbs.twimg.com/media/BrUdSIaCMAALpdS.jpg,,,,,,,[],,,,
483324326209257472,483324326209257472,2014-06-29 15:01:13 EDT,2014-06-29,15:01:13,-0400,139878900,willgoodon,Will Goodon ∞,,Our front yard this morning! #canoe #bdnmb #metis #rain #water #flood #paddle  http://t.co/Gpg1p6Q4qH,en,[],['http://instagram.com/p/p1sUjGM2S4/'],[],0,1,3,"['canoe', 'bdnmb', 'metis', 'rain', 'water', 'flood', 'paddle']",[],https://twitter.com/willgoodon/status/483324326209257472,False,,0,,,,,,,,[],,,,
483321564780560385,483321564780560385,2014-06-29 14:50:15 EDT,2014-06-29,14:50:15,-0400,1358091847,mauielectric,Hawaiian Electric - Maui County,,#Storm #Safety: Learn the elevation level of your property + whether the land is #flood-prone; know how it'll be affected in severe weather.,en,[],[],[],0,1,0,"['storm', 'safety', 'flood']",[],https://twitter.com/MauiElectric/status/483321564780560385,False,,0,,,,,,,,[],,,,
483316946751209472,483316946751209472,2014-06-29 14:31:54 EDT,2014-06-29,14:31:54,-0400,2482287132,clayklinememphi,Clay Kline,"{'type': 'Point', 'coordinates': [35.11876764, -89.83772124]}",#wolfrivergreenway #flood #Memphis #germantown #trails #june29  http://t.co/OK5w14j5Xs,und,[],[],"['https://pbs.twimg.com/media/BrUWL-PCMAEyRU_.jpg', 'https://pbs.twimg.com/media/BrUWMuzCIAA2-V2.jpg', 'https://pbs.twimg.com/media/BrUWL--CcAAzRYY.jpg', 'https://pbs.twimg.com/media/BrUWMIqCIAAAi1A.jpg']",1,0,0,"['wolfrivergreenway', 'flood', 'memphis', 'germantown', 'trails', 'june29']",[],https://twitter.com/ClayKlineMemphi/status/483316946751209472,False,,1,https://pbs.twimg.com/media/BrUWL-PCMAEyRU_.jpg,,,,,,,[],,,,
483315252935663617,483315252935663617,2014-06-29 14:25:10 EDT,2014-06-29,14:25:10,-0400,2442339414,oyoinfo,OYOInfo Preparedness,,Extreme weather events (#flood #drought ) expected to double in Europe by 2080:  https://t.co/FSUQ2SU7Nj,en,[],['https://ec.europa.eu/jrc/en/news/new-study-quantifies-effects-climate-change-europe'],[],0,1,1,"['flood', 'drought']",[],https://twitter.com/OYOinfo/status/483315252935663617,False,,0,,,,,,,,[],,,,
483312124442050561,483312124442050561,2014-06-29 14:12:44 EDT,2014-06-29,14:12:44,-0400,269302564,hennepinems,Hennepin EMS,,Standby for #firefighter safety on rescue at #minnehaha falls. No known inj. No further info. Stay clear of #flood swollen creeks &amp; rivers.,en,[],[],[],1,0,0,"['firefighter', 'minnehaha', 'flood']",[],https://twitter.com/hennepinems/status/483312124442050561,False,,0,,,,,,,,[],,,,
483310914356015104,483310914356015104,2014-06-29 14:07:56 EDT,2014-06-29,14:07:56,-0400,75918400,darriencantelo,Darrien Cantelo,,Really regretting laughing at the girl with the water wings #cfest2014 #flood,en,[],[],[],0,3,7,"['cfest2014', 'flood']",[],https://twitter.com/DarrienCantelo/status/483310914356015104,False,,0,,,,,,,,[],,,,
483303670034223105,483303670034223105,2014-06-29 13:39:08 EDT,2014-06-29,13:39:08,-0400,258006338,heretolove3,Onlyhopeyouhave,,Evidence Of Noah’s Ark  http://t.co/hWsVyn7o7b #Flood #Genesis #Science #fossils,en,[],['http://ow.ly/tbC86'],[],0,0,0,"['flood', 'genesis', 'science', 'fossils']",[],https://twitter.com/heretolove3/status/483303670034223105,False,,0,,,,,,,,[],,,,
483297798885228544,483297798885228544,2014-06-29 13:15:49 EDT,2014-06-29,13:15:49,-0400,125817409,rosalieirenen,⚡ｌａｃｋ ｏｆ ｔａｃｔ⚡,,#rain #flood  http://t.co/dKSe1rKzQW,und,[],['http://instagram.com/p/p1gQh2hqyS/'],[],0,0,0,"['rain', 'flood']",[],https://twitter.com/rosalieirenen/status/483297798885228544,False,,0,,,,,,,,[],,,,
483297050709491712,483297050709491712,2014-06-29 13:12:50 EDT,2014-06-29,13:12:50,-0400,125817409,rosalieirenen,⚡ｌａｃｋ ｏｆ ｔａｃｔ⚡,,#rain and it's the day I dreamed about #flood ?  http://t.co/hayoGJokqI,en,[],['http://instagram.com/p/p1f6wehqxp/'],[],0,0,0,"['rain', 'flood']",[],https://twitter.com/rosalieirenen/status/483297050709491712,False,,0,,,,,,,,[],,,,
483296354689892352,483296354689892352,2014-06-29 13:10:04 EDT,2014-06-29,13:10:04,-0400,31175353,stateauto,State Auto Insurance,,Q: Why is #flood insurance covered separately? A:   http://t.co/meS24IQ2KU via @allinsgrp,en,"[{'screen_name': 'allinsgrp', 'name': 'alliance insurance', 'id': '590382916'}]",['http://stateau.to/1m0ceEy'],[],0,0,0,['flood'],[],https://twitter.com/StateAuto/status/483296354689892352,False,,0,,,,,,,,[],,,,
483296128499056640,483296128499056640,2014-06-29 13:09:10 EDT,2014-06-29,13:09:10,-0400,2529630608,drrsolutions,"Jane Rovins, PhD, MPH",,Something other than the World Cup is happening in Brazil - major floods !  http://t.co/7unrqj8XLh #flood #drr #Brazil #WorldCup2014,en,[],['http://news.yahoo.com/brazil-floods-force-6-000-evacuate-165912337.html'],[],0,0,0,"['flood', 'drr', 'brazil', 'worldcup2014']",[],https://twitter.com/DRRSolutions/status/483296128499056640,False,,0,,,,,,,,[],,,,
483291626320564224,483291626320564224,2014-06-29 12:51:17 EDT,2014-06-29,12:51:17,-0400,15703952,teresita316,Theresa Cervantes,,It's gone down some you can now  see more of the #harrietisland #playground #mississippiriver #flood  http://t.co/8gVwfeyoqw,en,[],['http://instagram.com/p/p1dc2zg93_/'],[],0,0,0,"['harrietisland', 'playground', 'mississippiriver', 'flood']",[],https://twitter.com/teresita316/status/483291626320564224,False,,0,,,,,,,,[],,,,
483290452180082688,483290452180082688,2014-06-29 12:46:37 EDT,2014-06-29,12:46:37,-0400,18626175,gopdrewster,Drew Daniel,,This is the highest I remember seeing Black Bayou.  @Normal_Station #flood  http://t.co/Ro23ksFIGd,en,"[{'screen_name': 'normal_station', 'name': 'normal station', 'id': '341260558'}]",[],['https://pbs.twimg.com/media/BrT-FgHIQAATsa1.jpg'],0,0,0,['flood'],[],https://twitter.com/gopdrewster/status/483290452180082688,False,,1,https://pbs.twimg.com/media/BrT-FgHIQAATsa1.jpg,,,,,,,[],,,,
483289049143451648,483289049143451648,2014-06-29 12:41:03 EDT,2014-06-29,12:41:03,-0400,814884224,worldalerts247,WORLD ALERTS ²⁴/7,,NWS Issues Flash Flood Emergency for Northwest Mississippi-  http://t.co/gAsNXVY9yG #flood #fb,en,[],['http://www.ubalert.com/QNLb'],[],0,0,0,"['flood', 'fb']",[],https://twitter.com/WorldALERTS247/status/483289049143451648,False,,0,,,,,,,,[],,,,
483288098986405888,483288098986405888,2014-06-29 12:37:16 EDT,2014-06-29,12:37:16,-0400,49769312,inspiredmichael,innovativeProvider,,"#FERMA #seeks #collaboration #to #tackle #flood, #road #abuses: LAGOS – The Federal Roads…  http://t.co/gdemju82Wd",en,[],['http://goo.gl/fb/EdtfD'],[],0,0,0,"['ferma', 'seeks', 'collaboration', 'to', 'tackle', 'flood', 'road', 'abuses']",[],https://twitter.com/inspiredMichael/status/483288098986405888,False,,0,,,,,,,,[],,,,
483287622849015809,483287622849015809,2014-06-29 12:35:23 EDT,2014-06-29,12:35:23,-0400,17931424,riggyqueen,🇳🇮SOSNICARAGUA🇳🇮💙⚪💙,,"""@weatherchannel: Flash #flood warnings for a swath of E. AR, W. TN. 2.28"" in last hour in #Memphis. Radar:  http://t.co/6QWeKZUsOQ""",en,"[{'screen_name': 'weatherchannel', 'name': 'the weather channel', 'id': '20998647'}]",[],['https://pbs.twimg.com/media/BrSklwWCYAA7gz4.png'],0,0,0,"['flood', 'memphis']",[],https://twitter.com/RiggyQueen/status/483287622849015809,False,,1,https://pbs.twimg.com/media/BrSklwWCYAA7gz4.png,,,,,,,[],,,,
483286971142635520,483286971142635520,2014-06-29 12:32:47 EDT,2014-06-29,12:32:47,-0400,66600108,hallielou,Hallie Shoffner,,This used to be a soybean field. More than six inches of rain last night. #flood #Arkansas #farm  http://t.co/wXeuz5IYCF,en,[],['http://instagram.com/p/p1bVZ_nddK/'],[],0,0,0,"['flood', 'arkansas', 'farm']",[],https://twitter.com/hallielou/status/483286971142635520,False,,0,,,,,,,,[],,,,
483281877466226690,483281877466226690,2014-06-29 12:12:33 EDT,2014-06-29,12:12:33,-0400,20998647,weatherchannel,The Weather Channel,,"Homes evacuated in Madison &amp; W. Memphis, AR.10.32"" rain in Little Dixie, AR. #Flood reports:  http://t.co/h1ioA3wK3b",en,[],[],['https://pbs.twimg.com/media/BrT2ToICQAEv_Sf.png'],0,36,18,['flood'],[],https://twitter.com/weatherchannel/status/483281877466226690,False,,1,https://pbs.twimg.com/media/BrT2ToICQAEv_Sf.png,,,,,,,[],,,,
483281742388686849,483281742388686849,2014-06-29 12:12:00 EDT,2014-06-29,12:12:00,-0400,1437007747,dmpoellin,D Poellinger,,Dock higher than parking lot at Kings cove #flood 2014  http://t.co/kamLs9g1T3,en,[],[],['https://pbs.twimg.com/media/BrT2KOWCEAAL8_k.jpg'],0,0,0,['flood'],[],https://twitter.com/dmpoellin/status/483281742388686849,False,,1,https://pbs.twimg.com/media/BrT2KOWCEAAL8_k.jpg,,,,,,,[],,,,
483279349194305536,483279349194305536,2014-06-29 12:02:30 EDT,2014-06-29,12:02:30,-0400,34144915,farida_n,Farida Bemba Nabourema,,"#Flood in Abidjan, help and attention required. This has been going on for weeks but last night was the peak #Africa  http://t.co/g3c4zsuNdv",en,[],[],['https://pbs.twimg.com/media/BrT0AZoCMAAVNPy.jpg'],0,0,1,"['flood', 'africa']",[],https://twitter.com/Farida_N/status/483279349194305536,False,,1,https://pbs.twimg.com/media/BrT0AZoCMAAVNPy.jpg,,,,,,,[],,,,
483274588902539264,483255647408898048,2014-06-29 11:43:35 EDT,2014-06-29,11:43:35,-0400,1147491,cocoy,Cocoy Dayao,,“@puretuts: Gasoline Station beside Gaisano Mall #cdo #flood  http://t.co/qxyu3rLtgs”,en,"[{'screen_name': 'puretuts', 'name': 'puretuts enp', 'id': '92033644'}]",[],['https://pbs.twimg.com/media/BrTecmYCcAErWtM.jpg'],0,0,0,"['cdo', 'flood']",[],https://twitter.com/cocoy/status/483274588902539264,False,,1,https://pbs.twimg.com/media/BrTecmYCcAErWtM.jpg,,,,,,,[],,,,
483272822865670144,483272822865670144,2014-06-29 11:36:34 EDT,2014-06-29,11:36:34,-0400,45195411,ubalert,ubAlert,,NWS Issues Flash Flood Emergency for Northwest Mississippi-  http://t.co/FsMxY6NnQA #flood #fb,en,[],['http://www.ubalert.com/QNLb'],[],0,0,0,"['flood', 'fb']",[],https://twitter.com/ubalert/status/483272822865670144,False,,0,,,,,,,,[],,,,
483272196286971904,483272196286971904,2014-06-29 11:34:05 EDT,2014-06-29,11:34:05,-0400,738820711,arkstormprepper,ARkstorm Prepper,,ARkstorm: The Ones That Made It audio book  http://t.co/7feHCGBrOX #flood #survival #preppers,en,[],['http://www.audible.com/pd/Sci-Fi-Fantasy/ARkstorm-Audiobook/B00F9A6GFO/ref=sr_1_4?qid=1380684766&sr=1-4'],[],0,0,0,"['flood', 'survival', 'preppers']",[],https://twitter.com/ARkstormPrepper/status/483272196286971904,False,,0,,,,,,,,[],,,,
483270473560502272,483270473560502272,2014-06-29 11:27:14 EDT,2014-06-29,11:27:14,-0400,1536412436,globalfloodnews,GlobalFloodSystem,,#flood #disaster Water main break floods basement of home in Lincoln Place - Pittsburgh Post-Gazette: Water ma...  http://t.co/rLk8zFh4E6,en,[],['http://bit.ly/1k2j7B8'],[],0,0,0,"['flood', 'disaster']",[],https://twitter.com/GlobalFloodNews/status/483270473560502272,False,,0,,,,,,,,[],,,,
483268083029536768,483268083029536768,2014-06-29 11:17:44 EDT,2014-06-29,11:17:44,-0400,562459669,karlysarah15,Karly Sarah Hutton,,"If your thinking about leaving your house, don't. #flood",en,[],[],[],0,0,0,['flood'],[],https://twitter.com/KarlySarah15/status/483268083029536768,False,,0,,,,,,,,[],,,,
483267949277372416,483267949277372416,2014-06-29 11:17:12 EDT,2014-06-29,11:17:12,-0400,25689521,lioneyes24,Marcy,,I don't think the Mercedes will float. #flood  #cabinfever  http://t.co/RfncVif4ZI,en,[],[],['https://pbs.twimg.com/media/BrTpo4VCMAANtMr.jpg'],0,0,0,"['flood', 'cabinfever']",[],https://twitter.com/lioneyes24/status/483267949277372416,False,,1,https://pbs.twimg.com/media/BrTpo4VCMAANtMr.jpg,,,,,,,[],,,,
483262464511864832,483262464511864832,2014-06-29 10:55:24 EDT,2014-06-29,10:55:24,-0400,1143065708,manyqu,Michelle,,Some water can be quite lovely. #rain #flood #wetCfest  http://t.co/nYVGLRYnGk,en,[],[],['https://pbs.twimg.com/media/BrTkpgECAAADCrx.jpg'],0,0,0,"['rain', 'flood', 'wetcfest']",[],https://twitter.com/manyqu/status/483262464511864832,False,,1,https://pbs.twimg.com/media/BrTkpgECAAADCrx.jpg,,,,,,,[],,,,
483261918497349632,483261918497349632,2014-06-29 10:53:14 EDT,2014-06-29,10:53:14,-0400,404093275,australianwarni,Australianwarnings,,#VIC #Flood #Corp  Moderate Flood Warning for the King River. Minor Flood Warnin...: #VIC #Flood #Corp  Modera...  http://t.co/Vu09WQPRWH,en,[],['http://on.fb.me/1rMpuh0'],[],0,0,0,"['vic', 'flood', 'corp', 'vic', 'flood', 'corp']",[],https://twitter.com/Australianwarni/status/483261918497349632,False,,0,,,,,,,,[],,,,
483261018106105856,483261018106105856,2014-06-29 10:49:39 EDT,2014-06-29,10:49:39,-0400,1536412436,globalfloodnews,GlobalFloodSystem,,#flood #disaster Urban Kayakers Take Advantage Of Mpls. Flash Floods - CBS Local: KAREUrban Kayakers Take Adva...  http://t.co/5nEtVvq1wC,en,[],['http://bit.ly/1vkkfFv'],[],0,0,0,"['flood', 'disaster']",[],https://twitter.com/GlobalFloodNews/status/483261018106105856,False,,0,,,,,,,,[],,,,
483260482971643906,483260482971643906,2014-06-29 10:47:32 EDT,2014-06-29,10:47:32,-0400,2264740677,oakriverdodgers,Oak River Dodgers,,Today's double header in Oak River has been cancelled. #flood,en,[],[],[],0,2,0,['flood'],[],https://twitter.com/OakRiverDodgers/status/483260482971643906,False,,0,,,,,,,,[],,,,
483258954181775360,483258954181775360,2014-06-29 10:41:27 EDT,2014-06-29,10:41:27,-0400,15665499,stormchaser4850,Johnny Kelly,,Update: Excessive rainfall amounts of 4 to 5+ inches has fallen in Memphis #TN this morning via @AOnek_WREG3    http://t.co/JnptlnTUqs #flood,en,"[{'screen_name': 'aonek_wreg3', 'name': 'äústèn l. ønêk wreg', 'id': '444766624'}]",[],['https://pbs.twimg.com/media/BrTbccCCAAEvp67.png'],0,1,2,"['tn', 'flood']",[],https://twitter.com/stormchaser4850/status/483258954181775360,False,,1,https://pbs.twimg.com/media/BrTbccCCAAEvp67.png,,,,,,,[],,,,
483257617134153728,483257617134153728,2014-06-29 10:36:09 EDT,2014-06-29,10:36:09,-0400,475408887,lj_monster,LJ Goalie Monster 🥅,,"1.5"" water Friday. 3"" Saturday. Flooding at the farm. Glad we are on a hill. Stay safe #Dauphin #flood…  http://t.co/wOnojPU7ld",en,[],['http://instagram.com/p/p1N_Fvn5Xh/'],[],0,0,0,"['dauphin', 'flood']",[],https://twitter.com/LJ_Monster/status/483257617134153728,False,,0,,,,,,,,[],,,,
483256944736493568,483256944736493568,2014-06-29 10:33:28 EDT,2014-06-29,10:33:28,-0400,92033644,puretuts,Puretuts EnP,,#MUST overpass #cdo #flood  http://t.co/lw4xLbPx28,en,[],[],['https://pbs.twimg.com/media/BrTfoQmCIAE83xb.jpg'],0,3,0,"['must', 'cdo', 'flood']",[],https://twitter.com/puretuts/status/483256944736493568,False,,1,https://pbs.twimg.com/media/BrTfoQmCIAE83xb.jpg,,,,,,,[],,,,
483256725466656769,483256725466656769,2014-06-29 10:32:36 EDT,2014-06-29,10:32:36,-0400,92033644,puretuts,Puretuts EnP,,The Bitanag Creek #cdo debris blocking the flow #flood  http://t.co/GvhaGQT31b,en,[],[],['https://pbs.twimg.com/media/BrTfbfkCMAADLjP.jpg'],0,3,0,"['cdo', 'flood']",[],https://twitter.com/puretuts/status/483256725466656769,False,,1,https://pbs.twimg.com/media/BrTfbfkCMAADLjP.jpg,,,,,,,[],,,,
483256106500620289,483256106500620289,2014-06-29 10:30:08 EDT,2014-06-29,10:30:08,-0400,343744746,violette_jannin,ⓜⓤⓡⓐⓢⓐⓚⓘ_05 Ψ,,First time kong mka.kita ng baha. #Hehehe #LOL #Flood #FirstTime  http://t.co/eq4i2nJand,tl,[],['http://instagram.com/p/p1NTGBmi74/'],[],0,0,0,"['hehehe', 'lol', 'flood', 'firsttime']",[],https://twitter.com/violette_jannin/status/483256106500620289,False,,0,,,,,,,,[],,,,
483255647408898048,483255647408898048,2014-06-29 10:28:19 EDT,2014-06-29,10:28:19,-0400,92033644,puretuts,Puretuts EnP,,Gasoline Station beside Gaisano Mall #cdo #flood  http://t.co/xvUDBfDVkY,en,[],[],['https://pbs.twimg.com/media/BrTecmYCcAErWtM.jpg'],1,3,0,"['cdo', 'flood']",[],https://twitter.com/puretuts/status/483255647408898048,False,,1,https://pbs.twimg.com/media/BrTecmYCcAErWtM.jpg,,,,,,,[],,,,
483252757487312897,483252757487312897,2014-06-29 10:16:50 EDT,2014-06-29,10:16:50,-0400,62925053,kansas_amy,Amy Bickel,,"#Rain, #flood? Here's a photo via U.S Custom Harvesters from a park frequented by cutters in Garden City. Looks...  http://t.co/tbuyYWXTLX",en,[],['http://fb.me/3mVFGE7Q3'],[],2,0,2,"['rain', 'flood']",[],https://twitter.com/kansas_amy/status/483252757487312897,False,,0,,,,,,,,[],,,,
483246983331586048,483246983331586048,2014-06-29 09:53:53 EDT,2014-06-29,09:53:53,-0400,359040911,franklinjchaves,Franklin Chaves,,Absent tomorrow :)) #flood #hardrain #absent,en,[],[],[],0,0,0,"['flood', 'hardrain', 'absent']",[],https://twitter.com/franklinjchaves/status/483246983331586048,False,,0,,,,,,,,[],,,,
483246875319889922,483246875319889922,2014-06-29 09:53:28 EDT,2014-06-29,09:53:28,-0400,2254006129,shalysabrown,Shalysa Brown,,So i no longer have a room ☔️😔 #flood,en,[],[],[],0,0,2,['flood'],[],https://twitter.com/shalysabrown/status/483246875319889922,False,,0,,,,,,,,[],,,,
483244996347166720,483244996347166720,2014-06-29 09:46:00 EDT,2014-06-29,09:46:00,-0400,522442128,nikkin28,nikki nicholson,,I was so close to some lake time...and then it rained 8 inches😢 #backtothefarm #flood  http://t.co/WFkhnYfQUI,en,[],['http://instagram.com/p/p1IPwMhDos/'],[],0,0,1,"['backtothefarm', 'flood']",[],https://twitter.com/nikkin28/status/483244996347166720,False,,0,,,,,,,,[],,,,
483243368802045953,483243368802045953,2014-06-29 09:39:32 EDT,2014-06-29,09:39:32,-0400,404093275,australianwarni,Australianwarnings,,#VIC #Flood #Corp  Moderate Flood Warning for the King River. Minor Flood Warning for the Ovens River. Issued at...  http://t.co/LsvpGwUMFA,en,[],['http://fb.me/1NmSnUjjF'],[],0,0,0,"['vic', 'flood', 'corp']",[],https://twitter.com/Australianwarni/status/483243368802045953,False,,0,,,,,,,,[],,,,
483243331015565313,483243331015565313,2014-06-29 09:39:23 EDT,2014-06-29,09:39:23,-0400,328516460,caspertwincorp,Caspertwin Corp,,#VIC #Flood #Corp  Moderate Flood Warning for the King River. Minor Flood Warning for the Ovens River. Issued at...  http://t.co/8amNXyL306,en,[],['http://fb.me/2iy83iEUV'],[],0,0,0,"['vic', 'flood', 'corp']",[],https://twitter.com/CaspertwinCorp/status/483243331015565313,False,,0,,,,,,,,[],,,,
483239838406045696,483239838406045696,2014-06-29 09:25:30 EDT,2014-06-29,09:25:30,-0400,24006729,terrijok,Terri Jo Knowlton,"{'type': 'Point', 'coordinates': [34.94353804, -90.90682218]}",Seriously thinking we are gonna need a boat to get to church!!!! #flood #whereisnoah,en,[],[],[],0,0,0,"['flood', 'whereisnoah']",[],https://twitter.com/terrijok/status/483239838406045696,False,,0,,,,,,,,[],,,,
483239759419293696,483239759419293696,2014-06-29 09:25:11 EDT,2014-06-29,09:25:11,-0400,2207682330,cornellins,Cornell Insurance,,Make sure you have the coverage before you buy your policy  #homeinsurance #flood #storms  http://t.co/hO3WmLJWIL,en,[],['http://ow.ly/xxqba'],[],0,0,0,"['homeinsurance', 'flood', 'storms']",[],https://twitter.com/CornellIns/status/483239759419293696,False,,0,,,,,,,,[],,,,
483238848835895296,483238848835895296,2014-06-29 09:21:34 EDT,2014-06-29,09:21:34,-0400,2330811786,pp_gallery,P P Gallery,,London Imagery #thamesbarrier #ctype #analogue #riverthames #camping #homelessness #sunset #hasselblad #film #flood  http://t.co/gEtqXZK1gA,en,[],[],['https://pbs.twimg.com/media/BrTPK-1CEAIb0Ak.jpg'],0,2,3,"['thamesbarrier', 'ctype', 'analogue', 'riverthames', 'camping', 'homelessness', 'sunset', 'hasselblad', 'film', 'flood']",[],https://twitter.com/PP_Gallery/status/483238848835895296,False,,1,https://pbs.twimg.com/media/BrTPK-1CEAIb0Ak.jpg,,,,,,,[],,,,
483237086409945088,483237086409945088,2014-06-29 09:14:34 EDT,2014-06-29,09:14:34,-0400,2272978051,vorarlberg1,China,,US #USNews #Aid #border #children #flood Obama to Seek Border Aid; Pelosi Visits Texas  http://t.co/Sna2i0L5vI,en,[],['http://dlvr.it/68rkNb'],[],0,0,0,"['usnews', 'aid', 'border', 'children', 'flood']",[],https://twitter.com/Vorarlberg1/status/483237086409945088,False,,0,,,,,,,,[],,,,
483237078256193540,483237078256193540,2014-06-29 09:14:32 EDT,2014-06-29,09:14:32,-0400,2329382563,wenhua2015,changxiong,,US #US_News #Aid #border #children #flood Obama to Seek Border Aid; Pelosi Visits Texas  http://t.co/7SN555x2or,en,[],['http://dlvr.it/68rkKK'],[],0,0,0,"['us_news', 'aid', 'border', 'children', 'flood']",[],https://twitter.com/wenhua2015/status/483237078256193540,False,,0,,,,,,,,[],,,,
483237047402901504,483237047402901504,2014-06-29 09:14:24 EDT,2014-06-29,09:14:24,-0400,410566588,waltherkrickl,walther krickl,,US #US_News #Aid #border #children #flood Obama to Seek Border Aid; Pelosi Visits Texas: The post Obama to Seek...  http://t.co/Ik7RGA0ZPw,en,[],['http://dlvr.it/68rk6S'],[],0,0,0,"['us_news', 'aid', 'border', 'children', 'flood']",[],https://twitter.com/WaltherKrickl/status/483237047402901504,False,,0,,,,,,,,[],,,,
483236979232874496,483236979232874496,2014-06-29 09:14:08 EDT,2014-06-29,09:14:08,-0400,2350367216,karinnachsicht,zhuchan li,,US #US_News #Aid #border #children #flood Obama to Seek Border Aid; Pelosi Visits Texas: The post Obama to Seek...  http://t.co/ueNSu5r226,en,[],['http://dlvr.it/68rjcP'],[],0,0,0,"['us_news', 'aid', 'border', 'children', 'flood']",[],https://twitter.com/karinnachsicht/status/483236979232874496,False,,0,,,,,,,,[],,,,
483236968810045441,483236968810045441,2014-06-29 09:14:06 EDT,2014-06-29,09:14:06,-0400,2350233150,yenlingttt,陳彥玲,,US #US_News #Aid #border #children #flood Obama to Seek Border Aid; Pelosi Visits Texas: The post Obama to Seek...  http://t.co/0S5l5lHGXL,en,[],['http://dlvr.it/68rjWT'],[],0,0,0,"['us_news', 'aid', 'border', 'children', 'flood']",[],https://twitter.com/Yenlingttt/status/483236968810045441,False,,0,,,,,,,,[],,,,
483235566662590464,483223934163501056,2014-06-29 09:08:31 EDT,2014-06-29,09:08:31,-0400,139560533,stephaniehall17,Stephanie Hall,,“@weatherchannel: Flash #flood emergency issued by @NWSMemphis for #Memphis. More heavy rain moving in from AR. Life-threatening event.,en,"[{'screen_name': 'weatherchannel', 'name': 'the weather channel', 'id': '20998647'}, {'screen_name': 'nwsmemphis', 'name': 'nws memphis', 'id': '590168938'}]",[],[],0,0,0,"['flood', 'memphis']",[],https://twitter.com/stephaniehall17/status/483235566662590464,False,,0,,,,,,,,[],,,,
483233136642646016,483233136642646016,2014-06-29 08:58:52 EDT,2014-06-29,08:58:52,-0400,352201923,eleighposh,Eleigh,,#sophisticated #selfie #aura #flood #sorrynotsorry #2x2 lol  http://t.co/XMHeRixcCi,und,[],['http://instagram.com/p/p1C2niP5pt/'],[],0,0,0,"['sophisticated', 'selfie', 'aura', 'flood', 'sorrynotsorry', '2x2']",[],https://twitter.com/eleighposh/status/483233136642646016,False,,0,,,,,,,,[],,,,
483230273937477633,483230273937477633,2014-06-29 08:47:29 EDT,2014-06-29,08:47:29,-0400,1536412436,globalfloodnews,GlobalFloodSystem,,"#flood #disaster VIDEO: Paraguay floods force 200,000 to flee: Floods caused by torrential rains have forced t...  http://t.co/GnExJQ1H4q",en,[],['http://bbc.in/1nU4xhv'],[],0,0,0,"['flood', 'disaster']",[],https://twitter.com/GlobalFloodNews/status/483230273937477633,False,,0,,,,,,,,[],,,,
483226871039938560,483226871039938560,2014-06-29 08:33:58 EDT,2014-06-29,08:33:58,-0400,390065489,tensoba10,tensoba10,,"Monsoon #floods kill 11 in India, maroon thousands:  http://t.co/wL6RLiq0jq #India #Assam  #flood",en,[],['http://www.aawsat.net/2014/06/article55333744'],[],0,0,0,"['floods', 'india', 'assam', 'flood']",[],https://twitter.com/tensoba10/status/483226871039938560,False,,0,,,,,,,,[],,,,
483226760209633280,483226760209633280,2014-06-29 08:33:32 EDT,2014-06-29,08:33:32,-0400,128641320,dailyrapid,The Daily Rapid,,BREAKING -- Flash #flood emergency issued by @NWSMemphis for #Memphis. More heavy rain moving in from AR. Life-threatening event. - TWC,en,"[{'screen_name': 'nwsmemphis', 'name': 'nws memphis', 'id': '590168938'}]",[],[],0,0,0,"['flood', 'memphis']",[],https://twitter.com/dailyrapid/status/483226760209633280,False,,0,,,,,,,,[],,,,
483226139196792832,483226139196792832,2014-06-29 08:31:04 EDT,2014-06-29,08:31:04,-0400,390065489,tensoba10,tensoba10,,#インド 東部 #洪水 で7人死亡 1万人以上避難  http://t.co/zV1iG46QHb  #India #Assam  #flood,ja,[],['http://japanese.ruvr.ru/news/2014_06_28/274032944/'],[],0,0,0,"['インド', '洪水', 'india', 'assam', 'flood']",[],https://twitter.com/tensoba10/status/483226139196792832,False,,0,,,,,,,,[],,,,
483223934163501056,483223934163501056,2014-06-29 08:22:18 EDT,2014-06-29,08:22:18,-0400,20998647,weatherchannel,The Weather Channel,,Flash #flood emergency issued by @NWSMemphis for #Memphis. More heavy rain moving in from AR. Life-threatening event.  http://t.co/HpVo2zlKoF,en,"[{'screen_name': 'nwsmemphis', 'name': 'nws memphis', 'id': '590168938'}]",['http://wxch.nl/1masOTK'],[],1,29,4,"['flood', 'memphis']",[],https://twitter.com/weatherchannel/status/483223934163501056,False,,0,,,,,,,,[],,,,
483223933374967808,483223933374967808,2014-06-29 08:22:18 EDT,2014-06-29,08:22:18,-0400,116559622,twcbreaking,TWC Breaking,,Flash #flood emergency issued by @NWSMemphis for #Memphis. More heavy rain moving in from AR. Life-threatening event.  http://t.co/EwzdW8TdMt,en,"[{'screen_name': 'nwsmemphis', 'name': 'nws memphis', 'id': '590168938'}]",['http://wxch.nl/1masOmM'],[],0,26,9,"['flood', 'memphis']",[],https://twitter.com/TWCBreaking/status/483223933374967808,False,,0,,,,,,,,[],,,,
483222589892861953,483222589892861953,2014-06-29 08:16:57 EDT,2014-06-29,08:16:57,-0400,1536412436,globalfloodnews,GlobalFloodSystem,,"#flood #disaster Rob Lowe, family, rescued from floods in France [PHOTOS] -  http://t.co/mI6eGCia3w: UPI.comRob ...  http://t.co/FMUzfWuMDF",en,[],"['http://UPI.com', 'http://bit.ly/1nTZ1vq']",[],0,0,0,"['flood', 'disaster']",[],https://twitter.com/GlobalFloodNews/status/483222589892861953,False,,0,,,,,,,,[],,,,
483222471122771969,483222471122771969,2014-06-29 08:16:29 EDT,2014-06-29,08:16:29,-0400,390065489,tensoba10,tensoba10,,"#Flood in #Ibadan again, claims lives  http://t.co/Fz9XbVFKlk #Nigeria #Africa",en,[],['http://tribune.com.ng/news/top-stories/item/9308-flood-in-ibadan-again-claims-lives/9308-flood-in-ibadan-again-claims-lives'],[],0,0,0,"['flood', 'ibadan', 'nigeria', 'africa']",[],https://twitter.com/tensoba10/status/483222471122771969,False,,0,,,,,,,,[],,,,
483221137317314560,482920410145513472,2014-06-29 08:11:11 EDT,2014-06-29,08:11:11,-0400,47681231,ringo6,Stuart,,"@RyanWoodDFW @JasonWhitely Today, the number is 2,000. It will be 4,000 by next Friday. #Flood",en,"[{'screen_name': 'jasonwhitely', 'name': 'jason whitely', 'id': '20494730'}]",[],[],0,0,0,['flood'],[],https://twitter.com/Ringo6/status/483221137317314560,False,,0,,,,,,,,[],,,,
483220862808911873,483220862808911873,2014-06-29 08:10:06 EDT,2014-06-29,08:10:06,-0400,51180479,onieeze,☝🏾✌🏽🤟🏽🖖🏽🤚🏽,,#Flood #Flood  #Flood #Flood #Flood #Flood #Flood #Flood  everywhere,en,[],[],[],0,0,0,"['flood', 'flood', 'flood', 'flood', 'flood', 'flood', 'flood', 'flood']",[],https://twitter.com/onieeze/status/483220862808911873,False,,0,,,,,,,,[],,,,
483208443525087233,483208443525087233,2014-06-29 07:20:45 EDT,2014-06-29,07:20:45,-0400,298929633,toufic_13,Toufic Abou Nader,,Highlight of the weekend's adventure in Oman. #oman #adventure #snakecanyon #canyon #flood #storm…  http://t.co/9Ux6fBQLSj,en,[],['http://instagram.com/p/p03n8SmpKZ/'],[],0,0,1,"['oman', 'adventure', 'snakecanyon', 'canyon', 'flood', 'storm']",[],https://twitter.com/Toufic_13/status/483208443525087233,False,,0,,,,,,,,[],,,,
483206518146232320,483206518146232320,2014-06-29 07:13:06 EDT,2014-06-29,07:13:06,-0400,1368369673,planforemergncy,Plan For Emergency,,"65 Gallon Yellow Storage Container On Wheels - Locks, perfect for building #emergency kits - #Fire #Flood #Hurricane  http://t.co/zc3Xa780CK",en,[],['http://bit.ly/1igaqVQ'],[],0,0,0,"['emergency', 'fire', 'flood', 'hurricane']",[],https://twitter.com/planforemergncy/status/483206518146232320,False,,0,,,,,,,,[],,,,
483204264693493761,483204264693493761,2014-06-29 07:04:08 EDT,2014-06-29,07:04:08,-0400,404093275,australianwarni,Australianwarnings,,#VIC #Flood #Corp  Initial Minor Flood Warning for the Bunyip River at Iona and...: #VIC #Flood #Corp  Initial...  http://t.co/iZV7L5zcFK,en,[],['http://on.fb.me/1makNhI'],[],0,0,0,"['vic', 'flood', 'corp', 'vic', 'flood', 'corp']",[],https://twitter.com/Australianwarni/status/483204264693493761,False,,0,,,,,,,,[],,,,
483202395082874881,483202395082874881,2014-06-29 06:56:43 EDT,2014-06-29,06:56:43,-0400,404093275,australianwarni,Australianwarnings,,#VIC #Flood #Corp  Initial Minor Flood Warning for the Bunyip River at Iona and Cora Lynn Issued at 8:53 pm EST...  http://t.co/7im7tMwNBq,en,[],['http://fb.me/3f6zDKnZX'],[],0,0,0,"['vic', 'flood', 'corp']",[],https://twitter.com/Australianwarni/status/483202395082874881,False,,0,,,,,,,,[],,,,
483202330955759616,483202330955759616,2014-06-29 06:56:27 EDT,2014-06-29,06:56:27,-0400,328516460,caspertwincorp,Caspertwin Corp,,#VIC #Flood #Corp  Initial Minor Flood Warning for the Bunyip River at Iona and Cora Lynn Issued at 8:53 pm EST...  http://t.co/IMKYI45VD3,en,[],['http://fb.me/3OhNmGyOq'],[],0,0,0,"['vic', 'flood', 'corp']",[],https://twitter.com/CaspertwinCorp/status/483202330955759616,False,,0,,,,,,,,[],,,,
483201630842540033,483201630842540033,2014-06-29 06:53:40 EDT,2014-06-29,06:53:40,-0400,18813442,dodylynn_,Dody L Mariscotti,,"“Flash #flood warnings for a swath of E. AR, W. TN. 2.28"" in last hour in #Memphis. Radar:  http://t.co/JoMtrrvUZL”@KirkSpridgeon",en,"[{'screen_name': 'kirkspridgeon', 'name': 'kirk spridgeon', 'id': '59287776'}]",[],['https://pbs.twimg.com/media/BrSklwWCYAA7gz4.png'],1,0,0,"['flood', 'memphis']",[],https://twitter.com/DodyLynn_/status/483201630842540033,False,,1,https://pbs.twimg.com/media/BrSklwWCYAA7gz4.png,,,,,,,[],,,,
483199471166042113,483199471166042113,2014-06-29 06:45:06 EDT,2014-06-29,06:45:06,-0400,546217977,southshore_5280,Southshore Aurora,,Are you prepared for an #Emergency? #Evacuation #Flood #Tornado #Hurricane 3  http://t.co/BY4TvZ0yJh,en,[],['http://ow.ly/yyeCA'],[],0,0,0,"['emergency', 'evacuation', 'flood', 'tornado', 'hurricane']",[],https://twitter.com/Southshore_5280/status/483199471166042113,False,,0,,,,,,,,[],,,,
483199467924242434,483199467924242434,2014-06-29 06:45:05 EDT,2014-06-29,06:45:05,-0400,199357399,homeownersfyi,HomeOwnership Tips,,Are you prepared for an #Emergency? #Evacuation #Flood #Tornado #Hurricane 3  http://t.co/1aRIN7NDJT,en,[],['http://ow.ly/yyeMP'],[],0,0,0,"['emergency', 'evacuation', 'flood', 'tornado', 'hurricane']",[],https://twitter.com/HomeOwnersFYI/status/483199467924242434,False,,0,,,,,,,,[],,,,
483195711203201026,483195711203201026,2014-06-29 06:30:09 EDT,2014-06-29,06:30:09,-0400,61971355,timatinuke,Tima,,"Possibly ""@NaijaYarnz: Are u on a ship ? “@tosyne_231: @Gidi_Traffic Bridge linking OJOTA n MARYLAND morning  http://t.co/ZSz3MXJWpv” #FLOOD""",en,"[{'screen_name': 'naijayarnz', 'name': 'cynthia', 'id': '308819289'}, {'screen_name': 'tosyne_231', 'name': 'don cartagena', 'id': '358584936'}, {'screen_name': 'gidi_traffic', 'name': 'giditraffic', 'id': '378809160'}]",[],['https://pbs.twimg.com/media/BrR0qSJIcAAloy1.jpg'],1,1,0,['flood'],[],https://twitter.com/timatinuke/status/483195711203201026,False,,1,https://pbs.twimg.com/media/BrR0qSJIcAAloy1.jpg,,,,,,,[],,,,
483194281180794880,483192097785511936,2014-06-29 06:24:28 EDT,2014-06-29,06:24:28,-0400,582613328,andrewstonell1,Andy,"{'type': 'Point', 'coordinates': [52.69235509, 1.68735027]}","@LouiseFrary yes #flood has gone down but could easy flood again, as water logged fields #hemsby",en,[],[],[],0,0,0,"['flood', 'hemsby']",[],https://twitter.com/andrewstonell1/status/483194281180794880,False,,0,,,,,,,,[],,,,
483194045884157954,483194045884157954,2014-06-29 06:23:32 EDT,2014-06-29,06:23:32,-0400,2422238587,acantiming70,Thomas Rodgers,,"Flash #flood warnings for a swath of E. AR, W. TN. 2.28"" in last hour in #Memphis. Radar  http://t.co/9GIecx6Bym",en,[],['http://jp86.co.vu/2MQ'],[],0,0,0,"['flood', 'memphis']",[],https://twitter.com/Acantiming70/status/483194045884157954,False,,0,,,,,,,,[],,,,
483194041941508096,483194041941508096,2014-06-29 06:23:31 EDT,2014-06-29,06:23:31,-0400,2423473010,mariasparrow2,Maria Sparrow,,"Flash #flood warnings for a swath of E. AR, W. TN. 2.28"" in last hour in #Memphis. Radar  http://t.co/mfjHH79hVR",en,[],['http://jp86.co.vu/2MQ'],[],0,0,0,"['flood', 'memphis']",[],https://twitter.com/MariaSparrow2/status/483194041941508096,False,,0,,,,,,,,[],,,,
483194038099521537,483194038099521537,2014-06-29 06:23:30 EDT,2014-06-29,06:23:30,-0400,2360125255,jubiebernews,Justin Bieber Fan ,,"Flash #flood warnings for a swath of E. AR, W. TN. 2.28"" in last hour in #Memphis. Radar  http://t.co/Ns4AHrzzPC",en,[],['http://jp86.co.vu/2MQ'],[],0,0,0,"['flood', 'memphis']",[],https://twitter.com/juBieberNews/status/483194038099521537,False,,0,,,,,,,,[],,,,
483194034652192769,483194034652192769,2014-06-29 06:23:29 EDT,2014-06-29,06:23:29,-0400,2363152842,mostpopularpers,Most Popular Person,,"Flash #flood warnings for a swath of E. AR, W. TN. 2.28"" in last hour in #Memphis. Radar  http://t.co/Q6w5BPYjKf",en,[],['http://jp86.co.vu/2MQ'],[],0,0,0,"['flood', 'memphis']",[],https://twitter.com/MostPopularPers/status/483194034652192769,False,,0,,,,,,,,[],,,,
483193630862368768,483190077695463424,2014-06-29 06:21:53 EDT,2014-06-29,06:21:53,-0400,582613328,andrewstonell1,Andy,"{'type': 'Point', 'coordinates': [52.6923418, 1.68735515]}","@AmandaHouston @itvanglia @ITV we could do without the rain here in Hemsby, could easy #flood again 😞☔️⚡️",en,"[{'screen_name': 'itvanglia', 'name': 'itv news anglia', 'id': '16182210'}, {'screen_name': 'itv', 'name': 'itv', 'id': '86925202'}]",[],[],0,0,0,['flood'],[],https://twitter.com/andrewstonell1/status/483193630862368768,False,,0,,,,,,,,[],,,,
483192028797222912,483192028797222912,2014-06-29 06:15:31 EDT,2014-06-29,06:15:31,-0400,20998647,weatherchannel,The Weather Channel,,"Flash #flood warnings for a swath of E. AR, W. TN. 2.28"" in last hour in #Memphis. Radar:  http://t.co/d00GPMp8sH",en,[],[],['https://pbs.twimg.com/media/BrSklwWCYAA7gz4.png'],2,21,10,"['flood', 'memphis']",[],https://twitter.com/weatherchannel/status/483192028797222912,False,,1,https://pbs.twimg.com/media/BrSklwWCYAA7gz4.png,,,,,,,[],,,,
483184858206728192,483184858206728192,2014-06-29 05:47:02 EDT,2014-06-29,05:47:02,-0400,1536412436,globalfloodnews,GlobalFloodSystem,,"#flood #disaster Now, warning on floods just a click away - Business Standard (blog): Business Standard (blog)...  http://t.co/P9cZFuWNHG",en,[],['http://bit.ly/1vjEIKE'],[],0,0,0,"['flood', 'disaster']",[],https://twitter.com/GlobalFloodNews/status/483184858206728192,False,,0,,,,,,,,[],,,,
483184857464324096,483184857464324096,2014-06-29 05:47:01 EDT,2014-06-29,05:47:01,-0400,1536412436,globalfloodnews,GlobalFloodSystem,,"#flood #disaster Rob Lowe, family, rescued from floods in France [PHOTOS] -  http://t.co/mI6eGCia3w: UPI.comRob ...  http://t.co/HqRT5fQyU8",en,[],"['http://UPI.com', 'http://bit.ly/1mJghFV']",[],0,0,0,"['flood', 'disaster']",[],https://twitter.com/GlobalFloodNews/status/483184857464324096,False,,0,,,,,,,,[],,,,
483184390223052800,483184390223052800,2014-06-29 05:45:10 EDT,2014-06-29,05:45:10,-0400,2363376368,luxuriousdenver,Million Dollar Denver,,Are you prepared for an #Emergency? #Evacuation #Flood #Tornado #Hurricane 3  http://t.co/k8L4qhtoVf,en,[],['http://ow.ly/yyesg'],[],0,0,0,"['emergency', 'evacuation', 'flood', 'tornado', 'hurricane']",[],https://twitter.com/LuxuriousDenver/status/483184390223052800,False,,0,,,,,,,,[],,,,
483179660076134400,483179660076134400,2014-06-29 05:26:22 EDT,2014-06-29,05:26:22,-0400,2429177778,wordsnclouds,Words N' Clouds,,A few words about... #Paraguay #flood   http://t.co/T65BSVlJ0w #flooding #Neembucu  http://t.co/HXGUYnjrwe,en,[],['http://wp.me/p4vDg1-dv'],['https://pbs.twimg.com/media/BrSZVvpIMAAPh_z.jpg'],0,1,0,"['paraguay', 'flood', 'flooding', 'neembucu']",[],https://twitter.com/WordsNClouds/status/483179660076134400,False,,1,https://pbs.twimg.com/media/BrSZVvpIMAAPh_z.jpg,,,,,,,[],,,,
483171840643588097,483171840643588097,2014-06-29 04:55:18 EDT,2014-06-29,04:55:18,-0400,333195669,carlotinsay,Carlo Flores,,Photo: Gooo to sleep 😑 #snapchat #flood  http://t.co/akD8bXLIxz,en,[],['http://tmblr.co/ZuUUqx1K2YESq'],[],0,0,0,"['snapchat', 'flood']",[],https://twitter.com/CarloTinsay/status/483171840643588097,False,,0,,,,,,,,[],,,,
483171831835525120,483171831835525120,2014-06-29 04:55:16 EDT,2014-06-29,04:55:16,-0400,333195669,carlotinsay,Carlo Flores,,Gooo to sleep 😑 #snapchat #flood  http://t.co/eJteg1Ot6l,en,[],['http://instagram.com/p/p0m-aNBRbD/'],[],0,0,0,"['snapchat', 'flood']",[],https://twitter.com/CarloTinsay/status/483171831835525120,False,,0,,,,,,,,[],,,,
483169454558568448,483169454558568448,2014-06-29 04:45:49 EDT,2014-06-29,04:45:49,-0400,183386602,riverswami,RiverSwami.com,,06/24/2014: EPA Orders Pennsylvania Municipalities to Improve  http://t.co/bnEXQ2WR2o #PAenviro #flood #stormwater #runoff #rain #water,ro,[],['http://is.gd/7rCpkL'],[],0,0,0,"['paenviro', 'flood', 'stormwater', 'runoff', 'rain', 'water']",[],https://twitter.com/RiverSwami/status/483169454558568448,False,,0,,,,,,,,[],,,,
483168551613005824,483168551613005824,2014-06-29 04:42:14 EDT,2014-06-29,04:42:14,-0400,814884224,worldalerts247,WORLD ALERTS ²⁴/7,,Flash Flood May Strike Eastern Arkansas-  http://t.co/fCpIjpJPxb #flood #fb,en,[],['http://www.ubalert.com/3MLb'],[],0,0,0,"['flood', 'fb']",[],https://twitter.com/WorldALERTS247/status/483168551613005824,False,,0,,,,,,,,[],,,,
483167614802223104,483167614802223104,2014-06-29 04:38:30 EDT,2014-06-29,04:38:30,-0400,89903229,cloudscreek,Meredith Stanton,,Council accused of ‘bullying’ landowners   http://t.co/RYyWyQI9Gi  Coffs Hbr #Flood retention works - landowner conflict.,en,[],['http://www.coffscoastadvocate.com.au/news/council-accused-of-bullying-landowners/2302272/'],[],0,2,1,['flood'],[],https://twitter.com/CloudsCreek/status/483167614802223104,False,,0,,,,,,,,[],,,,
483160351400144897,483160351400144897,2014-06-29 04:09:39 EDT,2014-06-29,04:09:39,-0400,45195411,ubalert,ubAlert,,Flash Flood May Strike Eastern Arkansas-  http://t.co/BbEFDKkizW #flood #fb,en,[],['http://www.ubalert.com/3MLb'],[],0,0,0,"['flood', 'fb']",[],https://twitter.com/ubalert/status/483160351400144897,False,,0,,,,,,,,[],,,,
483159939548852224,483159939548852224,2014-06-29 04:08:00 EDT,2014-06-29,04:08:00,-0400,252497166,marshallscom,Marshalls Commercial,,#UKFlooding: #Flood defence works under way to protect Chelmsford  http://t.co/j69BAanNoU RT @talklandscape,en,"[{'screen_name': 'talklandscape', 'name': 'landscape institute', 'id': '76047856'}]",['http://bit.ly/1qP7cxN'],[],0,0,1,"['ukflooding', 'flood']",[],https://twitter.com/MarshallsCom/status/483159939548852224,False,,0,,,,,,,,[],,,,
483158583950213120,483158583950213120,2014-06-29 04:02:37 EDT,2014-06-29,04:02:37,-0400,378809160,gidi_traffic,GIDITRAFFIC,,[9:00AM]“@UPNEPA: Lagos traffic doesn't pity anybody. There's traffic From OJOTA to MARYLAND @gidi_traffic” #FLOOD #IKORODURD,en,"[{'screen_name': 'upnepa', 'name': 'up nepa', 'id': '1176756411075846145'}, {'screen_name': 'gidi_traffic', 'name': 'giditraffic', 'id': '378809160'}]",[],[],0,1,0,"['flood', 'ikorodurd']",[],https://twitter.com/Gidi_Traffic/status/483158583950213120,False,,0,,,,,,,,[],,,,
483153724483727362,483153724483727362,2014-06-29 03:43:19 EDT,2014-06-29,03:43:19,-0400,970651890,ncarolinarecord,NorthCarolinaRecord,,May 29 Exact Weather forecast: Flash #FLOOD watch remains in effect -  FLASH FLOOD...  http://t.co/hTKQTtMDCX  #ExactWeather #TonightMostly,en,[],['http://j.mp/1kPqD5T'],[],0,0,0,"['flood', 'exactweather', 'tonightmostly']",[],https://twitter.com/NCarolinaRecord/status/483153724483727362,False,,0,,,,,,,,[],,,,
483148806314160130,483148806314160130,2014-06-29 03:23:46 EDT,2014-06-29,03:23:46,-0400,10734072,rellyrei,Rei,,ウチの前やベー！ #rain #flood  http://t.co/A5K95glBOT,ja,[],['http://instagram.com/p/p0cgQoJ8Rm/'],[],0,0,0,"['rain', 'flood']",[],https://twitter.com/rellyrei/status/483148806314160130,False,,0,,,,,,,,[],,,,
483148595172888577,483148595172888577,2014-06-29 03:22:56 EDT,2014-06-29,03:22:56,-0400,155808081,allegrateresa,Allegra Cesena,,"I give you Kerry, my goofy manager that floods the sink and then gets camera shy Lol. #work #lovethiskid #flood #lmao  http://t.co/wzxmb4Wc2L",en,[],[],['https://pbs.twimg.com/media/BrR9FTSCQAAnXju.jpg'],0,0,0,"['work', 'lovethiskid', 'flood', 'lmao']",[],https://twitter.com/AllegraTeresa/status/483148595172888577,False,,1,https://pbs.twimg.com/media/BrR9FTSCQAAnXju.jpg,,,,,,,[],,,,
483144161731018752,483144161731018752,2014-06-29 03:05:19 EDT,2014-06-29,03:05:19,-0400,112373740,sasakurekoubou,Takuhiro Yoshimoto,,冠水、約10cm。#flood #洪水  http://t.co/UvDnwSOdh8,ja,[],['http://instagram.com/p/p0aZG_u-yb/'],[],0,0,0,"['flood', '洪水']",[],https://twitter.com/sasakurekoubou/status/483144161731018752,False,,0,,,,,,,,[],,,,
483143273289379840,483143273289379840,2014-06-29 03:01:47 EDT,2014-06-29,03:01:47,-0400,2236243416,lagostraffic961,Lagos TrafficRadio🚦,,"ridge linking OJOTA n MARYLAND,dis morning  http://t.co/8I9EDsbiMb” #FLOOD",en,[],[],['https://pbs.twimg.com/media/BrR0qSJIcAAloy1.jpg'],0,0,0,['flood'],[],https://twitter.com/lagostraffic961/status/483143273289379840,False,,1,https://pbs.twimg.com/media/BrR0qSJIcAAloy1.jpg,,,,,,,[],,,,
483141412306038784,483141412306038784,2014-06-29 02:54:23 EDT,2014-06-29,02:54:23,-0400,378809160,gidi_traffic,GIDITRAFFIC,,"#PHOTO [7:50AM]“@tosyne_231: @Gidi_Traffic Bridge linking OJOTA n MARYLAND,dis morning  http://t.co/J62FEOEn9N” #FLOOD",en,"[{'screen_name': 'tosyne_231', 'name': 'don cartagena', 'id': '358584936'}, {'screen_name': 'gidi_traffic', 'name': 'giditraffic', 'id': '378809160'}]",[],['https://pbs.twimg.com/media/BrR0qSJIcAAloy1.jpg'],4,7,1,"['photo', 'flood']",[],https://twitter.com/Gidi_Traffic/status/483141412306038784,False,,1,https://pbs.twimg.com/media/BrR0qSJIcAAloy1.jpg,,,,,,,[],,,,
483140316485402625,483140316485402625,2014-06-29 02:50:02 EDT,2014-06-29,02:50:02,-0400,980220672,ec3legal,Birketts EC3 Legal,,Government #flood #insurance scheme 'failing'  http://t.co/neaa4DRsfd via @Telegraph #property #flooding #FloodRe #BIBA,en,"[{'screen_name': 'telegraph', 'name': 'the telegraph', 'id': '16343974'}]",['http://tinyurl.com/p3gz4np'],[],0,0,0,"['flood', 'insurance', 'property', 'flooding', 'floodre', 'biba']",[],https://twitter.com/EC3Legal/status/483140316485402625,False,,0,,,,,,,,[],,,,
483139883083386880,483139883083386880,2014-06-29 02:48:19 EDT,2014-06-29,02:48:19,-0400,27401459,onlyapaprmoon,Red McKenzie’s Music Box,,Floodley Street! RT @Amul82: Some difficulty leaving Etihad #flood  http://t.co/EJEaqodwH0,en,"[{'screen_name': 'amul82', 'name': 'emile/amul/emily/ameal/anil etc.', 'id': '139364001'}]",[],"['https://pbs.twimg.com/media/BrRyZRsCEAAT_lK.jpg', 'https://pbs.twimg.com/media/BrRybooCUAAsB6z.jpg']",0,0,1,['flood'],[],https://twitter.com/onlyapaprmoon/status/483139883083386880,False,,1,https://pbs.twimg.com/media/BrRyZRsCEAAT_lK.jpg,,,,,,,[],,,,
483137362781032448,483137362781032448,2014-06-29 02:38:18 EDT,2014-06-29,02:38:18,-0400,300207990,ibs_epltd,IBS Eng. Products,,Failure to invest in #flood defences could cost #Humber region billions :  http://t.co/encID436a4 #Hull,en,[],['http://po.st/TvJYhy'],[],0,2,1,"['flood', 'humber', 'hull']",[],https://twitter.com/IBS_EPLtd/status/483137362781032448,False,,0,,,,,,,,[],,,,
483137198707863553,483137198707863553,2014-06-29 02:37:39 EDT,2014-06-29,02:37:39,-0400,1536412436,globalfloodnews,GlobalFloodSystem,,"#flood #disaster Now, warning on floods just a click away - Hindu Business Line: Now, warning on floods just a...  http://t.co/2CyZ7XVBux",en,[],['http://bit.ly/1nT5uGI'],[],0,0,0,"['flood', 'disaster']",[],https://twitter.com/GlobalFloodNews/status/483137198707863553,False,,0,,,,,,,,[],,,,
483136939949047808,483136939949047808,2014-06-29 02:36:37 EDT,2014-06-29,02:36:37,-0400,369392022,top_now,News Now,,Now warning on floods just a click away ::    http://t.co/CzR7HrHSLZ #flood,en,[],['http://www.overwi.se/NewsFeed/131'],[],0,0,0,['flood'],[],https://twitter.com/top_now/status/483136939949047808,False,,0,,,,,,,,[],,,,
483136903646945280,483136903646945280,2014-06-29 02:36:28 EDT,2014-06-29,02:36:28,-0400,139364001,amul82,Emile/Amul/Emily/Ameal/Anil etc.,,Some difficulty leaving Etihad #flood  http://t.co/XiHcjEHYCM,en,[],[],"['https://pbs.twimg.com/media/BrRyZRsCEAAT_lK.jpg', 'https://pbs.twimg.com/media/BrRybooCUAAsB6z.jpg']",1,1,0,['flood'],[],https://twitter.com/Amul82/status/483136903646945280,False,,1,https://pbs.twimg.com/media/BrRyZRsCEAAT_lK.jpg,,,,,,,[],,,,
483135870212374529,483135870212374529,2014-06-29 02:32:22 EDT,2014-06-29,02:32:22,-0400,620301051,13amie,Amie Hunt,,The rain can seriously stop any time now #flood,en,[],[],[],0,0,1,['flood'],[],https://twitter.com/13Amie/status/483135870212374529,False,,0,,,,,,,,[],,,,
483130149760933888,483130149760933888,2014-06-29 02:09:38 EDT,2014-06-29,02:09:38,-0400,12006842,jeremyhl,Professor Jeremy 🌎,,#flood RT @CNN: Minnesota communities fight against floodwaters.  http://t.co/8cQ1D5K3Qt,en,"[{'screen_name': 'cnn', 'name': 'cnn', 'id': '759251'}]",['http://cnn.it/1mINX6t'],[],0,0,0,['flood'],[],https://twitter.com/JeremyHL/status/483130149760933888,False,,0,,,,,,,,[],,,,
483124066099134465,483124066099134465,2014-06-29 01:45:28 EDT,2014-06-29,01:45:28,-0400,81760610,wxpaparazzi,Doug Kiesling,,"I shot some new flash flooding footage from Downtown Saint Paul, MN #MNWX #flooding #flood #weather...  http://t.co/ibXY78kIxU",en,[],['http://fb.me/6DyZyK7jy'],[],0,0,0,"['mnwx', 'flooding', 'flood', 'weather']",[],https://twitter.com/WxPaparazzi/status/483124066099134465,False,,0,,,,,,,,[],,,,
483123908099334145,483123908099334145,2014-06-29 01:44:50 EDT,2014-06-29,01:44:50,-0400,29786312,bnvn,Doug Kiesling,,"New flash flooding from Downtown Saint Paul, MN #MNWX #flooding #flood #weather   http://t.co/r5FEANHReT",en,[],['http://youtu.be/TuXDWnM2BT8'],[],0,1,0,"['mnwx', 'flooding', 'flood', 'weather']",[],https://twitter.com/BNVN/status/483123908099334145,False,,0,,,,,,,,[],,,,
483122655277899776,483122655277899776,2014-06-29 01:39:51 EDT,2014-06-29,01:39:51,-0400,1536412436,globalfloodnews,GlobalFloodSystem,,#Global #Flood #News is out!  http://t.co/Md3w8tfcw1 Stories via @roguecroce @KevinKleinwpg,en,"[{'screen_name': 'roguecroce', 'name': 'вадим лука', 'id': '2553864906'}, {'screen_name': 'kevinkleinwpg', 'name': 'kevin klein, #forabetterwpg', 'id': '2294581291'}]",['http://paper.li/GlobalFloodNews/1373268934'],[],0,1,1,"['global', 'flood', 'news']",[],https://twitter.com/GlobalFloodNews/status/483122655277899776,False,,0,,,,,,,,[],,,,
483117317405294592,483117317405294592,2014-06-29 01:18:39 EDT,2014-06-29,01:18:39,-0400,369392022,top_now,News Now,,Assam CM refuses to take blame for floods ::    http://t.co/CzR7HrHSLZ #flood,en,[],['http://www.overwi.se/NewsFeed/131'],[],0,0,0,['flood'],[],https://twitter.com/top_now/status/483117317405294592,False,,0,,,,,,,,[],,,,
483111378249846785,483111378249846785,2014-06-29 00:55:03 EDT,2014-06-29,00:55:03,-0400,199357399,homeownersfyi,HomeOwnership Tips,,Are you prepared for an #Emergency? #Evacuation #Flood #Tornado #Hurricane 2  http://t.co/T04qHUE7Ok,en,[],['http://ow.ly/yyeKt'],[],0,0,0,"['emergency', 'evacuation', 'flood', 'tornado', 'hurricane']",[],https://twitter.com/HomeOwnersFYI/status/483111378249846785,False,,0,,,,,,,,[],,,,
483111378107269120,483111378107269120,2014-06-29 00:55:02 EDT,2014-06-29,00:55:02,-0400,546217977,southshore_5280,Southshore Aurora,,Are you prepared for an #Emergency? #Evacuation #Flood #Tornado #Hurricane 2  http://t.co/4s7qXMOhHO,en,[],['http://ow.ly/yyeAs'],[],0,0,0,"['emergency', 'evacuation', 'flood', 'tornado', 'hurricane']",[],https://twitter.com/Southshore_5280/status/483111378107269120,False,,0,,,,,,,,[],,,,
483109829817286656,483109829817286656,2014-06-29 00:48:53 EDT,2014-06-29,00:48:53,-0400,1536412436,globalfloodnews,GlobalFloodSystem,,#flood #disaster Minnesota cities hit with floods - KPRC Houston: KPRC HoustonMinnesota cities hit with floods...  http://t.co/DcLkTfkazv,en,[],['http://bit.ly/1vj5hj3'],[],0,0,0,"['flood', 'disaster']",[],https://twitter.com/GlobalFloodNews/status/483109829817286656,False,,0,,,,,,,,[],,,,
483100647999279104,483100647999279104,2014-06-29 00:12:24 EDT,2014-06-29,00:12:24,-0400,1536412436,globalfloodnews,GlobalFloodSystem,,#flood #disaster Minnesota cities hit with floods - WFMZ Allentown: Minnesota cities hit with floodsWFMZ Allen...  http://t.co/fqt0hEbfuM,en,[],['http://bit.ly/1rLl8GM'],[],0,0,0,"['flood', 'disaster']",[],https://twitter.com/GlobalFloodNews/status/483100647999279104,False,,0,,,,,,,,[],,,,
483100647349186561,483100647349186561,2014-06-29 00:12:24 EDT,2014-06-29,00:12:24,-0400,1536412436,globalfloodnews,GlobalFloodSystem,,"#flood #disaster Now, warning on floods just a click away - Zee News: Now, warning on floods just a click away...  http://t.co/XEvVpv9UQ6",en,[],['http://bit.ly/1rLl5Li'],[],0,0,0,"['flood', 'disaster']",[],https://twitter.com/GlobalFloodNews/status/483100647349186561,False,,0,,,,,,,,[],,,,
483096286292234240,483096286292234240,2014-06-28 23:55:04 EDT,2014-06-28,23:55:04,-0400,2363376368,luxuriousdenver,Million Dollar Denver,,Are you prepared for an #Emergency? #Evacuation #Flood #Tornado #Hurricane 2  http://t.co/3EvB471s0L,en,[],['http://ow.ly/yyepH'],[],0,0,0,"['emergency', 'evacuation', 'flood', 'tornado', 'hurricane']",[],https://twitter.com/LuxuriousDenver/status/483096286292234240,False,,0,,,,,,,,[],,,,
483093617762791424,483093617762791424,2014-06-28 23:44:28 EDT,2014-06-28,23:44:28,-0400,879193026,sandeeptomar07,sandeep tomar,,"असम: मूसलाधार बारिश और बाढ़ से 12 की मौत, बि‍गड़ सकते हैं हालात  http://t.co/HRy3jsJ2Wd #assam #rain #flood #congress #landslide",hi,[],['http://www.haribhoomi.com/news/10340-assam-am-refuses-to-take-blame-for-floods.html'],[],0,0,0,"['assam', 'rain', 'flood', 'congress', 'landslide']",[],https://twitter.com/SandeepTomar07/status/483093617762791424,False,,0,,,,,,,,[],,,,
483089562520911873,483089562520911873,2014-06-28 23:28:21 EDT,2014-06-28,23:28:21,-0400,52547842,quornflour,me.,,I don't remember moving to Venice... #saintpaul #feelingminnesota #flood #nwac  http://t.co/pXmkniSvLY,en,[],[],['https://pbs.twimg.com/media/BrRHZJfCcAI7ce2.jpg'],0,0,0,"['saintpaul', 'feelingminnesota', 'flood', 'nwac']",[],https://twitter.com/quornflour/status/483089562520911873,False,,1,https://pbs.twimg.com/media/BrRHZJfCcAI7ce2.jpg,,,,,,,[],,,,
483086329203265536,483086329203265536,2014-06-28 23:15:30 EDT,2014-06-28,23:15:30,-0400,258006338,heretolove3,Onlyhopeyouhave,,Evidence Of Noah’s Ark  http://t.co/JO6huUlsYk #Flood #Genesis #Science #fossils,en,[],['http://ow.ly/tbC86'],[],0,0,0,"['flood', 'genesis', 'science', 'fossils']",[],https://twitter.com/heretolove3/status/483086329203265536,False,,0,,,,,,,,[],,,,
483079969871233024,483079969871233024,2014-06-28 22:50:14 EDT,2014-06-28,22:50:14,-0400,1507970354,szwinsurance,SZW Insurance,,Why FEMA says even homeowners in low-risk areas should consider #flood #insurance:  http://t.co/LpMhWXc8qM,en,[],['http://www.realtor.com/advice/do-you-need-flood-insurance/'],[],0,0,0,"['flood', 'insurance']",[],https://twitter.com/SZWInsurance/status/483079969871233024,False,,0,,,,,,,,[],,,,
483076340384423938,483076340384423938,2014-06-28 22:35:49 EDT,2014-06-28,22:35:49,-0400,1403574307,giterdonenews,Giter Done News,,"Malaria: Not swatted yet -  MAN has vanquished only one disease, smallpox. In 2007 Bill Gates set out to...  http://t.co/7ULIWxpGIi  #Flood",en,[],['http://j.mp/1keUaS1'],[],0,0,0,['flood'],[],https://twitter.com/GiterDoneNews/status/483076340384423938,False,,0,,,,,,,,[],,,,
483074552327467008,483074552327467008,2014-06-28 22:28:43 EDT,2014-06-28,22:28:43,-0400,248055624,jillianmariee2,Jillian Kemmet,,Who wants to pick me up from orange leaf? #trapped #civicproblems #flood,en,[],[],[],2,0,0,"['trapped', 'civicproblems', 'flood']",[],https://twitter.com/jillianmariee2/status/483074552327467008,False,,0,,,,,,,,[],,,,
483073443600945153,483073443600945153,2014-06-28 22:24:18 EDT,2014-06-28,22:24:18,-0400,2593970323,theteacher065,Joe,,It needs to stop raining... How's a guy gonna get any fishing done?! #flood #drowning,en,[],[],[],0,0,0,"['flood', 'drowning']",[],https://twitter.com/TheTeacher065/status/483073443600945153,False,,0,,,,,,,,[],,,,
483070035809017856,483069493543858177,2014-06-28 22:10:46 EDT,2014-06-28,22:10:46,-0400,632214562,wensman,Andrew Wensman,,@Simply_Autumn17 #crymeariver #we #dont #need #any #more #flood #warnings #so #dont,und,[],[],[],1,0,2,"['crymeariver', 'we', 'dont', 'need', 'any', 'more', 'flood', 'warnings', 'so', 'dont']",[],https://twitter.com/wensman/status/483070035809017856,False,,0,,,,,,,,[],,,,
483065303920672768,483065303920672768,2014-06-28 21:51:58 EDT,2014-06-28,21:51:58,-0400,1135850185,notasizezero,Not A Size Zero,,Get ready for an #instagram #food #flood #filipino #sagogulaman @ Hong Ning Restaurant  http://t.co/nm1QLl1lwN,en,[],['http://instagram.com/p/pz2h_9Patg/'],[],0,0,0,"['instagram', 'food', 'flood', 'filipino', 'sagogulaman']",[],https://twitter.com/notasizezero/status/483065303920672768,False,,0,,,,,,,,[],,,,
483061036824543235,483061036824543235,2014-06-28 21:35:00 EDT,2014-06-28,21:35:00,-0400,246118605,kaylakriesel,Kayla Kriesel,,Just a little bit of a log jam in the Minnesota River in Chaska.... #flood #river  http://t.co/dnmmfYGAMT,en,[],['http://instagram.com/p/pz0l1Igegc/'],[],0,0,0,"['flood', 'river']",[],https://twitter.com/KaylaKriesel/status/483061036824543235,False,,0,,,,,,,,[],,,,
483055887394017281,483055887394017281,2014-06-28 21:14:32 EDT,2014-06-28,21:14:32,-0400,814884224,worldalerts247,WORLD ALERTS ²⁴/7,,Floods in Brazil Evacuate 6 000 People-  http://t.co/uzIOSSQ14b #flood #fb,en,[],['http://www.ubalert.com/0LLb'],[],0,0,0,"['flood', 'fb']",[],https://twitter.com/WorldALERTS247/status/483055887394017281,False,,0,,,,,,,,[],,,,
483054803791388672,483054803791388672,2014-06-28 21:10:14 EDT,2014-06-28,21:10:14,-0400,164431348,meadhunt,Mead & Hunt,,Newton Creek Gets A Step Up - Balancing Fish and #Flood Flow Passage #fema  http://t.co/jdBkc51AVL,en,[],['http://ht.ly/y6Dtn'],[],0,0,0,"['flood', 'fema']",[],https://twitter.com/MeadHunt/status/483054803791388672,False,,0,,,,,,,,[],,,,
483053639632564224,483053639632564224,2014-06-28 21:05:37 EDT,2014-06-28,21:05:37,-0400,1377619633,cherylgreco2,cheryl greco,,"#PDC #Global #Flood Survey  http://t.co/JNBjB0u4VR Shocking # of countries; many killed &amp; hundreds of thousands affected, #displaced #Pray 4",en,[],['http://www.pdc.org/weather/index.php/2013/07/03/pdc-global-flood-survey-77/'],[],0,0,0,"['pdc', 'global', 'flood', 'displaced', 'pray']",[],https://twitter.com/CherylGreco2/status/483053639632564224,False,,0,,,,,,,,[],,,,
483049089169227779,483049089169227779,2014-06-28 20:47:32 EDT,2014-06-28,20:47:32,-0400,45195411,ubalert,ubAlert,,Floods in Brazil Evacuate 6 000 People-  http://t.co/cdspKNH4Oc #flood #fb,en,[],['http://www.ubalert.com/0LLb'],[],0,0,0,"['flood', 'fb']",[],https://twitter.com/ubalert/status/483049089169227779,False,,0,,,,,,,,[],,,,
483045146083086336,483045146083086336,2014-06-28 20:31:52 EDT,2014-06-28,20:31:52,-0400,2294581291,kevinkleinwpg,"Kevin Klein, #ForABetterWpg",,Knew it would come - #Manitoba releases #flood update and weather notifications  http://t.co/jUvaAZGTzH,en,[],['http://mytoba.ca/news/manitoba-flood-update-and-weather-notifications/'],[],0,0,0,"['manitoba', 'flood']",[],https://twitter.com/KevinKleinwpg/status/483045146083086336,False,,0,,,,,,,,[],,,,
483045094669705216,483045094669705216,2014-06-28 20:31:39 EDT,2014-06-28,20:31:39,-0400,1512811,mock,mock,,"OH: ""why is the dove associated with peace? it should be associated with a receding flood line."" #ark #flood",en,[],[],[],0,0,0,"['ark', 'flood']",[],https://twitter.com/mock/status/483045094669705216,False,,0,,,,,,,,[],,,,
483038040542031872,483038040542031872,2014-06-28 20:03:37 EDT,2014-06-28,20:03:37,-0400,1536412436,globalfloodnews,GlobalFloodSystem,,"#flood #disaster Rob Lowe, family, rescued from floods in France [PHOTOS]: Danielle Haynes GRASSE, France, Jun...  http://t.co/Al7vZuN8CK",en,[],['http://bit.ly/1viiLeY'],[],0,0,1,"['flood', 'disaster']",[],https://twitter.com/GlobalFloodNews/status/483038040542031872,False,,0,,,,,,,,[],,,,
