id,conversation_id,created_at,date,time,timezone,user_id,username,name,place,tweet,language,mentions,urls,photos,replies_count,retweets_count,likes_count,hashtags,cashtags,link,retweet,quote_url,video,thumbnail,near,geo,source,user_rt_id,user_rt,retweet_id,reply_to,retweet_date,translate,trans_src,trans_dest
729098003143888898,729098003143888898,2016-05-07 19:58:04 EDT,2016-05-07,19:58:04,-0400,309437161,mikebieber26,Mike Bieber,,@sydneysierota Loving the jam with the hometown band @googoodolls #Flood,en,"[{'screen_name': 'googoodolls', 'name': 'goo goo dolls', 'id': '17398854'}]",[],[],0,0,0,['flood'],[],https://twitter.com/MikeBieber26/status/729098003143888898,False,,0,,,,,,,,[],,,,
729090410681933825,729090410681933825,2016-05-07 19:27:54 EDT,2016-05-07,19:27:54,-0400,87169131,marco_prx,Marco Montanari 💡,,#Flood-Like and #Colorful Floor in an Exhibition  https://t.co/WOF9eXDUFa,en,[],['http://www.fubiz.net/2016/05/06/flood-like-and-colorful-floor-in-an-exhibition/'],[],0,0,1,"['flood', 'colorful']",[],https://twitter.com/Marco_Prx/status/729090410681933825,False,,0,,,,,,,,[],,,,
729085165922738176,729085165922738176,2016-05-07 19:07:03 EDT,2016-05-07,19:07:03,-0400,428556919,ewnalerts,EWN Alerts,,VIC Flood Watch for Goulburn and Broken Basins. #flood #VIC  https://t.co/NIAr1mtyx3,en,[],['http://bit.ly/1SVie2b'],[],0,1,0,"['flood', 'vic']",[],https://twitter.com/EWNAlerts/status/729085165922738176,False,,0,,,,,,,,[],,,,
729083853017489410,729083853017489410,2016-05-07 19:01:50 EDT,2016-05-07,19:01:50,-0400,428556919,ewnalerts,EWN Alerts,,"VIC Flood Watch for North East Victoria (Upper Murray, Mitta Mitta, Kiewa, Ovens and King Catchments). #flood #VIC  https://t.co/wQ9odR0gYH",en,[],['http://bit.ly/1SVhE4r'],[],0,1,0,"['flood', 'vic']",[],https://twitter.com/EWNAlerts/status/729083853017489410,False,,0,,,,,,,,[],,,,
729080838730690560,729080838730690560,2016-05-07 18:49:52 EDT,2016-05-07,18:49:52,-0400,717651452727046144,uptoournecks,Up To Our Necks,,@kimwilde we are launching our recipe book for the #flood victims tomo. Pls help RT 💕💕💕💕  https://t.co/oNTsmaXnHv,en,[],[],['https://pbs.twimg.com/media/Ch43IOoXEAAiFpO.jpg'],0,7,6,['flood'],[],https://twitter.com/UpToOurNecks/status/729080838730690560,False,,1,https://pbs.twimg.com/media/Ch43IOoXEAAiFpO.jpg,,,,,,,[],,,,
729075863107608576,729075863107608576,2016-05-07 18:30:05 EDT,2016-05-07,18:30:05,-0400,2597997702,bvlgari_agent,Bvlgari AGENT,,Flash Flood Watches Issued as More Rain Expected to Hit SoCal This Weekend - KTLA #flood  https://t.co/p47qtBKOoq,en,[],['http://dragplus.com/post/id/35121967'],[],0,0,0,['flood'],[],https://twitter.com/bvlgari_agent/status/729075863107608576,False,,0,,,,,,,,[],,,,
729075860901384192,729075860901384192,2016-05-07 18:30:05 EDT,2016-05-07,18:30:05,-0400,2597997702,bvlgari_agent,Bvlgari AGENT,,Flash Flood Watches Issued as More Rain Expected to Hit SoCal This Weekend - KTLA #flood  https://t.co/YvFRSQE2Jq,en,[],['http://dragplus.com/post/id/35121966'],[],0,0,0,['flood'],[],https://twitter.com/bvlgari_agent/status/729075860901384192,False,,0,,,,,,,,[],,,,
729072686496776192,729072686496776192,2016-05-07 18:17:28 EDT,2016-05-07,18:17:28,-0400,1924046688,apocalypticpost,Apocalyptic Fiction,,ARkStorm by prepper fiction author Ron Foster Book Trailer:  https://t.co/4qNggVOEY8 via @YouTube #ARkStorm #preppers #prepper  #flood,en,"[{'screen_name': 'youtube', 'name': 'youtube', 'id': '10228272'}]",['http://youtu.be/nFeaOj3ngDo?list=UUmXsYthWqCj5n4w-xj-Alng'],[],0,0,0,"['arkstorm', 'preppers', 'prepper', 'flood']",[],https://twitter.com/ApocalypticPost/status/729072686496776192,False,,0,,,,,,,,[],,,,
729072623557074945,729072623557074945,2016-05-07 18:17:13 EDT,2016-05-07,18:17:13,-0400,29592159,kookamoo,MIKAL SHAPIRO,,"#flood #flooding #floodwaters #arkansas @ Kingsland, Arkansas  https://t.co/9JzXZ8vwrc",no,[],['https://www.instagram.com/p/BFH1tCOzGIV/'],[],0,0,0,"['flood', 'flooding', 'floodwaters', 'arkansas']",[],https://twitter.com/KOOKAMOO/status/729072623557074945,False,,0,,,,,,,,[],,,,
729067871813414912,729067871813414912,2016-05-07 17:58:20 EDT,2016-05-07,17:58:20,-0400,153637128,moharbour,Matthew O. Harbour,,#Building on a #flood plain: how to go with the flow  https://t.co/EBiQRbkmBv,en,[],['http://gu.com/p/4tpt7?CMP=Share_iOSApp_Other'],[],0,0,0,"['building', 'flood']",[],https://twitter.com/MOHarbour/status/729067871813414912,False,,0,,,,,,,,[],,,,
729067523191214081,729067523191214081,2016-05-07 17:56:57 EDT,2016-05-07,17:56:57,-0400,2743988938,dontbhypocrites,Character&Principles Matter💯% *I Don't Cave In.😎,,#Christianity #faith #Bible #Creation #flood #Noah #history #earth #science #tcot #ccot #PJNET  https://t.co/6R3U1ZwF5G,und,[],['https://twitter.com/AiG/status/729067093157613579'],[],0,0,0,"['christianity', 'faith', 'bible', 'creation', 'flood', 'noah', 'history', 'earth', 'science', 'tcot', 'ccot', 'pjnet']",[],https://twitter.com/DontBHypocrites/status/729067523191214081,False,https://twitter.com/AiG/status/729067093157613579,0,,,,,,,,[],,,,
729060985135366144,729060897314975748,2016-05-07 17:30:58 EDT,2016-05-07,17:30:58,-0400,189203156,ozantakis,Ozan Takış,,Bir birimize yabancılaşmayalım sarılalım #flood  https://t.co/yUe9kC6j3S,tr,[],['https://twitter.com/norskdark/status/729054583734083585'],[],2,5,20,['flood'],[],https://twitter.com/ozantakis/status/729060985135366144,False,https://twitter.com/norskdark/status/729054583734083585,0,,,,,,,,[],,,,
729060553667293184,729060553667293184,2016-05-07 17:29:15 EDT,2016-05-07,17:29:15,-0400,478248848,vegastitleguy,Jeff Fargo,"{'type': 'Point', 'coordinates': [36.06892405, -115.25124021]}","Crazy flooding! #LasVegas #Flood #Rain #Storm #Vegas @ Sunset Road, Las Vegas, Nevada, Usa  https://t.co/FaqGMuKvbf",et,[],['https://www.instagram.com/p/BFHwJjutfjD/'],[],0,0,0,"['lasvegas', 'flood', 'rain', 'storm', 'vegas']",[],https://twitter.com/VegasTitleGuy/status/729060553667293184,False,,0,,,,,,,,[],,,,
729048766771175429,729048766771175429,2016-05-07 16:42:25 EDT,2016-05-07,16:42:25,-0400,16849694,nazjam,Nazeer Jamal,"{'type': 'Point', 'coordinates': [-29.85190714, 31.03766918]}",#Durban #Rain #flood #baddrainage #drainage #kzn #dbn #kwazulunatal @ North Beach  https://t.co/CDwS96aTnb,en,[],['https://www.instagram.com/p/BFHq2OejRBD/'],[],0,0,0,"['durban', 'rain', 'flood', 'baddrainage', 'drainage', 'kzn', 'dbn', 'kwazulunatal']",[],https://twitter.com/nazjam/status/729048766771175429,False,,0,,,,,,,,[],,,,
729046682416074752,729046682416074752,2016-05-07 16:34:08 EDT,2016-05-07,16:34:08,-0400,43737138,wraithgames,Wraith Games,,"The #flood damage at @hamiltonmill_oh isn't looking too good. We don't know much about floods, though, so it might not be *that* bad?",en,"[{'screen_name': 'hamiltonmill_oh', 'name': 'the hamilton mill', 'id': '2239268479'}]",[],[],0,0,0,['flood'],[],https://twitter.com/wraithgames/status/729046682416074752,False,,0,,,,,,,,[],,,,
729041953841664000,729041953841664000,2016-05-07 16:15:21 EDT,2016-05-07,16:15:21,-0400,50069007,defragovuk,Defra UK,,"2 decades @EnvAgency work cleaning our waters, reducing #flood risk, helping wildlife &amp; reducing pollution #EUat20  https://t.co/AdiGgSxwfL",en,"[{'screen_name': 'envagency', 'name': 'environment agency', 'id': '47331384'}]",[],['https://pbs.twimg.com/media/Ch4Tyy7UkAAcmZ2.jpg'],5,41,30,"['flood', 'euat20']",[],https://twitter.com/DefraGovUK/status/729041953841664000,False,,1,https://pbs.twimg.com/media/Ch4Tyy7UkAAcmZ2.jpg,,,,,,,[],,,,
729031604270673920,729031604270673920,2016-05-07 15:34:13 EDT,2016-05-07,15:34:13,-0400,4715894776,dredhenderson,Dr Ed Henderson,,Actual #stormdesmond #carlisle #cumbria #flood (top) and EA flood risk map (bottom). @ActionFlood @EnvAgencyNW  https://t.co/g2srOjvXle,en,"[{'screen_name': 'actionflood', 'name': 'carlislefloodaction', 'id': '714403176288489472'}, {'screen_name': 'envagencynw', 'name': 'env agency nw', 'id': '236338186'}]",[],['https://pbs.twimg.com/media/Ch4KWYRWEAAB_3m.jpg'],0,4,2,"['stormdesmond', 'carlisle', 'cumbria', 'flood']",[],https://twitter.com/DrEdHenderson/status/729031604270673920,False,,1,https://pbs.twimg.com/media/Ch4KWYRWEAAB_3m.jpg,,,,,,,[],,,,
729011772783525888,729011772783525888,2016-05-07 14:15:25 EDT,2016-05-07,14:15:25,-0400,115740474,zerocoolanky,ANKIT  ZEROCOOL,,Sooooooooo heavy rain in #nairobi  #nairobirain  #flood…  https://t.co/7DOvMK11ZD,en,[],['https://www.instagram.com/p/BFHaCSjL8I5gw1LILWq6GqEtoZq5_Ihdv2m3K80/'],[],0,0,0,"['nairobi', 'nairobirain', 'flood']",[],https://twitter.com/ZerocoolAnky/status/729011772783525888,False,,0,,,,,,,,[],,,,
729008636651954176,728793891080687616,2016-05-07 14:02:57 EDT,2016-05-07,14:02:57,-0400,247462443,actadaptation,ACT Adaptation,,@Ebbwater @ICLRCanada @CTVNews Strange choice given ongoing BC #flood crises. Local govts facing costly crises w/o support #bcpoli #climate,en,"[{'screen_name': 'iclrcanada', 'name': 'glenn mcgillivray', 'id': '122387909'}, {'screen_name': 'ctvnews', 'name': 'ctv news', 'id': '203123011'}]",[],[],0,1,1,"['flood', 'bcpoli', 'climate']",[],https://twitter.com/ACTadaptation/status/729008636651954176,False,,0,,,,,,,,[],,,,
729000504508960772,729000504508960772,2016-05-07 13:30:39 EDT,2016-05-07,13:30:39,-0400,28409259,adjustersintl,Adjusters Intl.,,"If you have damaged property due to a recent #tornado or #flood, we can help 800.382.2468  https://t.co/DOO8FylAXm",en,[],['http://adjustersinternational.com'],[],0,0,0,"['tornado', 'flood']",[],https://twitter.com/AdjustersIntl/status/729000504508960772,False,,0,,,,,,,,[],,,,
728984582884855809,728984582884855809,2016-05-07 12:27:23 EDT,2016-05-07,12:27:23,-0400,360127428,hniainsurance,Houston National Ins Of America,,The Importance of Having Best #Flood #insurance in Houston Tx  https://t.co/NeL7ujIBKh,en,[],['http://www.houstonnationalinsurance.com/blog/importance-of-best-flood-insurance-in-houston-tx/'],[],0,0,0,"['flood', 'insurance']",[],https://twitter.com/HNIAInsurance/status/728984582884855809,False,,0,,,,,,,,[],,,,
728976695001153537,728976695001153537,2016-05-07 11:56:02 EDT,2016-05-07,11:56:02,-0400,1165308708,preppundit,PreparednessPundit,,"""#Flood"" (2007)  https://t.co/8H2S09d2Ig #PrepperTalk #preppers #doomsdaypreppers #prepping #Survivalist #disaster #storm",und,[],['http://goo.gl/ONtZU'],[],0,1,0,"['flood', 'preppertalk', 'preppers', 'doomsdaypreppers', 'prepping', 'survivalist', 'disaster', 'storm']",[],https://twitter.com/PrepPundit/status/728976695001153537,False,,0,,,,,,,,[],,,,
728971213733830658,728971213733830658,2016-05-07 11:34:15 EDT,2016-05-07,11:34:15,-0400,2298154898,virginia_agent,Virginia State agent,,River flood warnings continue for southern Virginia -  https://t.co/OUaMtNsxeq #flood  https://t.co/3FcdhN94yo,en,[],"['http://wtvr.com', 'http://dragplus.com/post/id/35113647']",[],0,0,0,['flood'],[],https://twitter.com/Virginia_agent/status/728971213733830658,False,,0,,,,,,,,[],,,,
728971211015917572,728971211015917572,2016-05-07 11:34:14 EDT,2016-05-07,11:34:14,-0400,2298154898,virginia_agent,Virginia State agent,,River flood warnings continue for southern Virginia -  https://t.co/OUaMtNsxeq #flood  https://t.co/EVPiGSgs6j,en,[],"['http://wtvr.com', 'http://dragplus.com/post/id/35113645']",[],0,0,0,['flood'],[],https://twitter.com/Virginia_agent/status/728971211015917572,False,,0,,,,,,,,[],,,,
728971208729989121,728971208729989121,2016-05-07 11:34:14 EDT,2016-05-07,11:34:14,-0400,2298154898,virginia_agent,Virginia State agent,,River flood warnings continue for southern Virginia -  https://t.co/OUaMtNsxeq #flood  https://t.co/X8aTUDWary,en,[],"['http://wtvr.com', 'http://dragplus.com/post/id/35113646']",[],0,0,0,['flood'],[],https://twitter.com/Virginia_agent/status/728971208729989121,False,,0,,,,,,,,[],,,,
728970335865974784,728970335865974784,2016-05-07 11:30:46 EDT,2016-05-07,11:30:46,-0400,222468030,envagencyyne,Environment Agency - Yorkshire & North East,,Come and see us in #Bingley on Tuesday at the latest @bradfordmdc #flood drop-in  https://t.co/7k7dd708jN  https://t.co/B4CleIoJZ0,en,"[{'screen_name': 'bradfordmdc', 'name': 'bradford council', 'id': '226334486'}]",['http://ow.ly/4npmz3'],['https://pbs.twimg.com/media/Ch3SqGDWwAEzcDB.jpg'],1,6,1,"['bingley', 'flood']",[],https://twitter.com/EnvAgencyYNE/status/728970335865974784,False,,1,https://pbs.twimg.com/media/Ch3SqGDWwAEzcDB.jpg,,,,,,,[],,,,
728968609083576321,728968609083576321,2016-05-07 11:23:54 EDT,2016-05-07,11:23:54,-0400,4436714293,thecaringtimes_,The Caring Times,,"Evakuasi banjir bandang, #bandung Selatan #Redcross #flood by palangmerah_indonesia  https://t.co/t7CP9uUIVX",in,[],[],['https://pbs.twimg.com/media/Ch3RFmqWUAQ5YAn.jpg'],0,1,0,"['bandung', 'redcross', 'flood']",[],https://twitter.com/TheCaringTimes_/status/728968609083576321,False,,1,https://pbs.twimg.com/media/Ch3RFmqWUAQ5YAn.jpg,,,,,,,[],,,,
728967415128838144,728967415128838144,2016-05-07 11:19:09 EDT,2016-05-07,11:19:09,-0400,68718170,sparklesponge,Sponge & Sparkle,,"As #Flood Risks Rise, Engineers, #Ecologists and Economists Come Together  https://t.co/dGlXrY6Njd",en,[],['http://buff.ly/1Vn8QXc'],[],0,0,0,"['flood', 'ecologists']",[],https://twitter.com/sparklesponge/status/728967415128838144,False,,0,,,,,,,,[],,,,
728957652357812224,728957652357812224,2016-05-07 10:40:22 EDT,2016-05-07,10:40:22,-0400,724734441264836609,protectsrvs,Pro-Tect Services,,What the South Carolina #flood looked like from space  https://t.co/4rcuHjiPx5 #environment,en,[],['http://buff.ly/1TwsuKu'],[],0,0,0,"['flood', 'environment']",[],https://twitter.com/protectsrvs/status/728957652357812224,False,,0,,,,,,,,[],,,,
728955301324533762,728955301324533762,2016-05-07 10:31:01 EDT,2016-05-07,10:31:01,-0400,274829987,wendifur_,Wendy,,Trapped in my car. #rain #flood  https://t.co/wDfNpmfoFr,en,[],['https://www.instagram.com/p/BFHAUUCpN6k/'],[],1,0,1,"['rain', 'flood']",[],https://twitter.com/wendifur_/status/728955301324533762,False,,0,,,,,,,,[],,,,
728951876868317185,728951876868317185,2016-05-07 10:17:25 EDT,2016-05-07,10:17:25,-0400,83875900,bedlamfury,Zashnain Zainal,,"Flash #flood in Putrajaya, Malaysia   https://t.co/6v7XUQzMPb",in,[],['https://twitter.com/bernamaradio/status/728945333393199104'],[],1,1,0,['flood'],[],https://twitter.com/bedlamfury/status/728951876868317185,False,https://twitter.com/bernamaradio/status/728945333393199104,0,,,,,,,,[],,,,
728949230266634240,728949230266634240,2016-05-07 10:06:54 EDT,2016-05-07,10:06:54,-0400,16548855,johnlundin,John Lundin 🌊,,"Heavy rain brings flooding, mudslides throughout SoCal |  https://t.co/CBClQi7fe6   https://t.co/wt2FVlsk8r #climate #California #flood",en,[],"['http://abc7.com', 'http://abc7.com/weather/severe-weather-causes-flooding-damage-in-ontario-/1327705/']",[],0,3,0,"['climate', 'california', 'flood']",[],https://twitter.com/johnlundin/status/728949230266634240,False,,0,,,,,,,,[],,,,
728948817152839681,728948817152839681,2016-05-07 10:05:15 EDT,2016-05-07,10:05:15,-0400,30906842,drtoday,Disaster Recovery,,"If you have damaged property due to a recent #tornado or #flood, we can help 800.382.2468  https://t.co/tXTA3I0pBs",en,[],['http://adjustersinternational.com'],[],0,0,0,"['tornado', 'flood']",[],https://twitter.com/DRToday/status/728948817152839681,False,,0,,,,,,,,[],,,,
728947805738373120,728947805738373120,2016-05-07 10:01:14 EDT,2016-05-07,10:01:14,-0400,28418039,adjustingtoday,Adjusting Today,,"If you have damaged property due to a recent #tornado or #flood, we can help 800.382.2468  https://t.co/Gk1U1PhCoL",en,[],['http://adjustersinternational.com'],[],0,0,0,"['tornado', 'flood']",[],https://twitter.com/AdjustingToday/status/728947805738373120,False,,0,,,,,,,,[],,,,
728937169528594432,728937169528594432,2016-05-07 09:18:58 EDT,2016-05-07,09:18:58,-0400,2395507958,_oscience,Open Science,,Floods as war weapons  https://t.co/hxHy4SvIdK @_OScience @EuroGeosciences #history #Netherlands #flood  https://t.co/9EnRPDJjSZ,en,"[{'screen_name': '_oscience', 'name': 'open science', 'id': '2395507958'}, {'screen_name': 'eurogeosciences', 'name': 'egu', 'id': '376790816'}]",['http://goo.gl/nQuaB1'],['https://pbs.twimg.com/media/CHJfUG0XIAA3KAE.jpg'],0,1,1,"['history', 'netherlands', 'flood']",[],https://twitter.com/_OScience/status/728937169528594432,False,,1,https://pbs.twimg.com/media/CHJfUG0XIAA3KAE.jpg,,,,,,,[],,,,
728936283280642048,728936283280642048,2016-05-07 09:15:27 EDT,2016-05-07,09:15:27,-0400,45610420,pc_360,PropertyCasualty360,,Surviving the 100-year #flood doesn't mean 99 years of safety  https://t.co/p5ZvSJwgSq #insurance #Houston  https://t.co/2YYlNekJFy,en,[],['http://ow.ly/4mZGIU'],['https://pbs.twimg.com/media/Ch2zr-hVEAUHxPF.jpg'],1,2,1,"['flood', 'insurance', 'houston']",[],https://twitter.com/PC_360/status/728936283280642048,False,,1,https://pbs.twimg.com/media/Ch2zr-hVEAUHxPF.jpg,,,,,,,[],,,,
728934700803231748,728934700803231748,2016-05-07 09:09:10 EDT,2016-05-07,09:09:10,-0400,728853379695288320,the_wiki_page,Wiki Pages,,"#Flood #Control #Act #of #1939 -&gt;  https://t.co/FL4Mkyrc3D (This page was last modified on 16 February 2015, at 03:25.)",en,[],['http://wiki.miste.uk/k'],[],0,0,0,"['flood', 'control', 'act', 'of']",[],https://twitter.com/The_Wiki_Page/status/728934700803231748,False,,0,,,,,,,,[],,,,
728933301415759872,728933301415759872,2016-05-07 09:03:36 EDT,2016-05-07,09:03:36,-0400,712453724585775104,dsolutionsllc,disastersolutionsllc,,Good morning #Disaster Solutions #community! Get your #family #prepared today at  https://t.co/s1AnDL9hrp #emergency #flood #tornado #storm,en,[],['http://ift.tt/1UWwHg2'],[],0,0,0,"['disaster', 'community', 'family', 'prepared', 'emergency', 'flood', 'tornado', 'storm']",[],https://twitter.com/dsolutionsllc/status/728933301415759872,False,,0,,,,,,,,[],,,,
728917958664261632,728917958664261632,2016-05-07 08:02:38 EDT,2016-05-07,08:02:38,-0400,707872392882864129,stormiahq,Stormia,,#Wyoming you have two #weather #alerts ! #flood and #winterstorm - check Stormia.io to see when!  https://t.co/3UCn0fSBq6,en,[],[],"['https://pbs.twimg.com/media/Ch2jAu5WwAAu9H1.jpg', 'https://pbs.twimg.com/media/Ch2jAu6WMAAHFL7.jpg']",0,0,0,"['wyoming', 'weather', 'alerts', 'flood', 'winterstorm']",[],https://twitter.com/StormiaHQ/status/728917958664261632,False,,1,https://pbs.twimg.com/media/Ch2jAu5WwAAu9H1.jpg,,,,,,,[],,,,
728915742783995904,728915742783995904,2016-05-07 07:53:50 EDT,2016-05-07,07:53:50,-0400,1597451437,lanamontalban,Lana Montalban,,"Tumbas abiertas, féretros flotando por inundaciones en Louisiana #EEUU #Louisiana #flooding #flood #inundaciones   https://t.co/m9mtagFsfT",es,[],['https://twitter.com/cbsnews/status/728789204789018624'],[],0,0,0,"['eeuu', 'louisiana', 'flooding', 'flood', 'inundaciones']",[],https://twitter.com/LanaMontalban/status/728915742783995904,False,https://twitter.com/cbsnews/status/728789204789018624,0,,,,,,,,[],,,,
728910517843181568,728910517843181568,2016-05-07 07:33:04 EDT,2016-05-07,07:33:04,-0400,199023352,atahar,Ahmed Tahar,,What the South Carolina #flood looked like from space  https://t.co/qGZhKS5gjy #environment,en,[],['http://on.mash.to/1NmCAkD'],[],0,0,0,"['flood', 'environment']",[],https://twitter.com/atahar/status/728910517843181568,False,,0,,,,,,,,[],,,,
728899853485494272,728899853485494272,2016-05-07 06:50:42 EDT,2016-05-07,06:50:42,-0400,2882592609,oliverharmarea,Oliver Harmar,,Study shows why good #flood #models of flows through bridges so important to understanding risk #floodaware  https://t.co/I099b9nZXk,en,[],['https://twitter.com/DrEdHenderson/status/728623153535176706'],[],0,4,2,"['flood', 'models', 'floodaware']",[],https://twitter.com/OliverHarmarEA/status/728899853485494272,False,https://twitter.com/DrEdHenderson/status/728623153535176706,0,,,,,,,,[],,,,
728894536689299456,728894536689299456,2016-05-07 06:29:34 EDT,2016-05-07,06:29:34,-0400,2550516230,crocodilefs,Crocodile,,Retweeted John Curtin (@johncurtinEA):  Some pretty fierce thunderstorms tomorrow bring heightened #flood risk to...  https://t.co/HMdpJyWEku,en,"[{'screen_name': 'johncurtinea', 'name': 'john curtin', 'id': '707582186'}]",['http://fb.me/4T1TCAkpB'],[],0,0,0,['flood'],[],https://twitter.com/CrocodileFS/status/728894536689299456,False,,0,,,,,,,,[],,,,
728889930139709440,728889930139709440,2016-05-07 06:11:16 EDT,2016-05-07,06:11:16,-0400,9341082,amazoncares,Amazon CARES Charity,,You can help us build a new shelter that won't #flood!   https://t.co/yn3MukPqKp!  #charity #animalrescue  https://t.co/zcXCN1ZnwU,en,[],['http://bitly.com/newshelterPeru'],['https://pbs.twimg.com/media/Ch2Jh3iXAAAD6L1.jpg'],0,9,4,"['flood', 'charity', 'animalrescue']",[],https://twitter.com/AmazonCares/status/728889930139709440,False,,1,https://pbs.twimg.com/media/Ch2Jh3iXAAAD6L1.jpg,,,,,,,[],,,,
728888272215248897,728888272215248897,2016-05-07 06:04:40 EDT,2016-05-07,06:04:40,-0400,2917765289,bristoluniwater,Water @ Bristol Uni.,,"Now in GRL: #Flood mechanisms across the US by @wberghuijs, @huttonchrisj @rosswoodskiwi  https://t.co/E02PAcKHVa  https://t.co/gvEs277h5t",en,"[{'screen_name': 'wberghuijs', 'name': 'wouter berghuijs', 'id': '2335261638'}, {'screen_name': 'huttonchrisj', 'name': 'christopher hutton', 'id': '3058608183'}, {'screen_name': 'rosswoodskiwi', 'name': 'ross woods', 'id': '2905402179'}]",['http://onlinelibrary.wiley.com/doi/10.1002/2016GL068070/full'],['https://pbs.twimg.com/media/Ch2HuxTWkAA_ybI.jpg'],0,5,0,['flood'],[],https://twitter.com/BristolUniWater/status/728888272215248897,False,,1,https://pbs.twimg.com/media/Ch2HuxTWkAA_ybI.jpg,,,,,,,[],,,,
728865838967738368,728865838967738368,2016-05-07 04:35:32 EDT,2016-05-07,04:35:32,-0400,4738378115,adeymayhew_,Adrian Mayhew,,Cornwall flood team doing boat session this week #flood #sar #lifesaving #slsgb @surflifesaving  https://t.co/cKJjwJvUOR,en,"[{'screen_name': 'surflifesaving', 'name': 'surf life saving gb', 'id': '82087221'}]",[],['https://pbs.twimg.com/media/Ch1zmsxWMAAc4cd.jpg'],0,2,3,"['flood', 'sar', 'lifesaving', 'slsgb']",[],https://twitter.com/adeymayhew_/status/728865838967738368,False,,1,https://pbs.twimg.com/media/Ch1zmsxWMAAc4cd.jpg,,,,,,,[],,,,
728862907996475392,728862907996475392,2016-05-07 04:23:53 EDT,2016-05-07,04:23:53,-0400,2958049859,floodriskfinder,Flood Risk Finder,,V1.1 @FloodRiskFinder out today 4 #ios #apple soon #android now includes #live #flood #risks &amp; sea defence mapping!  https://t.co/kjLIMAEHpd,en,"[{'screen_name': 'floodriskfinder', 'name': 'flood risk finder', 'id': '2958049859'}]",[],[],0,5,1,"['ios', 'apple', 'android', 'live', 'flood', 'risks']",[],https://twitter.com/FloodRiskFinder/status/728862907996475392,False,,1,https://pbs.twimg.com/ext_tw_video_thumb/728862847200038912/pu/img/W_2vt73tKzvuObUY.jpg,,,,,,,[],,,,
728850554634395648,728850554634395648,2016-05-07 03:34:48 EDT,2016-05-07,03:34:48,-0400,341316269,depechemodeclub,Depeche Mode ClubMX,,"#BrianEno será el productor del nuevo disco de #DepecheMode. Coproductores #DanielLanois y #Flood Foto en LA, EEUU.  https://t.co/4ZNUU6SBEG",es,[],[],['https://pbs.twimg.com/media/Ch1lt5kVEAAEA6r.jpg'],5,14,15,"['brianeno', 'depechemode', 'daniellanois', 'flood']",[],https://twitter.com/DepecheModeClub/status/728850554634395648,False,,1,https://pbs.twimg.com/media/Ch1lt5kVEAAEA6r.jpg,,,,,,,[],,,,
728841601510998017,728841601510998017,2016-05-07 02:59:13 EDT,2016-05-07,02:59:13,-0400,138982573,water_enigma,HydroInformatics,,RT WaterEngLab: RT johncurtinEA: Reducing #flood risk in #Oxford will look to increasing flood plain storage to we…  https://t.co/Uvv3jvpU2q,en,[],[],"['https://pbs.twimg.com/media/ChyjAF7WkAEIlco.jpg', 'https://pbs.twimg.com/media/ChyjAKfWwAAUMId.jpg', 'https://pbs.twimg.com/media/ChyjASxXIAAKws2.jpg', 'https://pbs.twimg.com/media/ChyjATZW0AAmKlg.jpg']",0,1,12,"['flood', 'oxford']",[],https://twitter.com/Water_Enigma/status/728841601510998017,False,,1,https://pbs.twimg.com/media/ChyjAF7WkAEIlco.jpg,,,,,,,[],,,,
728838936248864768,728838936248864768,2016-05-07 02:48:38 EDT,2016-05-07,02:48:38,-0400,3437095019,intelh2o,SmartWaterEngineering,,WaterEngLab: RT johncurtinEA: Reducing #flood risk in #Oxford will look to increasing flood plain storage to west …  https://t.co/Wx9SUtHzAW,en,[],[],"['https://pbs.twimg.com/media/ChyjAF7WkAEIlco.jpg', 'https://pbs.twimg.com/media/ChyjAKfWwAAUMId.jpg', 'https://pbs.twimg.com/media/ChyjASxXIAAKws2.jpg', 'https://pbs.twimg.com/media/ChyjATZW0AAmKlg.jpg']",1,2,11,"['flood', 'oxford']",[],https://twitter.com/IntelH2O/status/728838936248864768,False,,1,https://pbs.twimg.com/media/ChyjAF7WkAEIlco.jpg,,,,,,,[],,,,
728838475953360896,728838475953360896,2016-05-07 02:46:48 EDT,2016-05-07,02:46:48,-0400,4044420077,rollingstoneh2o,EarthSurfaceHazards,,WaterEngLab: RT johncurtinEA: Reducing #flood risk in #Oxford will look to increasing flood plain storage to west …  https://t.co/mEAzQrhQt4,en,[],[],"['https://pbs.twimg.com/media/ChyjAF7WkAEIlco.jpg', 'https://pbs.twimg.com/media/ChyjAKfWwAAUMId.jpg', 'https://pbs.twimg.com/media/ChyjASxXIAAKws2.jpg', 'https://pbs.twimg.com/media/ChyjATZW0AAmKlg.jpg']",0,1,11,"['flood', 'oxford']",[],https://twitter.com/RollingStoneH2O/status/728838475953360896,False,,1,https://pbs.twimg.com/media/ChyjAF7WkAEIlco.jpg,,,,,,,[],,,,
728838472279142400,728838472279142400,2016-05-07 02:46:47 EDT,2016-05-07,02:46:47,-0400,359288159,floodadviceuk,Warwick York Chartered Surveyors,,Today's Free copy of The Ark is out! Subscribe for free for daily Twitter and email update links  #flood #ukfloods    https://t.co/wRJShBylru,en,[],['http://paper.li/FloodAdviceUK/1398519991?edition_id=76d326b0-141f-11e6-a94e-0cc47a0d15fd'],[],0,0,0,"['flood', 'ukfloods']",[],https://twitter.com/FloodAdviceUK/status/728838472279142400,False,,0,,,,,,,,[],,,,
728833275792338944,728833275792338944,2016-05-07 02:26:08 EDT,2016-05-07,02:26:08,-0400,74962376,satyavrata9,Satyavrata,,A #flood #warning_system in Nepal that India can replicate   https://t.co/SNms3I8i2b,en,[],['http://www.business-standard.com/article/news-ians/a-flood-warning-system-in-nepal-that-india-can-replicate-116050500691_1.html#.Vy2KX6VSuo8.twitter'],[],0,0,0,"['flood', 'warning_system']",[],https://twitter.com/satyavrata9/status/728833275792338944,False,,0,,,,,,,,[],,,,
728827810798768128,728827810798768128,2016-05-07 02:04:25 EDT,2016-05-07,02:04:25,-0400,303999750,andynbrown16,Andy Brown 💙,,Thinking of Celia #CumbriaFloodsPartnership doing @k2bwalk today for @cumbriacf #flood recovery fund @EnvAgencyNW  https://t.co/lJwg6dmBgy,en,"[{'screen_name': 'k2bwalk', 'name': 'keswick 2 barrow', 'id': '110138778'}, {'screen_name': 'cumbriacf', 'name': 'cumbria foundation', 'id': '138377616'}, {'screen_name': 'envagencynw', 'name': 'env agency nw', 'id': '236338186'}]",[],['https://pbs.twimg.com/media/Ch1Q_vZXAAEOGCi.jpg'],0,4,1,"['cumbriafloodspartnership', 'flood']",[],https://twitter.com/AndynBrown16/status/728827810798768128,False,,1,https://pbs.twimg.com/media/Ch1Q_vZXAAEOGCi.jpg,,,,,,,[],,,,
728815767538552832,728815767538552832,2016-05-07 01:16:34 EDT,2016-05-07,01:16:34,-0400,21706413,skyweatheraus,Sky News Weather,,MAJOR rain event #australia we would love to hear how it's affecting you #rain #flood  @SkyNewsAust  https://t.co/3VRY7bgfLy (@jaynieseal),en,"[{'screen_name': 'skynewsaust', 'name': 'sky news australia', 'id': '16834659'}, {'screen_name': 'jaynieseal', 'name': 'jaynie seal', 'id': '219868736'}]",[],['https://pbs.twimg.com/media/Ch1GERjUYAAzqYX.jpg'],1,2,3,"['australia', 'rain', 'flood']",[],https://twitter.com/SkyWeatherAUS/status/728815767538552832,False,,1,https://pbs.twimg.com/media/Ch1GERjUYAAzqYX.jpg,,,,,,,[],,,,
728815762723381252,728815762723381252,2016-05-07 01:16:33 EDT,2016-05-07,01:16:33,-0400,219868736,jaynieseal,JAYNIE SEAL,,MAJOR rain event #australia we would love to hear how it's affecting you #rain #flood @skyweatheraus @SkyNewsAust  https://t.co/xLkBRmShCm,en,"[{'screen_name': 'skyweatheraus', 'name': 'sky news weather', 'id': '21706413'}, {'screen_name': 'skynewsaust', 'name': 'sky news australia', 'id': '16834659'}]",[],['https://pbs.twimg.com/media/Ch1GERjUYAAzqYX.jpg'],3,2,18,"['australia', 'rain', 'flood']",[],https://twitter.com/jaynieseal/status/728815762723381252,False,,1,https://pbs.twimg.com/media/Ch1GERjUYAAzqYX.jpg,,,,,,,[],,,,
728790824289325056,728790824289325056,2016-05-06 23:37:27 EDT,2016-05-06,23:37:27,-0400,428556919,ewnalerts,EWN Alerts,,NT Flood Watch for Western and Eastern Inland Rivers. #flood #NT  https://t.co/4kdByRIeBs,en,[],['http://bit.ly/1TtBpf8'],[],0,1,0,"['flood', 'nt']",[],https://twitter.com/EWNAlerts/status/728790824289325056,False,,0,,,,,,,,[],,,,
728783956464832514,728783956464832514,2016-05-06 23:10:10 EDT,2016-05-06,23:10:10,-0400,2419469653,rvplusyou,RVs For Rent,,The power of water -  https://t.co/irZa4GVhyT #Flood #River #FlashFlood,en,[],['http://ow.ly/4nr3Qc'],[],0,0,0,"['flood', 'river', 'flashflood']",[],https://twitter.com/RVPlusYou/status/728783956464832514,False,,0,,,,,,,,[],,,,
728783030030999552,728783030030999552,2016-05-06 23:06:29 EDT,2016-05-06,23:06:29,-0400,428556919,ewnalerts,EWN Alerts,,WA Flood Watch for Kimberley District. #flood #WA  https://t.co/Ui3GUCEv8d,en,[],['http://bit.ly/24CM3s4'],[],0,0,0,"['flood', 'wa']",[],https://twitter.com/EWNAlerts/status/728783030030999552,False,,0,,,,,,,,[],,,,
728776004919922688,728776004919922688,2016-05-06 22:38:34 EDT,2016-05-06,22:38:34,-0400,307536413,sethalley,Seth Alley,,Cars flooded outside my office. #badweater #flood #flooding #office #tgif #californiaweather…  https://t.co/cVyFewHzgm,en,[],['https://www.instagram.com/p/BFFu0Ucus8g/'],[],0,0,1,"['badweater', 'flood', 'flooding', 'office', 'tgif', 'californiaweather']",[],https://twitter.com/sethalley/status/728776004919922688,False,,0,,,,,,,,[],,,,
728757323519434752,728757323519434752,2016-05-06 21:24:20 EDT,2016-05-06,21:24:20,-0400,596725119,nwscheyenne,NWS Cheyenne,,Flash #Flood Warning SE Platte County WY until 915 PM MDT. 3+ in. of rain has fallen past 2 hrs w/ another 1-2 in. possible. #wywx,en,[],[],[],0,0,0,"['flood', 'wywx']",[],https://twitter.com/NWSCheyenne/status/728757323519434752,False,,0,,,,,,,,[],,,,
728753479376732160,728753479376732160,2016-05-06 21:09:03 EDT,2016-05-06,21:09:03,-0400,428556919,ewnalerts,EWN Alerts,,SA Flood Watch for NW &amp; NE Pastoral Districts. #flood #SA  https://t.co/S5j1fd2Pj4,en,[],['http://bit.ly/1WdZCfX'],[],0,0,0,"['flood', 'sa']",[],https://twitter.com/EWNAlerts/status/728753479376732160,False,,0,,,,,,,,[],,,,
728750719994466308,728750719994466308,2016-05-06 20:58:05 EDT,2016-05-06,20:58:05,-0400,428556919,ewnalerts,EWN Alerts,,NSW Flood Watch for Tumut River. #flood #NSW  https://t.co/UpTF4rO5Bw,en,[],['http://bit.ly/1WdYHMx'],[],0,0,0,"['flood', 'nsw']",[],https://twitter.com/EWNAlerts/status/728750719994466308,False,,0,,,,,,,,[],,,,
728750115754672128,728750115754672128,2016-05-06 20:55:41 EDT,2016-05-06,20:55:41,-0400,3121974061,troycpope,Troy Pope,,Flash #flood warning in affect for #Fresno. Drive safe.  https://t.co/14uRpXevLm,en,[],[],['https://pbs.twimg.com/media/Ch0KOLYU4AAIq6_.jpg'],0,0,0,"['flood', 'fresno']",[],https://twitter.com/troycpope/status/728750115754672128,False,,1,https://pbs.twimg.com/media/Ch0KOLYU4AAIq6_.jpg,,,,,,,[],,,,
728749520582909952,728745098024914944,2016-05-06 20:53:19 EDT,2016-05-06,20:53:19,-0400,90800463,tee_haw,Tara,,@AimeeNadeau_ANR @jarsofclay #interesting #flood,und,"[{'screen_name': 'jarsofclay', 'name': 'jars of clay', 'id': '18278524'}]",[],[],0,0,0,"['interesting', 'flood']",[],https://twitter.com/tee_haw/status/728749520582909952,False,,0,,,,,,,,[],,,,
728743409498775552,728743409498775552,2016-05-06 20:29:02 EDT,2016-05-06,20:29:02,-0400,85303539,frogsnbooks,Magz Heat,,Coastal flooding at Shem Creek #flood #lunartides #floodthefuckup #imaweighitdown @misskt88…  https://t.co/XFThDNILA5,en,"[{'screen_name': 'misskt88', 'name': 'katie heatley', 'id': '20120168'}]",['https://www.instagram.com/p/BFFf_l8yKCa/'],[],0,0,0,"['flood', 'lunartides', 'floodthefuckup', 'imaweighitdown']",[],https://twitter.com/frogsnbooks/status/728743409498775552,False,,0,,,,,,,,[],,,,
728739892319096833,728739892319096833,2016-05-06 20:15:04 EDT,2016-05-06,20:15:04,-0400,2600539723,servprocasper,Servpro of Casper,,We are suppose to get a lot of moisture in the next few days. Make sure you inspect your sump pump. #Rain #Flood  https://t.co/yxWdXwFySE,en,[],[],['https://pbs.twimg.com/media/Ch0BEhyXAAABFS9.jpg'],0,2,1,"['rain', 'flood']",[],https://twitter.com/ServproCasper/status/728739892319096833,False,,1,https://pbs.twimg.com/media/Ch0BEhyXAAABFS9.jpg,,,,,,,[],,,,
728739683715448832,728739683715448832,2016-05-06 20:14:14 EDT,2016-05-06,20:14:14,-0400,350818099,anaphorre,Αnaïs 🍍,,Mercii @pubrpgdesign !! #blackpineapple #flood ! 😘  https://t.co/vAccaCYKV0,fr,"[{'screen_name': 'pubrpgdesign', 'name': 'pub rpg design', 'id': '4746442995'}]",[],['https://pbs.twimg.com/media/Ch0AuAVWsAAT-9R.jpg'],0,0,0,"['blackpineapple', 'flood']",[],https://twitter.com/anaphorre/status/728739683715448832,False,,1,https://pbs.twimg.com/media/Ch0AuAVWsAAT-9R.jpg,,,,,,,[],,,,
