id,conversation_id,created_at,date,time,timezone,user_id,username,name,place,tweet,language,mentions,urls,photos,replies_count,retweets_count,likes_count,hashtags,cashtags,link,retweet,quote_url,video,thumbnail,near,geo,source,user_rt_id,user_rt,retweet_id,reply_to,retweet_date,translate,trans_src,trans_dest
731633449946189825,731633449946189825,2016-05-14 19:53:02 EDT,2016-05-14,19:53:02,-0400,711561843379212288,kenyabiashara,Kenya Business,,"#Flood #Disaster #Management project now launched:  https://t.co/7jGUCSjGKh,  https://t.co/vPNcc7FdFK",en,[],"['http://www.mambolook.com/kenya/business/corporate/management', 'http://www.mambolook.com/kenya']",[],0,0,0,"['flood', 'disaster', 'management']",[],https://twitter.com/KenyaBiashara/status/731633449946189825,False,,0,,,,,,,,[],,,,
731629768131502080,731629768131502080,2016-05-14 19:38:24 EDT,2016-05-14,19:38:24,-0400,4716117841,musicsmenu,MusicIsOnTheMenu,,"Austin Food &amp; Wine, Levitation, &amp; now Untapped Beer Festival all cancelled. Jeeeez. ""Can't stop the rain against my window"" #Austin #flood",en,[],[],[],0,0,0,"['austin', 'flood']",[],https://twitter.com/musicsmenu/status/731629768131502080,False,,0,,,,,,,,[],,,,
731625832922251265,731625832922251265,2016-05-14 19:22:46 EDT,2016-05-14,19:22:46,-0400,74778145,yungmba,Jason Okorocha,,Why the fuck did I not know about it flooding til I was already at the #Galleria mall #htx #flood #repeat my engine didn't survive 4/18,en,[],[],[],0,0,0,"['galleria', 'htx', 'flood', 'repeat']",[],https://twitter.com/yuNgmBA/status/731625832922251265,False,,0,,,,,,,,[],,,,
731625143202500608,731625143202500608,2016-05-14 19:20:01 EDT,2016-05-14,19:20:01,-0400,396361713,josephforecast,Joseph Dames,,Passing thunderstorms in NE Oregon/SE Washington could bring some heavy rain. #Flood Watches for green shaded areas.  https://t.co/3337AduHBu,en,[],[],"['https://pbs.twimg.com/media/CidBMJpUYAAKajP.jpg', 'https://pbs.twimg.com/media/CidBMJ1VAAAuDLT.jpg']",0,2,0,['flood'],[],https://twitter.com/JosephForecast/status/731625143202500608,False,,1,https://pbs.twimg.com/media/CidBMJpUYAAKajP.jpg,,,,,,,[],,,,
731623439287492608,731623439287492608,2016-05-14 19:13:15 EDT,2016-05-14,19:13:15,-0400,64916434,stevenpolunsky,Steven Polunsky,,"As the #flood waters rose, Mrs. Snow and the Two-Tone Zydeco struck up ""Louisiana 1929"" #ATXwx @intermultfest  https://t.co/ee33yeeMLp",en,"[{'screen_name': 'intermultfest', 'name': 'inter multi festival', 'id': '2991039323'}]",[],['https://pbs.twimg.com/media/Cic_pBBVEAAUsjE.jpg'],0,0,1,"['flood', 'atxwx']",[],https://twitter.com/StevenPolunsky/status/731623439287492608,False,,1,https://pbs.twimg.com/media/Cic_pBBVEAAUsjE.jpg,,,,,,,[],,,,
731618317476057089,731618317476057089,2016-05-14 18:52:54 EDT,2016-05-14,18:52:54,-0400,14592079,drjimfox26,DrJimFox26,,Flash #Flood warnings for #Houston &amp; SE #Texas with more rain on the way. #BeSafe #Fox26Houston #txwx  https://t.co/zuPSr8QZw8,en,[],[],['https://pbs.twimg.com/media/Cic6-7hUgAAyTSr.jpg'],1,2,4,"['flood', 'houston', 'texas', 'besafe', 'fox26houston', 'txwx']",[],https://twitter.com/DrJimFox26/status/731618317476057089,False,,1,https://pbs.twimg.com/media/Cic6-7hUgAAyTSr.jpg,,,,,,,[],,,,
731617743473102848,731617743473102848,2016-05-14 18:50:37 EDT,2016-05-14,18:50:37,-0400,4265136297,halingauthor,L.S. Berthelsen,,Bee Creek over banks #flood #lakertravis  https://t.co/t2yc9nrotK,en,[],['https://www.instagram.com/p/BFZ7GCPCpYp/'],[],0,0,0,"['flood', 'lakertravis']",[],https://twitter.com/halingauthor/status/731617743473102848,False,,0,,,,,,,,[],,,,
731613773832708096,731613773832708096,2016-05-14 18:34:51 EDT,2016-05-14,18:34:51,-0400,3192053926,todd512tv,Todd Bailey,,"Low water crossing @ Old Bee Caves Rd. Remember ""turn around, don't drown"" #kxan #atxwx #atxweather #flood  https://t.co/91zRVcIqC5",en,[],[],['https://pbs.twimg.com/media/Cic21_PVAAAnPYJ.jpg'],0,3,1,"['kxan', 'atxwx', 'atxweather', 'flood']",[],https://twitter.com/Todd512tv/status/731613773832708096,False,,1,https://pbs.twimg.com/media/Cic21_PVAAAnPYJ.jpg,,,,,,,[],,,,
731613198697279488,731613198697279488,2016-05-14 18:32:33 EDT,2016-05-14,18:32:33,-0400,1658086975,kayo4hire,K.A.Y.O Da Konspiracy,,Only in the H #Houston #flood #floating #funny #whitepeople #crazy  https://t.co/mnNsJWXmF8,en,[],['https://www.instagram.com/p/BFZ5BuUOXpm/'],[],0,0,0,"['houston', 'flood', 'floating', 'funny', 'whitepeople', 'crazy']",[],https://twitter.com/kayo4hire/status/731613198697279488,False,,0,,,,,,,,[],,,,
731612709242966020,731612709242966020,2016-05-14 18:30:37 EDT,2016-05-14,18:30:37,-0400,2344047319,killebrewins,Killebrew Insurance,,"Homeowners #insurance does not cover #flood, #earthquake, sewer backups or lack of maintenance damages.  https://t.co/C8HgEnw8vn",en,[],['http://ow.ly/l0OS30077uw'],[],0,0,0,"['insurance', 'flood', 'earthquake']",[],https://twitter.com/KillebrewIns/status/731612709242966020,False,,0,,,,,,,,[],,,,
731609428634439685,731609428634439685,2016-05-14 18:17:35 EDT,2016-05-14,18:17:35,-0400,1924046688,apocalypticpost,Apocalyptic Fiction,,ARkStorm by prepper fiction author Ron Foster Book Trailer:  https://t.co/4qNggVOEY8 via @YouTube #ARkStorm #preppers #prepper  #flood,en,"[{'screen_name': 'youtube', 'name': 'youtube', 'id': '10228272'}]",['http://youtu.be/nFeaOj3ngDo?list=UUmXsYthWqCj5n4w-xj-Alng'],[],0,0,0,"['arkstorm', 'preppers', 'prepper', 'flood']",[],https://twitter.com/ApocalypticPost/status/731609428634439685,False,,0,,,,,,,,[],,,,
731606092904534016,731606092904534016,2016-05-14 18:04:19 EDT,2016-05-14,18:04:19,-0400,2603142410,botgcrise,RoBot Gestion Crise,,#photography #trees #cognac #charentemaritime #flood #inondation #mirror #reflection #longexposure #leefilters #can…  https://t.co/3NVpefjPLx,und,[],[],['https://pbs.twimg.com/media/Cicv3XCXEAAKYcH.jpg'],0,1,0,"['photography', 'trees', 'cognac', 'charentemaritime', 'flood', 'inondation', 'mirror', 'reflection', 'longexposure', 'leefilters', 'can']",[],https://twitter.com/BotGCrise/status/731606092904534016,False,,1,https://pbs.twimg.com/media/Cicv3XCXEAAKYcH.jpg,,,,,,,[],,,,
731606079814180864,731606079814180864,2016-05-14 18:04:16 EDT,2016-05-14,18:04:16,-0400,2603142410,botgcrise,RoBot Gestion Crise,,#photography #cognac #inondation #flood #charentemaritime #trees #mirror #reflection #longexposure #leefilters #can…  https://t.co/a6lvLXICyR,und,[],[],['https://pbs.twimg.com/media/Cicv2mrWkAAoABA.jpg'],0,1,0,"['photography', 'cognac', 'inondation', 'flood', 'charentemaritime', 'trees', 'mirror', 'reflection', 'longexposure', 'leefilters', 'can']",[],https://twitter.com/BotGCrise/status/731606079814180864,False,,1,https://pbs.twimg.com/media/Cicv2mrWkAAoABA.jpg,,,,,,,[],,,,
731595451087130624,731595451087130624,2016-05-14 17:22:02 EDT,2016-05-14,17:22:02,-0400,263244232,gostrategic,Strategic Inspection,,After the #flood: not a novel title. #FEMA #inspection #reserve  https://t.co/1EPLISVSQQ @MeetTheRisks @FEMA  https://t.co/X1Z5DzCeSR,en,"[{'screen_name': 'fema', 'name': 'fema', 'id': '16669075'}]",['http://linkd.in/1B0fKXI'],['https://pbs.twimg.com/media/CicmL6TWEAI38U6.jpg'],0,0,0,"['flood', 'fema', 'inspection', 'reserve']",[],https://twitter.com/GoStrategic/status/731595451087130624,False,,1,https://pbs.twimg.com/media/CicmL6TWEAI38U6.jpg,,,,,,,[],,,,
731587197871226881,731587197871226881,2016-05-14 16:49:14 EDT,2016-05-14,16:49:14,-0400,3373955981,morecast_usa,Morecast USA,,"Slow-moving #storms producing flooding rains in parts of #Texas!  Turn around, don't drown #flood #txwx  https://t.co/Cf6p5s5JDG",en,[],['https://twitter.com/tornadotrackers/status/731575520517709824'],[],0,1,0,"['storms', 'texas', 'flood', 'txwx']",[],https://twitter.com/Morecast_USA/status/731587197871226881,False,https://twitter.com/tornadotrackers/status/731575520517709824,0,,,,,,,,[],,,,
731575436916981761,731575436916981761,2016-05-14 16:02:30 EDT,2016-05-14,16:02:30,-0400,2799021666,cwwpaintings,Cody Wheelock,,Artwork stacked up in the bedroom while we figure out the studio situation #studio #flood #art #omaha #paintings #g…  https://t.co/28x3ytDHQ1,en,[],[],['https://pbs.twimg.com/media/CicT-8aXAAAcDuB.jpg'],0,0,2,"['studio', 'flood', 'art', 'omaha', 'paintings', 'g']",[],https://twitter.com/cwwpaintings/status/731575436916981761,False,,1,https://pbs.twimg.com/media/CicT-8aXAAAcDuB.jpg,,,,,,,[],,,,
731575416289263616,731575416289263616,2016-05-14 16:02:25 EDT,2016-05-14,16:02:25,-0400,748490408,wheelockp_p,Wheelock P & P,,Artwork stacked up in the bedroom while we figure out the studio situation #studio #flood #art #omaha #paintings...  https://t.co/2GHE2hJxEe,en,[],['http://fb.me/526nRh38u'],[],0,0,0,"['studio', 'flood', 'art', 'omaha', 'paintings']",[],https://twitter.com/WheelockP_P/status/731575416289263616,False,,0,,,,,,,,[],,,,
731575400900370432,731575400900370432,2016-05-14 16:02:22 EDT,2016-05-14,16:02:22,-0400,2799021666,cwwpaintings,Cody Wheelock,,Artwork stacked up in the bedroom while we figure out the studio situation #studio #flood #art…  https://t.co/3wbsVI8UOI,en,[],['https://www.instagram.com/p/BFZn1kTs6ue/'],[],0,0,0,"['studio', 'flood', 'art']",[],https://twitter.com/cwwpaintings/status/731575400900370432,False,,0,,,,,,,,[],,,,
731574648597438464,731574648597438464,2016-05-14 15:59:22 EDT,2016-05-14,15:59:22,-0400,158629030,thenickjensen,Nick Jensen,,@idarbwire #wscn #flood,und,[],[],[],0,0,0,"['wscn', 'flood']",[],https://twitter.com/thenickjensen/status/731574648597438464,False,,0,,,,,,,,[],,,,
731560902885924864,731560902885924864,2016-05-14 15:04:45 EDT,2016-05-14,15:04:45,-0400,2460217315,police_driving,Police Driving,,"Flash #Flood Warning for Travis, Williamson until 5pm. No surprise given rain rates here. #txwx  https://t.co/y3ptTHOM8W",en,[],['https://inws.ncep.noaa.gov/a/a.php?i=2860676'],[],0,0,0,"['flood', 'txwx']",[],https://twitter.com/Police_Driving/status/731560902885924864,False,,0,,,,,,,,[],,,,
731560108245852160,731560108245852160,2016-05-14 15:01:36 EDT,2016-05-14,15:01:36,-0400,176414219,floodmodeller,Flood Modeller,,New to #flood risk modelling? Register for our upcoming training course  https://t.co/DUfZ35zgXo,en,[],['http://ow.ly/wbat3002c3Y'],[],0,0,0,['flood'],[],https://twitter.com/FloodModeller/status/731560108245852160,False,,0,,,,,,,,[],,,,
731557994207531008,731557994207531008,2016-05-14 14:53:12 EDT,2016-05-14,14:53:12,-0400,232657094,emerg_nc,@EMERG_NC,,For a #WaterDamage #PropertyDamage #Flood #Storm #Emergency Call 919 EMERG-NC  https://t.co/flB84AltO6,en,[],[],[],0,0,0,"['waterdamage', 'propertydamage', 'flood', 'storm', 'emergency']",[],https://twitter.com/EMERG_NC/status/731557994207531008,False,,1,https://pbs.twimg.com/ext_tw_video_thumb/731557949617803266/pu/img/XoG-mTfSmV5PxNNw.jpg,,,,,,,[],,,,
731556223498223618,731556223498223618,2016-05-14 14:46:09 EDT,2016-05-14,14:46:09,-0400,561204083,stranger_poetry,stranger,,BLOOD #Flood: drink your fill few can bear to mend our tear &amp;fewer care to build new Earth where People care but many will and all do -still,en,[],[],[],0,0,1,['flood'],[],https://twitter.com/stranger_poetry/status/731556223498223618,False,,0,,,,,,,,[],,,,
731555803749072897,731555803749072897,2016-05-14 14:44:29 EDT,2016-05-14,14:44:29,-0400,52818430,jbiesenberger,Josef Biesenberger,,Hot stuff: Global Land &amp; Ocean Temperature Anomalies YTD Mar 2016  https://t.co/FYt8MAX34i #CO2 #Hurricane #flood  https://t.co/CmsoT8PN0A,en,[],['http://1.usa.gov/1lkYOWr'],['https://pbs.twimg.com/media/CicCIFxXAAEsPQ1.jpg'],0,0,0,"['co2', 'hurricane', 'flood']",[],https://twitter.com/jbiesenberger/status/731555803749072897,False,,1,https://pbs.twimg.com/media/CicCIFxXAAEsPQ1.jpg,,,,,,,[],,,,
731554482090315776,731554482090315776,2016-05-14 14:39:14 EDT,2016-05-14,14:39:14,-0400,173539831,bellbivdevvo,devvo,,#insurance #whatsthepoint #flood #houston #instagood #instafollow #igdaily #instagramers…  https://t.co/kZidyiUkTJ,und,[],['https://www.instagram.com/p/BFZeU21rEym/'],[],0,0,0,"['insurance', 'whatsthepoint', 'flood', 'houston', 'instagood', 'instafollow', 'igdaily', 'instagramers']",[],https://twitter.com/bellbivdevvo/status/731554482090315776,False,,0,,,,,,,,[],,,,
731550187064299521,731550187064299521,2016-05-14 14:22:10 EDT,2016-05-14,14:22:10,-0400,307681395,nicolechongtiu,Nicole Chongtiu,,How to Clean a #Mattress Soaked in #Flood  https://t.co/5D2tVgSxMl #Mattress #Flood,en,[],['http://dld.bz/cuhm7'],[],0,0,0,"['mattress', 'flood', 'mattress', 'flood']",[],https://twitter.com/NicoleChongtiu/status/731550187064299521,False,,0,,,,,,,,[],,,,
731545093539282944,731545093539282944,2016-05-14 14:01:56 EDT,2016-05-14,14:01:56,-0400,3025874140,vestigioswalk,Vestígios,,Nature walks... #nature #walks #portugalmelhordestino #trekking #hiking #flood #wander #weekeend  https://t.co/cvrVo71DH1,en,[],['https://www.instagram.com/p/BFZaDq3r42_/'],[],0,0,2,"['nature', 'walks', 'portugalmelhordestino', 'trekking', 'hiking', 'flood', 'wander', 'weekeend']",[],https://twitter.com/VestigiosWalk/status/731545093539282944,False,,0,,,,,,,,[],,,,
731543786619305988,731543786619305988,2016-05-14 13:56:44 EDT,2016-05-14,13:56:44,-0400,496695673,mjf121,Matt Freeman Realtor,,Yup! #flood #toowet #nothanks #running  https://t.co/nApUzifmyk,und,[],['https://www.instagram.com/p/BFZZdoVQtxc/'],[],0,0,0,"['flood', 'toowet', 'nothanks', 'running']",[],https://twitter.com/MJF121/status/731543786619305988,False,,0,,,,,,,,[],,,,
731530135388717056,731530135388717056,2016-05-14 13:02:30 EDT,2016-05-14,13:02:30,-0400,67503854,tysoncomedian,Graham The Fashion Dog,,#lexislaughs #30andupdoingus #chicago #comedian #comedy #flood  https://t.co/CQE3U250Go,und,[],[],['https://pbs.twimg.com/media/CibqwuMW0AE9MJ6.jpg'],0,0,0,"['lexislaughs', '30andupdoingus', 'chicago', 'comedian', 'comedy', 'flood']",[],https://twitter.com/tysoncomedian/status/731530135388717056,False,,1,https://pbs.twimg.com/media/CibqwuMW0AE9MJ6.jpg,,,,,,,[],,,,
731530109010726912,731530109010726912,2016-05-14 13:02:23 EDT,2016-05-14,13:02:23,-0400,67503854,tysoncomedian,Graham The Fashion Dog,,#lexislaughs #30andupdoingus #chicago #comedian #comedy #flood  https://t.co/Ik3GzZwDdJ,und,[],[],['https://pbs.twimg.com/media/CibqvdLWgAACR5F.jpg'],0,0,0,"['lexislaughs', '30andupdoingus', 'chicago', 'comedian', 'comedy', 'flood']",[],https://twitter.com/tysoncomedian/status/731530109010726912,False,,1,https://pbs.twimg.com/media/CibqvdLWgAACR5F.jpg,,,,,,,[],,,,
731530082997571584,731530082997571584,2016-05-14 13:02:17 EDT,2016-05-14,13:02:17,-0400,67503854,tysoncomedian,Graham The Fashion Dog,,#lexislaughs #30andupdoingus #chicago #comedian #comedy #flood  https://t.co/TUCGSWDgnc,und,[],[],['https://pbs.twimg.com/media/CibquCiXIAAqW3r.jpg'],0,0,0,"['lexislaughs', '30andupdoingus', 'chicago', 'comedian', 'comedy', 'flood']",[],https://twitter.com/tysoncomedian/status/731530082997571584,False,,1,https://pbs.twimg.com/media/CibquCiXIAAqW3r.jpg,,,,,,,[],,,,
731530063116636164,731530063116636164,2016-05-14 13:02:12 EDT,2016-05-14,13:02:12,-0400,67503854,tysoncomedian,Graham The Fashion Dog,,#lexislaughs #30andupdoingus #chicago #comedian #comedy #flood  https://t.co/f7SPvmW31B,und,[],[],['https://pbs.twimg.com/media/CibqsxxWEAAlnGM.jpg'],0,0,2,"['lexislaughs', '30andupdoingus', 'chicago', 'comedian', 'comedy', 'flood']",[],https://twitter.com/tysoncomedian/status/731530063116636164,False,,1,https://pbs.twimg.com/media/CibqsxxWEAAlnGM.jpg,,,,,,,[],,,,
731530040052174848,731530040052174848,2016-05-14 13:02:07 EDT,2016-05-14,13:02:07,-0400,67503854,tysoncomedian,Graham The Fashion Dog,,#lexislaughs #30andupdoingus #chicago #comedian #comedy #flood  https://t.co/YDMSsRpkLo,und,[],[],['https://pbs.twimg.com/media/Cibqrt8WgAAWAdA.jpg'],0,0,0,"['lexislaughs', '30andupdoingus', 'chicago', 'comedian', 'comedy', 'flood']",[],https://twitter.com/tysoncomedian/status/731530040052174848,False,,1,https://pbs.twimg.com/media/Cibqrt8WgAAWAdA.jpg,,,,,,,[],,,,
731530019265216512,731530019265216512,2016-05-14 13:02:02 EDT,2016-05-14,13:02:02,-0400,67503854,tysoncomedian,Graham The Fashion Dog,,#lexislaughs #30andupdoingus #chicago #comedian #comedy #flood  https://t.co/u0kdrMg6fH,und,[],[],['https://pbs.twimg.com/media/CibqqmgWwAAUkNU.jpg'],0,0,0,"['lexislaughs', '30andupdoingus', 'chicago', 'comedian', 'comedy', 'flood']",[],https://twitter.com/tysoncomedian/status/731530019265216512,False,,1,https://pbs.twimg.com/media/CibqqmgWwAAUkNU.jpg,,,,,,,[],,,,
731530001510699008,731530001510699008,2016-05-14 13:01:58 EDT,2016-05-14,13:01:58,-0400,67503854,tysoncomedian,Graham The Fashion Dog,,#lexislaughs #30andupdoingus #chicago #comedian #comedy #flood  https://t.co/xV9k7D7ff7,und,[],[],['https://pbs.twimg.com/media/CibqphUXAAAzvFP.jpg'],0,0,0,"['lexislaughs', '30andupdoingus', 'chicago', 'comedian', 'comedy', 'flood']",[],https://twitter.com/tysoncomedian/status/731530001510699008,False,,1,https://pbs.twimg.com/media/CibqphUXAAAzvFP.jpg,,,,,,,[],,,,
731529988076371970,731529988076371970,2016-05-14 13:01:54 EDT,2016-05-14,13:01:54,-0400,67503854,tysoncomedian,Graham The Fashion Dog,,#lexislaughs #30andupdoingus #chicago #comedian #comedy #flood  https://t.co/5kQEtBeTiW,und,[],[],['https://pbs.twimg.com/media/CibqoqsWEAMvvMb.jpg'],0,0,0,"['lexislaughs', '30andupdoingus', 'chicago', 'comedian', 'comedy', 'flood']",[],https://twitter.com/tysoncomedian/status/731529988076371970,False,,1,https://pbs.twimg.com/media/CibqoqsWEAMvvMb.jpg,,,,,,,[],,,,
731529986612531201,731529986612531201,2016-05-14 13:01:54 EDT,2016-05-14,13:01:54,-0400,67503854,tysoncomedian,Graham The Fashion Dog,,#lexislaughs #30andupdoingus #chicago #comedian #comedy #flood  https://t.co/Lg5WNuqAVJ,und,[],[],['https://pbs.twimg.com/media/CibqnwRXEAAF0ej.jpg'],0,0,0,"['lexislaughs', '30andupdoingus', 'chicago', 'comedian', 'comedy', 'flood']",[],https://twitter.com/tysoncomedian/status/731529986612531201,False,,1,https://pbs.twimg.com/media/CibqnwRXEAAF0ej.jpg,,,,,,,[],,,,
731514416114618368,731514416114618368,2016-05-14 12:00:02 EDT,2016-05-14,12:00:02,-0400,4105420635,nasaarset,NASAARSET 🛰🌎,,"Learn how to use NASA remote sensing data for #flood management, from monitoring to post-flood relief activities:  https://t.co/6lP1XDh0ic",en,[],['http://go.nasa.gov/1rKpO5n'],[],0,1,0,['flood'],[],https://twitter.com/NASAARSET/status/731514416114618368,False,,0,,,,,,,,[],,,,
731513944997761026,731513944997761026,2016-05-14 11:58:10 EDT,2016-05-14,11:58:10,-0400,232657094,emerg_nc,@EMERG_NC,,For a Second Floor #Bathroom #WaterDamage #Flood #Emergency Call 919 EMERG-NC  https://t.co/i01rxRWUMT  https://t.co/eBtAGggJjV,en,[],['http://buff.ly/1UO3R0O'],[],0,0,0,"['bathroom', 'waterdamage', 'flood', 'emergency']",[],https://twitter.com/EMERG_NC/status/731513944997761026,False,,1,https://pbs.twimg.com/ext_tw_video_thumb/731513914593251329/pu/img/_KpMQF46CPyW4gDp.jpg,,,,,,,[],,,,
731513205504233472,731513205504233472,2016-05-14 11:55:13 EDT,2016-05-14,11:55:13,-0400,2795687989,alexbiebricher,Kindness through knowledge,,Drama in the Solomons. @sciam #Earth #climate #sealevel #erosion #flood   https://t.co/Qf33hbhcvo,en,"[{'screen_name': 'sciam', 'name': 'scientific american', 'id': '14647570'}]",['http://ow.ly/8Xu5300aOjf'],[],0,1,0,"['earth', 'climate', 'sealevel', 'erosion', 'flood']",[],https://twitter.com/alexbiebricher/status/731513205504233472,False,,0,,,,,,,,[],,,,
731495329573552130,731495329573552130,2016-05-14 10:44:11 EDT,2016-05-14,10:44:11,-0400,4712081476,robertstutler1,Robert Stutler,,Woman's Car Is Swept Away By A Raging #Flood. That's When She Sees The Red Coming Out Of The Water..  https://t.co/uMMohSgTlB,en,[],['http://crackedpop.com/015009f28588d'],[],0,6,7,['flood'],[],https://twitter.com/robertstutler1/status/731495329573552130,False,,0,,,,,,,,[],,,,
731494622954807296,731494622954807296,2016-05-14 10:41:23 EDT,2016-05-14,10:41:23,-0400,403539516,disaster_update,Recent Natural Disasters,,"Flash floods in Badakhshan, #Afghanistan kill 6, injure 5 others  https://t.co/zyA95zI7lH #flood #naturaldisasters2016",en,[],['http://goo.gl/fb/2j7IlO'],[],0,0,0,"['afghanistan', 'flood', 'naturaldisasters2016']",[],https://twitter.com/Disaster_Update/status/731494622954807296,False,,0,,,,,,,,[],,,,
731484432633344000,731484432633344000,2016-05-14 10:00:53 EDT,2016-05-14,10:00:53,-0400,464138095,paramountathome,Paramount Inventory,,Our #ios app to help you create a complete home inventory is launching next week. Protect yourself #fire #flood #hurricane #theft,en,[],[],[],0,0,1,"['ios', 'fire', 'flood', 'hurricane', 'theft']",[],https://twitter.com/ParamountAtHome/status/731484432633344000,False,,0,,,,,,,,[],,,,
731484219814383616,731484219814383616,2016-05-14 10:00:02 EDT,2016-05-14,10:00:02,-0400,281064390,lex_ins,Lexington Insurance,,How to react in a #flashflood:  https://t.co/MaXT5Jhe6d #flood,en,[],['http://1.lextogo.com/1MN0a9F'],[],0,0,0,"['flashflood', 'flood']",[],https://twitter.com/Lex_Ins/status/731484219814383616,False,,0,,,,,,,,[],,,,
731481715303141377,731481715303141377,2016-05-14 09:50:05 EDT,2016-05-14,09:50:05,-0400,1329776498,smartdroid2000,smart droid,,10 day #weather forecast and #flood alert for #Bangladesh on your #android  https://t.co/SnL3qGGgSR,en,[],['https://play.google.com/store/apps/details?id=com.smartdroid.weather'],[],0,0,0,"['weather', 'flood', 'bangladesh', 'android']",[],https://twitter.com/smartdroid2000/status/731481715303141377,False,,0,,,,,,,,[],,,,
731479594726006784,731479594726006784,2016-05-14 09:41:40 EDT,2016-05-14,09:41:40,-0400,69243811,habitatindia,Habitat for Humanity,,Thank you all for supporting #JacquelineBuilds in aid of Tamil Nadu #flood victims. We would like to specially...  https://t.co/Z8qMOiu0ru,en,[],['http://fb.me/1gnhBtBP4'],[],0,4,2,"['jacquelinebuilds', 'flood']",[],https://twitter.com/habitatindia/status/731479594726006784,False,,0,,,,,,,,[],,,,
731473554814947328,731473554814947328,2016-05-14 09:17:40 EDT,2016-05-14,09:17:40,-0400,27833954,panos101,Judas,"{'type': 'Point', 'coordinates': [51.5428581, -0.14874]}","Five years ago today, meeting the man responsible for some of the best records ever! #Flood…  https://t.co/fzVTRWK7MI",en,[],['https://www.instagram.com/p/BFY5hoqqjq1/'],[],1,2,0,['flood'],[],https://twitter.com/panos101/status/731473554814947328,False,,0,,,,,,,,[],,,,
731470982729334784,731470982729334784,2016-05-14 09:07:27 EDT,2016-05-14,09:07:27,-0400,94581061,wxjerdman,Jonathan Erdman,,"Rinse...repeat. Another #flood threat looms in parts of water-weary TX, LA, OK.  https://t.co/luNTKcJC9O  https://t.co/2KmyVsn1oJ",en,[],['http://wxch.nl/1WxecPW'],['https://pbs.twimg.com/media/Cia03thUYAAoyvj.jpg'],1,2,2,['flood'],[],https://twitter.com/wxjerdman/status/731470982729334784,False,,1,https://pbs.twimg.com/media/Cia03thUYAAoyvj.jpg,,,,,,,[],,,,
731470637726900226,731470637726900226,2016-05-14 09:06:04 EDT,2016-05-14,09:06:04,-0400,712453724585775104,dsolutionsllc,disastersolutionsllc,,Good morning #Disaster Solutions #community! Get your #family #prepared today at  https://t.co/s1AnDL9hrp #emergency #flood #tornado #storm,en,[],['http://ift.tt/1UWwHg2'],[],0,0,0,"['disaster', 'community', 'family', 'prepared', 'emergency', 'flood', 'tornado', 'storm']",[],https://twitter.com/dsolutionsllc/status/731470637726900226,False,,0,,,,,,,,[],,,,
731466619768176641,731466619768176641,2016-05-14 08:50:06 EDT,2016-05-14,08:50:06,-0400,225343260,feerdr0us,Mohamad Firdaus MS,"{'type': 'Point', 'coordinates': [5.34650477, 100.48773257]}",Banjir lagi.  Kena pastikan kajian aku berjaya ni..  #flood…  https://t.co/TqMb1D5gcM,in,[],['https://www.instagram.com/p/BFY2XxrmKeqPmEBzcwlw8Z-1U0ZCBCl_E3o3dM0/'],[],0,0,0,['flood'],[],https://twitter.com/FeerDr0us/status/731466619768176641,False,,0,,,,,,,,[],,,,
731458747856388096,731458747856388096,2016-05-14 08:18:49 EDT,2016-05-14,08:18:49,-0400,1713061621,daspuspita,Puspi,,That's our character. We rarely act to prevent disaster &amp; end up being victims #drought #flood   https://t.co/MWrY8GJwyu,en,[],['https://twitter.com/CECHR_UoD/status/731096787784716288'],[],0,1,3,"['drought', 'flood']",[],https://twitter.com/daspuspita/status/731458747856388096,False,https://twitter.com/CECHR_UoD/status/731096787784716288,0,,,,,,,,[],,,,
731449300115464192,731449300115464192,2016-05-14 07:41:17 EDT,2016-05-14,07:41:17,-0400,179143194,sibelsavru,SiSa,,Düşürülen helikopter #flood   https://t.co/dudsgoZ1XI,tr,[],['https://twitter.com/orko_8/status/731447636012605440'],[],0,2,0,['flood'],[],https://twitter.com/SibelSavru/status/731449300115464192,False,https://twitter.com/orko_8/status/731447636012605440,0,,,,,,,,[],,,,
731433568224837632,731431380320722944,2016-05-14 06:38:46 EDT,2016-05-14,06:38:46,-0400,484208318,rgfourth,Romain-G,,@GJourneaux Ils te servent à quoi les 43 sondages que tu publies par jour ? #Flood,fr,[],[],[],1,0,0,['flood'],[],https://twitter.com/RGfourth/status/731433568224837632,False,,0,,,,,,,,"[{'screen_name': 'GJourneaux', 'name': 'GJourneaux ن', 'id': '460875527'}]",,,,
731429671343128576,731429671343128576,2016-05-14 06:23:17 EDT,2016-05-14,06:23:17,-0400,905502108,afridi99_afridi,M.Akbar Afridi,,"After heavy #rain #Flood in various areas of #Jamrud Khyber Agency, no #damage reported yet.  https://t.co/k2pzoXctzM",en,[],[],['https://pbs.twimg.com/media/CiaPaH3XEAANh9W.jpg'],0,0,0,"['rain', 'flood', 'jamrud', 'damage']",[],https://twitter.com/afridi99_afridi/status/731429671343128576,False,,1,https://pbs.twimg.com/media/CiaPaH3XEAANh9W.jpg,,,,,,,[],,,,
731424099415797760,731424099415797760,2016-05-14 06:01:09 EDT,2016-05-14,06:01:09,-0400,176414219,floodmodeller,Flood Modeller,,Register now and receive the early bird discounted rate - European #Flood Modeller Suite Conference  https://t.co/JzIOk8fTCf,en,[],['http://ow.ly/bc8I3002c3U'],[],0,0,0,['flood'],[],https://twitter.com/FloodModeller/status/731424099415797760,False,,0,,,,,,,,[],,,,
731406459112542208,731406459112542208,2016-05-14 04:51:03 EDT,2016-05-14,04:51:03,-0400,160523592,uk_ceh,UK Centre for Ecology & Hydrology,,News this week: #Flood Estimation Handbook Web Service adds point data extraction for more accurate runoff estimates  https://t.co/05DHfRfHpd,en,[],['http://bit.ly/224lo5R'],[],0,11,2,['flood'],[],https://twitter.com/UK_CEH/status/731406459112542208,False,,0,,,,,,,,[],,,,
731398847713411074,731398847713411074,2016-05-14 04:20:48 EDT,2016-05-14,04:20:48,-0400,381789853,rnorthumberland,Radio Northumberland,,N_landCouncil: Important Information about flood insurance from #Flood Re  https://t.co/L4BkzoZY6Z  https://t.co/PKlfILklzG,en,[],['http://bit.ly/1OoNIbr'],['https://pbs.twimg.com/media/CiZyvQpXAAA0P3K.jpg'],0,0,0,['flood'],[],https://twitter.com/RNorthumberland/status/731398847713411074,False,,1,https://pbs.twimg.com/media/CiZyvQpXAAA0P3K.jpg,,,,,,,[],,,,
731398146073493504,731398146073493504,2016-05-14 04:18:01 EDT,2016-05-14,04:18:01,-0400,114744833,n_landcouncil,Northumberland County Council,,Important Information about flood insurance from #Flood Re  https://t.co/Ln9DwxvIay  https://t.co/LQEYnxqID8,en,[],['http://bit.ly/1OoNIbr'],['https://pbs.twimg.com/media/CiZyvQpXAAA0P3K.jpg'],0,2,1,['flood'],[],https://twitter.com/N_landCouncil/status/731398146073493504,False,,1,https://pbs.twimg.com/media/CiZyvQpXAAA0P3K.jpg,,,,,,,[],,,,
731397662474420225,731397662474420225,2016-05-14 04:16:06 EDT,2016-05-14,04:16:06,-0400,1405818343,thidesv,Thibaut Desvallées,,What ? Avec les revisions j ai loupé ça ! #Flood #cardiff #crazy 🏊🏻☔️🌊  https://t.co/tpIlh1UhBd,fr,[],['https://twitter.com/walesonline/status/731068535917678592'],[],0,0,0,"['flood', 'cardiff', 'crazy']",[],https://twitter.com/ThiDesv/status/731397662474420225,False,https://twitter.com/walesonline/status/731068535917678592,0,,,,,,,,[],,,,
731393391427239936,731393391427239936,2016-05-14 03:59:07 EDT,2016-05-14,03:59:07,-0400,2223600121,geocurve_ltd,Geocurve Ltd,,Geocurve specialist surveyors #flood #environment #survey #ch2m #governmentspending   https://t.co/VkaTqibUjb,en,[],['https://www.youtube.com/watch?v=eEdfCQ9jT9M&feature=share'],[],0,2,2,"['flood', 'environment', 'survey', 'ch2m', 'governmentspending']",[],https://twitter.com/Geocurve_Ltd/status/731393391427239936,False,,0,,,,,,,,[],,,,
731393250989363200,731393250989363200,2016-05-14 03:58:34 EDT,2016-05-14,03:58:34,-0400,2223600121,geocurve_ltd,Geocurve Ltd,,Stockpile Volumetric Modeling #flood #environment #survey #ch2m #governmentspending   https://t.co/IV0kqlirA4,en,[],['https://www.youtube.com/watch?v=4u4yXSJNP0A&feature=share'],[],0,2,2,"['flood', 'environment', 'survey', 'ch2m', 'governmentspending']",[],https://twitter.com/Geocurve_Ltd/status/731393250989363200,False,,0,,,,,,,,[],,,,
731393088611045376,731393088611045376,2016-05-14 03:57:55 EDT,2016-05-14,03:57:55,-0400,2223600121,geocurve_ltd,Geocurve Ltd,,Geocurve - Specialist Surveyors. #flood #environment #survey #ch2m #governmentspending   https://t.co/khl8LOXAGg,en,[],['https://www.youtube.com/watch?v=KIxchPiryrg&feature=share'],[],0,3,2,"['flood', 'environment', 'survey', 'ch2m', 'governmentspending']",[],https://twitter.com/Geocurve_Ltd/status/731393088611045376,False,,0,,,,,,,,[],,,,
731393011872083968,731393011872083968,2016-05-14 03:57:37 EDT,2016-05-14,03:57:37,-0400,2223600121,geocurve_ltd,Geocurve Ltd,,UAV Surveying #flood #environment #survey #ch2m #governmentspending #Jackson   https://t.co/TpbReJCGCi,in,[],['https://www.youtube.com/watch?v=0TQURXCLEm8&feature=share'],[],0,1,1,"['flood', 'environment', 'survey', 'ch2m', 'governmentspending', 'jackson']",[],https://twitter.com/Geocurve_Ltd/status/731393011872083968,False,,0,,,,,,,,[],,,,
731392786612797440,731392786612797440,2016-05-14 03:56:43 EDT,2016-05-14,03:56:43,-0400,2223600121,geocurve_ltd,Geocurve Ltd,,Sea defence inspection package - Geocurve #flood #environment #survey #ch2m #governmentspending   https://t.co/rHfTmOSzTt,en,[],['https://www.youtube.com/watch?v=H7oGB_vykcw&feature=share'],[],0,3,2,"['flood', 'environment', 'survey', 'ch2m', 'governmentspending']",[],https://twitter.com/Geocurve_Ltd/status/731392786612797440,False,,0,,,,,,,,[],,,,
731386160774270976,731386160774270976,2016-05-14 03:30:23 EDT,2016-05-14,03:30:23,-0400,242645245,joyus1uk,David R Joyce,,Image found on the net I will be long gone by 2100 but some of you might want to buy a boat or build an Ark #flood  https://t.co/kx7W39icno,en,[],[],['https://pbs.twimg.com/media/CiZns2LWkAAbBx7.jpg'],0,0,0,['flood'],[],https://twitter.com/joyus1uk/status/731386160774270976,False,,1,https://pbs.twimg.com/media/CiZns2LWkAAbBx7.jpg,,,,,,,[],,,,
731375138399195136,731375138399195136,2016-05-14 02:46:35 EDT,2016-05-14,02:46:35,-0400,359288159,floodadviceuk,Warwick York Chartered Surveyors,,Today's Free copy of The Ark is out! Subscribe for free for daily Twitter and email update links  #flood #ukfloods    https://t.co/eavFTjbTqr,en,[],['http://paper.li/FloodAdviceUK/1398519991?edition_id=99160370-199f-11e6-ba55-0cc47a0d15fd'],[],0,1,0,"['flood', 'ukfloods']",[],https://twitter.com/FloodAdviceUK/status/731375138399195136,False,,0,,,,,,,,[],,,,
731372290403905536,731372114880696320,2016-05-14 02:35:16 EDT,2016-05-14,02:35:16,-0400,179143194,sibelsavru,SiSa,,#Flood bitti,tr,[],[],[],0,0,1,['flood'],[],https://twitter.com/SibelSavru/status/731372290403905536,False,,0,,,,,,,,[],,,,
731330974429011970,731326328494923776,2016-05-13 23:51:06 EDT,2016-05-13,23:51:06,-0400,4468874174,deborahcraig817,Deborah Craig,,@Einsteinrevisit #Flood the area with cops it stops for awhile.Dope dealers#jailed#another one#all neighborhoods#in1968#Riots#Own homes#burn,en,[],[],[],1,0,0,['flood'],[],https://twitter.com/DEBORAHCRAIG817/status/731330974429011970,False,,0,,,,,,,,"[{'screen_name': 'Einsteinrevisit', 'name': 'Mars Attack !', 'id': '19490385'}]",,,,
731329714154053632,731329714154053632,2016-05-13 23:46:05 EDT,2016-05-13,23:46:05,-0400,2303087095,project__agent,Project Management a,,Green Brook flood project gets $10 million from feds -  https://t.co/6ohuZvRNop #flood  https://t.co/YJsnfJSfBz,en,[],"['http://MyCentralJersey.com', 'http://dragplus.com/post/id/35310845']",[],0,0,0,['flood'],[],https://twitter.com/Project__agent/status/731329714154053632,False,,0,,,,,,,,[],,,,
731329711113154560,731329711113154560,2016-05-13 23:46:05 EDT,2016-05-13,23:46:05,-0400,2303087095,project__agent,Project Management a,,Green Brook flood project gets $10 million from feds -  https://t.co/6ohuZvRNop #flood  https://t.co/GqVm8AoHu4,en,[],"['http://MyCentralJersey.com', 'http://dragplus.com/post/id/35310844']",[],0,0,0,['flood'],[],https://twitter.com/Project__agent/status/731329711113154560,False,,0,,,,,,,,[],,,,
731325253675163648,731325253675163648,2016-05-13 23:28:22 EDT,2016-05-13,23:28:22,-0400,36792190,s_leeds,Sherry Leeds,,We need your help #Clean Oceans #Flood Prevention  #JobsForVets  @Veteran4Trump @EricTrump @GeneralClark @ChiefNGB  https://t.co/JnFyq7pzFJ,en,"[{'screen_name': 'veteran4trump', 'name': 'veteran for trump', 'id': '3293118434'}, {'screen_name': 'erictrump', 'name': 'eric trump', 'id': '39349894'}, {'screen_name': 'generalclark', 'name': 'wes clark', 'id': '41988894'}, {'screen_name': 'chiefngb', 'name': 'general daniel hokanson', 'id': '56480330'}]",['https://twitter.com/dette_p/status/731320077073555456'],[],0,0,0,"['clean', 'flood', 'jobsforvets']",[],https://twitter.com/S_Leeds/status/731325253675163648,False,https://twitter.com/dette_p/status/731320077073555456,0,,,,,,,,[],,,,
731297301222838272,731297301222838272,2016-05-13 21:37:18 EDT,2016-05-13,21:37:18,-0400,3131566971,geniebrainy,Clever Genie,,Woman's Car Is Swept Away By A Raging #Flood. That's When She Sees The Red Coming Out Of The Water..  https://t.co/CAEvMDP2vB,en,[],['http://crackedpop.com/015009f28588d'],[],0,3,8,['flood'],[],https://twitter.com/GenieBrainy/status/731297301222838272,False,,0,,,,,,,,[],,,,
731296750732869633,731296750732869633,2016-05-13 21:35:06 EDT,2016-05-13,21:35:06,-0400,45195411,ubalert,ubAlert,,Flood - Advisory (Hawaiian Islands)-  https://t.co/rRlbF07KHD #flood #fb,en,[],['http://www.ubalert.com/rzhc'],[],0,0,0,"['flood', 'fb']",[],https://twitter.com/ubalert/status/731296750732869633,False,,0,,,,,,,,[],,,,
