id,conversation_id,created_at,date,time,timezone,user_id,username,name,place,tweet,language,mentions,urls,photos,replies_count,retweets_count,likes_count,hashtags,cashtags,link,retweet,quote_url,video,thumbnail,near,geo,source,user_rt_id,user_rt,retweet_id,reply_to,retweet_date,translate,trans_src,trans_dest
870067218234695681,870067218234695681,2017-05-31 19:59:24 EDT,2017-05-31,19:59:24,-0400,358026361,jkaalton,Juha Aaltonen,,Study: 90% of England’s #flood'plains no longer function properly Guardian:  https://t.co/X11LpCeUMT Co-op Insurance:  https://t.co/z9eYedBQyC,en,[],"['https://gu.com/p/6h5cg/stw', 'https://hub.co-opinsurance.co.uk/flood-plains/']",[],0,0,0,['flood'],[],https://twitter.com/jkaalton/status/870067218234695681,False,,0,,,,,,,,[],,,,
870052997484601345,870052997484601345,2017-05-31 19:02:54 EDT,2017-05-31,19:02:54,-0400,3301770607,mattbergphd,Dr. Matthew Berg,,"Major #flooding in Sri Lanka kills 100s, makes half million homeless - via @BBCWorld #flood #FloodSL #monsoon   https://t.co/GRR1xOdchz",en,"[{'screen_name': 'bbcworld', 'name': 'bbc news (world)', 'id': '742143'}]",['http://www.bbc.com/news/world-asia-40070660'],[],0,0,1,"['flooding', 'flood', 'floodsl', 'monsoon']",[],https://twitter.com/MattBergPhD/status/870052997484601345,False,,0,,,,,,,,[],,,,
870052508714115072,870052508714115072,2017-05-31 19:00:57 EDT,2017-05-31,19:00:57,-0400,731816432896335872,50unleashed,50Unleashed,,B a n g k o k    M e d l e y ⭐️ #thailand #flood #GenerationX #50unleashed  https://t.co/iVhjHFJzZc,cy,[],[],[],0,0,0,"['thailand', 'flood', 'generationx', '50unleashed']",[],https://twitter.com/50Unleashed/status/870052508714115072,False,,1,https://pbs.twimg.com/ext_tw_video_thumb/870052469564461060/pu/img/IBWT_44Q6-EykNCx.jpg,,,,,,,[],,,,
870041454697172993,870041454697172993,2017-05-31 18:17:02 EDT,2017-05-31,18:17:02,-0400,16562663,halwilliams,Hal Williams,,Draft legislation to overhaul National #Flood #Insurance Program released |  https://t.co/44r9xFVN6n (via @PC_360) #NFIP #property  https://t.co/P0TnLvhZJk,en,"[{'screen_name': 'pc_360', 'name': 'propertycasualty360', 'id': '45610420'}]",['http://bit.ly/2sm18Av'],"['https://pbs.twimg.com/media/DBMCFzLXYAEEC0K.jpg', 'https://pbs.twimg.com/media/DBMCFziWAAE5tdO.jpg']",0,0,0,"['flood', 'insurance', 'nfip', 'property']",[],https://twitter.com/HalWilliams/status/870041454697172993,False,,1,https://pbs.twimg.com/media/DBMCFzLXYAEEC0K.jpg,,,,,,,[],,,,
870037487355408384,870037487355408384,2017-05-31 18:01:16 EDT,2017-05-31,18:01:16,-0400,101290875,hwnelectric,Hawaiian Electric,,#EmergencyPreparedness- Flash #Flood Watch = flooding is possible; Flash Flood Warning = flooding has been reported / is imminent #Safety,en,[],[],[],0,0,4,"['emergencypreparedness', 'flood', 'safety']",[],https://twitter.com/HwnElectric/status/870037487355408384,False,,0,,,,,,,,[],,,,
870037436197257216,870037436197257216,2017-05-31 18:01:03 EDT,2017-05-31,18:01:03,-0400,287455210,neildufty,Neil Dufty,,"Advertising: full time Professorial post in Behaviour Change at The Centre for #Flood, Communities and #Resilience  https://t.co/q0UJhVzZNK",en,[],['http://www1.uwe.ac.uk/aboutus/workingatuwe'],[],0,0,0,"['flood', 'resilience']",[],https://twitter.com/NeilDufty/status/870037436197257216,False,,0,,,,,,,,[],,,,
870037322020028416,870037322020028416,2017-05-31 18:00:36 EDT,2017-05-31,18:00:36,-0400,3830418014,weathergeek312,Joe Russell,,All the trees washed downstream after record flooding. #flood  https://t.co/Sm0Pphzj85,en,[],[],['https://pbs.twimg.com/media/DBL-UdCVYAA6S6p.jpg'],0,0,0,['flood'],[],https://twitter.com/weathergeek312/status/870037322020028416,False,,1,https://pbs.twimg.com/media/DBL-UdCVYAA6S6p.jpg,,,,,,,[],,,,
870034443620233216,870034443620233216,2017-05-31 17:49:10 EDT,2017-05-31,17:49:10,-0400,3192862010,josefkowalski,Josef Kowalski,,Minivan Driver Demonstrates What Not To Do In A Flood  VIDEO:  https://t.co/41mdWuPF8O  #minivan #driver #flood #oops  https://t.co/8ft6NlhDFd,en,[],['http://dld.bz/eFQxn'],['https://pbs.twimg.com/media/DBL7ttfXcAEoXDN.jpg'],0,0,0,"['minivan', 'driver', 'flood', 'oops']",[],https://twitter.com/JosefKowalski/status/870034443620233216,False,,1,https://pbs.twimg.com/media/DBL7ttfXcAEoXDN.jpg,,,,,,,[],,,,
870025397722910720,870025397722910720,2017-05-31 17:13:13 EDT,2017-05-31,17:13:13,-0400,808222817485524992,flooddefencesuk,Flood Defences,,Temporary Flood Barriers in Nottinghamshire  #Temp #Flood #Barrier #Nottinghamshire  https://t.co/SDdGGLXVgu,en,[],['https://goo.gl/y6drOY'],[],0,0,0,"['temp', 'flood', 'barrier', 'nottinghamshire']",[],https://twitter.com/flooddefencesuk/status/870025397722910720,False,,0,,,,,,,,[],,,,
870020557084950531,870020557084950531,2017-05-31 16:53:59 EDT,2017-05-31,16:53:59,-0400,257088949,mycomfor,My Comfor,,Foreign aid arrives as #SriLanka #flood toll exceeds 200  https://t.co/BRQd3KEkpX,en,[],['http://www.mycomfor.com/Artikel/Foreign-aid-arrives-as-Sri-Lanka-flood-toll-exceeds-200_159833#.WS8tVYEPVwE.twitter'],[],0,0,0,"['srilanka', 'flood']",[],https://twitter.com/mycomfor/status/870020557084950531,False,,0,,,,,,,,[],,,,
870020433214447616,870020433214447616,2017-05-31 16:53:30 EDT,2017-05-31,16:53:30,-0400,721170960,ghostsofmn,Ghosts of Minnesota,,A Minnesota Beach Where There is No Water  https://t.co/Dp5Ow7ziLk #LakeAgassiz #flood #glacier #iceage #beach #Minnesota,en,[],['http://www.ghostsofminnesota.com/2017/05/31/a-minnesota-beach-where-there-is-no-water/'],[],0,1,1,"['lakeagassiz', 'flood', 'glacier', 'iceage', 'beach', 'minnesota']",[],https://twitter.com/GhostsofMN/status/870020433214447616,False,,0,,,,,,,,[],,,,
870019336403943424,870019336403943424,2017-05-31 16:49:08 EDT,2017-05-31,16:49:08,-0400,2201283403,copernicusems,Copernicus EMS,,New map: [#EMSR205] Rathnapura: Delineation Map [v1]  https://t.co/yegplvAWoT #flood #01delineation #EUCivPro,ht,[],['http://j.mp/2qChlkN'],[],0,0,0,"['emsr205', 'flood', '01delineation', 'eucivpro']",[],https://twitter.com/CopernicusEMS/status/870019336403943424,False,,0,,,,,,,,[],,,,
870018290055225344,870018290055225344,2017-05-31 16:44:59 EDT,2017-05-31,16:44:59,-0400,14994818,davidbreisch,David Breisch,,I'm trying to bike here!! #MississippiRiver #flood  https://t.co/Dlkm0D9tVa,en,[],[],['https://pbs.twimg.com/media/DBLtBd5UQAALIyJ.jpg'],0,1,1,"['mississippiriver', 'flood']",[],https://twitter.com/davidbreisch/status/870018290055225344,False,,1,https://pbs.twimg.com/media/DBLtBd5UQAALIyJ.jpg,,,,,,,[],,,,
870016974117580800,870016974117580800,2017-05-31 16:39:45 EDT,2017-05-31,16:39:45,-0400,2466009575,emergencyglobal,Emergency Alerts,,"disasteraware:#FLOOD New Alert: Flood - Brazil, Severity: WARNING  https://t.co/9F9AdROE1o  https://t.co/7a9MbtnmVH  https://t.co/MAdkexWDLk",en,[],"['http://snc.pdc.org/PRODUCTION/b1162ac3-173a-49fe-a6fa-1de5ecb69577/index.html', 'http://ift.tt/2iEOhIL']",['https://pbs.twimg.com/media/DBLr05pWsAEEam4.jpg'],0,0,1,['flood'],[],https://twitter.com/emergencyglobal/status/870016974117580800,False,,1,https://pbs.twimg.com/media/DBLr05pWsAEEam4.jpg,,,,,,,[],,,,
870016957663281154,870016957663281154,2017-05-31 16:39:41 EDT,2017-05-31,16:39:41,-0400,2466009575,emergencyglobal,Emergency Alerts,,"disasteraware:#FLOOD New Alert: Flood - Guatemala, Severity: WARNING  https://t.co/fQYi64cqsy  https://t.co/7a9MbtnmVH  https://t.co/DI2OKKr7SE",en,[],"['http://snc.pdc.org/PRODUCTION/d2ee13bd-fdb9-421d-b7cd-00314a133f04/index.html', 'http://ift.tt/2iEOhIL']",['https://pbs.twimg.com/media/DBLrz5sWAAA0P2O.jpg'],0,0,0,['flood'],[],https://twitter.com/emergencyglobal/status/870016957663281154,False,,1,https://pbs.twimg.com/media/DBLrz5sWAAA0P2O.jpg,,,,,,,[],,,,
870015027771658240,870015027771658240,2017-05-31 16:32:01 EDT,2017-05-31,16:32:01,-0400,39824409,dhsscitech,DHS S&T,,Watch our latest video to learn how S&amp;T supports #flood research and efforts to improve response.  https://t.co/KFirELRnP5,en,[],['http://bit.ly/2roqe4N'],[],1,2,0,['flood'],[],https://twitter.com/dhsscitech/status/870015027771658240,False,,0,,,,,,,,[],,,,
870014871097589760,870014871097589760,2017-05-31 16:31:24 EDT,2017-05-31,16:31:24,-0400,85636450,disasteraware,DisasterAWARE,"{'type': 'Point', 'coordinates': [-7.59661, -37.50734]}","#FLOOD New Alert: Flood - Brazil, Severity: WARNING  https://t.co/bM47xc6k2S",en,[],['http://snc.pdc.org/PRODUCTION/b1162ac3-173a-49fe-a6fa-1de5ecb69577/index.html'],[],0,1,0,['flood'],[],https://twitter.com/disasteraware/status/870014871097589760,False,,0,,,,,,,,[],,,,
870014865925996545,870014865925996545,2017-05-31 16:31:22 EDT,2017-05-31,16:31:22,-0400,85636450,disasteraware,DisasterAWARE,"{'type': 'Point', 'coordinates': [14.95637, -91.80576]}","#FLOOD New Alert: Flood - Guatemala, Severity: WARNING  https://t.co/cZgRXNj1vW",en,[],['http://snc.pdc.org/PRODUCTION/d2ee13bd-fdb9-421d-b7cd-00314a133f04/index.html'],[],0,0,0,['flood'],[],https://twitter.com/disasteraware/status/870014865925996545,False,,0,,,,,,,,[],,,,
870014545569267712,870014545569267712,2017-05-31 16:30:06 EDT,2017-05-31,16:30:06,-0400,45195411,ubalert,ubAlert,,Flood - Guatemala-  https://t.co/vFToDvuZnl #flood #fb,en,[],['http://www.ubalert.com/2Roc'],[],0,0,0,"['flood', 'fb']",[],https://twitter.com/ubalert/status/870014545569267712,False,,0,,,,,,,,[],,,,
870014537176539137,870014537176539137,2017-05-31 16:30:04 EDT,2017-05-31,16:30:04,-0400,45195411,ubalert,ubAlert,,Flood - Brazil-  https://t.co/7d3FHj1XyO #flood #fb,en,[],['http://www.ubalert.com/xRoc'],[],0,0,0,"['flood', 'fb']",[],https://twitter.com/ubalert/status/870014537176539137,False,,0,,,,,,,,[],,,,
870013044209963010,870013044209963010,2017-05-31 16:24:08 EDT,2017-05-31,16:24:08,-0400,829528891966574594,azdryguys,AZ Dry Guys,,RT  https://t.co/XcrZAX9gUF Do U have #insurance questions related to #flood #waterdamage or heavy rain? Please gi…  https://t.co/MHqKY01Jj2,en,[],"['https://twitter.com/IBC_West/status/870006992257122304', 'https://twitter.com/i/web/status/870006992257122304']",[],0,0,0,"['insurance', 'flood', 'waterdamage']",[],https://twitter.com/azdryguys/status/870013044209963010,False,https://twitter.com/IBC_West/status/870006992257122304,0,,,,,,,,[],,,,
870011274985218049,870011274985218049,2017-05-31 16:17:06 EDT,2017-05-31,16:17:06,-0400,2981511015,basecampconnect,Base Camp Connect,,Few questions emergency managers should ask in a #Flood  https://t.co/tNrXyShCNu #okanaganfloods  https://t.co/JQ6vjIUGfS,en,[],['http://bit.ly/2qg74L1'],['https://pbs.twimg.com/media/DBLmne8XkAA0isk.jpg'],0,1,1,"['flood', 'okanaganfloods']",[],https://twitter.com/BaseCampConnect/status/870011274985218049,False,,1,https://pbs.twimg.com/media/DBLmne8XkAA0isk.jpg,,,,,,,[],,,,
870008008998363138,870008008998363138,2017-05-31 16:04:07 EDT,2017-05-31,16:04:07,-0400,2201283403,copernicusems,Copernicus EMS,,New map: [#EMSR205] Kuruwita: Delineation Map [v0]  https://t.co/grwuSybeKK #flood #01delineation #EUCivPro,tl,[],['http://j.mp/2rVxFAP'],[],0,0,1,"['emsr205', 'flood', '01delineation', 'eucivpro']",[],https://twitter.com/CopernicusEMS/status/870008008998363138,False,,0,,,,,,,,[],,,,
870006992257122304,870006992257122304,2017-05-31 16:00:05 EDT,2017-05-31,16:00:05,-0400,2573054168,ibc_west,IBC West,,Do U have #insurance questions related to #flood #waterdamage or heavy rain? Please give us a call @ 1.844.227.5422 #Kelowna #kelownafloods  https://t.co/bdy6EzjxDd,en,[],[],['https://pbs.twimg.com/media/DBK14CnVYAE0Zas.jpg'],0,0,0,"['insurance', 'flood', 'waterdamage', 'kelowna', 'kelownafloods']",[],https://twitter.com/IBC_West/status/870006992257122304,False,,1,https://pbs.twimg.com/media/DBK14CnVYAE0Zas.jpg,,,,,,,[],,,,
870000628986032128,870000628986032128,2017-05-31 15:34:48 EDT,2017-05-31,15:34:48,-0400,2466009575,emergencyglobal,Emergency Alerts,,"disasteraware:#FLOOD New Alert: Storm - Central Plains, United States, Severity: WARNING  https://t.co/VcdrrGVdvn  https://t.co/7a9MbtEXNf  https://t.co/hQYLBewgOO",en,[],"['http://snc.pdc.org/PRODUCTION/3dbd7c98-c4c0-4ce3-bc9b-c424500a81e4/index.html', 'http://ift.tt/2iEOhIL']",['https://pbs.twimg.com/media/DBLc9hLVYAE_XO1.jpg'],0,0,0,['flood'],[],https://twitter.com/emergencyglobal/status/870000628986032128,False,,1,https://pbs.twimg.com/media/DBLc9hLVYAE_XO1.jpg,,,,,,,[],,,,
870000501428977669,870000501428977669,2017-05-31 15:34:18 EDT,2017-05-31,15:34:18,-0400,2201283403,copernicusems,Copernicus EMS,,New map: [#EMSR205] Rathnapura: Delineation Map [v0]  https://t.co/SiEm0ttz2D #flood #01delineation #EUCivPro,ht,[],['http://j.mp/2qBV8mL'],[],0,0,0,"['emsr205', 'flood', '01delineation', 'eucivpro']",[],https://twitter.com/CopernicusEMS/status/870000501428977669,False,,0,,,,,,,,[],,,,
869999704515371008,869999660982714369,2017-05-31 15:31:08 EDT,2017-05-31,15:31:08,-0400,2276880895,petabencana,PetaBencana.id,,"@arukmantara Hello, I am Bencana Bot, reply with #flood to send me your flood report.  https://t.co/UJKGe2q9Wk",en,[],[],['https://pbs.twimg.com/tweet_video_thumb/C4MFV65UkAAbNll.jpg'],0,0,0,['flood'],[],https://twitter.com/petabencana/status/869999704515371008,False,,1,https://pbs.twimg.com/tweet_video_thumb/C4MFV65UkAAbNll.jpg,,,,,,,"[{'screen_name': 'arukmantara', 'name': 'arie rukmantara', 'id': '45769154'}]",,,,
869999659422425088,869999659422425088,2017-05-31 15:30:57 EDT,2017-05-31,15:30:57,-0400,85636450,disasteraware,DisasterAWARE,"{'type': 'Point', 'coordinates': [37.81444, -94.23424]}","#FLOOD New Alert: Storm - Central Plains, United States, Severity: WARNING  https://t.co/r4rKqLPG5c",en,[],['http://snc.pdc.org/PRODUCTION/3dbd7c98-c4c0-4ce3-bc9b-c424500a81e4/index.html'],[],0,1,0,['flood'],[],https://twitter.com/disasteraware/status/869999659422425088,False,,0,,,,,,,,[],,,,
869999436276969472,869999436276969472,2017-05-31 15:30:04 EDT,2017-05-31,15:30:04,-0400,45195411,ubalert,ubAlert,,"Storm - Central Plains, United States-  https://t.co/5jX9yVcXfJ #flood #fb",en,[],['http://www.ubalert.com/dRoc'],[],0,0,0,"['flood', 'fb']",[],https://twitter.com/ubalert/status/869999436276969472,False,,0,,,,,,,,[],,,,
869996955551846401,869996955551846401,2017-05-31 15:20:12 EDT,2017-05-31,15:20:12,-0400,1580084768,dans_mes_shoes,Jean-Mathieu Chenier,,Enter at your own risks...  #enteratyourownrisk #deck #fence #beingwatched #securitycamera #river #flood #spring  https://t.co/Sn6I17CbtA,en,[],['http://fb.me/1rSCFukUM'],[],0,0,0,"['enteratyourownrisk', 'deck', 'fence', 'beingwatched', 'securitycamera', 'river', 'flood', 'spring']",[],https://twitter.com/dans_mes_shoes/status/869996955551846401,False,,0,,,,,,,,[],,,,
869996694460547073,869996694460547073,2017-05-31 15:19:10 EDT,2017-05-31,15:19:10,-0400,2201283403,copernicusems,Copernicus EMS,,New map: [#EMSR205] Beruwala: Delineation Map [v1]  https://t.co/eNANGTsdtq #flood #01delineation #EUCivPro,tl,[],['http://j.mp/2qBFQyB'],[],0,0,1,"['emsr205', 'flood', '01delineation', 'eucivpro']",[],https://twitter.com/CopernicusEMS/status/869996694460547073,False,,0,,,,,,,,[],,,,
869993163620044801,869993163620044801,2017-05-31 15:05:08 EDT,2017-05-31,15:05:08,-0400,958321766,usgs_hdds,USGS HDDS,,2 scenes of LANDSAT ingested to HDDS for event 201704_Flood_US #flood  https://t.co/sC7AzA3yFM  https://t.co/gMAG6suvez,en,[],['https://hddsexplorer.usgs.gov/criteria?event=201704_Flood_US&ordered=201704_Flood_US_USGS_LANDSAT7_20170530_NV&field=BATCH_NAME'],['https://pbs.twimg.com/media/DBLWK6QWsAEO1Y1.jpg'],0,0,0,['flood'],[],https://twitter.com/USGS_HDDS/status/869993163620044801,False,,1,https://pbs.twimg.com/media/DBLWK6QWsAEO1Y1.jpg,,,,,,,[],,,,
869992919889043456,869992919889043456,2017-05-31 15:04:10 EDT,2017-05-31,15:04:10,-0400,2201283403,copernicusems,Copernicus EMS,,New map: [#EMSR205] Kiriella: Delineation Map [v1]  https://t.co/TRCqV3Lm4c #flood #01delineation #EUCivPro,ht,[],['http://j.mp/2qBDVKm'],[],0,0,0,"['emsr205', 'flood', '01delineation', 'eucivpro']",[],https://twitter.com/CopernicusEMS/status/869992919889043456,False,,0,,,,,,,,[],,,,
869992913006206977,869992913006206977,2017-05-31 15:04:08 EDT,2017-05-31,15:04:08,-0400,2201283403,copernicusems,Copernicus EMS,,New map: [#EMSR205] Parakaduwa: Delineation Map [v0]  https://t.co/xSiTPjFUdl #flood #01delineation #EUCivPro,tl,[],['http://j.mp/2qBzijj'],[],0,0,0,"['emsr205', 'flood', '01delineation', 'eucivpro']",[],https://twitter.com/CopernicusEMS/status/869992913006206977,False,,0,,,,,,,,[],,,,
869991876778225665,869991876778225665,2017-05-31 15:00:01 EDT,2017-05-31,15:00:01,-0400,281064390,lex_ins,Lexington Insurance,,Our #flood tip sheet has a checklist for #businesses:  https://t.co/uXh8XnXsHE  https://t.co/ewuNUBCmUL,en,[],['http://1.lextogo.com/2ppPA1o'],['https://pbs.twimg.com/media/DBLU_9eWAAAI7Dh.jpg'],0,1,0,"['flood', 'businesses']",[],https://twitter.com/Lex_Ins/status/869991876778225665,False,,1,https://pbs.twimg.com/media/DBLU_9eWAAAI7Dh.jpg,,,,,,,[],,,,
869991874442014720,869991874442014720,2017-05-31 15:00:01 EDT,2017-05-31,15:00:01,-0400,17141766,reporterherald,Reporter-Herald,,@LarimerCounty: 6 #flood damaged structures need to come down this summer.   Via @RHPamelaJ. #NoCo    https://t.co/QwE8mUQgNb  https://t.co/eqjxOA3GZV,en,"[{'screen_name': 'rhpamelaj', 'name': 'pamela johnson', 'id': '2832496258'}]",['http://bit.ly/2rhqbpj'],['https://pbs.twimg.com/media/DBKaHvZUAAEbD4H.jpg'],0,0,0,"['flood', 'noco']",[],https://twitter.com/reporterherald/status/869991874442014720,False,,1,https://pbs.twimg.com/media/DBKaHvZUAAEbD4H.jpg,,,,,,,[],,,,
869990662548094977,869990662548094977,2017-05-31 14:55:12 EDT,2017-05-31,14:55:12,-0400,3339986950,authorles,Les Farley (Author),,#Good and #evil #clash in this #ebook #fantasy which takes #place long before #Noah's #flood.   https://t.co/K3y9emqGGa  https://t.co/aIzB9VgP77,en,[],['http://ow.ly/ZYZi3080eui'],['https://pbs.twimg.com/media/DBLT5OmUwAEAe2u.jpg'],0,2,1,"['good', 'evil', 'clash', 'ebook', 'fantasy', 'place', 'noah', 'flood']",[],https://twitter.com/AuthorLes/status/869990662548094977,False,,1,https://pbs.twimg.com/media/DBLT5OmUwAEAe2u.jpg,,,,,,,[],,,,
869988099966861312,869988099966861312,2017-05-31 14:45:01 EDT,2017-05-31,14:45:01,-0400,3996532821,nhm_realtors,NHMRealtors,,House Releases portions of draft legislation to reauthorize &amp; reform National Flood Insurance Program NFIP   https://t.co/kzBHUu9LjZ #flood,en,[],['http://buff.ly/2roqyQV'],[],0,0,0,['flood'],[],https://twitter.com/NHM_Realtors/status/869988099966861312,False,,0,,,,,,,,[],,,,
869987256102035457,869987256102035457,2017-05-31 14:41:40 EDT,2017-05-31,14:41:40,-0400,835372943773294593,galacticsun93,IAΩHuman,,Download &amp; follow the instructions #Flood2017. #flood #manifesto   https://t.co/PqDJqM3nlL,en,[],['https://www.dropbox.com/sh/evukdbz3cqbesiv/AAAj24GREGfFfDB5xjVOyVcWa?dl=0#'],[],0,0,0,"['flood2017', 'flood', 'manifesto']",[],https://twitter.com/GalacticSun93/status/869987256102035457,False,,0,,,,,,,,[],,,,
869986894758772736,869986894758772736,2017-05-31 14:40:13 EDT,2017-05-31,14:40:13,-0400,805008734,jm22381,JM,,La inundación del río Ishim en Rusia  https://t.co/FqRvPT3puF #river #flood @NASAEarth  https://t.co/ZmpuZ5btR4,es,"[{'screen_name': 'nasaearth', 'name': 'nasa earth', 'id': '24919888'}]",['https://goo.gl/UEPpJL'],['https://pbs.twimg.com/tweet_video_thumb/DBLQC2nW0AAbtA9.jpg'],0,0,0,"['river', 'flood']",[],https://twitter.com/jm22381/status/869986894758772736,False,,1,https://pbs.twimg.com/tweet_video_thumb/DBLQC2nW0AAbtA9.jpg,,,,,,,[],,,,
869984328398319618,869984328398319618,2017-05-31 14:30:02 EDT,2017-05-31,14:30:02,-0400,981045752,steph_colombini,Stephanie Colombini,,#HurricaneSeason starts tomorrow and we're breaking down the differences between #stormsurge maps and #Flood maps  https://t.co/1V4ucBxmqa  https://t.co/xZJ4UdJZo1,en,[],['http://bit.ly/2rVbefo'],['https://pbs.twimg.com/media/DBK_qKkXkAA6iY7.jpg'],0,0,1,"['hurricaneseason', 'stormsurge', 'flood']",[],https://twitter.com/Steph_Colombini/status/869984328398319618,False,,1,https://pbs.twimg.com/media/DBK_qKkXkAA6iY7.jpg,,,,,,,[],,,,
869984321578311680,869984321578311680,2017-05-31 14:30:00 EDT,2017-05-31,14:30:00,-0400,17544442,wusf,WUSF,,#HurricaneSeason starts tomorrow and we're breaking down the differences between #stormsurge maps and #Flood maps  https://t.co/Nc2Mbp089L  https://t.co/vIfTpEOwiT,en,[],['http://bit.ly/2rVbefo'],['https://pbs.twimg.com/media/DBK_qKzW0AMt0OU.jpg'],0,3,1,"['hurricaneseason', 'stormsurge', 'flood']",[],https://twitter.com/wusf/status/869984321578311680,False,,1,https://pbs.twimg.com/media/DBK_qKzW0AMt0OU.jpg,,,,,,,[],,,,
869982489523179523,869982489523179523,2017-05-31 14:22:43 EDT,2017-05-31,14:22:43,-0400,2911539021,derivehealth,Derive Healthcare,,.@HealthITNews #CISOs just can't keep up w/ #flood of #data #breaches:  https://t.co/lIl0UZMmtz #cybersecurity #medicalrecords #HealthIT #HIT  https://t.co/VfF1ZVRfxx,en,"[{'screen_name': 'healthitnews', 'name': 'healthcare it news', 'id': '17154954'}]",['http://oal.lu/WXiUH'],['https://pbs.twimg.com/media/DBLMdl7W0Ao_My5.jpg'],0,0,0,"['cisos', 'flood', 'data', 'breaches', 'cybersecurity', 'medicalrecords', 'healthit', 'hit']",[],https://twitter.com/DeriveHealth/status/869982489523179523,False,,1,https://pbs.twimg.com/media/DBLMdl7W0Ao_My5.jpg,,,,,,,[],,,,
869981567216607232,869981567216607232,2017-05-31 14:19:03 EDT,2017-05-31,14:19:03,-0400,336285242,dream_lahiru,Sihina Lahiru,,නුඹ අපි මේ රජ වන්නට නොව - Sri Lanka Flood #2k17 #flood  https://t.co/zajesgS7Zi,und,[],['http://fb.me/PlzvdqB3'],[],0,0,0,"['2k17', 'flood']",[],https://twitter.com/Dream_lahiru/status/869981567216607232,False,,0,,,,,,,,[],,,,
869981394780475402,869981394780475402,2017-05-31 14:18:22 EDT,2017-05-31,14:18:22,-0400,88963456,srirangank,Srirangan,,#Sri Lankan #shares snap 3 sessions of falls; #flood woes weigh on mkt  https://t.co/HAtvhBz6Ht,en,[],['http://slbiznews.blogspot.com/2017/05/sri-lankan-shares-snap-3-sessions-of.html?spref=tw'],[],0,0,0,"['sri', 'shares', 'flood']",[],https://twitter.com/srirangank/status/869981394780475402,False,,0,,,,,,,,[],,,,
869980888423124999,869980888423124999,2017-05-31 14:16:21 EDT,2017-05-31,14:16:21,-0400,620149729,servprobntfl,Servpro of Bountiful,,Wicked! #SERVPRO #insurance #disaster #picoftheday #flood #fire #evilgirl  https://t.co/1hJ3CQWlSe,en,[],[],['https://pbs.twimg.com/media/DBLLAZkW0AYxo1i.jpg'],0,0,1,"['servpro', 'insurance', 'disaster', 'picoftheday', 'flood', 'fire', 'evilgirl']",[],https://twitter.com/ServproBntfl/status/869980888423124999,False,,1,https://pbs.twimg.com/media/DBLLAZkW0AYxo1i.jpg,,,,,,,[],,,,
869980072584859653,869980072584859653,2017-05-31 14:13:07 EDT,2017-05-31,14:13:07,-0400,808222817485524992,flooddefencesuk,Flood Defences,,Sewerage Protection in Deblin's Green #Sewer #Flood #Protection #Deblin's #Green  https://t.co/eNHyfv9kNT,en,[],['https://goo.gl/WaLYph'],[],0,0,0,"['sewer', 'flood', 'protection', 'deblin', 'green']",[],https://twitter.com/flooddefencesuk/status/869980072584859653,False,,0,,,,,,,,[],,,,
869978835172904967,869978835172904967,2017-05-31 14:08:12 EDT,2017-05-31,14:08:12,-0400,28182765,sidneysnippets,Sam Gaines,,An absolutely amazing show!!! The three nights of camping ⛺️ in the rain ☔️were definitely worth it and made for great #flood rendition 😉  https://t.co/zIy0xRwPxi,en,[],['https://twitter.com/garybarlow/status/869671813579538432'],[],0,0,0,['flood'],[],https://twitter.com/SidneySnippets/status/869978835172904967,False,https://twitter.com/garybarlow/status/869671813579538432,0,,,,,,,,[],,,,
869977375953436673,869977375953436673,2017-05-31 14:02:24 EDT,2017-05-31,14:02:24,-0400,1942421198,pauladavis2,Pavana,,"@projectcamelot @DrStevenGreer @david_wilcock free energy, free schematic #Flood  https://t.co/y8CoILXeiu",en,"[{'screen_name': 'drstevengreer', 'name': 'dr. steven greer', 'id': '106642098'}, {'screen_name': 'david_wilcock', 'name': 'david wilcock', 'id': '37489008'}]",['https://twitter.com/666ab731/status/869800744093970432'],[],0,0,0,['flood'],[],https://twitter.com/PaulaDavis2/status/869977375953436673,False,https://twitter.com/666ab731/status/869800744093970432,0,,,,,,,,[],,,,
869976775756886016,869976775756886016,2017-05-31 14:00:01 EDT,2017-05-31,14:00:01,-0400,205758443,kelliaker1,Kelli Aker,,What’s next for #flood insurance?  https://t.co/Fpuoe9R3aS,en,[],['https://lnkd.in/eX7GSm7'],[],0,0,0,['flood'],[],https://twitter.com/kelliaker1/status/869976775756886016,False,,0,,,,,,,,[],,,,
869974039137308672,869974039137308672,2017-05-31 13:49:08 EDT,2017-05-31,13:49:08,-0400,2201283403,copernicusems,Copernicus EMS,,New map: [#EMSR205] Beruwala: Delineation Map [v0]  https://t.co/lsev89563P #flood #01delineation #EUCivPro,tl,[],['http://j.mp/2qBusmm'],[],0,0,0,"['emsr205', 'flood', '01delineation', 'eucivpro']",[],https://twitter.com/CopernicusEMS/status/869974039137308672,False,,0,,,,,,,,[],,,,
869971527332052992,869971527332052992,2017-05-31 13:39:10 EDT,2017-05-31,13:39:10,-0400,2844793871,mann_got_it,jungle babiii,,Ride the wave🌊🤘🐐🐐🐐#flood #klann #ATX #texas  https://t.co/fv1D78Lj9L,en,[],[],['https://pbs.twimg.com/media/DBLCea9UwAAhLhA.jpg'],0,0,0,"['flood', 'klann', 'atx', 'texas']",[],https://twitter.com/mann_got_it/status/869971527332052992,False,,1,https://pbs.twimg.com/media/DBLCea9UwAAhLhA.jpg,,,,,,,[],,,,
869971020681052160,869971020681052160,2017-05-31 13:37:09 EDT,2017-05-31,13:37:09,-0400,272160238,thewatchers_,The Watchers,,"Severe flash floods hit Turkey's Izmir, turning streets into raging rivers  https://t.co/JwmLdb1wPo #flood #Izmir #Turkey",en,[],['http://dlvr.it/PHWV7h'],[],0,11,2,"['flood', 'izmir', 'turkey']",[],https://twitter.com/TheWatchers_/status/869971020681052160,False,,0,,,,,,,,[],,,,
869970266994216960,869970266994216960,2017-05-31 13:34:09 EDT,2017-05-31,13:34:09,-0400,829528891966574594,azdryguys,AZ Dry Guys,,RT  https://t.co/AXu1CRPFko Strike Force Fire and #Flood Division #Mold #Remediation #Certified. Call1(800) 654-01…  https://t.co/L85c6mUFKj,en,[],"['https://twitter.com/StrikeForceCorp/status/869950440842153985', 'https://twitter.com/i/web/status/869950440842153985']",[],0,0,0,"['flood', 'mold', 'remediation', 'certified']",[],https://twitter.com/azdryguys/status/869970266994216960,False,https://twitter.com/StrikeForceCorp/status/869950440842153985,0,,,,,,,,[],,,,
869967966615556096,869967966615556096,2017-05-31 13:25:01 EDT,2017-05-31,13:25:01,-0400,200076288,floodexpert,Ambiental,,International aid arrives in #SriLanka as #flood death toll climbs to more than 200  https://t.co/1iPBavo0pO,en,[],['https://goo.gl/6E2Ce1'],[],0,0,0,"['srilanka', 'flood']",[],https://twitter.com/floodexpert/status/869967966615556096,False,,0,,,,,,,,[],,,,
869965147367976960,869965147367976960,2017-05-31 13:13:48 EDT,2017-05-31,13:13:48,-0400,1076436973,lepossam,StefpoSs,,La ville @Dublin_ie s'équipe de capteurs @LoRaAlliance pour prévenir les inondations #riskmanagement #iot #flood  https://t.co/FSidxZ3ZVA  https://t.co/YduBAJ4LcT,fr,"[{'screen_name': 'dublin_ie', 'name': 'dublin', 'id': '4850213151'}, {'screen_name': 'loraalliance', 'name': 'lora alliance', 'id': '3364396215'}]",['http://bit.ly/2rUN845'],"['https://pbs.twimg.com/media/DBK8sIlVoAA-Cro.jpg', 'https://pbs.twimg.com/media/DBK8sHqVoAE-X5o.jpg']",0,1,4,"['riskmanagement', 'iot', 'flood']",[],https://twitter.com/lepoSsam/status/869965147367976960,False,,1,https://pbs.twimg.com/media/DBK8sIlVoAA-Cro.jpg,,,,,,,[],,,,
869963031370924032,869922938895683585,2017-05-31 13:05:24 EDT,2017-05-31,13:05:24,-0400,2201483070,128smith,Michael,,@2017Hull @LIFTfestival This is all too much. So much awesome @2017Hull events. Its hard to process it all. #Flood #bigweekend #DEPARTcircus #MadeInHull #Cairns etc,en,"[{'screen_name': '2017hull', 'name': 'hull city of culture', 'id': '737283109478096897'}]",[],[],1,0,1,"['flood', 'bigweekend', 'departcircus', 'madeinhull', 'cairns']",[],https://twitter.com/128smith/status/869963031370924032,False,,0,,,,,,,,"[{'screen_name': '2017Hull', 'name': 'Hull City of Culture', 'id': '737283109478096897'}, {'screen_name': 'LIFTfestival', 'name': 'LIFT', 'id': '38183837'}]",,,,
869961990319595521,869961990319595521,2017-05-31 13:01:16 EDT,2017-05-31,13:01:16,-0400,52584772,realnongthom,Santosh Nongthombam,,Major parts of Imphal under threat of being flooded if it rains tonight. Imphal river running way above the danger level. #Manipur #flood,en,[],[],[],0,0,0,"['manipur', 'flood']",[],https://twitter.com/RealNongthom/status/869961990319595521,False,,0,,,,,,,,[],,,,
869961331402653696,869961331402653696,2017-05-31 12:58:39 EDT,2017-05-31,12:58:39,-0400,254757179,willbearwitness,William Koblensky Varela,,"#Flood zones and #home construction should be the government's responsibility, not #insurance brokers: CAA-Quebec  https://t.co/ozgFxRQMnT",en,[],['http://www.insurancebusinessmag.com/ca/news/flood/im-not-sure-the-broker-or-the-insurer-should-be-the-one-to-do-this-job-69120.aspx'],[],0,0,0,"['flood', 'home', 'insurance']",[],https://twitter.com/WillBearWitness/status/869961331402653696,False,,0,,,,,,,,[],,,,
869955126093533188,869955126093533188,2017-05-31 12:33:59 EDT,2017-05-31,12:33:59,-0400,705759080779014145,hvaci2,HVAC Investigators,,Updates to national #flood #insurance program drafted and released  https://t.co/AYfwd1eg2q,en,[],['http://bit.ly/2rp4shk'],[],0,0,0,"['flood', 'insurance']",[],https://twitter.com/HVACi2/status/869955126093533188,False,,0,,,,,,,,[],,,,
869954088087191553,869954088087191553,2017-05-31 12:29:52 EDT,2017-05-31,12:29:52,-0400,1732277082,hardyservices,Hardy Services 💧,,"Paull, #Hull  #FloodDefence Installation by Hardy Services using superb @IBS_EPLtd #flood barriers  more photos &gt;  https://t.co/2rMfLTh4Os  https://t.co/tWCU2gxsaq",en,"[{'screen_name': 'ibs_epltd', 'name': 'ibs eng. products', 'id': '300207990'}]",['https://hardyservices.co.uk/projects/paull-hull-flood-defense-installation/#.WS7vExM92TM.twitter'],['https://pbs.twimg.com/media/DBKyd4qXkAEeKRJ.jpg'],0,2,0,"['hull', 'flooddefence', 'flood']",[],https://twitter.com/Hardyservices/status/869954088087191553,False,,1,https://pbs.twimg.com/media/DBKyd4qXkAEeKRJ.jpg,,,,,,,[],,,,
869950440842153985,869950440842153985,2017-05-31 12:15:22 EDT,2017-05-31,12:15:22,-0400,785309067346575362,strikeforcecorp,Strike Force Corp,,Strike Force Fire and #Flood Division #Mold #Remediation #Certified. Call1(800) 654-0114. #insurance #waterdamage  https://t.co/bxHyRdcA92  https://t.co/sCjgHJmoGh,en,[],['https://strikeforce.online/fire-and-flood-restoration'],['https://pbs.twimg.com/media/DBKvJN-WAAAACyp.jpg'],0,0,0,"['flood', 'mold', 'remediation', 'certified', 'insurance', 'waterdamage']",[],https://twitter.com/StrikeForceCorp/status/869950440842153985,False,,1,https://pbs.twimg.com/media/DBKvJN-WAAAACyp.jpg,,,,,,,[],,,,
869945634136006656,869945634136006656,2017-05-31 11:56:16 EDT,2017-05-31,11:56:16,-0400,362521167,yasassan,Yasas Diyanananda,"{'type': 'Point', 'coordinates': [5.95, 80.53333333]}",Matara 😇  Captured while #FloodRelief efforts! 🌊 #FloodSL #srilanka #lka #flood #staystrong…  https://t.co/AacQlXkEB3,en,[],['https://www.instagram.com/p/BUwzU-zhjwx/'],[],0,0,0,"['floodrelief', 'floodsl', 'srilanka', 'lka', 'flood', 'staystrong']",[],https://twitter.com/YasasSan/status/869945634136006656,False,,0,,,,,,,,[],,,,
869944520477200384,869944520477200384,2017-05-31 11:51:51 EDT,2017-05-31,11:51:51,-0400,79132107,disasterschart,Disasters Charter,,"The #flood extent in Kalu Ganga basin, #SriLanka, was mapped by #RADARSAT2 on 29 May:  https://t.co/LCo1VVKgEZ  https://t.co/sU2Jz7svpj",en,[],['http://bit.ly/2rwjoec'],['https://pbs.twimg.com/media/DBKpbBDXUAAtBXZ.jpg'],0,1,2,"['flood', 'srilanka', 'radarsat2']",[],https://twitter.com/DisastersChart/status/869944520477200384,False,,1,https://pbs.twimg.com/media/DBKpbBDXUAAtBXZ.jpg,,,,,,,[],,,,
869938566553415680,869938566553415680,2017-05-31 11:28:11 EDT,2017-05-31,11:28:11,-0400,611183777,bribermensolo,Briana Bermensolo,,"BREAKING: For the first time since 1983, the Entiat River near Ardenvoir has reached flood stage. #wawx #Flood  https://t.co/JdRqdJuKza",en,[],[],['https://pbs.twimg.com/media/DBKkf4_XYAA4D8N.jpg'],0,2,2,"['wawx', 'flood']",[],https://twitter.com/BriBermensolo/status/869938566553415680,False,,1,https://pbs.twimg.com/media/DBKkf4_XYAA4D8N.jpg,,,,,,,[],,,,
869934867433345025,869934867433345025,2017-05-31 11:13:29 EDT,2017-05-31,11:13:29,-0400,19377148,nwsspokane,NWS Spokane,,"For the first time since 1983, the Entiat River near Ardenvoir has reached flood stage. #wawx #Flood  https://t.co/ZekC4PbPCV",en,[],[],['https://pbs.twimg.com/media/DBKhBZzXYAQOteC.jpg'],1,1,3,"['wawx', 'flood']",[],https://twitter.com/NWSSpokane/status/869934867433345025,False,,1,https://pbs.twimg.com/media/DBKhBZzXYAQOteC.jpg,,,,,,,[],,,,
869934783232716805,869934783232716805,2017-05-31 11:13:09 EDT,2017-05-31,11:13:09,-0400,808222817485524992,flooddefencesuk,Flood Defences,,Commercial Flood Defences in Omagh #Industrial #Flood #Defence #Omagh  https://t.co/2OHijX5KcV,en,[],['https://goo.gl/0bLJsz'],[],0,0,0,"['industrial', 'flood', 'defence', 'omagh']",[],https://twitter.com/flooddefencesuk/status/869934783232716805,False,,0,,,,,,,,[],,,,
869932799683440641,869932799683440641,2017-05-31 11:05:16 EDT,2017-05-31,11:05:16,-0400,1952179104,agi_geoissues,AGI Critical Issues,,Need flood info? Our #flood #CIWebinar page has lots of fed &amp; state resources w/info &amp; mitigation tips:  https://t.co/FbnKVC53Co #floodprep  https://t.co/A91U4DM3I1,en,[],['http://bit.ly/flood-webinar-2017'],['https://pbs.twimg.com/media/DBKfRSQW0AESFcc.jpg'],0,0,0,"['flood', 'ciwebinar', 'floodprep']",[],https://twitter.com/AGI_GeoIssues/status/869932799683440641,False,,1,https://pbs.twimg.com/media/DBKfRSQW0AESFcc.jpg,,,,,,,[],,,,
869930069237616641,869930069237616641,2017-05-31 10:54:25 EDT,2017-05-31,10:54:25,-0400,1560236666,downsmail,Downs Mail,,#Environment Agency offers help to #flood victims in #Maidstone area... details  https://t.co/3q5frCatPm  https://t.co/r8HKlW9QAH,en,[],['http://www.downsmail.co.uk/news_sport/News/Free_help_for_flood_risk_homes/'],['https://pbs.twimg.com/media/DBKcl1EXoAAklit.jpg'],0,0,0,"['environment', 'flood', 'maidstone']",[],https://twitter.com/DownsMail/status/869930069237616641,False,,1,https://pbs.twimg.com/media/DBKcl1EXoAAklit.jpg,,,,,,,[],,,,
869927498842333185,869927498842333185,2017-05-31 10:44:12 EDT,2017-05-31,10:44:12,-0400,2656855124,mscholesyoung,MelissaScholesYoung,,Preorder my debut novel #FLOOD @GoHannibalMO @hannibalcourier @HCP_Editor I'll be signing @ Hannibal Arts Council &amp; #MarkTwain Boyhood Home  https://t.co/sIfAWlY6Af,en,"[{'screen_name': 'gohannibalmo', 'name': 'hannibal mo tourism', 'id': '2394957648'}, {'screen_name': 'hannibalcourier', 'name': 'hannibalcourier-post', 'id': '17375039'}, {'screen_name': 'hcp_editor', 'name': 'eric dundon', 'id': '3044593347'}]",[],['https://pbs.twimg.com/media/DBKYcYeXsAAZHJ9.jpg'],2,1,7,"['flood', 'marktwain']",[],https://twitter.com/mscholesyoung/status/869927498842333185,False,,1,https://pbs.twimg.com/media/DBKYcYeXsAAZHJ9.jpg,,,,,,,[],,,,
869922773715562500,869922773715562500,2017-05-31 10:25:26 EDT,2017-05-31,10:25:26,-0400,78028120,ferrydwijaya,ferry DWIJAYA,,Let go of the thoughts that don't make you strong   #flood #birthday…  https://t.co/FB370e71jz,en,[],['https://www.instagram.com/p/BUwo79blpGxQp8bEXVgtQnYEmPmH0KcDOJ8SrE0/'],[],0,0,0,"['flood', 'birthday']",[],https://twitter.com/FerryDwijaya/status/869922773715562500,False,,0,,,,,,,,[],,,,
869921660639596544,869921660639596544,2017-05-31 10:21:00 EDT,2017-05-31,10:21:00,-0400,3651534075,absorbeezcanada,Absorbeez Canada,,"#Kelowna, #BritishColumbia #flood threat worsened by high winds. We ship Absorbeez to Kelowna. Visit  https://t.co/pWRuijmjNm. #BePrepared!  https://t.co/LXI455MGp1",en,[],['https://store.absorbeez.com'],['https://pbs.twimg.com/media/DBKVIdGXUAAFz0w.jpg'],0,0,4,"['kelowna', 'britishcolumbia', 'flood', 'beprepared']",[],https://twitter.com/AbsorbeezCanada/status/869921660639596544,False,,1,https://pbs.twimg.com/media/DBKVIdGXUAAFz0w.jpg,,,,,,,[],,,,
869921505840439296,869921505840439296,2017-05-31 10:20:24 EDT,2017-05-31,10:20:24,-0400,3067945613,cardiff_rainbow,Rainbow International South Wales & Bristol,,It’s our job to #restore your property to pre-incident condition while you #recover physically &amp; emotionally #TheRainbowWay #Fire #Flood,en,[],[],[],0,0,2,"['restore', 'recover', 'therainbowway', 'fire', 'flood']",[],https://twitter.com/Cardiff_Rainbow/status/869921505840439296,False,,0,,,,,,,,[],,,,
869918226590740480,869918226590740480,2017-05-31 10:07:22 EDT,2017-05-31,10:07:22,-0400,862128579491938304,dubbzicle,dubbz,,@BillNye @elonmusk @JulianAssange @realDonaldTrump @BernieSanders @JustinTrudeau  #ReadMe #FirstWave #FLOOD  https://t.co/Wc7WLxHft8,und,"[{'screen_name': 'elonmusk', 'name': 'elon musk', 'id': '44196397'}, {'screen_name': 'julianassange', 'name': 'julian assange', 'id': '1057707312536866821'}, {'screen_name': 'realdonaldtrump', 'name': 'donald j. trump', 'id': '25073877'}, {'screen_name': 'berniesanders', 'name': 'bernie sanders', 'id': '216776631'}, {'screen_name': 'justintrudeau', 'name': 'justin trudeau', 'id': '14260960'}]",[],"['https://pbs.twimg.com/media/DBKR-_QVoAAw_vb.jpg', 'https://pbs.twimg.com/media/DBKSAOMV0AAQCE6.jpg']",2,2,2,"['readme', 'firstwave', 'flood']",[],https://twitter.com/dubbzicle/status/869918226590740480,False,,1,https://pbs.twimg.com/media/DBKR-_QVoAAw_vb.jpg,,,,,,,[],,,,
869917439395602433,869917439395602433,2017-05-31 10:04:14 EDT,2017-05-31,10:04:14,-0400,613525302,centurygroupuk,Century Group,,"Specialist #Fire and #Flood damaged experts. Waste Disposal, Maintenance and #Cleaning to minimise loss. On Call  https://t.co/jP24NhgIgI  https://t.co/OYSvwFnNm3",en,[],['http://bit.ly/2g1NsEl'],['https://pbs.twimg.com/media/DBKRS6YW0AAhom5.jpg'],0,1,2,"['fire', 'flood', 'cleaning']",[],https://twitter.com/CenturyGroupUK/status/869917439395602433,False,,1,https://pbs.twimg.com/media/DBKRS6YW0AAhom5.jpg,,,,,,,[],,,,
869916526425636865,869916526425636865,2017-05-31 10:00:36 EDT,2017-05-31,10:00:36,-0400,2786768256,afernandezins,Adrian Fernandez Ins,,Did you know... #Flood #Insurance is NOT included in your standard homeowner's policy? #AFernandezIns  https://t.co/CAF3OAkVBJ,en,[],['http://fb.me/3ITaWM1VH'],[],0,0,0,"['flood', 'insurance', 'afernandezins']",[],https://twitter.com/AFernandezIns/status/869916526425636865,False,,0,,,,,,,,[],,,,
869915261238820865,869915261238820865,2017-05-31 09:55:35 EDT,2017-05-31,09:55:35,-0400,41751357,worldpeacesigns,World peace signs,,"Johnstown #Flood today 1889, failure of South Fork Dam released 20 million tons of water &amp; killed over 2,200 people  https://t.co/2x6YDwq1c7  https://t.co/jforuiRFm6",en,[],['http://www.toxipedia.org/x/c59b'],"['https://pbs.twimg.com/media/DBKPNH8V0AAsTrv.jpg', 'https://pbs.twimg.com/media/DBKPOxRV0AEMRQ6.jpg']",0,2,1,['flood'],[],https://twitter.com/worldpeacesigns/status/869915261238820865,False,,1,https://pbs.twimg.com/media/DBKPNH8V0AAsTrv.jpg,,,,,,,[],,,,
869914608865169408,869914608865169408,2017-05-31 09:52:59 EDT,2017-05-31,09:52:59,-0400,119542932,usgs_idaho,USGS in Idaho,,Salmon River at Salmon above #flood stage again:  https://t.co/jp3WeKweyz  https://t.co/saBDYsxqud,en,[],['https://on.doi.gov/2r1Ib6f'],['https://pbs.twimg.com/media/DBKOorIXcAUezp7.jpg'],0,3,2,['flood'],[],https://twitter.com/USGS_Idaho/status/869914608865169408,False,,1,https://pbs.twimg.com/media/DBKOorIXcAUezp7.jpg,,,,,,,[],,,,
869914568239316993,869914568239316993,2017-05-31 09:52:49 EDT,2017-05-31,09:52:49,-0400,4853126451,curatorkitty,Kitty Ross,,Fascinating tour of #Leeds #flood defences. Unobtrusive landscaping I've walked past without noticing @LeedsCC_News  https://t.co/BGetn4yUxv,en,"[{'screen_name': 'leedscc_news', 'name': 'leeds council news', 'id': '16409968'}]",[],"['https://pbs.twimg.com/media/DBKOi5HWsAAGn4b.jpg', 'https://pbs.twimg.com/media/DBKOk7rXUAA2XnP.jpg', 'https://pbs.twimg.com/media/DBKOnyXXsAAQW8m.jpg', 'https://pbs.twimg.com/media/DBKOqR9WsAAC-4A.jpg']",1,4,9,"['leeds', 'flood']",[],https://twitter.com/CuratorKitty/status/869914568239316993,False,,1,https://pbs.twimg.com/media/DBKOi5HWsAAGn4b.jpg,,,,,,,[],,,,
869914554213576705,869914554213576705,2017-05-31 09:52:46 EDT,2017-05-31,09:52:46,-0400,2848128906,randyinsurance,Ross & Yerger,,How far in advance can meteorologists accurately predict #flood impacts?  https://t.co/G54rOJzwct,en,[],['http://www.click2houston.com/news/predicting-if-your-neighborhood-will-flood-before-rain-falls?cmpid=SMC-TWITTER-Lex_Ins-NaturalDisaster/Weather-20170524120000&linkId=36848254'],[],0,0,1,['flood'],[],https://twitter.com/RandYInsurance/status/869914554213576705,False,,0,,,,,,,,[],,,,
869914181994033152,869914181994033152,2017-05-31 09:51:17 EDT,2017-05-31,09:51:17,-0400,119542932,usgs_idaho,USGS in Idaho,,Big Wood River at Hailey above @NWS moderate #flood stage (6.5 ft)  https://t.co/3UxDS54N42  https://t.co/dImwVcVVHY,en,"[{'screen_name': 'nws', 'name': 'national weather service', 'id': '454313925'}]",['https://on.doi.gov/2kq5Uxw'],['https://pbs.twimg.com/media/DBKOPbkXoAAnCuO.jpg'],0,0,0,['flood'],[],https://twitter.com/USGS_Idaho/status/869914181994033152,False,,1,https://pbs.twimg.com/media/DBKOPbkXoAAnCuO.jpg,,,,,,,[],,,,
869912968565329921,869912968565329921,2017-05-31 09:46:28 EDT,2017-05-31,09:46:28,-0400,79132107,disasterschart,Disasters Charter,,"#RADARSAT2 was used to map the #flood extent in Gin Ganga and Galle, #SriLanka, on 29 May:  https://t.co/LCo1VVKgEZ #SLFloods  https://t.co/pQxNcJ36Um",en,[],['http://bit.ly/2rwjoec'],['https://pbs.twimg.com/media/DBKKcc7XoAAx2c5.jpg'],0,0,1,"['radarsat2', 'flood', 'srilanka', 'slfloods']",[],https://twitter.com/DisastersChart/status/869912968565329921,False,,1,https://pbs.twimg.com/media/DBKKcc7XoAAx2c5.jpg,,,,,,,[],,,,
869906872115109888,869906872115109888,2017-05-31 09:22:15 EDT,2017-05-31,09:22:15,-0400,331212811,akhucha,Akhu Chingangbam,,Man made barricade at Imphal River bank to stop the water from flowing towards houses. #flood #imphal  https://t.co/Y0pD4heR7U,en,[],[],['https://pbs.twimg.com/media/DBKHq9eXcAAMu95.jpg'],0,3,0,"['flood', 'imphal']",[],https://twitter.com/Akhucha/status/869906872115109888,False,,1,https://pbs.twimg.com/media/DBKHq9eXcAAMu95.jpg,,,,,,,[],,,,
869906813080158208,869906813080158208,2017-05-31 09:22:00 EDT,2017-05-31,09:22:00,-0400,272160238,thewatchers_,The Watchers,,"202 killed, 94 still missing after worst monsoon rains since 2003 hit Sri Lanka  https://t.co/oiO4I7MRGy #monsoon #flood #SriLanka",en,[],['http://dlvr.it/PHPx4f'],[],0,9,1,"['monsoon', 'flood', 'srilanka']",[],https://twitter.com/TheWatchers_/status/869906813080158208,False,,0,,,,,,,,[],,,,
869905534043930624,869905534043930624,2017-05-31 09:16:56 EDT,2017-05-31,09:16:56,-0400,730467672962387969,yycpreparedness,YYC Preparedness,,"Power shut down in Summerland, BC neighbourhood of Trout Creek, as Okanagan Lake groundwater rises  https://t.co/s5S92qu1QG #BCflood #flood",en,[],['http://globalnews.ca/news/3491413/power-shut-down-in-summerland-neighbourhood-as-groundwater-rises/?utm_source=%40globalbc&utm_medium=Twitter'],[],0,2,1,"['bcflood', 'flood']",[],https://twitter.com/YYCPreparedness/status/869905534043930624,False,,0,,,,,,,,[],,,,
869905145139798017,869905145139798017,2017-05-31 09:15:23 EDT,2017-05-31,09:15:23,-0400,3420990095,ampleinsurance,Ample Insurance,,Are you covered during a #flood? Your homeowners policy will not respond. Learn the #FloodInsurance basics here.  https://t.co/c5zgWtuAth,en,[],['http://ow.ly/naN330c3ceu'],[],0,0,1,"['flood', 'floodinsurance']",[],https://twitter.com/ampleinsurance/status/869905145139798017,False,,0,,,,,,,,[],,,,
869905126852632576,869905126852632576,2017-05-31 09:15:18 EDT,2017-05-31,09:15:18,-0400,2201283403,copernicusems,Copernicus EMS,,"New activation [#EMSR205]: Floods in Sabaragamuwa/West, Sri Lanka  https://t.co/L5lXG8MU6Z #Copernicus #Flood #EUCivPro  https://t.co/EFtLW0Gv3J",tl,[],['http://emergency.copernicus.eu/EMSR205'],['https://pbs.twimg.com/media/DBKGGjiXoAAtPhD.jpg'],0,2,2,"['emsr205', 'copernicus', 'flood', 'eucivpro']",[],https://twitter.com/CopernicusEMS/status/869905126852632576,False,,1,https://pbs.twimg.com/media/DBKGGjiXoAAtPhD.jpg,,,,,,,[],,,,
869905077993185282,869905077993185282,2017-05-31 09:15:07 EDT,2017-05-31,09:15:07,-0400,331212811,akhucha,Akhu Chingangbam,,Imphal river overflowing. #flood #imphal  https://t.co/zOBwcC8okD,en,[],[],['https://pbs.twimg.com/media/DBKGAS7WsAI29fH.jpg'],0,1,0,"['flood', 'imphal']",[],https://twitter.com/Akhucha/status/869905077993185282,False,,1,https://pbs.twimg.com/media/DBKGAS7WsAI29fH.jpg,,,,,,,[],,,,
869901376196935680,869901376196935680,2017-05-31 09:00:24 EDT,2017-05-31,09:00:24,-0400,712453724585775104,dsolutionsllc,disastersolutionsllc,,Good morning #Disaster Solutions #community! Get your #family #prepared today at  https://t.co/s1AnDL9hrp #emergency #flood #tornado #storm,en,[],['http://ift.tt/1UWwHg2'],[],0,0,0,"['disaster', 'community', 'family', 'prepared', 'emergency', 'flood', 'tornado', 'storm']",[],https://twitter.com/dsolutionsllc/status/869901376196935680,False,,0,,,,,,,,[],,,,
869899486977503233,869899486977503233,2017-05-31 08:52:54 EDT,2017-05-31,08:52:54,-0400,264186918,1wickedwhiteguy,Chill Villain,,FYI all existing power plants can be easily transformed into solar using condensed sunlight pipelines. Plz RT #Flood  https://t.co/Ho45n5yG5R,en,[],['https://www.dropbox.com/sh/evukdbz3cqbesiv/AADA9vdaRf41huN-B2fXLpsXa/energy.pdf?dl=0'],[],0,0,2,['flood'],[],https://twitter.com/1WickedWhiteGuy/status/869899486977503233,False,,0,,,,,,,,[],,,,
869895570793664513,869895570793664513,2017-05-31 08:37:20 EDT,2017-05-31,08:37:20,-0400,21587858,katiadavis,Katia Davis,,#Sri #Lanka: #Foreign #aid #arrives as #flood #toll #tops #200 | #News  https://t.co/wVUJspn1M2 #worldnews,und,[],['https://goo.gl/fb/CHcxQr'],[],0,0,0,"['sri', 'lanka', 'foreign', 'aid', 'arrives', 'flood', 'toll', 'tops', 'news', 'worldnews']",[],https://twitter.com/katiadavis/status/869895570793664513,False,,0,,,,,,,,[],,,,
869895415352655872,869895415352655872,2017-05-31 08:36:43 EDT,2017-05-31,08:36:43,-0400,3730151,door24,Paul D. Griffith,,Awesome video: the birth of a flood -- &gt;  https://t.co/I48M7BaRCk / @connpost @BportLibrary @Best_Plumbers #flood @watersystem,en,"[{'screen_name': 'connpost', 'name': 'connecticut post', 'id': '16233170'}, {'screen_name': 'bportlibrary', 'name': 'bridgeport library', 'id': '219721831'}, {'screen_name': 'best_plumbers', 'name': 'best plumbers®', 'id': '948393169'}, {'screen_name': 'watersystem', 'name': 'will', 'id': '53689529'}]",['http://tinyurl.com/y7mnec89'],[],0,0,0,['flood'],[],https://twitter.com/door24/status/869895415352655872,False,,0,,,,,,,,[],,,,
869893848574693381,869893848574693381,2017-05-31 08:30:30 EDT,2017-05-31,08:30:30,-0400,902106067,drdpendergrass,Dr.David Pendergrass,,"""Do I have to PROVE that Noah's flood happened?"" Click here for my response:  https://t.co/NoA1XhYRjE #apologetics #flood #OldTestament  https://t.co/G2lswFQANY",en,[],['http://bit.ly/2iBhyUW'],['https://pbs.twimg.com/media/DBJ717qXoAAenOG.jpg'],0,0,0,"['apologetics', 'flood', 'oldtestament']",[],https://twitter.com/DrDPendergrass/status/869893848574693381,False,,1,https://pbs.twimg.com/media/DBJ717qXoAAenOG.jpg,,,,,,,[],,,,
869891527664963584,869891527664963584,2017-05-31 08:21:16 EDT,2017-05-31,08:21:16,-0400,3012744420,glimpsetheking,Glimpse of Kingdom,,"""Do I have to PROVE that Noah's flood happened?"" Click here for my response:  https://t.co/wKrYYNqbtW #apologetics #flood #OldTestament  https://t.co/xQ5WCh1jHq",en,[],['http://bit.ly/2iBhyUW'],['https://pbs.twimg.com/media/DBJ5u2YU0AIndjC.jpg'],0,0,0,"['apologetics', 'flood', 'oldtestament']",[],https://twitter.com/GlimpsetheKing/status/869891527664963584,False,,1,https://pbs.twimg.com/media/DBJ5u2YU0AIndjC.jpg,,,,,,,[],,,,
869881109617692673,869881109617692673,2017-05-31 07:39:52 EDT,2017-05-31,07:39:52,-0400,2781829668,im_safu,KRPKAB,,This time barish made us cry as a nation 😭 still Sri Lanka not out from the incident #flood  https://t.co/EtudPsK9HZ,en,[],['https://twitter.com/sharicafever/status/869858997783990273'],[],0,0,0,['flood'],[],https://twitter.com/im_safu/status/869881109617692673,False,https://twitter.com/sharicafever/status/869858997783990273,0,,,,,,,,[],,,,
869874608975073280,869874608975073280,2017-05-31 07:14:02 EDT,2017-05-31,07:14:02,-0400,162427804,osonela,Osonela Fatima,,#Flood #LagosMainland #BadRoads #Pollution @AkinwunmiAmbode  https://t.co/uokeRI8756,und,"[{'screen_name': 'akinwunmiambode', 'name': 'akinwunmi ambode', 'id': '2359416884'}]",[],['https://pbs.twimg.com/media/DBJqWFVXUAA7vj5.jpg'],0,1,0,"['flood', 'lagosmainland', 'badroads', 'pollution']",[],https://twitter.com/osonela/status/869874608975073280,False,,1,https://pbs.twimg.com/media/DBJqWFVXUAA7vj5.jpg,,,,,,,[],,,,
869873669970866177,869873626073374721,2017-05-31 07:10:19 EDT,2017-05-31,07:10:19,-0400,2276880895,petabencana,PetaBencana.id,,"@qiongg Hello, I am Bencana Bot, reply with #flood to send me your flood report.  https://t.co/jkBe5MVPsS",en,[],[],['https://pbs.twimg.com/tweet_video_thumb/C4MFV65UkAAbNll.jpg'],0,0,0,['flood'],[],https://twitter.com/petabencana/status/869873669970866177,False,,1,https://pbs.twimg.com/tweet_video_thumb/C4MFV65UkAAbNll.jpg,,,,,,,"[{'screen_name': 'qiongg', 'name': 'Tetehnya Sunwoo', 'id': '141959010'}]",,,,
869869841745891328,869869841745891328,2017-05-31 06:55:06 EDT,2017-05-31,06:55:06,-0400,2382023396,thefloodexpo,The Flood Expo,,Making waves in #flood defence here and across the pond @UKFloodBarriers | @infra_intel  https://t.co/vKrmoss1Pd,en,"[{'screen_name': 'ukfloodbarriers', 'name': 'uk flood barriers', 'id': '300328909'}, {'screen_name': 'infra_intel', 'name': 'infrastructure intel', 'id': '1713300036'}]",['http://ow.ly/iNtU30cbiWh'],[],0,0,2,['flood'],[],https://twitter.com/TheFloodExpo/status/869869841745891328,False,,0,,,,,,,,[],,,,
869860818132893696,869860818132893696,2017-05-31 06:19:14 EDT,2017-05-31,06:19:14,-0400,3299215367,reachwater,REACH,,"While E. Africa's hit by unprecedented #drought, Sri Lanka struggles w/ its worst #flood in 14 years  https://t.co/nWOxfZl6Tt #watersecurity",en,[],['http://cnn.it/2sceaRZ'],[],0,12,4,"['drought', 'flood', 'watersecurity']",[],https://twitter.com/reachwater/status/869860818132893696,False,,0,,,,,,,,[],,,,
869856136530448384,869856136530448384,2017-05-31 06:00:38 EDT,2017-05-31,06:00:38,-0400,164356026,fandoinc,Fuss and O'Neill,,Our project team was awarded an @neapwa award for our work on the Pawtucket River #Flood Resiliency Project.  Congrats to our entire team!  https://t.co/GnKh5yycqY,en,"[{'screen_name': 'neapwa', 'name': 'new england apwa', 'id': '3378004378'}]",[],['https://pbs.twimg.com/media/DBJZi2oXUAASY2z.jpg'],0,2,5,['flood'],[],https://twitter.com/fandoinc/status/869856136530448384,False,,1,https://pbs.twimg.com/media/DBJZi2oXUAASY2z.jpg,,,,,,,[],,,,
869852913077698560,869852913077698560,2017-05-31 05:47:50 EDT,2017-05-31,05:47:50,-0400,28326680,amradvictoria,Amateur Radio Vic,,Disaster communications in Sri Lanka flood  https://t.co/H1dDeeCrrh #emcom #disaster #flood #hamradio,en,[],['http://tinyurl.com/y7pg8fyn'],[],0,0,0,"['emcom', 'disaster', 'flood', 'hamradio']",[],https://twitter.com/amradvictoria/status/869852913077698560,False,,0,,,,,,,,[],,,,
869851106167410688,869851106167410688,2017-05-31 05:40:39 EDT,2017-05-31,05:40:39,-0400,208925171,barbiedrives,Barbie Lee,,What to do when a #flood gets to your #Car  https://t.co/S8bn7MuT5R,en,[],['http://dld.bz/6q8e'],[],0,0,0,"['flood', 'car']",[],https://twitter.com/BarbieDrives/status/869851106167410688,False,,0,,,,,,,,[],,,,
869850856593567744,869850856593567744,2017-05-31 05:39:39 EDT,2017-05-31,05:39:39,-0400,2965619550,hindi60secs,Hindi 60SecondsNow,,श्रीलंका: बाढ़ से मरने वालों की संख्या पहुंची 193   https://t.co/CjCSqHcVMe  #srilanka #deathtrolls #flood  https://t.co/SquwelDJSC,hi,[],['http://goo.gl/QRWN5r'],['https://pbs.twimg.com/media/DBJUtfiUAAARamh.jpg'],0,0,0,"['srilanka', 'deathtrolls', 'flood']",[],https://twitter.com/Hindi60secs/status/869850856593567744,False,,1,https://pbs.twimg.com/media/DBJUtfiUAAARamh.jpg,,,,,,,[],,,,
869849717663989760,869849717663989760,2017-05-31 05:35:08 EDT,2017-05-31,05:35:08,-0400,342269002,thebdma,BDMA,,Business ready for an emergency? Find out from @BITC  how to prep for #flood &amp; other emergency types #BERGresilience  https://t.co/zrNvrMRZNG,en,"[{'screen_name': 'bitc', 'name': 'business in the community', 'id': '22688153'}]",['http://ow.ly/gsEh30b7Vpe'],[],0,0,0,"['flood', 'bergresilience']",[],https://twitter.com/TheBDMA/status/869849717663989760,False,,0,,,,,,,,[],,,,
869846774529372160,869846774529372160,2017-05-31 05:23:26 EDT,2017-05-31,05:23:26,-0400,235502215,vishalmanve12,Vishy,,Foreign aid arrives as Sri Lanka #flood toll exceeds 200   https://t.co/YCpSa3uERo,en,[],['https://au.news.yahoo.com/world/a/35708603/foreign-aid-arrives-in-as-sri-lanka-flood-toll-exceeds-200/'],[],0,0,0,['flood'],[],https://twitter.com/VishalManve12/status/869846774529372160,False,,0,,,,,,,,[],,,,
869844184106246144,869844184106246144,2017-05-31 05:13:09 EDT,2017-05-31,05:13:09,-0400,808222817485524992,flooddefencesuk,Flood Defences,,Commercial Flood Defences in St Blazey Gate #Industrial #Flood #Defence #St #Blazey #Gate  https://t.co/xIN962LeU6,en,[],['https://goo.gl/MIfQe1'],[],0,0,0,"['industrial', 'flood', 'defence', 'st', 'blazey', 'gate']",[],https://twitter.com/flooddefencesuk/status/869844184106246144,False,,0,,,,,,,,[],,,,
869843862986117121,869843862986117121,2017-05-31 05:11:52 EDT,2017-05-31,05:11:52,-0400,1732277082,hardyservices,Hardy Services 💧,,"Palace Wharf, #London - #Flood Defence   Hardy Services installing amazing barriers from @iBS_EPLtd   https://t.co/H9kcX9kRsF",en,"[{'screen_name': 'ibs_epltd', 'name': 'ibs eng. products', 'id': '300207990'}]",['https://hardyservices.co.uk/projects/palace-wharf-london-flood-defence/#.WS6IavtYas0.twitter'],[],0,0,0,"['london', 'flood']",[],https://twitter.com/Hardyservices/status/869843862986117121,False,,0,,,,,,,,[],,,,
869843436324745216,869843436324745216,2017-05-31 05:10:10 EDT,2017-05-31,05:10:10,-0400,4901245317,gustavechat,GustaveBenoitChat,,Attention j'ai décidé de faire un #thread sur un sujet de société pour attirer l'attention #flood,fr,[],[],[],1,1,3,"['thread', 'flood']",[],https://twitter.com/GustaveChat/status/869843436324745216,False,,0,,,,,,,,[],,,,
869840481592782849,869840481592782849,2017-05-31 04:58:26 EDT,2017-05-31,04:58:26,-0400,2247171378,ozancanpolat_,Ozan,,Kıdem tazminatı ile ilgili harika bir #flood olmuş. İncelemenizi tavsiye ederim.   Teşekkürler @beyazyakalilar_ 👏  https://t.co/EDWGz02UMW,tr,"[{'screen_name': 'beyazyakalilar_', 'name': 'beyaz yakalılar', 'id': '854054367233703938'}]",['https://twitter.com/beyazyakalilar_/status/869837347030020096'],[],0,0,2,['flood'],[],https://twitter.com/ozancanpolat_/status/869840481592782849,False,https://twitter.com/beyazyakalilar_/status/869837347030020096,0,,,,,,,,[],,,,
869839839830659072,869839839830659072,2017-05-31 04:55:53 EDT,2017-05-31,04:55:53,-0400,79132107,disasterschart,Disasters Charter,,"#Sentinel2 was used to map the #flood in Matara, #SriLanka, on 28 May:  https://t.co/LCo1VVKgEZ  https://t.co/f9o3enK8ka",en,[],['http://bit.ly/2rwjoec'],"['https://pbs.twimg.com/media/DBJKEu9XYAA31PV.jpg', 'https://pbs.twimg.com/media/DBJKcFjXcAAhAS_.jpg', 'https://pbs.twimg.com/media/DBJKeGVXYAAEQjU.jpg']",0,4,4,"['sentinel2', 'flood', 'srilanka']",[],https://twitter.com/DisastersChart/status/869839839830659072,False,,1,https://pbs.twimg.com/media/DBJKEu9XYAA31PV.jpg,,,,,,,[],,,,
869836771051409408,869836771051409408,2017-05-31 04:43:41 EDT,2017-05-31,04:43:41,-0400,816509170857820160,netralenglish,NetralEnglish,,"Flooding, Landslide Hit Padang, Hundreds of Residents Evacuate  https://t.co/c0iVQVvlcB #Flood #Padang #Indonesia",en,[],['http://www.en.netralnews.com/news/currentnews/read/6566/flooding..landslide.hit.padang..hundreds.of.residents.evacuate'],[],0,0,0,"['flood', 'padang', 'indonesia']",[],https://twitter.com/netralenglish/status/869836771051409408,False,,0,,,,,,,,[],,,,
869832166963912705,869832166963912705,2017-05-31 04:25:23 EDT,2017-05-31,04:25:23,-0400,798106523109117952,molochandpizza,Isawthat,,#WARRENFLOOD #4chan #wikileaks #trump #russia #news #scoop #sethrich #SethRichMurder #warren #flood  https://t.co/wX98bxUfHe,und,[],[],['https://pbs.twimg.com/media/DBJDgRrXoAAVIF0.jpg'],0,1,0,"['warrenflood', '4chan', 'wikileaks', 'trump', 'russia', 'news', 'scoop', 'sethrich', 'sethrichmurder', 'warren', 'flood']",[],https://twitter.com/molochandpizza/status/869832166963912705,False,,1,https://pbs.twimg.com/media/DBJDgRrXoAAVIF0.jpg,,,,,,,[],,,,
869829998634520576,869829998634520576,2017-05-31 04:16:46 EDT,2017-05-31,04:16:46,-0400,1344086382,handunpathiraja,Janaka Handunpathira,,"Hemas Hospital, Galle gives free treatment to #FloodSL17 affected people. #extrememakeover #flood #landslide",en,[],[],[],0,1,0,"['floodsl17', 'extrememakeover', 'flood', 'landslide']",[],https://twitter.com/handunpathiraja/status/869829998634520576,False,,0,,,,,,,,[],,,,
869825937910751236,869825937910751236,2017-05-31 04:00:38 EDT,2017-05-31,04:00:38,-0400,2533745237,nadimora,Nnamdi Adimora,,"Retweeted PDC (@disasteraware):  #FLOOD New Alert: Flood - Central/Southern, United States, Severity: WARNING...  https://t.co/2rT895nU2o",en,"[{'screen_name': 'disasteraware', 'name': 'disasteraware', 'id': '85636450'}]",['http://fb.me/1oiObg3DS'],[],0,0,0,['flood'],[],https://twitter.com/NAdimora/status/869825937910751236,False,,0,,,,,,,,[],,,,
869819309475999745,869819309475999745,2017-05-31 03:34:18 EDT,2017-05-31,03:34:18,-0400,772294349744779264,abhishekxamarin,Abhishek Kumar,,"#DalaiLama offers prayers, aid for #SriLankan #flood victims  https://t.co/3jTIRN4hYo  https://t.co/YNV9Z6pQaz",en,[],['http://www.financialexpress.com/world-news/dalai-lama-offers-prayers-aid-for-sri-lankan-flood-victims/694294/'],['https://pbs.twimg.com/media/DBI4C3FVwAAcU2P.jpg'],0,0,0,"['dalailama', 'srilankan', 'flood']",[],https://twitter.com/AbhishekXamarin/status/869819309475999745,False,,1,https://pbs.twimg.com/media/DBI4C3FVwAAcU2P.jpg,,,,,,,[],,,,
869819307353440257,869819307353440257,2017-05-31 03:34:17 EDT,2017-05-31,03:34:17,-0400,50279781,financialxpress,FinancialXpress,,"#DalaiLama offers prayers, aid for #SriLankan #flood victims  https://t.co/WJL3RN7YXc  https://t.co/uMOPrUpS4y",en,[],['http://www.financialexpress.com/world-news/dalai-lama-offers-prayers-aid-for-sri-lankan-flood-victims/694294/'],['https://pbs.twimg.com/media/DBI4C3FVwAAcU2P.jpg'],0,1,3,"['dalailama', 'srilankan', 'flood']",[],https://twitter.com/FinancialXpress/status/869819307353440257,False,,1,https://pbs.twimg.com/media/DBI4C3FVwAAcU2P.jpg,,,,,,,[],,,,
869817901708083200,869817901708083200,2017-05-31 03:28:42 EDT,2017-05-31,03:28:42,-0400,15105772,s_baumeister,sabine baumeister,,My colleague @CarolineWeimann has recently experienced the impacts of #drought + #flood in #Kenya. Her blogpost is worth to read! #safewater  https://t.co/kOFpjqjqAK,en,"[{'screen_name': 'carolineweimann', 'name': 'caroline weimann', 'id': '635519027'}]",['https://twitter.com/emp_ppl_award/status/869120945755222016'],[],0,0,0,"['drought', 'flood', 'kenya', 'safewater']",[],https://twitter.com/s_baumeister/status/869817901708083200,False,https://twitter.com/emp_ppl_award/status/869120945755222016,0,,,,,,,,[],,,,
869815976409399296,869815976409399296,2017-05-31 03:21:03 EDT,2017-05-31,03:21:03,-0400,4437259155,dileep_105,Viral News & Videos,,#Srilankan #Flood #2017 - Worst floods hits in #Sri Lanka after #14years  https://t.co/yHPOFyZ0vY via @YouTube,en,"[{'screen_name': 'youtube', 'name': 'youtube', 'id': '10228272'}]",['https://youtu.be/lJQQZYCNg48'],[],0,0,0,"['srilankan', 'flood', 'sri', '14years']",[],https://twitter.com/dileep_105/status/869815976409399296,False,,0,,,,,,,,[],,,,
869809636857315328,869809636857315328,2017-05-31 02:55:52 EDT,2017-05-31,02:55:52,-0400,1942421198,pauladavis2,Pavana,,"@DrStevenGreer free energy, free schematics #Flood  https://t.co/y8CoIMePH4",en,[],['https://twitter.com/666ab731/status/869800744093970432'],[],0,0,0,['flood'],[],https://twitter.com/PaulaDavis2/status/869809636857315328,False,https://twitter.com/666ab731/status/869800744093970432,0,,,,,,,,[],,,,
869809216877248512,869809216877248512,2017-05-31 02:54:12 EDT,2017-05-31,02:54:12,-0400,3317613960,aniruddhasadm,Aniruddha's ADM,,"#SriLankaFloods: Death toll rises to 180, #IndianNavy teams deployed to assist Sri Lankan navy in the #flood-hit southwestern region  https://t.co/T3nuVGqZ4p",en,[],[],"['https://pbs.twimg.com/media/DBIrzsCVwAAzDJZ.jpg', 'https://pbs.twimg.com/media/DBIr1dpUMAASbYe.jpg', 'https://pbs.twimg.com/media/DBIr-iJVoAE6xhE.jpg']",0,19,31,"['srilankafloods', 'indiannavy', 'flood']",[],https://twitter.com/aniruddhasadm/status/869809216877248512,False,,1,https://pbs.twimg.com/media/DBIrzsCVwAAzDJZ.jpg,,,,,,,[],,,,
869804097943285761,869803908474040322,2017-05-31 02:33:51 EDT,2017-05-31,02:33:51,-0400,52584772,realnongthom,Santosh Nongthombam,,#manipur #flood #Mora #NEIndia,und,[],[],[],0,0,0,"['manipur', 'flood', 'mora', 'neindia']",[],https://twitter.com/RealNongthom/status/869804097943285761,False,,0,,,,,,,,[],,,,
869799391015686144,869799391015686144,2017-05-31 02:15:09 EDT,2017-05-31,02:15:09,-0400,2858598369,garrungroup,Garrun Group Insurance Brokers,,#Fire &amp; #flood #insurance: Are you prepared?  https://t.co/fvXTp0ildZ,en,[],['http://ow.ly/lXXm30bSiKk'],[],0,0,0,"['fire', 'flood', 'insurance']",[],https://twitter.com/GarrunGroup/status/869799391015686144,False,,0,,,,,,,,[],,,,
869799369112989696,869799369112989696,2017-05-31 02:15:04 EDT,2017-05-31,02:15:04,-0400,1510478533,joanna_tyl,Joanna,,Such a situation.. #flood  https://t.co/4u892Ez20C,en,[],[],['https://pbs.twimg.com/media/DBIlzJXXsAAtGYT.jpg'],2,3,2,['flood'],[],https://twitter.com/joanna_tyl/status/869799369112989696,False,,1,https://pbs.twimg.com/media/DBIlzJXXsAAtGYT.jpg,,,,,,,[],,,,
869795531962363905,869795531962363905,2017-05-31 01:59:49 EDT,2017-05-31,01:59:49,-0400,2185076075,demircanmst,demircanm,,#floodlevel #flood #sel #taşkın #cronology #kronoloji #climatechange #bonn #taşkınseviyesi…  https://t.co/foQ5ImoQRr,und,[],['https://www.instagram.com/p/BUvu3FAFtMT/'],[],0,0,0,"['floodlevel', 'flood', 'sel', 'taşkın', 'cronology', 'kronoloji', 'climatechange', 'bonn', 'taşkınseviyesi']",[],https://twitter.com/demircanmst/status/869795531962363905,False,,0,,,,,,,,[],,,,
869791848902123520,869791848902123520,2017-05-31 01:45:11 EDT,2017-05-31,01:45:11,-0400,2708025230,sarahbott,Sarah Bott,,Interesting piece especially in light that today is anniversary of #Vanport #flood #portland  https://t.co/ff6Hc12elh,en,[],['https://twitter.com/smithsonianmag/status/869637097208111108'],[],0,0,0,"['vanport', 'flood', 'portland']",[],https://twitter.com/SarahBott/status/869791848902123520,False,https://twitter.com/smithsonianmag/status/869637097208111108,0,,,,,,,,[],,,,
869789403518029824,869789403518029824,2017-05-31 01:35:28 EDT,2017-05-31,01:35:28,-0400,1012908068,yetibetxi,Ye Tibet Xi,,His Holiness the #DalaiLama Expresses #Sympathy Over #Flood Damage in #SriLanka  | Central #Tibetan Administration  https://t.co/Yyjwue1J1O,en,[],['http://tibet.net/2017/05/his-holiness-the-dalai-lama-expresses-sympathy-over-flood-damage-in-sri-lanka/'],[],0,1,1,"['dalailama', 'sympathy', 'flood', 'srilanka', 'tibetan']",[],https://twitter.com/YeTibetXi/status/869789403518029824,False,,0,,,,,,,,[],,,,
869784672972177409,869784672972177409,2017-05-31 01:16:40 EDT,2017-05-31,01:16:40,-0400,156332166,iamkrishmanoj,Krish Manoj,,"As at 9 am today total deaths 202.  96 missing and over 630,000 affected - DMC (Disaster Management Center) #SriLanka #Flood",en,[],[],[],0,0,0,"['srilanka', 'flood']",[],https://twitter.com/IamKrishmanoj/status/869784672972177409,False,,0,,,,,,,,[],,,,
869784242439499778,869784242439499778,2017-05-31 01:14:57 EDT,2017-05-31,01:14:57,-0400,1085851621,aashiif,AA S H II F ツ,,"As at 9 am today total deaths 202.  96 missing and over 630,000 affected - DMC (Disaster Management Center) :(  #SriLanka #Flood",en,[],[],[],0,0,0,"['srilanka', 'flood']",[],https://twitter.com/aashiif/status/869784242439499778,False,,0,,,,,,,,[],,,,
869782856314347520,869782856314347520,2017-05-31 01:09:27 EDT,2017-05-31,01:09:27,-0400,156332166,iamkrishmanoj,Krish Manoj,,"As at 9 am today total deaths 202.  96 missing and over 630,000 affected - DMC  #SriLanka #Flood",en,[],[],[],0,0,0,"['srilanka', 'flood']",[],https://twitter.com/IamKrishmanoj/status/869782856314347520,False,,0,,,,,,,,[],,,,
869781588057444352,869781588057444352,2017-05-31 01:04:25 EDT,2017-05-31,01:04:25,-0400,2911405998,economynext,EconomyNext,,"#Pakistan ship brings helicopters, divers relief supplies to #SriLanka #lka #flood  https://t.co/iSbroxCFEH  https://t.co/OM1acGX137",en,[],"['http://www.economynext.com/Pakistan_ship_brings_helicopters,_divers_relief_supplies_to_Sri_Lanka-3-8028-10.html#.WS5OjfjJ308.twitter']",['https://pbs.twimg.com/media/DBIVo-GVoAAFztz.jpg'],0,1,1,"['pakistan', 'srilanka', 'lka', 'flood']",[],https://twitter.com/Economynext/status/869781588057444352,False,,1,https://pbs.twimg.com/media/DBIVo-GVoAAFztz.jpg,,,,,,,[],,,,
869777424577376256,869777424577376256,2017-05-31 00:47:52 EDT,2017-05-31,00:47:52,-0400,4242380847,asianewsmelani,Melani Manel Perera,,දකුණේ #Flood (ගං වතුරින්) අනාතවුවන් සදහා වවුනියාවේ පොලිසිය ශබ්දවිකාශාන බාවිතා කරමින් #ආධාර එකතු කරයි.  (පින්තුර ගරිකාලන්)  https://t.co/QVW4mLtzYf,si,[],[],"['https://pbs.twimg.com/media/DBIRTXCUMAE3JNN.jpg', 'https://pbs.twimg.com/media/DBIRTWjVoAArLWH.jpg']",0,0,0,"['flood', 'ආධාර']",[],https://twitter.com/AsianewsMelani/status/869777424577376256,False,,1,https://pbs.twimg.com/media/DBIRTXCUMAE3JNN.jpg,,,,,,,[],,,,
869776692390354944,869776692390354944,2017-05-31 00:44:57 EDT,2017-05-31,00:44:57,-0400,2976519914,wsledlight,Alix Van,,#LED #Flood #Light 160W  Model: WS-FL-C-160W Power: 2*80W Beam Angle: 120 Input Voltage: AC 85-265V!!! see more at- https://t.co/KblyhRQAJ5  https://t.co/9NA4KUGyXZ,en,[],['http://www.wsledlight.com/led-flood-light-160w/'],['https://pbs.twimg.com/media/DBIRRTOXcAAPra1.jpg'],0,0,1,"['led', 'flood', 'light']",[],https://twitter.com/wsledlight/status/869776692390354944,False,,1,https://pbs.twimg.com/media/DBIRRTOXcAAPra1.jpg,,,,,,,[],,,,
869774899761512450,869774899761512450,2017-05-31 00:37:50 EDT,2017-05-31,00:37:50,-0400,2944491558,srilankantrends,Sri Lankan Trends,,Photo credit: ISHARA S. KODIKARA/AFP/Getty Images  #SriLanka #FloodSL #FloodReliefLKA #FloodRelief #Flood...  https://t.co/tZjrCKBV6J,tl,[],['http://fb.me/1n8QP57Re'],[],0,0,0,"['srilanka', 'floodsl', 'floodrelieflka', 'floodrelief', 'flood']",[],https://twitter.com/SriLankanTrends/status/869774899761512450,False,,0,,,,,,,,[],,,,
869772290380242944,869772290380242944,2017-05-31 00:27:28 EDT,2017-05-31,00:27:28,-0400,35761403,weatherbug,WeatherBug,,"128 years ago today on May 31st, #Johnstown, Pennsylvania was hit with a catastrophic #flood because of a dam failure. 2,209 people killed.  https://t.co/nticKMMrjM",en,[],[],['https://pbs.twimg.com/media/DBINSa0WAAE_-JA.jpg'],0,15,8,"['johnstown', 'flood']",[],https://twitter.com/WeatherBug/status/869772290380242944,False,,1,https://pbs.twimg.com/media/DBINSa0WAAE_-JA.jpg,,,,,,,[],,,,
869764905636958208,869764905636958208,2017-05-30 23:58:07 EDT,2017-05-30,23:58:07,-0400,754725719440289792,pronewsviews,Spectrum News,,#NEW YORK BlackRock Inc (BLK.N) expects 300 billion in new money from insurers to #flood into the already booming...  https://t.co/N7YgL76zWU,en,[],['http://feeds.reuters.com/~r/news/wealth/~3/iZRXxNgY76o/us-usa-insurance-etf-idUSKBN18Q2IJ'],[],0,0,1,"['new', 'flood']",[],https://twitter.com/ProNewsViews/status/869764905636958208,False,,0,,,,,,,,[],,,,
869764745787838465,869764745787838465,2017-05-30 23:57:29 EDT,2017-05-30,23:57:29,-0400,860013865446260736,biancasicecandy,Bianca,,it's rainy days now people. Lets bring our umbrella and avoid flooded area :)-Bianca's Ice Candy #Biancasicecandy #rain #flood #StaySafe,en,[],[],[],0,0,0,"['biancasicecandy', 'rain', 'flood', 'staysafe']",[],https://twitter.com/BiancasIceCandy/status/869764745787838465,False,,0,,,,,,,,[],,,,
869758353685094400,869758353685094400,2017-05-30 23:32:05 EDT,2017-05-30,23:32:05,-0400,2911405998,economynext,EconomyNext,,#SriLanka shelves car purchases as monsoon toll nudges 200 #lka #flood  https://t.co/imoBoKeOGP,en,[],['http://www.economynext.com/Sri_Lanka_shelves_car_purchases_as_monsoon_toll_nudges_200-3-8027-10.html#.WS45HqKafns.twitter'],[],0,1,0,"['srilanka', 'lka', 'flood']",[],https://twitter.com/Economynext/status/869758353685094400,False,,0,,,,,,,,[],,,,
869753717855322114,869753717855322114,2017-05-30 23:13:40 EDT,2017-05-30,23:13:40,-0400,1326558451,jhoyzadek,xx♥ NINJA ♥xx,,Mata. hahahahahaha! #flood  https://t.co/Oij3kdQE3T,tl,[],['https://www.instagram.com/p/BUvcDvrllaO/'],[],0,0,0,['flood'],[],https://twitter.com/JhoyzAdek/status/869753717855322114,False,,0,,,,,,,,[],,,,
869752707246166016,869752707246166016,2017-05-30 23:09:39 EDT,2017-05-30,23:09:39,-0400,1344595986,tarapilling,Tara,"{'type': 'Point', 'coordinates': [49.8625, -119.583]}",I'd say we are under a tad bit of water in the #kelowna #okanagan. 💦😳  #flood #flooding…  https://t.co/3s3TuKfkdr,en,[],['https://www.instagram.com/p/BUvbmTpFiXk/'],[],0,0,0,"['kelowna', 'okanagan', 'flood', 'flooding']",[],https://twitter.com/TaraPilling/status/869752707246166016,False,,0,,,,,,,,[],,,,
869743794429849600,869743794429849600,2017-05-30 22:34:14 EDT,2017-05-30,22:34:14,-0400,2466009575,emergencyglobal,Emergency Alerts,,"disasteraware:#FLOOD New Alert: Flood - Central/Southern, United States, Severity: WARNING  https://t.co/G28tpXtsQ3  https://t.co/7a9MbtnmVH  https://t.co/27fbfXeW1k",en,[],"['http://snc.pdc.org/PRODUCTION/5a7a7bb2-0d68-4f91-8b70-8be4d06e5e92/index.html', 'http://ift.tt/2iEOhIL']",['https://pbs.twimg.com/media/DBHzXwBXYAA3bZe.jpg'],0,0,0,['flood'],[],https://twitter.com/emergencyglobal/status/869743794429849600,False,,1,https://pbs.twimg.com/media/DBHzXwBXYAA3bZe.jpg,,,,,,,[],,,,
869741184746274816,869741184746274816,2017-05-30 22:23:52 EDT,2017-05-30,22:23:52,-0400,909584641,iamgtsmith,Gerald Smith,,"Retweeted Kabi (@The_Fuzz74):  ""Lessons From The #Flood: Insights From Calgary""  https://t.co/7O8uJ5gD5K...  https://t.co/16kSURsYZ4",en,"[{'screen_name': 'the_fuzz74', 'name': 'kabi', 'id': '292865810'}]","['https://www.linkedin.com/pulse/lessons-from-flood-insights-calgary-satyamoorthy-kabilan', 'http://fb.me/5ZfaJ2Eel']",[],0,0,1,['flood'],[],https://twitter.com/iamgtsmith/status/869741184746274816,False,,0,,,,,,,,[],,,,
869740433953308672,869740433953308672,2017-05-30 22:20:53 EDT,2017-05-30,22:20:53,-0400,85636450,disasteraware,DisasterAWARE,"{'type': 'Point', 'coordinates': [35.84486, -91.07018]}","#FLOOD New Alert: Flood - Central/Southern, United States, Severity: WARNING  https://t.co/eyHQTGu2hG",en,[],['http://snc.pdc.org/PRODUCTION/5a7a7bb2-0d68-4f91-8b70-8be4d06e5e92/index.html'],[],0,1,0,['flood'],[],https://twitter.com/disasteraware/status/869740433953308672,False,,0,,,,,,,,[],,,,
869740324762959872,869740324762959872,2017-05-30 22:20:27 EDT,2017-05-30,22:20:27,-0400,2472632011,bible__truth,Christianity Basics,,#World #Flood . #history #Christian #Bible #university #answer #faith #young #teen #adult #collegelife #discovery #adventure #children #logo  https://t.co/bhEiJkVmFj,und,[],[],['https://pbs.twimg.com/media/DBHv5ybUQAApx11.jpg'],0,0,0,"['world', 'flood', 'history', 'christian', 'bible', 'university', 'answer', 'faith', 'young', 'teen', 'adult', 'collegelife', 'discovery', 'adventure', 'children', 'logo']",[],https://twitter.com/Bible__Truth/status/869740324762959872,False,,1,https://pbs.twimg.com/media/DBHv5ybUQAApx11.jpg,,,,,,,[],,,,
869740225865539584,869740225865539584,2017-05-30 22:20:03 EDT,2017-05-30,22:20:03,-0400,45195411,ubalert,ubAlert,,"Flood - Central/Southern, United States-  https://t.co/xViytzvFkh #flood #fb",en,[],['http://www.ubalert.com/kQoc'],[],0,0,0,"['flood', 'fb']",[],https://twitter.com/ubalert/status/869740225865539584,False,,0,,,,,,,,[],,,,
869738452220346368,869738452220346368,2017-05-30 22:13:00 EDT,2017-05-30,22:13:00,-0400,248999331,getregional,Get Regional,,#Disasterassistance for #flood affected communities in #NSW   https://t.co/V61zatDAwB,en,[],['http://bit.ly/2sjQGJR'],[],0,0,0,"['disasterassistance', 'flood', 'nsw']",[],https://twitter.com/getregional/status/869738452220346368,False,,0,,,,,,,,[],,,,
869736668172922881,869736668172922881,2017-05-30 22:05:55 EDT,2017-05-30,22:05:55,-0400,1580084768,dans_mes_shoes,Jean-Mathieu Chenier,,A Flood Survivor.  #flood #survivor #floodsurvivor #house #buildtolast #buildstrong #plants #trees...  https://t.co/8wai9y9cvl,en,[],['http://fb.me/77PqziFPL'],[],0,0,0,"['flood', 'survivor', 'floodsurvivor', 'house', 'buildtolast', 'buildstrong', 'plants', 'trees']",[],https://twitter.com/dans_mes_shoes/status/869736668172922881,False,,0,,,,,,,,[],,,,
869731831578599424,869731831578599424,2017-05-30 21:46:42 EDT,2017-05-30,21:46:42,-0400,292865810,the_fuzz74,Kabi,,"""Lessons From The #Flood: Insights From Calgary""  https://t.co/FXQoEwfdlj #resilience #smem #cbocresilience",en,[],['https://www.linkedin.com/pulse/lessons-from-flood-insights-calgary-satyamoorthy-kabilan'],[],0,6,5,"['flood', 'resilience', 'smem', 'cbocresilience']",[],https://twitter.com/The_Fuzz74/status/869731831578599424,False,,0,,,,,,,,[],,,,
869720420458659843,869720420458659843,2017-05-30 21:01:21 EDT,2017-05-30,21:01:21,-0400,3308533641,bizconnectworld,Business Connect L3C,,"None of you would want to get into a situation such Peruvians have to face, but you can help #DonatePeru  https://t.co/9qExOxJp7u #Flood",en,[],['http://bit.ly/2oPNCXw'],[],0,0,0,"['donateperu', 'flood']",[],https://twitter.com/bizconnectworld/status/869720420458659843,False,,0,,,,,,,,[],,,,
869720237553405953,869720237553405953,2017-05-30 21:00:37 EDT,2017-05-30,21:00:37,-0400,707963715451166720,moldbgonesystem,moldbgonesystem,,Three Steps to Reduce #Flood Damage | #Atlanta GA | Mold-B-Gone  https://t.co/07dIS7fc7k PLEASE RETWEET  https://t.co/vyctl3OVgn,en,[],['http://moldbgonega.com/three-steps-to-reduce-flood-damage/'],['https://pbs.twimg.com/media/DBHd8f-XoAEykWV.jpg'],0,0,0,"['flood', 'atlanta']",[],https://twitter.com/moldbgonesystem/status/869720237553405953,False,,1,https://pbs.twimg.com/media/DBHd8f-XoAEykWV.jpg,,,,,,,[],,,,
869717888357122048,869717844535070720,2017-05-30 20:51:17 EDT,2017-05-30,20:51:17,-0400,2276880895,petabencana,PetaBencana.id,,"@yeluyelu Hello, I am Bencana Bot, reply with #flood to send me your flood report.  https://t.co/g0nAUnfEJy",en,[],[],['https://pbs.twimg.com/tweet_video_thumb/C4MFV65UkAAbNll.jpg'],0,0,0,['flood'],[],https://twitter.com/petabencana/status/869717888357122048,False,,1,https://pbs.twimg.com/tweet_video_thumb/C4MFV65UkAAbNll.jpg,,,,,,,[],,,,
869715578046623744,869715578046623744,2017-05-30 20:42:06 EDT,2017-05-30,20:42:06,-0400,856170366867296257,josephdemauro1,FLOOD CONTROLS NY-NJ,,CLICK HERE  https://t.co/xYHMf3quRP  #stormsurge #flooding #hurricane   #flood #nychurricane #jerseyhurricane  https://t.co/VP8KjP2sYW,en,[],['https://weather.com/storms/hurricane/news/five-metropolitan-areas-without-hurricane-conditions'],['https://pbs.twimg.com/media/DBHZnkUXgAEC_U9.jpg'],0,2,0,"['stormsurge', 'flooding', 'hurricane', 'flood', 'nychurricane', 'jerseyhurricane']",[],https://twitter.com/JosephDeMauro1/status/869715578046623744,False,,1,https://pbs.twimg.com/media/DBHZnkUXgAEC_U9.jpg,,,,,,,[],,,,
869715296608817153,869715296608817153,2017-05-30 20:40:59 EDT,2017-05-30,20:40:59,-0400,2962889373,mambolook,Top World Things,,"#SriLanka #Battles to Get Relief to Stranded #Flood:  https://t.co/Nw0P6SqNhD,  https://t.co/q54F63V2UH  https://t.co/tDUHDNgP7f",en,[],"['http://www.mambolook.com/floods', 'http://www.mambolook.com/link/10072055']",['https://pbs.twimg.com/media/DBHZc-fW0AAg-j1.jpg'],0,0,0,"['srilanka', 'battles', 'flood']",[],https://twitter.com/MamboLook/status/869715296608817153,False,,1,https://pbs.twimg.com/media/DBHZc-fW0AAg-j1.jpg,,,,,,,[],,,,
869714443168382976,869714443168382976,2017-05-30 20:37:36 EDT,2017-05-30,20:37:36,-0400,1452056095,stevebryan66,Steve Bryan,,"#Flood, #Fire, fire, flood. The people in the #Okanagan just can't win.  https://t.co/BhWqK6dxF3",en,[],['https://twitter.com/GlobalOkanagan/status/869701794871599104'],[],0,0,0,"['flood', 'fire', 'okanagan']",[],https://twitter.com/SteveBryan66/status/869714443168382976,False,https://twitter.com/GlobalOkanagan/status/869701794871599104,0,,,,,,,,[],,,,
869712776670748674,869712776670748674,2017-05-30 20:30:59 EDT,2017-05-30,20:30:59,-0400,2706446564,theislandnation,islandnation,,"Mr. President, where is our early flood early warning system ? @MaithripalaS #flood #lka #FloodSL #FloodSL17",en,"[{'screen_name': 'maithripalas', 'name': 'maithripala sirisena', 'id': '3002789437'}]",[],[],0,2,1,"['flood', 'lka', 'floodsl', 'floodsl17']",[],https://twitter.com/TheIslandNation/status/869712776670748674,False,,0,,,,,,,,[],,,,
869709531634311169,869709531634311169,2017-05-30 20:18:05 EDT,2017-05-30,20:18:05,-0400,856170366867296257,josephdemauro1,FLOOD CONTROLS NY-NJ,, https://t.co/cFk3Cg5Mpe  #stormsurge #flooding #hurricane   #flood,und,[],['https://lnkd.in/gu6fAmK'],[],0,1,0,"['stormsurge', 'flooding', 'hurricane', 'flood']",[],https://twitter.com/JosephDeMauro1/status/869709531634311169,False,,0,,,,,,,,[],,,,
869708393577041921,869708393577041921,2017-05-30 20:13:34 EDT,2017-05-30,20:13:34,-0400,856170366867296257,josephdemauro1,FLOOD CONTROLS NY-NJ,, https://t.co/JUxqySnw7l  #stormsurge #flooding #hurricane   #flood  https://t.co/iuS3AluWlf,und,[],"['https://lnkd.in/dmDNW3z', 'https://lnkd.in/gZaznhN']",[],0,0,0,"['stormsurge', 'flooding', 'hurricane', 'flood']",[],https://twitter.com/JosephDeMauro1/status/869708393577041921,False,,0,,,,,,,,[],,,,
