id,conversation_id,created_at,date,time,timezone,user_id,username,name,place,tweet,language,mentions,urls,photos,replies_count,retweets_count,likes_count,hashtags,cashtags,link,retweet,quote_url,video,thumbnail,near,geo,source,user_rt_id,user_rt,retweet_id,reply_to,retweet_date,translate,trans_src,trans_dest
616393864006533120,616393864006533120,2015-07-01 19:52:03 EDT,2015-07-01,19:52:03,-0400,1329776498,smartdroid2000,smart droid,,10 day #weather forecast and #flood alert for #Bangladesh on your #android  https://t.co/SnL3qGGgSR,en,[],['https://play.google.com/store/apps/details?id=com.smartdroid.weather'],[],0,0,0,"['weather', 'flood', 'bangladesh', 'android']",[],https://twitter.com/smartdroid2000/status/616393864006533120,False,,0,,,,,,,,[],,,,
616393126043713536,616393126043713536,2015-07-01 19:49:07 EDT,2015-07-01,19:49:07,-0400,23489273,lex18news,LEX 18 News,,Flash #Flood Warning for Somerset &amp; western Pulaski county. Never drive on a flooded road! #TurnAroundDontDrown  http://t.co/uucDjbGbYN,en,[],[],['https://pbs.twimg.com/media/CI3eSC5UcAA5kvf.png'],0,0,1,"['flood', 'turnarounddontdrown']",[],https://twitter.com/LEX18News/status/616393126043713536,False,,1,https://pbs.twimg.com/media/CI3eSC5UcAA5kvf.png,,,,,,,[],,,,
616393114207391744,616393114207391744,2015-07-01 19:49:05 EDT,2015-07-01,19:49:05,-0400,1431903050,melissanordwx,Melissa Nord,,Flash #Flood Warning for Somerset &amp; western Pulaski county. Never drive on a flooded road! #TurnAroundDontDrown  http://t.co/4VwBaEk2jC,en,[],[],['https://pbs.twimg.com/media/CI3eRSXUAAIyjLa.png'],0,0,0,"['flood', 'turnarounddontdrown']",[],https://twitter.com/MelissaNordWx/status/616393114207391744,False,,1,https://pbs.twimg.com/media/CI3eRSXUAAIyjLa.png,,,,,,,[],,,,
616392220510408704,616392220510408704,2015-07-01 19:45:32 EDT,2015-07-01,19:45:32,-0400,3115709498,ice_drive,ICEDrive,,"RT @LivingSafely: #NWS issues Flash #Flood Warnings for parts of #AZ, #NV. Move to higher ground if at risk:  http://t.co/LG8XKrvvZS",en,"[{'screen_name': 'livingsafely', 'name': 'living safely™', 'id': '40162575'}]",['http://ht.ly/777TA'],[],0,0,0,"['nws', 'flood', 'az', 'nv']",[],https://twitter.com/ICE_Drive/status/616392220510408704,False,,0,,,,,,,,[],,,,
616392220141330432,616392220141330432,2015-07-01 19:45:31 EDT,2015-07-01,19:45:31,-0400,79506638,ls_disasters,Living Safely™,,"RT @LivingSafely: #NWS issues Flash #Flood Warnings for parts of #AZ, #NV. Move to higher ground if at risk:  http://t.co/1pGpSvREoX",en,"[{'screen_name': 'livingsafely', 'name': 'living safely™', 'id': '40162575'}]",['http://ht.ly/777TA'],[],0,0,0,"['nws', 'flood', 'az', 'nv']",[],https://twitter.com/LS_Disasters/status/616392220141330432,False,,0,,,,,,,,[],,,,
616392219780587520,616392219780587520,2015-07-01 19:45:31 EDT,2015-07-01,19:45:31,-0400,465348970,helpid_book,Living Safely HelpID Book,,"RT @LivingSafely: #NWS issues Flash #Flood Warnings for parts of #AZ, #NV. Move to higher ground if at risk:  http://t.co/sqSvpsxLvi",en,"[{'screen_name': 'livingsafely', 'name': 'living safely™', 'id': '40162575'}]",['http://ht.ly/777TA'],[],0,0,0,"['nws', 'flood', 'az', 'nv']",[],https://twitter.com/HelpID_Book/status/616392219780587520,False,,0,,,,,,,,[],,,,
616392200142876672,616392200142876672,2015-07-01 19:45:27 EDT,2015-07-01,19:45:27,-0400,244091227,contactcard,ContactCard,,"RT @LivingSafely: #NWS issues Flash #Flood Warnings for parts of #AZ, #NV. Move to higher ground if at risk:  http://t.co/6AWwsNsRKv",en,"[{'screen_name': 'livingsafely', 'name': 'living safely™', 'id': '40162575'}]",['http://ht.ly/777TA'],[],0,0,0,"['nws', 'flood', 'az', 'nv']",[],https://twitter.com/ContactCard/status/616392200142876672,False,,0,,,,,,,,[],,,,
616392162700341248,616392162700341248,2015-07-01 19:45:18 EDT,2015-07-01,19:45:18,-0400,262389713,ls_medical,Living Safely,,"RT @LivingSafely: #NWS issues Flash #Flood Warnings for parts of #AZ, #NV. EMS/EDs may initiate disaster protocols:  http://t.co/AsW3CfqapW",en,"[{'screen_name': 'livingsafely', 'name': 'living safely™', 'id': '40162575'}]",['http://ht.ly/777TA'],[],0,0,0,"['nws', 'flood', 'az', 'nv']",[],https://twitter.com/LS_Medical/status/616392162700341248,False,,0,,,,,,,,[],,,,
616390893747179520,616390893747179520,2015-07-01 19:40:15 EDT,2015-07-01,19:40:15,-0400,79924936,ls_health,Living Safely™,,"RT @LivingSafely: #NWS issues Flash #Flood Warnings for parts of #AZ, #NV. Move to higher ground if at risk:  http://t.co/MS7TWcTOdI",en,"[{'screen_name': 'livingsafely', 'name': 'living safely™', 'id': '40162575'}]",['http://ht.ly/777TA'],[],0,0,0,"['nws', 'flood', 'az', 'nv']",[],https://twitter.com/LS_Health/status/616390893747179520,False,,0,,,,,,,,[],,,,
616390528972791808,616390528972791808,2015-07-01 19:38:48 EDT,2015-07-01,19:38:48,-0400,122387909,iclrcanada,Glenn McGillivray,,"#Burlington, ON #flood relief claims finalized  http://t.co/5vppuxjIeI",en,[],['http://www.thespec.com/news-story/5703564-burlington-flood-relief-claims-finalized#.VZR57_7IMB4.twitter'],[],0,0,0,"['burlington', 'flood']",[],https://twitter.com/ICLRCanada/status/616390528972791808,False,,0,,,,,,,,[],,,,
616390033579245569,616390033579245569,2015-07-01 19:36:50 EDT,2015-07-01,19:36:50,-0400,122387909,iclrcanada,Glenn McGillivray,,#Flood Maps Can Get Much Sharper With A Little Supercomputing Oomph  http://t.co/xssCmDEcLx,en,[],['http://n.pr/1JkMblM'],[],0,0,0,['flood'],[],https://twitter.com/ICLRCanada/status/616390033579245569,False,,0,,,,,,,,[],,,,
616389208911917056,616389208911917056,2015-07-01 19:33:34 EDT,2015-07-01,19:33:34,-0400,40162575,livingsafely,Living Safely™,,"Weather Alert: #NWS issues Flash #Flood Warnings for parts of #AZ, #NV. Move to higher ground if at risk:  http://t.co/bLFkL5SyOf",en,[],['http://ht.ly/P3YoX'],[],0,0,0,"['nws', 'flood', 'az', 'nv']",[],https://twitter.com/LivingSafely/status/616389208911917056,False,,0,,,,,,,,[],,,,
616387683393236992,616387683393236992,2015-07-01 19:27:30 EDT,2015-07-01,19:27:30,-0400,22333085,scorpiorisingtx,Scorpio Rising,,MUSIC FROM THE FLOOD #benefit Live at Taxi's Pianobar   http://t.co/uApHsw8l1X #helphays #flood #recover #joinus #xox  http://t.co/bVVSoD48KD,en,[],['http://tinyurl.com/ppchtc9'],['https://pbs.twimg.com/media/CI3ZVOdVAAAMeyj.jpg'],0,0,1,"['benefit', 'helphays', 'flood', 'recover', 'joinus', 'xox']",[],https://twitter.com/ScorpioRisingTX/status/616387683393236992,False,,1,https://pbs.twimg.com/media/CI3ZVOdVAAAMeyj.jpg,,,,,,,[],,,,
616386947720687616,616386947720687616,2015-07-01 19:24:34 EDT,2015-07-01,19:24:34,-0400,22333085,scorpiorisingtx,Scorpio Rising,,#helphays C U #Friday 7.3.15 at Taxi's Piano bar. @KTSW_899 @sanmarcoscity #rsvp  http://t.co/uApHsw8l1X @ScorpioRisingTX #benefit #flood,en,"[{'screen_name': 'ktsw_899', 'name': 'ktsw san marcos', 'id': '17002487'}, {'screen_name': 'sanmarcoscity', 'name': 'city of san marcos, california', 'id': '128687805'}, {'screen_name': 'scorpiorisingtx', 'name': 'scorpio rising', 'id': '22333085'}]",['http://tinyurl.com/ppchtc9'],[],0,0,0,"['helphays', 'friday', 'rsvp', 'benefit', 'flood']",[],https://twitter.com/ScorpioRisingTX/status/616386947720687616,False,,0,,,,,,,,[],,,,
616380106227888128,616380106227888128,2015-07-01 18:57:23 EDT,2015-07-01,18:57:23,-0400,2561406992,corridornews,SM Corridor News,,Planning on fun in #Texas #flood rivers/lakes during July 4th? Better take a look at these safety issues  http://t.co/XD4CDb7gfm #SMCNews,en,[],['http://ow.ly/P3CUM'],[],0,0,0,"['texas', 'flood', 'smcnews']",[],https://twitter.com/CorridorNews/status/616380106227888128,False,,0,,,,,,,,[],,,,
616375406023811072,616375406023811072,2015-07-01 18:38:43 EDT,2015-07-01,18:38:43,-0400,194972848,randeedaddona,Randee Daddona,,Photo: Spill in isle 3. #water #shoppingcart #flood #supermarket #mattituck #eastend #LongIsland #northfork  http://t.co/4zpmNP2Eb5,en,[],['http://tmblr.co/ZcRHIw1oY5bDA'],[],0,0,0,"['water', 'shoppingcart', 'flood', 'supermarket', 'mattituck', 'eastend', 'longisland', 'northfork']",[],https://twitter.com/randeedaddona/status/616375406023811072,False,,0,,,,,,,,[],,,,
616375399422029824,616375399422029824,2015-07-01 18:38:41 EDT,2015-07-01,18:38:41,-0400,194972848,randeedaddona,Randee Daddona,,Spill in isle 3. #water #shoppingcart #flood #supermarket #mattituck #eastend #LongIsland #northfork  https://t.co/tNWMLx2YY3,en,[],['https://instagram.com/p/4nE8akJUry/'],[],0,0,0,"['water', 'shoppingcart', 'flood', 'supermarket', 'mattituck', 'eastend', 'longisland', 'northfork']",[],https://twitter.com/randeedaddona/status/616375399422029824,False,,0,,,,,,,,[],,,,
616369915361144832,616369915361144832,2015-07-01 18:16:54 EDT,2015-07-01,18:16:54,-0400,2585523085,disaworldnews,Disaster World News,,Flash-flood warning issued for northern Vermont -  http://t.co/1NbIIHKBFs  http://t.co/4LgRr6Qsdr #Flood,en,[],"['http://BurlingtonFreePress.com', 'http://news.google.com/news/url?sa=t&fd=R&ct2=us&usg=AFQjCNF7nrlcp-hri-T4cv4mG-93SersiQ&clid=c3a7d30bb8a4878e06b80cf16b898331&cid=52778892124670&ei=xWOUVYbKEaXNmQK7k7egDQ&url=http://www.burlingtonfreepress.com/story/news/local/2015/07/01/vermont-flash-flood-warning/29567849/']",[],0,0,0,['flood'],[],https://twitter.com/DisaWorldNews/status/616369915361144832,False,,0,,,,,,,,[],,,,
616369788760141824,616369788760141824,2015-07-01 18:16:23 EDT,2015-07-01,18:16:23,-0400,1924046688,apocalypticpost,Apocalyptic Fiction,,ARkStorm by prepper fiction author Ron Foster Book Trailer:  http://t.co/4qNggVOEY8 via @YouTube #ARkStorm #preppers #prepper  #flood,en,"[{'screen_name': 'youtube', 'name': 'youtube', 'id': '10228272'}]",['http://youtu.be/nFeaOj3ngDo?list=UUmXsYthWqCj5n4w-xj-Alng'],[],0,0,0,"['arkstorm', 'preppers', 'prepper', 'flood']",[],https://twitter.com/ApocalypticPost/status/616369788760141824,False,,0,,,,,,,,[],,,,
616367380814557184,616367380814557184,2015-07-01 18:06:49 EDT,2015-07-01,18:06:49,-0400,15244442,adamthehawk,Adam Morrison,,#peoriariverfront #flood  https://t.co/CwEXs79F2D,und,[],['https://instagram.com/p/4nBS82lWRg/'],[],0,0,0,"['peoriariverfront', 'flood']",[],https://twitter.com/adamthehawk/status/616367380814557184,False,,0,,,,,,,,[],,,,
616366235689693184,616366235689693184,2015-07-01 18:02:16 EDT,2015-07-01,18:02:16,-0400,1711718635,moonpurr,Sarah McClintock,,#flood  http://t.co/er1XY2vVY2,und,[],[],['https://pbs.twimg.com/media/CI3FzycUkAAybvq.jpg'],0,0,1,['flood'],[],https://twitter.com/moonpurr/status/616366235689693184,False,,1,https://pbs.twimg.com/media/CI3FzycUkAAybvq.jpg,,,,,,,[],,,,
616365878213480448,616365878213480448,2015-07-01 18:00:51 EDT,2015-07-01,18:00:51,-0400,72971189,chyryn,Chyryn Pressato,,Photo: Welcome in the sunny Houston #sunnyday #houston #houstontx #sun #flood #floodingyourtimeline #storm  http://t.co/7fjGHh4OBC,en,[],['http://tmblr.co/ZqEnHo1oXwvXB'],[],0,0,0,"['sunnyday', 'houston', 'houstontx', 'sun', 'flood', 'floodingyourtimeline', 'storm']",[],https://twitter.com/Chyryn/status/616365878213480448,False,,0,,,,,,,,[],,,,
616365874660929536,616365874660929536,2015-07-01 18:00:50 EDT,2015-07-01,18:00:50,-0400,72971189,chyryn,Chyryn Pressato,,Welcome in the sunny Houston #sunnyday #houston #houstontx #sun #flood #floodingyourtimeline #storm  https://t.co/wkS4SC6tK9,en,[],['https://instagram.com/p/4nAnOWF9Ci/'],[],0,0,0,"['sunnyday', 'houston', 'houstontx', 'sun', 'flood', 'floodingyourtimeline', 'storm']",[],https://twitter.com/Chyryn/status/616365874660929536,False,,0,,,,,,,,[],,,,
616365328793239552,616365328793239552,2015-07-01 17:58:40 EDT,2015-07-01,17:58:40,-0400,29105706,cheyennemyk,cheyenne,,Day 30: Wet #flood #theidearoom ☔️☔️☔️  https://t.co/kbem1wsDDP,en,[],['https://instagram.com/p/4nAXVUrGOa/'],[],0,0,0,"['flood', 'theidearoom']",[],https://twitter.com/CheyenneMYK/status/616365328793239552,False,,0,,,,,,,,[],,,,
616364448773734400,616364448773734400,2015-07-01 17:55:10 EDT,2015-07-01,17:55:10,-0400,735701665,townofcornelius,Town of Cornelius,,"MT @WaterWatcherCLT: #DYK: Anywhere it rains, it can flood.  http://t.co/nfcGe2zV9N #Flood #MeckCounty #StormWater  http://t.co/B0jo2xCVy9",en,[],['http://bit.ly/1Itf9S0'],['https://pbs.twimg.com/media/CI2r5snUkAESeWq.png'],0,1,1,"['dyk', 'flood', 'meckcounty', 'stormwater']",[],https://twitter.com/TownofCornelius/status/616364448773734400,False,,1,https://pbs.twimg.com/media/CI2r5snUkAESeWq.png,,,,,,,[],,,,
616362861095337984,616362861095337984,2015-07-01 17:48:52 EDT,2015-07-01,17:48:52,-0400,1536412436,globalfloodnews,GlobalFloodSystem,,"#flood #disaster Water main break floods homes, slows traffic in Wheaton - MyFox Washington DC: MyFox Washingt...  http://t.co/1o3FITuA6V",en,[],['http://bit.ly/1JxgGVO'],[],0,0,0,"['flood', 'disaster']",[],https://twitter.com/GlobalFloodNews/status/616362861095337984,False,,0,,,,,,,,[],,,,
616362108842831872,616362108842831872,2015-07-01 17:45:52 EDT,2015-07-01,17:45:52,-0400,14385676,brownfield,Brownfield Ag News,,Governor surveys flood damaged farms -  http://t.co/3AFmQLHGTv  #agnews #INag #flood #crops,en,[],['http://bfnews.co/1LIEvNx'],[],0,0,0,"['agnews', 'inag', 'flood', 'crops']",[],https://twitter.com/brownfield/status/616362108842831872,False,,0,,,,,,,,[],,,,
616361834946412544,616361834946412544,2015-07-01 17:44:47 EDT,2015-07-01,17:44:47,-0400,2585523085,disaworldnews,Disaster World News,,"Midwest flood risks could be underestimated by five feet, study says - Washington Post  http://t.co/pQLYXbgiKX #Flood",en,[],['http://news.google.com/news/url?sa=t&fd=R&ct2=us&usg=AFQjCNFykfz-PjKIwbJaCRjyX6PfAmbBaA&clid=c3a7d30bb8a4878e06b80cf16b898331&cid=52778892597560&ei=plyUVdCRKcjNmQKotIGICQ&url=http://www.washingtonpost.com/news/speaking-of-science/wp/2015/07/01/midwest-flood-risks-could-be-underestimated-by-five-feet-study-says/'],[],0,0,0,['flood'],[],https://twitter.com/DisaWorldNews/status/616361834946412544,False,,0,,,,,,,,[],,,,
616359217289498624,616215961872412673,2015-07-01 17:34:23 EDT,2015-07-01,17:34:23,-0400,1156253833,clairekapernick,Claire Kapernick,,@zonca @AAAFarmer @AgForceQLD #diversify - helps in #drought and #flood,en,"[{'screen_name': 'aaafarmer', 'name': 'ask an aussie farmer', 'id': '497764207'}, {'screen_name': 'agforceqld', 'name': 'agforce queensland', 'id': '145509568'}]",[],[],0,0,0,"['diversify', 'drought', 'flood']",[],https://twitter.com/clairekapernick/status/616359217289498624,False,,0,,,,,,,,[],,,,
616353959414992896,616353959414992896,2015-07-01 17:13:29 EDT,2015-07-01,17:13:29,-0400,2585523085,disaworldnews,Disaster World News,,Water main break closes Georgia Ave. at Shorefield Rd. in Wheaton - W*USA 9  http://t.co/h5GMCdjfw1 #Flood,en,[],['http://news.google.com/news/url?sa=t&fd=R&ct2=us&usg=AFQjCNFOdhLrvBY839AdZsmoWB4REXXjlw&clid=c3a7d30bb8a4878e06b80cf16b898331&cid=52778892646798&ei=xVWUVeCnEumQmgK0vIHQBg&url=http://www.wusa9.com/story/news/local/2015/07/01/wheaton-water-main-break/29568577/'],[],0,0,0,['flood'],[],https://twitter.com/DisaWorldNews/status/616353959414992896,False,,0,,,,,,,,[],,,,
616353957695328257,616353957695328257,2015-07-01 17:13:29 EDT,2015-07-01,17:13:29,-0400,2585523085,disaworldnews,Disaster World News,,Flood advisory for St. Bernard Parish until 5:30 p.m. Wednesday -  http://t.co/ViUDPaNL1v  http://t.co/oS4h3p1qvI #Flood,en,[],"['http://NOLA.com', 'http://news.google.com/news/url?sa=t&fd=R&ct2=us&usg=AFQjCNEtaNuTUtPhh9fnbpOIqTB97nMFgQ&clid=c3a7d30bb8a4878e06b80cf16b898331&cid=52778892687075&ei=xVWUVeCnEumQmgK0vIHQBg&url=http://www.nola.com/weather/index.ssf/2015/07/flood_advisory_for_st_bernard.html']",[],0,0,0,['flood'],[],https://twitter.com/DisaWorldNews/status/616353957695328257,False,,0,,,,,,,,[],,,,
616353956168663040,616353956168663040,2015-07-01 17:13:29 EDT,2015-07-01,17:13:29,-0400,2585523085,disaworldnews,Disaster World News,,UPDATE: All Sparks roads opened following flooding - Reno Gazette Journal  http://t.co/aYoVK7L0gg #Flood,en,[],['http://news.google.com/news/url?sa=t&fd=R&ct2=us&usg=AFQjCNGnh7Y5gcfX94lS5afgmxDvFO1TDw&clid=c3a7d30bb8a4878e06b80cf16b898331&cid=52778892223697&ei=xVWUVeCnEumQmgK0vIHQBg&url=http://www.rgj.com/story/news/2015/07/01/east-sparks-hit-flash-floods/29549403/'],[],0,0,0,['flood'],[],https://twitter.com/DisaWorldNews/status/616353956168663040,False,,0,,,,,,,,[],,,,
616350019738734592,616350019738734592,2015-07-01 16:57:50 EDT,2015-07-01,16:57:50,-0400,745457390,althone,Althone Borja,,Ive never ever experienced so many floods in 1 night. What's wrong with you Metro Manila!? #EDSA #QuezonCity #Makati #Manila #Flood,en,[],[],[],0,0,0,"['edsa', 'quezoncity', 'makati', 'manila', 'flood']",[],https://twitter.com/Althone/status/616350019738734592,False,,0,,,,,,,,[],,,,
616349628842311680,616349628842311680,2015-07-01 16:56:17 EDT,2015-07-01,16:56:17,-0400,2774822323,cenkyweather,Cen Ky Weather,,Thursday (7/2)- Widespread #Flood Threat. #Severe Weather Day.  Friday (7/3)- #Flood Threat Continues. #Severe Weather Day. #kywx,en,[],[],[],0,1,0,"['flood', 'severe', 'flood', 'severe', 'kywx']",[],https://twitter.com/CenKyWeather/status/616349628842311680,False,,0,,,,,,,,[],,,,
616348413836267520,616348413836267520,2015-07-01 16:51:27 EDT,2015-07-01,16:51:27,-0400,300972003,neelz_h,Neeloy Hoque,"{'type': 'Point', 'coordinates': [23.81233319, 90.42786272]}",#LoveRain not #Flood @ Bashundhara R/A  https://t.co/H82UNsaspT,en,[],['https://instagram.com/p/4m4n4IuBM5/'],[],0,0,0,"['loverain', 'flood']",[],https://twitter.com/neelz_h/status/616348413836267520,False,,0,,,,,,,,[],,,,
616347694072774657,616347694072774657,2015-07-01 16:48:36 EDT,2015-07-01,16:48:36,-0400,2774822323,cenkyweather,Cen Ky Weather,,Tomorrow: #Flooding downpours is expected to continue. This will add on to #flood threat from the night. #Severe Weather Day. #kywx,en,[],[],[],0,1,0,"['flooding', 'flood', 'severe', 'kywx']",[],https://twitter.com/CenKyWeather/status/616347694072774657,False,,0,,,,,,,,[],,,,
616346369939275776,616346369939275776,2015-07-01 16:43:20 EDT,2015-07-01,16:43:20,-0400,428638214,man_chowder,Man Chowder,,@idarb #pan6 #flood,und,[],[],[],0,0,0,"['pan6', 'flood']",[],https://twitter.com/Man_Chowder/status/616346369939275776,False,,0,,,,,,,,[],,,,
616343045232066560,616343045232066560,2015-07-01 16:30:07 EDT,2015-07-01,16:30:07,-0400,2515034196,fractalart_gr,Fractal,,Η μεγάλη πλημμύρα του Μισισιπή του 1927.Aφιέρωμα στα μπλουζ του «νότου» #blues #music #flood  http://t.co/65J3QayRCl  http://t.co/77yvANDl6D,el,[],['http://fractalart.gr/blues-1/'],['https://pbs.twimg.com/media/CI2wu3JUkAAw3Lg.png'],0,1,1,"['blues', 'music', 'flood']",[],https://twitter.com/FractalArt_gr/status/616343045232066560,False,,1,https://pbs.twimg.com/media/CI2wu3JUkAAw3Lg.png,,,,,,,[],,,,
616342308720672768,616342308720672768,2015-07-01 16:27:12 EDT,2015-07-01,16:27:12,-0400,337296838,lake_fun,Lake Fun,,DisaWorldNews: Bagnell Dam opens flood gates at Lake of the Ozarks - KY3  http://t.co/Ot26gqvVzP #Flood  http://t.co/c6DzTfjs1v via amazon,en,[],"['http://news.google.com/news/url?sa=t&fd=R&ct2=us&usg=AFQjCNEDcgocBav8Iwy3_8oQQp9YKvXm9g&clid=c3a7d30bb8a4878e06b80cf16b898331&cid=52778892634481&ei=ikeUVdCsIOW1mQLXoYDAAg&url=http://www.ky3.com/news/local/bagnell-dam-opens-flood-gates-at-lake-of-the-ozarks/21048998_33918112', 'http://ift.tt/15N1DZw']",[],0,0,0,['flood'],[],https://twitter.com/Lake_Fun/status/616342308720672768,False,,0,,,,,,,,[],,,,
616338296566890496,616338296566890496,2015-07-01 16:11:15 EDT,2015-07-01,16:11:15,-0400,2585523085,disaworldnews,Disaster World News,,Bagnell Dam opens flood gates at Lake of the Ozarks - KY3  http://t.co/EX2H4yCQyI #Flood,en,[],['http://news.google.com/news/url?sa=t&fd=R&ct2=us&usg=AFQjCNEDcgocBav8Iwy3_8oQQp9YKvXm9g&clid=c3a7d30bb8a4878e06b80cf16b898331&cid=52778892634481&ei=ikeUVdCsIOW1mQLXoYDAAg&url=http://www.ky3.com/news/local/bagnell-dam-opens-flood-gates-at-lake-of-the-ozarks/21048998_33918112'],[],0,0,0,['flood'],[],https://twitter.com/DisaWorldNews/status/616338296566890496,False,,0,,,,,,,,[],,,,
616338232284946432,616338232284946432,2015-07-01 16:11:00 EDT,2015-07-01,16:11:00,-0400,83899964,wustlnews,WUSTLnews,,"Federal agencies may be underestimating 100-year #flood levels, a new study finds.  http://t.co/dJULxoW1Rj  http://t.co/a3p5MjOhOa",en,[],['http://bit.ly/1ek3QiA'],['https://pbs.twimg.com/media/CI2sKmJWoAA_8i4.jpg'],0,1,2,['flood'],[],https://twitter.com/WUSTLnews/status/616338232284946432,False,,1,https://pbs.twimg.com/media/CI2sKmJWoAA_8i4.jpg,,,,,,,[],,,,
616337719984132096,616337719984132096,2015-07-01 16:08:58 EDT,2015-07-01,16:08:58,-0400,73192327,shadabpost,Shadab Ahmed,,Rain Gods creating havoc in N Bengal &amp; Uttarakhand region.Num of death increasing #rain #Flood #Bengals #Uttarakhand #Darjeeling #LANDSLIDE,en,[],[],[],0,0,0,"['rain', 'flood', 'bengals', 'uttarakhand', 'darjeeling', 'landslide']",[],https://twitter.com/ShadabPost/status/616337719984132096,False,,0,,,,,,,,[],,,,
616336774315388928,616336774315388928,2015-07-01 16:05:12 EDT,2015-07-01,16:05:12,-0400,1255701000,hydroponiclife1,HydroponicLife.com🌱,,"#Missouri Latest State to Decry #Flood of ""High-Quality"" #Colorado #Pot.  http://t.co/2RohLVllXy via @denverwestword  http://t.co/CBr9GWaEwa",en,"[{'screen_name': 'denverwestword', 'name': '@denverwestword', 'id': '17451031'}]",['http://www.westword.com/news/missouri-latest-state-to-decry-flood-of-high-quality-colorado-pot-6858104'],['https://pbs.twimg.com/media/CI2rBcYUEAM0Wad.jpg'],0,1,1,"['missouri', 'flood', 'colorado', 'pot']",[],https://twitter.com/HydroponicLife1/status/616336774315388928,False,,1,https://pbs.twimg.com/media/CI2rBcYUEAM0Wad.jpg,,,,,,,[],,,,
616336402209468416,616332538399858688,2015-07-01 16:03:43 EDT,2015-07-01,16:03:43,-0400,490355626,macaroni1888,Tony,,@kever6767   Unreal.  Is that clown Strachan still involved at Middlesborough??  #McDonald #McManus #Boyd #Flood  #Robson #MillionsWasted,en,[],[],[],1,0,0,"['mcdonald', 'mcmanus', 'boyd', 'flood', 'robson', 'millionswasted']",[],https://twitter.com/macaroni1888/status/616336402209468416,False,,0,,,,,,,,[],,,,
616335822745432064,616335822745432064,2015-07-01 16:01:25 EDT,2015-07-01,16:01:25,-0400,392302568,moirabrunken,Moira Brunken,,You don't have to live on the gulf to need #flood #insurance:  http://t.co/x23TmorgBO #RealEstate #Colleyville #DFW #Grapevine #TX,en,[],['http://ow.ly/OHXwA'],[],0,0,1,"['flood', 'insurance', 'realestate', 'colleyville', 'dfw', 'grapevine', 'tx']",[],https://twitter.com/moirabrunken/status/616335822745432064,False,,0,,,,,,,,[],,,,
616335240441819139,616335240441819139,2015-07-01 15:59:06 EDT,2015-07-01,15:59:06,-0400,399618055,crawlspacedoors,Crawl Space Doors,,@CrawlSpaceDoors engineered #flood vents are FEMA compliant and come in 9 sizes! #floodaware  http://t.co/ZfjNHnXCRM,en,[],[],['https://pbs.twimg.com/media/CI2popFW8AALDYZ.jpg'],0,0,1,"['flood', 'floodaware']",[],https://twitter.com/CrawlSpaceDoors/status/616335240441819139,False,,1,https://pbs.twimg.com/media/CI2popFW8AALDYZ.jpg,,,,,,,[],,,,
616334500843237376,616334500843237376,2015-07-01 15:56:10 EDT,2015-07-01,15:56:10,-0400,1536412436,globalfloodnews,GlobalFloodSystem,,"#flood #disaster First drought, now floods cause problems for shrimpers -  http://t.co/G1Hnb0RZuw: Chron.comFirs...  http://t.co/Cg1bWjefnO",en,[],"['http://Chron.com', 'http://bit.ly/1JwLHcl']",[],0,0,0,"['flood', 'disaster']",[],https://twitter.com/GlobalFloodNews/status/616334500843237376,False,,0,,,,,,,,[],,,,
616334500109258752,616334500109258752,2015-07-01 15:56:10 EDT,2015-07-01,15:56:10,-0400,1536412436,globalfloodnews,GlobalFloodSystem,,#flood #disaster Floods bring Whanganui Journey to a halt - Radio New Zealand: Radio New ZealandFloods bring W...  http://t.co/GncRroddO2,en,[],['http://bit.ly/1KsoAB9'],[],0,0,0,"['flood', 'disaster']",[],https://twitter.com/GlobalFloodNews/status/616334500109258752,False,,0,,,,,,,,[],,,,
616333007494905856,616333007494905856,2015-07-01 15:50:14 EDT,2015-07-01,15:50:14,-0400,415394472,mdmuslimkhan2,MD MUSLIM KHAN,,घाघरा नदी का जलस्तर लगातार बढ़ने से बढ़ा बाढ़ का खतरा   http://t.co/OODxaQ9zdH #Ghaghra #River #Water #Flood,hi,[],['http://hindi.news18.com/news/uttar-pradesh/ghaghra-river-water-level-increase-487068.html'],[],0,0,0,"['ghaghra', 'river', 'water', 'flood']",[],https://twitter.com/MdMuslimKhan2/status/616333007494905856,False,,0,,,,,,,,[],,,,
616331819479379969,616331819479379969,2015-07-01 15:45:31 EDT,2015-07-01,15:45:31,-0400,814884224,worldalerts247,WORLD ALERTS ²⁴/7,,"Heavy Rain/Floods - Assam, India-  http://t.co/LpLOElEkuh #flood #fb",en,[],['http://www.ubalert.com/NQYb'],[],0,0,0,"['flood', 'fb']",[],https://twitter.com/WorldALERTS247/status/616331819479379969,False,,0,,,,,,,,[],,,,
616326675379396609,616326675379396609,2015-07-01 15:25:04 EDT,2015-07-01,15:25:04,-0400,446567358,me_ljjones,LORI J JONES,,"#,mississenewaresevoireflooded. #flood #stormdamage  https://t.co/f1gc01xnOs",en,[],['https://instagram.com/p/4muyXfnQPg/'],[],0,0,0,"['flood', 'stormdamage']",[],https://twitter.com/me_ljjones/status/616326675379396609,False,,0,,,,,,,,[],,,,
616326666667868160,616326666667868160,2015-07-01 15:25:02 EDT,2015-07-01,15:25:02,-0400,446567358,me_ljjones,LORI J JONES,,#mississinewa reservoir. #flood #stormdamage  https://t.co/2SdOjiqCDZ,en,[],['https://instagram.com/p/4muxSwnQPc/'],[],0,0,0,"['mississinewa', 'flood', 'stormdamage']",[],https://twitter.com/me_ljjones/status/616326666667868160,False,,0,,,,,,,,[],,,,
616325499741147137,616325499741147137,2015-07-01 15:20:24 EDT,2015-07-01,15:20:24,-0400,72923576,lubrenner,luiza b,,#flood  http://t.co/jDaKpfBnfE  http://t.co/RyNszsjWvG,und,[],['http://ift.tt/1H0j4U0'],['https://pbs.twimg.com/media/CI2gxs9WgAAakEU.jpg'],0,0,0,['flood'],[],https://twitter.com/lubrenner/status/616325499741147137,False,,1,https://pbs.twimg.com/media/CI2gxs9WgAAakEU.jpg,,,,,,,[],,,,
616319120926048256,616319120926048256,2015-07-01 14:55:03 EDT,2015-07-01,14:55:03,-0400,45195411,ubalert,ubAlert,,"Heavy Rain/Floods - Assam, India-  http://t.co/9kFoucaHtx #flood #fb",en,[],['http://www.ubalert.com/NQYb'],[],0,0,0,"['flood', 'fb']",[],https://twitter.com/ubalert/status/616319120926048256,False,,0,,,,,,,,[],,,,
616316857255989248,616316857255989248,2015-07-01 14:46:04 EDT,2015-07-01,14:46:04,-0400,1536412436,globalfloodnews,GlobalFloodSystem,,#flood #disaster State of emergency declared in Kamloops due to flash floods - Vancity Buzz: Vancity BuzzState...  http://t.co/i7afbynkPX,en,[],['http://bit.ly/1Ks8zLx'],[],0,0,0,"['flood', 'disaster']",[],https://twitter.com/GlobalFloodNews/status/616316857255989248,False,,0,,,,,,,,[],,,,
616316856270323712,616316856270323712,2015-07-01 14:46:03 EDT,2015-07-01,14:46:03,-0400,1536412436,globalfloodnews,GlobalFloodSystem,,"#flood #disaster DENR: Several Cebu areas prone to storm surges, floods, landslides - GMA News: GMA NewsDENR: ...  http://t.co/WGeREQWKw6",en,[],['http://bit.ly/1Ks8zLn'],[],0,0,0,"['flood', 'disaster']",[],https://twitter.com/GlobalFloodNews/status/616316856270323712,False,,0,,,,,,,,[],,,,
616314080295563264,616314080295563264,2015-07-01 14:35:01 EDT,2015-07-01,14:35:01,-0400,21593846,jimmyrad75,James Radenhausen,,#Flood warning extended until 2;45 p.m.; #PoconoPines receives 4.63 inches of #rain #flooding @PoconoRecord  http://t.co/2FxZkHtPUr,en,"[{'screen_name': 'poconorecord', 'name': 'pocono record', 'id': '7511312'}]",['http://www.poconorecord.com/article/20150701/NEWS/150709976'],[],0,0,0,"['flood', 'poconopines', 'rain', 'flooding']",[],https://twitter.com/JimmyRad75/status/616314080295563264,False,,0,,,,,,,,[],,,,
616313450319495168,616313450319495168,2015-07-01 14:32:31 EDT,2015-07-01,14:32:31,-0400,2585523085,disaworldnews,Disaster World News,,Syracuse man presumed dead after plunging through open manhole in sewer ... - New York Daily News  http://t.co/zkvWAJvmfO #Flood,en,[],['http://news.google.com/news/url?sa=t&fd=R&ct2=us&usg=AFQjCNG1RLfDJkC9Xsj_5U_Wc1-ZtMlh9w&clid=c3a7d30bb8a4878e06b80cf16b898331&cid=52778892316769&ei=GzKUVfiNGKazmQL41KnQCg&url=http://www.nydailynews.com/news/national/syracuse-man-dead-falling-sewer-flood-article-1.2277737'],[],0,0,0,['flood'],[],https://twitter.com/DisaWorldNews/status/616313450319495168,False,,0,,,,,,,,[],,,,
616309267734376448,616309267734376448,2015-07-01 14:15:54 EDT,2015-07-01,14:15:54,-0400,76127192,buckandsons,Buck&Sons Landscape,,#Lawn flooded? Check out these tips:  http://t.co/5ViXe3I7o1 #Flood  http://t.co/I85aqXttTO,en,[],['http://ow.ly/OQ18K'],['https://pbs.twimg.com/media/CI2SA3QWEAEyaAV.jpg'],0,0,0,"['lawn', 'flood']",[],https://twitter.com/BuckandSons/status/616309267734376448,False,,1,https://pbs.twimg.com/media/CI2SA3QWEAEyaAV.jpg,,,,,,,[],,,,
616309229645918209,616304032974512130,2015-07-01 14:15:45 EDT,2015-07-01,14:15:45,-0400,20084570,tweetybird2009,C. W. Crawford,,@Lynn9353 #WeThePeople need2 #flood #WhiteHouse w/complaints! He better #LightItUp in #RedWhiteBlue for #4thJuly or else..... U get the else,en,[],[],[],1,1,1,"['wethepeople', 'flood', 'whitehouse', 'lightitup', 'redwhiteblue', '4thjuly']",[],https://twitter.com/tweetybird2009/status/616309229645918209,False,,0,,,,,,,,[],,,,
616308541272383488,616308541272383488,2015-07-01 14:13:01 EDT,2015-07-01,14:13:01,-0400,1080373688,rdelucawx,Rick DeLuca,,A #Flood Advisory has been posted for Crawford and Harrison county until 4 pm. Use caution while traveling!  http://t.co/Xa9C47vr1c,en,[],[],['https://pbs.twimg.com/media/CI2RWj0UYAEujhV.png'],0,0,0,['flood'],[],https://twitter.com/RDeLucaWX/status/616308541272383488,False,,1,https://pbs.twimg.com/media/CI2RWj0UYAEujhV.png,,,,,,,[],,,,
616308526852366336,616308526852366336,2015-07-01 14:12:57 EDT,2015-07-01,14:12:57,-0400,247103812,marcweinbergwx,Marc Weinberg,,A #Flood Advisory has been posted for Crawford and Harrison county until 4 pm. Use caution while traveling!  http://t.co/pSt7I05Lri,en,[],[],['https://pbs.twimg.com/media/CI2RVp_UAAI2ijD.png'],0,1,0,['flood'],[],https://twitter.com/MarcWeinbergWX/status/616308526852366336,False,,1,https://pbs.twimg.com/media/CI2RVp_UAAI2ijD.png,,,,,,,[],,,,
616308440739151872,616308440739151872,2015-07-01 14:12:37 EDT,2015-07-01,14:12:37,-0400,17344350,scullybully,Valerie Ann,,A river runs through my backyard moving at a brisk pace. Maybe I can kayak down it. J/k #btv #weather #flood  http://t.co/tBUIMFZA2u,en,[],[],['https://pbs.twimg.com/media/CI2RP_VWgAApJCM.jpg'],0,0,1,"['btv', 'weather', 'flood']",[],https://twitter.com/ScullyBully/status/616308440739151872,False,,1,https://pbs.twimg.com/media/CI2RP_VWgAApJCM.jpg,,,,,,,[],,,,
616302886562213888,616302886562213888,2015-07-01 13:50:33 EDT,2015-07-01,13:50:33,-0400,403802304,harrisonab,HarrisonAlberta,,"A century ago, the banks of the North Saskatchewan river burst, forever changing the course of #Edmonton -  http://t.co/NHVg6Nf8l8 #Flood",en,[],['http://ow.ly/P36Ba'],[],0,0,0,"['edmonton', 'flood']",[],https://twitter.com/HarrisonAB/status/616302886562213888,False,,0,,,,,,,,[],,,,
616301688970997761,616301688970997761,2015-07-01 13:45:47 EDT,2015-07-01,13:45:47,-0400,1025443176,kcollins213,Kate Collins🌓,,Red Cross shelter. #syracuse #cnyweather #flood #bnw_demand #bwphoto #photowall #makeportraits #ny  https://t.co/oYkw40UWme,en,[],['https://instagram.com/p/4mjbIYK3tz/'],[],0,1,1,"['syracuse', 'cnyweather', 'flood', 'bnw_demand', 'bwphoto', 'photowall', 'makeportraits', 'ny']",[],https://twitter.com/kcollins213/status/616301688970997761,False,,0,,,,,,,,[],,,,
616301518954864640,616301518954864640,2015-07-01 13:45:07 EDT,2015-07-01,13:45:07,-0400,2585523085,disaworldnews,Disaster World News,,3 Reasons This is No 'Great Flood' of 1993 - AgWeb  http://t.co/zGmDsnrz5i #Flood,en,[],['http://news.google.com/news/url?sa=t&fd=R&ct2=us&usg=AFQjCNHBj88kB3whkUXIiiXSQ-uW2XAfkg&clid=c3a7d30bb8a4878e06b80cf16b898331&ei=IyOUVbCQH4fWmAK0vI9g&url=http://www.agweb.com/article/3-reasons-this-is-no-great-flood-of-1993-NAA-ben-potter/'],[],0,0,0,['flood'],[],https://twitter.com/DisaWorldNews/status/616301518954864640,False,,0,,,,,,,,[],,,,
616301517038059520,616301517038059520,2015-07-01 13:45:06 EDT,2015-07-01,13:45:06,-0400,2585523085,disaworldnews,Disaster World News,,Corps study may find ways to reduce flood risk along Deadmans Run - Lincoln Journal Star  http://t.co/1ClcqG9jIE #Flood,en,[],['http://news.google.com/news/url?sa=t&fd=R&ct2=us&usg=AFQjCNH3klUvsm7BAL8TKonPGgJdebMLeA&clid=c3a7d30bb8a4878e06b80cf16b898331&cid=52778892244306&ei=IyOUVbCQH4fWmAK0vI9g&url=http://journalstar.com/news/local/corps-study-may-find-ways-to-reduce-flood-risk-along/article_920043f2-ac39-5326-8e4b-88a165972399.html'],[],0,0,0,['flood'],[],https://twitter.com/DisaWorldNews/status/616301517038059520,False,,0,,,,,,,,[],,,,
616299358045270017,616299358045270017,2015-07-01 13:36:31 EDT,2015-07-01,13:36:31,-0400,376543948,bschier21,Brandon Schiermeier,,The lake is just a little high today! #LOZ #lakelife #flood  https://t.co/BmLmyANNJd,en,[],['https://instagram.com/p/4miXTtOkww/'],[],0,0,0,"['loz', 'lakelife', 'flood']",[],https://twitter.com/Bschier21/status/616299358045270017,False,,0,,,,,,,,[],,,,
616297359236923392,616297359236923392,2015-07-01 13:28:35 EDT,2015-07-01,13:28:35,-0400,156354387,sk__671,SK,,"#dailydeals #dealzmodo #dealhacker #deals #flood Today's Best Deals: Smart Locks, Phone Lenses, Power Outlets, and…  http://t.co/cuP15ZuMdT",en,[],['http://dlvr.it/BNlmMw'],[],0,0,0,"['dailydeals', 'dealzmodo', 'dealhacker', 'deals', 'flood']",[],https://twitter.com/sk__671/status/616297359236923392,False,,0,,,,,,,,[],,,,
616295678965325824,616295678965325824,2015-07-01 13:21:54 EDT,2015-07-01,13:21:54,-0400,606891897,della_toodope,Della Too Dope,,July 10th ! #Flood  https://t.co/cfWHx83Afl,en,[],['https://instagram.com/p/4mgrz5BLt4/'],[],0,0,0,['flood'],[],https://twitter.com/Della_TooDope/status/616295678965325824,False,,0,,,,,,,,[],,,,
616295598027714560,616295598027714560,2015-07-01 13:21:35 EDT,2015-07-01,13:21:35,-0400,156354387,sk__671,SK,,"#kinjadeals #deals #flood #dailydeals #dealhacker Today's Best Deals: Smart Locks, Phone Lenses, Power Outlets,…  http://t.co/XC1Lg1w51A",en,[],['http://dlvr.it/BNlTRt'],[],0,0,0,"['kinjadeals', 'deals', 'flood', 'dailydeals', 'dealhacker']",[],https://twitter.com/sk__671/status/616295598027714560,False,,0,,,,,,,,[],,,,
616293360131788800,616293360131788800,2015-07-01 13:12:41 EDT,2015-07-01,13:12:41,-0400,28139385,ocj_ohioagnet,OCJ & Ohio Ag Net,,The #flood of 2015 | Ohio Ag Net | Ohio's Country Journal:  http://t.co/uUVk0GZAsl,en,[],['http://ocj.com/2015/07/the-flood-of-2015/#.VZQfYc8Pru4.twitter'],[],0,1,0,['flood'],[],https://twitter.com/ocj_ohioagnet/status/616293360131788800,False,,0,,,,,,,,[],,,,
616293104279285760,616293104279285760,2015-07-01 13:11:40 EDT,2015-07-01,13:11:40,-0400,2585523085,disaworldnews,Disaster World News,,"Flash flooding causes Kamloops to declare state of emergency, 60 homes ... - CBC.ca  http://t.co/MS8VAYendn #Flood",en,[],['http://news.google.com/news/url?sa=t&fd=R&ct2=us&usg=AFQjCNG71lfy45zUH5G-YfMwt_zE_NXftQ&clid=c3a7d30bb8a4878e06b80cf16b898331&cid=52778892236536&ei=IxyUVYj0EKfOmQLchYCwDg&url=http://www.cbc.ca/news/canada/british-columbia/flash-flooding-causes-kamloops-to-declare-state-of-emergency-60-homes-evacuated-1.3134493'],[],0,0,0,['flood'],[],https://twitter.com/DisaWorldNews/status/616293104279285760,False,,0,,,,,,,,[],,,,
616293033710080001,616293033710080001,2015-07-01 13:11:24 EDT,2015-07-01,13:11:24,-0400,267837573,gravitasint,Gravitas (Int) Ltd,,its raining!!!!!! SOS run for cover and make sure you have #hydrosacks #hydrosnakes #flood #floodprevention @BandQ #floodwarning @floodmary,en,"[{'screen_name': 'bandq', 'name': 'b&q', 'id': '110647540'}, {'screen_name': 'floodmary', 'name': 'mary dhonau', 'id': '246324373'}]",[],[],0,0,0,"['hydrosacks', 'hydrosnakes', 'flood', 'floodprevention', 'floodwarning']",[],https://twitter.com/GravitasInt/status/616293033710080001,False,,0,,,,,,,,[],,,,
616290797470658561,616290797470658561,2015-07-01 13:02:30 EDT,2015-07-01,13:02:30,-0400,3096005828,travelnewsnep,Travel News Nepal,,"#flood sneaks settlement; one killed, 500 displaced",en,[],[],[],0,0,0,['flood'],[],https://twitter.com/TravelNewsNep/status/616290797470658561,False,,0,,,,,,,,[],,,,
616286115826249728,616286115826249728,2015-07-01 12:43:54 EDT,2015-07-01,12:43:54,-0400,1536412436,globalfloodnews,GlobalFloodSystem,,#flood #disaster Floods wash away 14600 hectares of farmland in Gujarat - DeshGujarat: Floods wash away 14600 ...  http://t.co/9E6QR3tvdb,en,[],['http://bit.ly/1JvTW8w'],[],0,1,0,"['flood', 'disaster']",[],https://twitter.com/GlobalFloodNews/status/616286115826249728,False,,0,,,,,,,,[],,,,
616286114731569152,616286114731569152,2015-07-01 12:43:54 EDT,2015-07-01,12:43:54,-0400,1536412436,globalfloodnews,GlobalFloodSystem,,#flood #disaster UPDATE: All Sparks roads opened following flooding - Reno Gazette Journal: UPDATE: All Sparks...  http://t.co/DPwhc3KhAQ,en,[],['http://bit.ly/1JvTW8o'],[],0,1,0,"['flood', 'disaster']",[],https://twitter.com/GlobalFloodNews/status/616286114731569152,False,,0,,,,,,,,[],,,,
616286113682948096,616286113682948096,2015-07-01 12:43:54 EDT,2015-07-01,12:43:54,-0400,1536412436,globalfloodnews,GlobalFloodSystem,,"#flood #disaster Oil falls below $63 as US stocks rise, OPEC ""floods market"" - Yahoo! Maktoob News: Oil falls ...  http://t.co/iTODkSUNWn",en,[],['http://bit.ly/1JvTVS0'],[],0,0,0,"['flood', 'disaster']",[],https://twitter.com/GlobalFloodNews/status/616286113682948096,False,,0,,,,,,,,[],,,,
616285575436308480,616285575436308480,2015-07-01 12:41:45 EDT,2015-07-01,12:41:45,-0400,1331981646,officialtrace09,Trace09.com,,#MissedThis? Breaking News: Gas Explosion at Kwame Nkrumah   http://t.co/glnGqJPX1a  #accra #bank #explosion #flood #gcb #kwamenkrumahcircle,en,[],['http://is.gd/5VRyZm'],[],0,0,0,"['missedthis', 'accra', 'bank', 'explosion', 'flood', 'gcb', 'kwamenkrumahcircle']",[],https://twitter.com/OfficialTrace09/status/616285575436308480,False,,0,,,,,,,,[],,,,
616283749123231744,616283749123231744,2015-07-01 12:34:30 EDT,2015-07-01,12:34:30,-0400,2770159725,capeboardrider,Jerry Johnson,,My street is #flooded after this morning's #deluge. #CapeCod #Harwich #storm #rain #flood #reflections  https://t.co/soVwYJSwQo,en,[],['https://instagram.com/p/4mbM90xIIA/'],[],0,0,0,"['flooded', 'deluge', 'capecod', 'harwich', 'storm', 'rain', 'flood', 'reflections']",[],https://twitter.com/capeboardrider/status/616283749123231744,False,,0,,,,,,,,[],,,,
616281514788167681,616281514788167681,2015-07-01 12:25:37 EDT,2015-07-01,12:25:37,-0400,2952190635,miragephotostl,Mirage Photo,,"While out looking at #flood damage, we found where they grow trash cans!  http://t.co/Vkb2bmSoN5",en,[],[],['https://pbs.twimg.com/media/CI14xXOUkAA8wOP.jpg'],0,0,0,['flood'],[],https://twitter.com/MiragePhotoSTL/status/616281514788167681,False,,1,https://pbs.twimg.com/media/CI14xXOUkAA8wOP.jpg,,,,,,,[],,,,
616277855186604032,616277855186604032,2015-07-01 12:11:05 EDT,2015-07-01,12:11:05,-0400,1201631178,necroneko_,nyan,,Почему так смешно😺 #rain #trees #road #people #boy #running #rain #flood #mimi #nya #kawaii #ufa  https://t.co/3SFeDywwS5,ru,[],['https://instagram.com/p/4mYlH1nLYp/'],[],0,0,0,"['rain', 'trees', 'road', 'people', 'boy', 'running', 'rain', 'flood', 'mimi', 'nya', 'kawaii', 'ufa']",[],https://twitter.com/necroneko_/status/616277855186604032,False,,0,,,,,,,,[],,,,
616276347183308800,616276347183308800,2015-07-01 12:05:05 EDT,2015-07-01,12:05:05,-0400,1399113342,usumtwit,Usum,,Colorado weather: #Flood warnings scattered throughout state #Wednesday: Flood warnings are…  http://t.co/kftLi5DUvk,en,[],['http://goo.gl/fb/Gyycd2'],[],0,0,0,"['flood', 'wednesday']",[],https://twitter.com/usumtwit/status/616276347183308800,False,,0,,,,,,,,[],,,,
616271955713376260,616271955713376260,2015-07-01 11:47:38 EDT,2015-07-01,11:47:38,-0400,244183862,ccharitiesghtx,Catholic Charities Galveston-Houston,,Grateful to @CCharitiesSJ &amp; Albany CC who have sent 4 disaster specialists to help serve the needs of #flood victims  http://t.co/81G78ajjuk,en,"[{'screen_name': 'ccharitiessj', 'name': 'catholic charities of south jersey', 'id': '2831919636'}]",[],['https://pbs.twimg.com/media/CI1wE5WUkAA4wSm.jpg'],0,0,4,['flood'],[],https://twitter.com/CCharitiesGHTX/status/616271955713376260,False,,1,https://pbs.twimg.com/media/CI1wE5WUkAA4wSm.jpg,,,,,,,[],,,,
616271886738149376,616271886738149376,2015-07-01 11:47:22 EDT,2015-07-01,11:47:22,-0400,1623848442,brucetaxcpa,Bruce Tax & CPA,,"Hit by #flood, #storm, #sewer backup, etc from recent #disaster? Apply for grant soon!  http://t.co/gPyrSrGCFm #dsm #desmoines",en,[],['https://twitter.com/PCEmrgManAgency/status/616261470620258304'],[],0,0,0,"['flood', 'storm', 'sewer', 'disaster', 'dsm', 'desmoines']",[],https://twitter.com/BruceTaxCPA/status/616271886738149376,False,https://twitter.com/PCEmrgManAgency/status/616261470620258304,0,,,,,,,,[],,,,
616271510878162944,616271510878162944,2015-07-01 11:45:52 EDT,2015-07-01,11:45:52,-0400,2157436815,van_strael,Françoise van Straelen,,#Flood Carries #River #Monsters Onto the Land  http://t.co/voNBrpNiCN via @NatGeo  http://t.co/sTEc0mfIim,en,"[{'screen_name': 'natgeo', 'name': 'national geographic', 'id': '17471979'}]",['http://on.natgeo.com/1T5OQo3'],['https://pbs.twimg.com/media/CI1vqjaVEAA05Mz.jpg'],0,0,0,"['flood', 'river', 'monsters']",[],https://twitter.com/van_strael/status/616271510878162944,False,,1,https://pbs.twimg.com/media/CI1vqjaVEAA05Mz.jpg,,,,,,,[],,,,
616269986059816960,616269986059816960,2015-07-01 11:39:49 EDT,2015-07-01,11:39:49,-0400,2844071427,papernob,papernob,,@idarbwire #8UIB #flood,und,[],[],[],0,0,0,"['8uib', 'flood']",[],https://twitter.com/papernob/status/616269986059816960,False,,0,,,,,,,,[],,,,
616268216902377472,616268216902377472,2015-07-01 11:32:47 EDT,2015-07-01,11:32:47,-0400,3233568404,wemjragency,tmaallstate@gmail.com,,Why is #Flood #insurance important from #Allstate #insurance  https://t.co/JXV6pMNllP  Call 904- 241-8223,en,[],['https://www.allstate.com/home-insurance/flood-insurance-main.aspx'],[],0,0,0,"['flood', 'insurance', 'allstate', 'insurance']",[],https://twitter.com/wemjragency/status/616268216902377472,False,,0,,,,,,,,[],,,,
616267320802025472,616267320802025472,2015-07-01 11:29:13 EDT,2015-07-01,11:29:13,-0400,1349962134,fralnet,Fral UK Ltd,,"Env Agency NW on Twitter: ""We're expecting heavy rain in the #norrthwest Here's a video of Top Tips to stay #Flood…  http://t.co/I9TYalcJKa",en,[],['http://bit.ly/1HuGYZa'],[],0,0,0,"['norrthwest', 'flood']",[],https://twitter.com/fralnet/status/616267320802025472,False,,0,,,,,,,,[],,,,
616266896703275008,616266896703275008,2015-07-01 11:27:32 EDT,2015-07-01,11:27:32,-0400,1331981646,officialtrace09,Trace09.com,,#MissedThis? More Photos: How Many Ghanaians DIED Yesterday in The Accra Floods  http://t.co/hGCTg9nSe8  #accra #flood,en,[],['http://is.gd/c5kTLp'],[],0,0,0,"['missedthis', 'accra', 'flood']",[],https://twitter.com/OfficialTrace09/status/616266896703275008,False,,0,,,,,,,,[],,,,
616266616444063744,616266616444063744,2015-07-01 11:26:25 EDT,2015-07-01,11:26:25,-0400,632155244,regionalflood,Regional Flood,,Heading to @CityOfLasVegas council mtg to accept a proclamation kicking off Flash #Flood Season. Stay Safe!  http://t.co/Z1jrC6qGx6,en,"[{'screen_name': 'cityoflasvegas', 'name': 'city of las vegas', 'id': '38456605'}]",['http://www.befloodsafe.com'],[],0,0,1,['flood'],[],https://twitter.com/RegionalFlood/status/616266616444063744,False,,0,,,,,,,,[],,,,
616266514690387968,616266514690387968,2015-07-01 11:26:01 EDT,2015-07-01,11:26:01,-0400,402968652,aaronbh2o,Aaron Burton,,"Major #midwest #USA #flood risk underestimated by as much as five feet, study finds  http://t.co/aIGCpx9EDe",en,[],['http://buff.ly/1dwxjVY'],[],0,0,0,"['midwest', 'usa', 'flood']",[],https://twitter.com/AaronBH2O/status/616266514690387968,False,,0,,,,,,,,[],,,,
616263106319261701,616263106319261701,2015-07-01 11:12:28 EDT,2015-07-01,11:12:28,-0400,42728827,michaelcummo,Michael Cummo,,#flood  http://t.co/168ZMUroFI,und,[],[],['https://pbs.twimg.com/media/CI1oB6IWwAEoFUq.jpg'],0,0,0,['flood'],[],https://twitter.com/michaelcummo/status/616263106319261701,False,,1,https://pbs.twimg.com/media/CI1oB6IWwAEoFUq.jpg,,,,,,,[],,,,
616262267672338432,616262267672338432,2015-07-01 11:09:08 EDT,2015-07-01,11:09:08,-0400,758049516,ppt_search,PPT Search,,Slide Presentations mumbai flood PowerPoint Slides -  http://t.co/DXp16X7i2G  #powerpoint #slide #Slide #Presentations #mumbai #flood,en,[],['http://www.ppthunter.com/slide-presentations-mumbai-flood.htm'],[],0,0,1,"['powerpoint', 'slide', 'slide', 'presentations', 'mumbai', 'flood']",[],https://twitter.com/PPT_Search/status/616262267672338432,False,,0,,,,,,,,[],,,,
616262261129256960,616262261129256960,2015-07-01 11:09:07 EDT,2015-07-01,11:09:07,-0400,2490863428,starkeyele,Eleanor Starkey,,@NCLCeG #lightning now over north east of #England #Newcastle @CatchmentSci #downpour #flood #pluvial @MBarnes_Hydro  http://t.co/Nk3Un3E9EU,en,"[{'screen_name': 'catchmentsci', 'name': 'matt perks', 'id': '96421251'}, {'screen_name': 'mbarnes_hydro', 'name': 'dr m barnes', 'id': '2985990622'}]",[],['https://pbs.twimg.com/media/CI1nQpoWsAAakA8.png'],0,0,0,"['lightning', 'england', 'newcastle', 'downpour', 'flood', 'pluvial']",[],https://twitter.com/StarkeyEle/status/616262261129256960,False,,1,https://pbs.twimg.com/media/CI1nQpoWsAAakA8.png,,,,,,,[],,,,
616260062772883456,616260062772883456,2015-07-01 11:00:23 EDT,2015-07-01,11:00:23,-0400,200076288,floodexpert,Ambiental,,400 people affected by #flood in West #Bengal's Jalpaiguri district   http://t.co/oWlgEm2rCZ,en,[],['http://buff.ly/1CJjBWo'],[],0,0,0,"['flood', 'bengal']",[],https://twitter.com/floodexpert/status/616260062772883456,False,,0,,,,,,,,[],,,,
616259934028738560,616259934028738560,2015-07-01 10:59:52 EDT,2015-07-01,10:59:52,-0400,728984124,usgs_pubs,USGS Pubs Warehouse,,Check out this #flood map for the Winooski River in #Vermont  http://t.co/CH2MkKqEvA  http://t.co/UVS5KJ65UT,en,[],['http://bit.ly/1gbJZU9'],['https://pbs.twimg.com/media/CI1lJOtWsAAn3i6.png'],0,0,0,"['flood', 'vermont']",[],https://twitter.com/USGS_Pubs/status/616259934028738560,False,,1,https://pbs.twimg.com/media/CI1lJOtWsAAn3i6.png,,,,,,,[],,,,
616257739648573440,616257739648573440,2015-07-01 10:51:09 EDT,2015-07-01,10:51:09,-0400,465698931,lenaweepanian,David Panian,,The @AdrianMI City Band's concert Thursday will be at the Toledo Street Pavilion at 7:30 pm because Trestle Park is still drying out #flood,en,"[{'screen_name': 'adrianmi', 'name': 'city of adrian', 'id': '97269139'}]",[],[],0,1,0,['flood'],[],https://twitter.com/lenaweepanian/status/616257739648573440,False,,0,,,,,,,,[],,,,
616253115810099200,616253115810099200,2015-07-01 10:32:46 EDT,2015-07-01,10:32:46,-0400,20391967,skiptv,Skip Fredricks,,Video: @instaweatherpro #instaweatherpro #weather #wx #palmsprings #storm #flood #rain #crazy (at...  http://t.co/4bqfBzdd2O,en,"[{'screen_name': 'instaweatherpro', 'name': 'instaweatherpro', 'id': '1047984776'}]",['http://tmblr.co/ZfDdXy1oW3ZJC'],[],0,0,0,"['instaweatherpro', 'weather', 'wx', 'palmsprings', 'storm', 'flood', 'rain', 'crazy']",[],https://twitter.com/skiptv/status/616253115810099200,False,,0,,,,,,,,[],,,,
616253113582899204,616253113582899204,2015-07-01 10:32:46 EDT,2015-07-01,10:32:46,-0400,20391967,skiptv,Skip Fredricks,"{'type': 'Point', 'coordinates': [33.81690886, -116.52865081]}",instaweatherpro #instaweatherpro #weather #wx #palmsprings #storm #flood #rain #crazy @ Starbucks  https://t.co/6sLWwzNmk0,en,[],['https://instagram.com/p/4mNVPGGSQc/'],[],0,0,0,"['instaweatherpro', 'weather', 'wx', 'palmsprings', 'storm', 'flood', 'rain', 'crazy']",[],https://twitter.com/skiptv/status/616253113582899204,False,,0,,,,,,,,[],,,,
616253107224207360,616253107224207360,2015-07-01 10:32:44 EDT,2015-07-01,10:32:44,-0400,1536412436,globalfloodnews,GlobalFloodSystem,,#flood #disaster Dramatic storm causes some flooding; more may be on the way - Reno Gazette Journal: Reno Gaze...  http://t.co/nGKIyHTRPD,en,[],['http://bit.ly/1JvciXl'],[],0,0,0,"['flood', 'disaster']",[],https://twitter.com/GlobalFloodNews/status/616253107224207360,False,,0,,,,,,,,[],,,,
616247343789178880,616247343789178880,2015-07-01 10:09:50 EDT,2015-07-01,10:09:50,-0400,36520207,abayld,ABA Young Lawyers,,.@ABAYLD is supporting the disaster hotline for #Texas #flood survivors. Want to help? Call 800-504-7030.  http://t.co/fuf2mmhkkF,en,"[{'screen_name': 'abayld', 'name': 'aba young lawyers', 'id': '36520207'}]",['http://bit.ly/1k55zaS'],[],0,0,1,"['texas', 'flood']",[],https://twitter.com/ABAYLD/status/616247343789178880,False,,0,,,,,,,,[],,,,
616247343772348417,616247343772348417,2015-07-01 10:09:50 EDT,2015-07-01,10:09:50,-0400,84019422,abalsd,ABA for Law Students,,.@ABAYLD is supporting the disaster hotline for #Texas #flood survivors. Want to help? Call 800-504-7030.  http://t.co/rwyxybSVOw,en,"[{'screen_name': 'abayld', 'name': 'aba young lawyers', 'id': '36520207'}]",['http://bit.ly/1k55zaS'],[],0,0,0,"['texas', 'flood']",[],https://twitter.com/abalsd/status/616247343772348417,False,,0,,,,,,,,[],,,,
616247343503925248,616247343503925248,2015-07-01 10:09:50 EDT,2015-07-01,10:09:50,-0400,72638170,abaesq,American Bar Association,,.@ABAYLD is supporting the disaster hotline for #Texas #flood survivors. Want to help? Call 800-504-7030.  http://t.co/ecnerIugsd,en,"[{'screen_name': 'abayld', 'name': 'aba young lawyers', 'id': '36520207'}]",['http://bit.ly/1k55zaS'],[],0,2,0,"['texas', 'flood']",[],https://twitter.com/ABAesq/status/616247343503925248,False,,0,,,,,,,,[],,,,
616246154800402432,616246154800402432,2015-07-01 10:05:07 EDT,2015-07-01,10:05:07,-0400,85641096,airworldwide,AIR Worldwide,,"Florida commission does #flood, too  http://t.co/qVazQEE0Qb #insurance #blog #risk",en,[],['http://airww.co/1KZqBDr'],[],0,0,1,"['flood', 'insurance', 'blog', 'risk']",[],https://twitter.com/AIRWorldwide/status/616246154800402432,False,,0,,,,,,,,[],,,,
616245698217029633,616245698217029633,2015-07-01 10:03:18 EDT,2015-07-01,10:03:18,-0400,219045684,mazinice,mazi,,"Innosreport: Flood destroys 30 houses, displaces 70 households ...  http://t.co/HEGRrNbqFl @vanguardngrnews #news #Flood #Kastina state",en,"[{'screen_name': 'vanguardngrnews', 'name': 'vanguard newspapers', 'id': '39975533'}]",['http://innosreport.blogspot.com/2015/07/flood-destroys-30-houses-displaces-70.html?spref=tw'],[],0,0,0,"['news', 'flood', 'kastina']",[],https://twitter.com/mazinice/status/616245698217029633,False,,0,,,,,,,,[],,,,
616243133685170176,616243133685170176,2015-07-01 09:53:06 EDT,2015-07-01,09:53:06,-0400,1331981646,officialtrace09,Trace09.com,,#MissedThis? Accra Mayor Has Failed in Executing His Job  http://t.co/rzlc92TURO  #accra #flood #mayor #okoevanderpuije,en,[],['http://is.gd/Po9Bj6'],[],0,0,0,"['missedthis', 'accra', 'flood', 'mayor', 'okoevanderpuije']",[],https://twitter.com/OfficialTrace09/status/616243133685170176,False,,0,,,,,,,,[],,,,
616242640795766784,616242640795766784,2015-07-01 09:51:09 EDT,2015-07-01,09:51:09,-0400,2422238587,acantiming70,Thomas Rodgers,,Heavy #rain/#flood threat will continue across pas of #Mid-Mississippi Valley &amp; #Southeast  http://t.co/vm2TWqGW3d,en,[],['http://jp86.co.vu/5036'],[],0,0,0,"['rain', 'flood', 'mid', 'southeast']",[],https://twitter.com/Acantiming70/status/616242640795766784,False,,0,,,,,,,,[],,,,
616242637276712960,616242637276712960,2015-07-01 09:51:08 EDT,2015-07-01,09:51:08,-0400,2423473010,mariasparrow2,Maria Sparrow,,Heavy #rain/#flood threat will continue across pas of #Mid-Mississippi Valley &amp; #Southeast  http://t.co/uFCUtUJcPe,en,[],['http://jp86.co.vu/5036'],[],0,0,0,"['rain', 'flood', 'mid', 'southeast']",[],https://twitter.com/MariaSparrow2/status/616242637276712960,False,,0,,,,,,,,[],,,,
616242632184836096,616242632184836096,2015-07-01 09:51:07 EDT,2015-07-01,09:51:07,-0400,2360125255,jubiebernews,Justin Bieber Fan ,,Heavy #rain/#flood threat will continue across pas of #Mid-Mississippi Valley &amp; #Southeast  http://t.co/TQiPa7Lr3K,en,[],['http://jp86.co.vu/5036'],[],0,0,0,"['rain', 'flood', 'mid', 'southeast']",[],https://twitter.com/juBieberNews/status/616242632184836096,False,,0,,,,,,,,[],,,,
616242629638893568,616242629638893568,2015-07-01 09:51:06 EDT,2015-07-01,09:51:06,-0400,2363152842,mostpopularpers,Most Popular Person,,Heavy #rain/#flood threat will continue across pas of #Mid-Mississippi Valley &amp; #Southeast  http://t.co/9BeFuUsTyB,en,[],['http://jp86.co.vu/5036'],[],0,0,0,"['rain', 'flood', 'mid', 'southeast']",[],https://twitter.com/MostPopularPers/status/616242629638893568,False,,0,,,,,,,,[],,,,
616240843289174016,616240843289174016,2015-07-01 09:44:00 EDT,2015-07-01,09:44:00,-0400,20998647,weatherchannel,The Weather Channel,,Heavy #rain/#flood threat will continue across parts of #Mid-Mississippi Valley &amp; #Southeast:  http://t.co/yZMdjCiUVM  http://t.co/mHEKuevwXi,en,[],['http://wxch.nl/1GNVJT5'],['https://pbs.twimg.com/media/CI1TyADWsAEBcGf.png'],2,20,20,"['rain', 'flood', 'mid', 'southeast']",[],https://twitter.com/weatherchannel/status/616240843289174016,False,,1,https://pbs.twimg.com/media/CI1TyADWsAEBcGf.png,,,,,,,[],,,,
616240008131948544,616240008131948544,2015-07-01 09:40:41 EDT,2015-07-01,09:40:41,-0400,27860574,flooduk,Know Your Flood Risk,,We are getting there! Revised draft Statutory Instruments for the #Flood Re Scheme were  laid before Parliament today,en,[],[],[],0,0,0,['flood'],[],https://twitter.com/flooduk/status/616240008131948544,False,,0,,,,,,,,[],,,,
616239662152183808,616239662152183808,2015-07-01 09:39:19 EDT,2015-07-01,09:39:19,-0400,246324373,floodmary,Mary Dhonau,,Revised draft Statutory Instruments for the #Flood Re Scheme were  laid before Parliament today - one step closer! ;),en,[],[],[],0,1,0,['flood'],[],https://twitter.com/floodmary/status/616239662152183808,False,,0,,,,,,,,[],,,,
616237631769214978,616237631769214978,2015-07-01 09:31:15 EDT,2015-07-01,09:31:15,-0400,1536412436,globalfloodnews,GlobalFloodSystem,,#flood #disaster Many feared dead after millions hit by China floods - ITV News: ITV NewsMany feared dead afte...  http://t.co/BS3LqzAqGM,en,[],['http://bit.ly/1INxLaW'],[],0,1,0,"['flood', 'disaster']",[],https://twitter.com/GlobalFloodNews/status/616237631769214978,False,,0,,,,,,,,[],,,,
616236074348589056,616236074348589056,2015-07-01 09:25:03 EDT,2015-07-01,09:25:03,-0400,479169118,aj_matusiak,Tony,,Maybe it's good I'm out of town rn #flood,en,[],[],[],0,0,1,['flood'],[],https://twitter.com/aj_matusiak/status/616236074348589056,False,,0,,,,,,,,[],,,,
616234727217999872,616234727217999872,2015-07-01 09:19:42 EDT,2015-07-01,09:19:42,-0400,50599945,rubengeradts,rubengeradts,,Nice demonstration event af #flood protection test facility #FPH @VPdeltaNL @tudelft  http://t.co/eg5jZZGtBv,en,"[{'screen_name': 'vpdeltanl', 'name': 'vpdelta', 'id': '3014633866'}, {'screen_name': 'tudelft', 'name': 'tu delft', 'id': '29964546'}]",[],"['https://pbs.twimg.com/media/CI1OG44VAAEkel0.jpg', 'https://pbs.twimg.com/media/CI1OG5XVEAEx0eu.jpg', 'https://pbs.twimg.com/media/CI1OG_zUYAAAheL.jpg']",0,3,0,"['flood', 'fph']",[],https://twitter.com/rubengeradts/status/616234727217999872,False,,1,https://pbs.twimg.com/media/CI1OG44VAAEkel0.jpg,,,,,,,[],,,,
616231464070283269,616231464070283269,2015-07-01 09:06:44 EDT,2015-07-01,09:06:44,-0400,1331981646,officialtrace09,Trace09.com,,#MissedThis? Breaking News: Gas Explosion at Kwame Nkrumah   http://t.co/glnGqJPX1a  #accra #bank #explosion #flood #gcb #kwamenkrumahcircle,en,[],['http://is.gd/5VRyZm'],[],0,0,0,"['missedthis', 'accra', 'bank', 'explosion', 'flood', 'gcb', 'kwamenkrumahcircle']",[],https://twitter.com/OfficialTrace09/status/616231464070283269,False,,0,,,,,,,,[],,,,
616229177444990976,616229177444990976,2015-07-01 08:57:39 EDT,2015-07-01,08:57:39,-0400,502037920,joshzaring,Josh Zaring,,"Yesterdays ""almost flood"" at Team Zaring Headquarters. #flood #rain #inclementweather  http://t.co/EytMR5WqQi  http://t.co/TSjas1OPte",en,[],['http://ift.tt/1JwE6xo'],['https://pbs.twimg.com/media/CI1JK_3WEAAeIOc.jpg'],0,0,1,"['flood', 'rain', 'inclementweather']",[],https://twitter.com/joshzaring/status/616229177444990976,False,,1,https://pbs.twimg.com/media/CI1JK_3WEAAeIOc.jpg,,,,,,,[],,,,
616228501818093568,616228501818093568,2015-07-01 08:54:58 EDT,2015-07-01,08:54:58,-0400,90412433,earthmagazine,EARTH Magazine,,Company using @ORNL's Titan supercomputer to make more detailed #flood maps. Excellent!  https://t.co/KpCUjDAtmS,en,"[{'screen_name': 'ornl', 'name': 'oak ridge lab', 'id': '16145097'}]",['https://twitter.com/nprscience/status/615966816234442752'],[],0,3,1,['flood'],[],https://twitter.com/earthmagazine/status/616228501818093568,False,https://twitter.com/nprscience/status/615966816234442752,0,,,,,,,,[],,,,
616223681119956993,616223681119956993,2015-07-01 08:35:49 EDT,2015-07-01,08:35:49,-0400,3233568404,wemjragency,tmaallstate@gmail.com,,Why is #flood #insurance important  https://t.co/vTZvt7nKU4 Call 904- 241-8223 to talk to someone about #Flood #Insurance,en,[],['https://www.youtube.com/watch?v=f1cJx-49J1U'],[],0,0,0,"['flood', 'insurance', 'flood', 'insurance']",[],https://twitter.com/wemjragency/status/616223681119956993,False,,0,,,,,,,,[],,,,
616219254237609984,616219254237609984,2015-07-01 08:18:13 EDT,2015-07-01,08:18:13,-0400,267837573,gravitasint,Gravitas (Int) Ltd,,the sun is shining but we are expecting bad weather in the UK for the NW and SW with flood alerts issued - #floodaware #environmental #flood,en,[],[],[],0,0,0,"['floodaware', 'environmental', 'flood']",[],https://twitter.com/GravitasInt/status/616219254237609984,False,,0,,,,,,,,[],,,,
616215499802812417,616215499802812417,2015-07-01 08:03:18 EDT,2015-07-01,08:03:18,-0400,2196207979,leray_r,leray renaud,,#Mozambique should prioritize early alert to help save lives! #cyclone #flood  https://t.co/q78ln11MYj,en,[],['https://twitter.com/UNDP/status/616215097581641729'],[],0,0,0,"['mozambique', 'cyclone', 'flood']",[],https://twitter.com/leray_r/status/616215499802812417,False,https://twitter.com/UNDP/status/616215097581641729,0,,,,,,,,[],,,,
616214590876217344,616214590876217344,2015-07-01 07:59:41 EDT,2015-07-01,07:59:41,-0400,2478688363,gate_15_analyst,Gate 15,,Major #Midwest #flood #risk Underestimated by as Much as Five Feet - via @HSNWIRE -  http://t.co/HhbSDt8NJD #riskmanagement #flooding,en,"[{'screen_name': 'hsnwire', 'name': 'homeland security news wire', 'id': '1221159462817411074'}]",['http://www.homelandsecuritynewswire.com/dr20150630-major-midwest-flood-risk-underestimated-by-as-much-as-five-feet-study'],[],0,0,0,"['midwest', 'flood', 'risk', 'riskmanagement', 'flooding']",[],https://twitter.com/Gate_15_Analyst/status/616214590876217344,False,,0,,,,,,,,[],,,,
616213713037594624,616213713037594624,2015-07-01 07:56:12 EDT,2015-07-01,07:56:12,-0400,507770639,komutim,Tim Schmidt,,"Flash #Flood Warning in effect for Camden Co until 1:00pm. Between 2-5"" of rain locally has fallen. #MidMoMornings  http://t.co/GfHdOrY8gG",en,[],[],['https://pbs.twimg.com/media/CI07G03UwAAuKyq.png'],0,0,0,"['flood', 'midmomornings']",[],https://twitter.com/komuTim/status/616213713037594624,False,,1,https://pbs.twimg.com/media/CI07G03UwAAuKyq.png,,,,,,,[],,,,
616211659133165568,616211659133165568,2015-07-01 07:48:02 EDT,2015-07-01,07:48:02,-0400,2151836748,jrepoza,John Repoza,"{'type': 'Point', 'coordinates': [41.4904594, -71.3143234]}",Holy crap this is amazing #RhodeIsland #storm #flood #Newport #magic #nature #outdoors @ Ocean Coffee…  https://t.co/776826GIVu,en,[],['https://instagram.com/p/4l6effOOvS/'],[],0,0,0,"['rhodeisland', 'storm', 'flood', 'newport', 'magic', 'nature', 'outdoors']",[],https://twitter.com/jrepoza/status/616211659133165568,False,,0,,,,,,,,[],,,,
616211313337962496,616211313337962496,2015-07-01 07:46:40 EDT,2015-07-01,07:46:40,-0400,64318300,stuffedchellz,Chelle,,I was freaking out #Saturday #flood  https://t.co/pmEuLQcYqT,en,[],['https://instagram.com/p/4l6UAzA8iO/'],[],0,0,0,"['saturday', 'flood']",[],https://twitter.com/stuffedChellz/status/616211313337962496,False,,0,,,,,,,,[],,,,
616204846857715712,616204846857715712,2015-07-01 07:20:58 EDT,2015-07-01,07:20:58,-0400,1331981646,officialtrace09,Trace09.com,,#MissedThis? Accra Mayor Has Failed in Executing His Job  http://t.co/rzlc92TURO  #accra #flood #mayor #okoevanderpuije,en,[],['http://is.gd/Po9Bj6'],[],0,0,0,"['missedthis', 'accra', 'flood', 'mayor', 'okoevanderpuije']",[],https://twitter.com/OfficialTrace09/status/616204846857715712,False,,0,,,,,,,,[],,,,
616201204239048704,616201204239048704,2015-07-01 07:06:30 EDT,2015-07-01,07:06:30,-0400,2585523085,disaworldnews,Disaster World News,,"Flooding along River Raisin leaves roads, parks swamped; residents urged to ... - WDIV Detroit  http://t.co/hElIGKcFSG #Flood",en,[],['http://news.google.com/news/url?sa=t&fd=R&ct2=us&usg=AFQjCNFOPUC7zQJgEeQHk1L5pnYY1dRa6w&clid=c3a7d30bb8a4878e06b80cf16b898331&cid=52778890420431&ei=_8aTVabsEIf5mAKF34PYDQ&url=http://www.clickondetroit.com/news/flooding-along-river-raisin-leaves-roads-parks-swamped-residents-urged-to-take-precautions/33845656'],[],0,0,0,['flood'],[],https://twitter.com/DisaWorldNews/status/616201204239048704,False,,0,,,,,,,,[],,,,
616200792643469312,616200792643469312,2015-07-01 07:04:52 EDT,2015-07-01,07:04:52,-0400,132817648,tehelka,Tehelka,,Heavy rains trigger #Landslides And #Flood in #WestBengal; Over 20 Dead And 400 Stranded  http://t.co/Xst1QFFpYz,en,[],['http://goo.gl/zTMcwT'],[],0,0,0,"['landslides', 'flood', 'westbengal']",[],https://twitter.com/Tehelka/status/616200792643469312,False,,0,,,,,,,,[],,,,
616198421108625409,616198421108625409,2015-07-01 06:55:26 EDT,2015-07-01,06:55:26,-0400,200076288,floodexpert,Ambiental,,Infrastructure: ADB approves $220m for #flood-hit #Punjab and AJK  http://t.co/qGykrtf59i,en,[],['http://buff.ly/1GNIi5I'],[],0,0,0,"['flood', 'punjab']",[],https://twitter.com/floodexpert/status/616198421108625409,False,,0,,,,,,,,[],,,,
616193320436502528,616193320436502528,2015-07-01 06:35:10 EDT,2015-07-01,06:35:10,-0400,278573305,engnaturesway,Hydro International,,Govt must take urgent action to avoid rising costs and climate change impacts including #flood risk says @theCCCuk  http://t.co/2tGxI6Vu8i,en,"[{'screen_name': 'thecccuk', 'name': 'climate change committee', 'id': '20688492'}]",['http://bit.ly/1C4cjSu'],[],0,1,0,['flood'],[],https://twitter.com/engnaturesway/status/616193320436502528,False,,0,,,,,,,,[],,,,
616193244666290176,616193244666290176,2015-07-01 06:34:52 EDT,2015-07-01,06:34:52,-0400,1536412436,globalfloodnews,GlobalFloodSystem,,#flood #disaster Bulgaria's Troyan Suffers Damages Following Floods -  http://t.co/WQVIsglvq5: Novinite.comBulga...  http://t.co/8lUMgCp183,en,[],"['http://Novinite.com', 'http://bit.ly/1T5eyZR']",[],0,0,0,"['flood', 'disaster']",[],https://twitter.com/GlobalFloodNews/status/616193244666290176,False,,0,,,,,,,,[],,,,
616192908971102208,616192908971102208,2015-07-01 06:33:32 EDT,2015-07-01,06:33:32,-0400,3196630410,sprtg1,SPRTG,,"RT BWoodsSimpleMan: ""#Flood"" (2007)  http://t.co/C5DgVBCanY #PrepperTalk #preppers #doomsdaypreppers #prepping #Survivalist #disaster #sto…",en,[],['http://goo.gl/ONtZU'],[],0,0,0,"['flood', 'preppertalk', 'preppers', 'doomsdaypreppers', 'prepping', 'survivalist', 'disaster', 'sto']",[],https://twitter.com/SPRTG1/status/616192908971102208,False,,0,,,,,,,,[],,,,
616190274860118016,616190274860118016,2015-07-01 06:23:04 EDT,2015-07-01,06:23:04,-0400,1165308708,preppundit,PreparednessPundit,,"""#Flood"" (2007)  http://t.co/8H2S09d2Ig #PrepperTalk #preppers #doomsdaypreppers #prepping #Survivalist #disaster #storm",und,[],['http://goo.gl/ONtZU'],[],0,0,0,"['flood', 'preppertalk', 'preppers', 'doomsdaypreppers', 'prepping', 'survivalist', 'disaster', 'storm']",[],https://twitter.com/PrepPundit/status/616190274860118016,False,,0,,,,,,,,[],,,,
616188260193280000,616188260193280000,2015-07-01 06:15:04 EDT,2015-07-01,06:15:04,-0400,101775528,zurich,@zurich,,#RT: #Flood maps get sharper with a little supercomputing oomph @joepalca #GoodRead /c  http://t.co/cNGQygaqg3  http://t.co/44WEdAeww6,en,"[{'screen_name': 'joepalca', 'name': 'joepalca', 'id': '2561827370'}]",['http://n.pr/1JkMblM'],['https://pbs.twimg.com/media/CI0j9U4WgAAuQLl.jpg'],0,10,3,"['rt', 'flood', 'goodread']",[],https://twitter.com/Zurich/status/616188260193280000,False,,1,https://pbs.twimg.com/media/CI0j9U4WgAAuQLl.jpg,,,,,,,[],,,,
616186315369922565,616186315369922565,2015-07-01 06:07:20 EDT,2015-07-01,06:07:20,-0400,277701163,r0man1o1,Roman Ⓜ,,@idarbwire #DMXH #flood,und,[],[],[],0,0,0,"['dmxh', 'flood']",[],https://twitter.com/r0man1o1/status/616186315369922565,False,,0,,,,,,,,[],,,,
616182671501328384,616182671501328384,2015-07-01 05:52:51 EDT,2015-07-01,05:52:51,-0400,3190669949,bexpertuk,Business Expert,,#Insurance premiums for homes at 5yr low with average of £112pa due to dramatic fall in #burglaries and #flood damage  http://t.co/BpmsAZNTGd,en,[],['http://businessexpert.co.uk'],[],0,0,0,"['insurance', 'burglaries', 'flood']",[],https://twitter.com/bexpertuk/status/616182671501328384,False,,0,,,,,,,,[],,,,
616181600229965825,616181600229965825,2015-07-01 05:48:36 EDT,2015-07-01,05:48:36,-0400,3252118719,goodkilter,Paul Whittington,,Which rivers are likely to #flood near your office/ home? Enter your postcode and find out | #FloodDamge #Insurance  http://t.co/YJM8F5D3te,en,[],['http://bit.ly/1KseK3N'],[],0,1,2,"['flood', 'flooddamge', 'insurance']",[],https://twitter.com/goodkilter/status/616181600229965825,False,,0,,,,,,,,[],,,,
616179012679942145,616179012679942145,2015-07-01 05:38:19 EDT,2015-07-01,05:38:19,-0400,980191824,_raghavtiwari,Raghav Raj Tiwari,,400 people affected by #flood in #WestBengal's #Jalpaiguri district  http://t.co/q70HwGVg1h  http://t.co/HzRoSOY366,en,[],['http://ow.ly/P1MJ8'],['https://pbs.twimg.com/media/CI0ZZyzUsAAmTec.jpg'],0,0,0,"['flood', 'westbengal', 'jalpaiguri']",[],https://twitter.com/_RaghavTiwari/status/616179012679942145,False,,1,https://pbs.twimg.com/media/CI0ZZyzUsAAmTec.jpg,,,,,,,[],,,,
616178198313893888,616178198313893888,2015-07-01 05:35:05 EDT,2015-07-01,05:35:05,-0400,558530817,dinanathb,Dinanath Bhandari,,Kankai at bank-full #flood today. Updated Met stations in the catchment helped DDRC issue flood alert @theOFDA  http://t.co/ZZJcJ5jvsD,en,[],[],"['https://pbs.twimg.com/media/CI0ay-OWIAEYHLX.jpg', 'https://pbs.twimg.com/media/CI0azerWcAAy146.jpg']",0,0,1,['flood'],[],https://twitter.com/DinanathB/status/616178198313893888,False,,1,https://pbs.twimg.com/media/CI0ay-OWIAEYHLX.jpg,,,,,,,[],,,,
616176656424701952,616176656424701952,2015-07-01 05:28:57 EDT,2015-07-01,05:28:57,-0400,38624666,etpolitics,ET Politics,,400 people affected by #flood in #WestBengal's #Jalpaiguri district  http://t.co/yUlJP6qycB  http://t.co/zdwPN1LKMX,en,[],['http://ow.ly/P1MJ8'],['https://pbs.twimg.com/media/CI0ZZyzUsAAmTec.jpg'],0,1,2,"['flood', 'westbengal', 'jalpaiguri']",[],https://twitter.com/ETPolitics/status/616176656424701952,False,,1,https://pbs.twimg.com/media/CI0ZZyzUsAAmTec.jpg,,,,,,,[],,,,
616176215267913729,616176215267913729,2015-07-01 05:27:12 EDT,2015-07-01,05:27:12,-0400,137873804,ayriandbrown,Ayri [Add to Cart] Medina 🛒,,#HappyCouple #Flood #MgaOneMonthTo #Cagbalete2015 @medinaksville Huehue.  https://t.co/BxUUz48xlx,es,"[{'screen_name': 'medinaksville', 'name': 'lendl', 'id': '423542549'}]",['https://instagram.com/p/4lqXZnsx13/'],[],0,0,1,"['happycouple', 'flood', 'mgaonemonthto', 'cagbalete2015']",[],https://twitter.com/ayriandbrown/status/616176215267913729,False,,0,,,,,,,,[],,,,
616167219664437248,616167219664437248,2015-07-01 04:51:27 EDT,2015-07-01,04:51:27,-0400,2422145191,alexisb_id,Alexis Burris,,Fresh legislation sparks insurer interest in Florida #flood risk  http://t.co/feS6xc6Une #reinsurance,en,[],['http://bit.ly/1R3JoEs'],[],0,0,0,"['flood', 'reinsurance']",[],https://twitter.com/AlexisB_ID/status/616167219664437248,False,,0,,,,,,,,[],,,,
616163874459549696,616163874459549696,2015-07-01 04:38:10 EDT,2015-07-01,04:38:10,-0400,1976197602,haltwhistleburn,Haltwhistle Burn 💦,,Horses helping to construct natural #flood management features in #HaltwhistleBurn catchment @The_RRC #Northumberland  http://t.co/76zD1obwUe,en,"[{'screen_name': 'the_rrc', 'name': 'the rrc', 'id': '343310459'}]",[],"['https://pbs.twimg.com/media/CI0NxzrWoAAQFN8.jpg', 'https://pbs.twimg.com/media/CI0Nxw4WIAAjXaU.jpg']",0,6,3,"['flood', 'haltwhistleburn', 'northumberland']",[],https://twitter.com/HaltwhistleBurn/status/616163874459549696,False,,1,https://pbs.twimg.com/media/CI0NxzrWoAAQFN8.jpg,,,,,,,[],,,,
616162264085884928,616162264085884928,2015-07-01 04:31:46 EDT,2015-07-01,04:31:46,-0400,2969658421,letstalkrajkot,Let's talk Rajkot!,,"#Leakage in 3 #BhadarDam gates detected, repairs on |  http://t.co/TUTU2AJEBa | #Rajkot #Saurashtra #Gujarat #InRajkot #Flood",en,[],['http://sco.lt/7roDyb'],[],0,0,0,"['leakage', 'bhadardam', 'rajkot', 'saurashtra', 'gujarat', 'inrajkot', 'flood']",[],https://twitter.com/LetsTalkRajkot/status/616162264085884928,False,,0,,,,,,,,[],,,,
616158587715325952,616158587715325952,2015-07-01 04:17:09 EDT,2015-07-01,04:17:09,-0400,148524927,lokisbooksnmore,Katy Mitchell,,@GoFundMeHelp Please help us spread the word. This family is homeless and needs help! #homeless #chf #flood  http://t.co/ukBZzuMpZv,en,[],['http://www.gofundme.com/yaec42k'],[],0,0,1,"['homeless', 'chf', 'flood']",[],https://twitter.com/LokisBooksNMore/status/616158587715325952,False,,0,,,,,,,,[],,,,
616158423789531136,616158423789531136,2015-07-01 04:16:30 EDT,2015-07-01,04:16:30,-0400,2382023396,thefloodexpo,The Flood Expo,,WEATHER WARNING: #Flood alert for South Yorkshire  http://t.co/JtEdDm2FQs #floodalert #metoffice #floodexpo #warning,en,[],['http://ow.ly/P1DIy'],[],0,3,1,"['flood', 'floodalert', 'metoffice', 'floodexpo', 'warning']",[],https://twitter.com/TheFloodExpo/status/616158423789531136,False,,0,,,,,,,,[],,,,
616158375676669952,616158375676669952,2015-07-01 04:16:19 EDT,2015-07-01,04:16:19,-0400,801163898,lorrainefossi,Lorraine Fossi,,That was KPR on Monday - all dry now and back to concrete reality. #Venice #KPR #tfl #Transportation #Traffic #flood  http://t.co/6fwNaAp08W,en,[],[],['https://pbs.twimg.com/media/CI0Itx4WEAAfZ7-.jpg'],0,0,0,"['venice', 'kpr', 'tfl', 'transportation', 'traffic', 'flood']",[],https://twitter.com/lorrainefossi/status/616158375676669952,False,,1,https://pbs.twimg.com/media/CI0Itx4WEAAfZ7-.jpg,,,,,,,[],,,,
616153921573273600,616153921573273600,2015-07-01 03:58:37 EDT,2015-07-01,03:58:37,-0400,568149285,wateractivemag,Water Active,,Leading #engineers urge #government to “act with caution” when making spending cuts in #flood risk management -  http://t.co/4r0BsGD8q8,en,[],['http://www.wateractive.co.uk/news/engineers_urge_caution_over_cuts_affecting_infrastructure_and_uk_resilience'],[],0,0,0,"['engineers', 'government', 'flood']",[],https://twitter.com/wateractivemag/status/616153921573273600,False,,0,,,,,,,,[],,,,
616146164954611712,616146164954611712,2015-07-01 03:27:47 EDT,2015-07-01,03:27:47,-0400,217012625,richfordssw,Richfords,,Suffered a small #flood at home? Here are ten #tips in dealing with #flooding   https://t.co/DHb3FOhLw4 #property #propertynews,en,[],['https://vimeo.com/131430348'],[],0,0,0,"['flood', 'tips', 'flooding', 'property', 'propertynews']",[],https://twitter.com/RichfordsSW/status/616146164954611712,False,,0,,,,,,,,[],,,,
616144834731098112,616144834731098112,2015-07-01 03:22:30 EDT,2015-07-01,03:22:30,-0400,2811659459,xerophobiafish,The Addis Ainsley,,Weather is seriousness at work #thunder #flashflood #flood  https://t.co/laxp2B2bk6,en,[],['https://vine.co/v/e1aKi5wqxPJ'],[],0,0,0,"['thunder', 'flashflood', 'flood']",[],https://twitter.com/Xerophobiafish/status/616144834731098112,False,,0,,,,,,,,[],,,,
616138944564989952,616138944564989952,2015-07-01 02:59:06 EDT,2015-07-01,02:59:06,-0400,1536412436,globalfloodnews,GlobalFloodSystem,,"#flood #disaster Heavy rain disrupts traffic, floods roads and basements in Onondaga County - Syracus...  http://t.co/fvVVHcw6kI",en,[],['http://bit.ly/1U6LSRF'],[],0,0,0,"['flood', 'disaster']",[],https://twitter.com/GlobalFloodNews/status/616138944564989952,False,,0,,,,,,,,[],,,,
616138943617077249,616138943617077249,2015-07-01 02:59:06 EDT,2015-07-01,02:59:06,-0400,1536412436,globalfloodnews,GlobalFloodSystem,,#flood #disaster East Sparks hit by flash floods - Reno Gazette Journal: Reno Gazette JournalEast Sparks hit b...  http://t.co/DfZZUYNgA8,en,[],['http://bit.ly/1U6LRx0'],[],0,0,0,"['flood', 'disaster']",[],https://twitter.com/GlobalFloodNews/status/616138943617077249,False,,0,,,,,,,,[],,,,
616136862789464068,616136862789464068,2015-07-01 02:50:50 EDT,2015-07-01,02:50:50,-0400,359288159,floodadviceuk,Warwick York Chartered Surveyors,,Today's Free copy of The Ark is out! Subscribe for free for daily Twitter and email update links  #flood #ukfloods    http://t.co/hWHwU5O2uK,en,[],['http://paper.li/FloodAdviceUK/1398519991?edition_id=802b9cd0-1fbd-11e5-822d-0cc47a0d15fd'],[],0,0,0,"['flood', 'ukfloods']",[],https://twitter.com/FloodAdviceUK/status/616136862789464068,False,,0,,,,,,,,[],,,,
616136537424531456,616136537424531456,2015-07-01 02:49:32 EDT,2015-07-01,02:49:32,-0400,392293040,amberzary,Amber Zary,,"Major midwest #flood risk underestimated by as much as five feet, study finds -- ScienceDaily  http://t.co/CJ2j9yYwRm",en,[],['http://www.sciencedaily.com/releases/2015/06/150630135255.htm#.VZONcHtXc2s.twitter'],[],0,0,0,['flood'],[],https://twitter.com/AmberZary/status/616136537424531456,False,,0,,,,,,,,[],,,,
616129437168463872,616129437168463872,2015-07-01 02:21:19 EDT,2015-07-01,02:21:19,-0400,2585523085,disaworldnews,Disaster World News,,Part of Prater Closed as Streets Flood with Heavy Rain in Washoe County - KOLO  http://t.co/cv7YpvprxF #Flood,en,[],['http://news.google.com/news/url?sa=t&fd=R&ct2=us&usg=AFQjCNH3DBEFZoPEL4tuGh2UeactkWwjZA&clid=c3a7d30bb8a4878e06b80cf16b898331&cid=52778892223697&ei=PIaTVZjXCsixmQKNpIPgCw&url=http://www.kolotv.com/home/headlines/Heavy-Rain-Falls-in-Washoe-County-311093621.html'],[],0,0,0,['flood'],[],https://twitter.com/DisaWorldNews/status/616129437168463872,False,,0,,,,,,,,[],,,,
616129435419443201,616129435419443201,2015-07-01 02:21:19 EDT,2015-07-01,02:21:19,-0400,2585523085,disaworldnews,Disaster World News,,Flash flood forces evacuations in Kamloops - CTV News  http://t.co/Szorj9NqAD #Flood,en,[],['http://news.google.com/news/url?sa=t&fd=R&ct2=us&usg=AFQjCNHEAs9OhDhfqEjj8UKsCdjeDd818Q&clid=c3a7d30bb8a4878e06b80cf16b898331&cid=52778892236536&ei=PIaTVZjXCsixmQKNpIPgCw&url=http://bc.ctvnews.ca/flash-flood-forces-evacuations-in-kamloops-1.2448624'],[],0,0,0,['flood'],[],https://twitter.com/DisaWorldNews/status/616129435419443201,False,,0,,,,,,,,[],,,,
616125971922468864,616125971922468864,2015-07-01 02:07:33 EDT,2015-07-01,02:07:33,-0400,29733577,danitablackwood,Danita Blackwood,,Disasters Can Impact #Pets! #FREE First-aid Pet #App + Pet #Safety Plans&gt;  http://t.co/ijBx1mYJ2Y  #dog #cat #flood  http://t.co/aual7up5ZR,en,[],['http://wp.me/pinJe-oc'],"['https://pbs.twimg.com/media/CIzrFyxVAAAh4HQ.jpg', 'https://pbs.twimg.com/media/CIzrGJBUMAAvnW5.jpg', 'https://pbs.twimg.com/media/CIzrG-BUEAA12Bg.jpg']",0,0,0,"['pets', 'free', 'app', 'safety', 'dog', 'cat', 'flood']",[],https://twitter.com/DanitaBlackwood/status/616125971922468864,False,,1,https://pbs.twimg.com/media/CIzrFyxVAAAh4HQ.jpg,,,,,,,[],,,,
616122416394170368,616122416394170368,2015-07-01 01:53:25 EDT,2015-07-01,01:53:25,-0400,1568130360,annapurna_post,Annapurna Post,,"बक्राहाको बाढी बाँध फुटाएर बस्तीमा पस्यो/बालकको मृत्यु, मधुमल्ला जलमग्न  https://t.co/Lq9MwDFMtr  #flood #Nepal  http://t.co/4xKDBdAMJQ",ne,[],['https://shar.es/1qeECx'],['https://pbs.twimg.com/media/CIzoBNHWgAAVwM8.jpg'],0,4,2,"['flood', 'nepal']",[],https://twitter.com/Annapurna_Post/status/616122416394170368,False,,1,https://pbs.twimg.com/media/CIzoBNHWgAAVwM8.jpg,,,,,,,[],,,,
616113072554422272,616113072554422272,2015-07-01 01:16:17 EDT,2015-07-01,01:16:17,-0400,145493876,elvajamaica,Elva Jamaica,,"Pull it out , bite me there and re enter . #flood",en,[],[],[],0,1,0,['flood'],[],https://twitter.com/Elvajamaica/status/616113072554422272,False,,0,,,,,,,,[],,,,
616109483027120128,616109483027120128,2015-07-01 01:02:02 EDT,2015-07-01,01:02:02,-0400,103223543,jenlea78,Jennifer Visalli,,@LisaSpitzNews @PeteWeatherBeat Thompson Road in Dewitt right now. #Flood  http://t.co/6XHcHO4WDX,en,"[{'screen_name': 'peteweatherbeat', 'name': 'peter hall', 'id': '36071917'}]",[],['https://pbs.twimg.com/media/CIzcRljUAAAofQx.jpg'],1,2,1,['flood'],[],https://twitter.com/JenLea78/status/616109483027120128,False,,1,https://pbs.twimg.com/media/CIzcRljUAAAofQx.jpg,,,,,,,[],,,,
616109272837959680,616109272837959680,2015-07-01 01:01:12 EDT,2015-07-01,01:01:12,-0400,63807317,kelownanow,KelownaNow,,Oak Hills Residents Looking For Place to Stay as Clean Up Effort Begins #Kamloops #Flood  http://t.co/Ce60nZltTL,en,[],['http://www.kelownanow.com/watercooler/news/news/Kamloops/15/06/30/Oak_Hills_Residents_Looking_For_Place_to_Stay_as_Clean_Up_Effort_Begins'],[],0,0,0,"['kamloops', 'flood']",[],https://twitter.com/KelownaNow/status/616109272837959680,False,,0,,,,,,,,[],,,,
616103978548527104,616103978548527104,2015-07-01 00:40:09 EDT,2015-07-01,00:40:09,-0400,1536412436,globalfloodnews,GlobalFloodSystem,,#Global #Flood #News is out!  http://t.co/M0d1mYtjtn Stories via @Flood_Defence @ActiveEcology @windisfun,en,"[{'screen_name': 'activeecology', 'name': 'green roof expert', 'id': '1564128930'}, {'screen_name': 'windisfun', 'name': 'matt mason', 'id': '38359000'}]",['http://paper.li/GlobalFloodNews/1373268934?edition_id=407fbc90-1fab-11e5-99d4-002590a5ba2d'],[],0,0,0,"['global', 'flood', 'news']",[],https://twitter.com/GlobalFloodNews/status/616103978548527104,False,,0,,,,,,,,[],,,,
616100824897486852,616100824897486852,2015-07-01 00:27:37 EDT,2015-07-01,00:27:37,-0400,2585523085,disaworldnews,Disaster World News,,Corps study may fiind ways to reduce flood risk along Deadmans Run - Lincoln Journal Star  http://t.co/Cbcu8quks4 #Flood,en,[],['http://news.google.com/news/url?sa=t&fd=R&ct2=us&usg=AFQjCNGcV13W9f9htHB2eWWRZywYCNQUBA&clid=c3a7d30bb8a4878e06b80cf16b898331&ei=BGqTVbDsKoeymQL1h4GoBA&url=http://journalstar.com/news/local/corps-study-may-fiind-ways-to-reduce-flood-risk-along/article_920043f2-ac39-5326-8e4b-88a165972399.html'],[],0,0,0,['flood'],[],https://twitter.com/DisaWorldNews/status/616100824897486852,False,,0,,,,,,,,[],,,,
616094170902605825,616094170902605825,2015-07-01 00:01:11 EDT,2015-07-01,00:01:11,-0400,385068086,reinsurance_aon,Aon's Reinsurance Solutions,,"Adityam Krovvidi on the impact of #flood, #typhoon and #earthquake  http://t.co/rjHEgcyUz1 in Vietnam #AIRcat  http://t.co/Ousbdm2Y9I",en,[],['http://bit.ly/1QMzZRG'],['https://pbs.twimg.com/media/CIzOYoeUwAI3l34.jpg'],0,0,0,"['flood', 'typhoon', 'earthquake', 'aircat']",[],https://twitter.com/Reinsurance_Aon/status/616094170902605825,False,,1,https://pbs.twimg.com/media/CIzOYoeUwAI3l34.jpg,,,,,,,[],,,,
616092814615547904,616092814615547904,2015-06-30 23:55:48 EDT,2015-06-30,23:55:48,-0400,1536412436,globalfloodnews,GlobalFloodSystem,,"#flood #disaster Heavy storm floods, traps Roane County neighborhoods - WBIR-TV: WBIR-TVHeavy storm floods, tr...  http://t.co/NRx44EvZPD",en,[],['http://bit.ly/1T42uYT'],[],0,0,0,"['flood', 'disaster']",[],https://twitter.com/GlobalFloodNews/status/616092814615547904,False,,0,,,,,,,,[],,,,
616091819391070209,616091819391070209,2015-06-30 23:51:50 EDT,2015-06-30,23:51:50,-0400,3250977324,sahirtweets,ساہر بلال,,#Flood fury. Indian govt is taking 500 crore Army rescue bill from flood relief to #Kashmir. #Political onslaught= #Economic subjugation...,en,[],[],[],0,0,0,"['flood', 'kashmir', 'political', 'economic']",[],https://twitter.com/sahirtweets/status/616091819391070209,False,,0,,,,,,,,[],,,,
616088757146529792,616088757146529792,2015-06-30 23:39:40 EDT,2015-06-30,23:39:40,-0400,2743393998,waltercanada9,Walter,,@idarbwire #92UW Aww snap here comes a #flood via #hashbombs.com,en,[],[],[],0,0,0,"['92uw', 'flood', 'hashbombs']",[],https://twitter.com/waltercanada9/status/616088757146529792,False,,0,,,,,,,,[],,,,
616084965646856193,616084965646856193,2015-06-30 23:24:36 EDT,2015-06-30,23:24:36,-0400,2585523085,disaworldnews,Disaster World News,,Flash flood warning issued for Onondaga County -  http://t.co/tbxxZ1swg9  http://t.co/cql0KiuKWA #Flood,en,[],"['http://Syracuse.com', 'http://news.google.com/news/url?sa=t&fd=R&ct2=us&usg=AFQjCNEUL1OxFkME2-LdgU0YoCYsOXTLpw&clid=c3a7d30bb8a4878e06b80cf16b898331&cid=52778892223582&ei=T1uTVcCCFOfBmQKlqYHgAQ&url=http://www.syracuse.com/weather/index.ssf/2015/06/flash_flood_watch_issued_for_onondaga_county.html']",[],0,0,0,['flood'],[],https://twitter.com/DisaWorldNews/status/616084965646856193,False,,0,,,,,,,,[],,,,
616077704656515072,616077704656515072,2015-06-30 22:55:45 EDT,2015-06-30,22:55:45,-0400,2585523085,disaworldnews,Disaster World News,,"Flood recovery in full swing, federal aid pending - Shreveport Times  http://t.co/f8hauKboGD #Flood",en,[],['http://news.google.com/news/url?sa=t&fd=R&ct2=us&usg=AFQjCNFE3Id1FJSNz270DNWxEsIsySU4bA&clid=c3a7d30bb8a4878e06b80cf16b898331&cid=52778891374603&ei=nVSTVZiqGazLmAL1goGgBQ&url=http://www.shreveporttimes.com/story/news/local/2015/06/30/flood-recovery-full-swing-federal-aid-pending/29545245/'],[],0,0,0,['flood'],[],https://twitter.com/DisaWorldNews/status/616077704656515072,False,,0,,,,,,,,[],,,,
616075532195663872,616075532195663872,2015-06-30 22:47:07 EDT,2015-06-30,22:47:07,-0400,1331981646,officialtrace09,Trace09.com,,#MissedThis? Accra Mayor Has Failed in Executing His Job  http://t.co/rzlc92TURO  #accra #flood #mayor #okoevanderpuije,en,[],['http://is.gd/Po9Bj6'],[],0,0,0,"['missedthis', 'accra', 'flood', 'mayor', 'okoevanderpuije']",[],https://twitter.com/OfficialTrace09/status/616075532195663872,False,,0,,,,,,,,[],,,,
616071443374342145,616071443374342145,2015-06-30 22:30:52 EDT,2015-06-30,22:30:52,-0400,2927141369,toiletpaprcapr,tpcapr,,@idarbwire #RJFN #flood,und,[],[],[],0,0,0,"['rjfn', 'flood']",[],https://twitter.com/ToiletPaprCapr/status/616071443374342145,False,,0,,,,,,,,[],,,,
616070957514539008,616070957514539008,2015-06-30 22:28:56 EDT,2015-06-30,22:28:56,-0400,758049516,ppt_search,PPT Search,,flood in mumbai PPT Templates -  http://t.co/0QroSNxdyE  #ppt #flood #in #mumbai,en,[],['http://www.ppthunter.com/flood-in-mumbai.htm'],[],0,0,0,"['ppt', 'flood', 'in', 'mumbai']",[],https://twitter.com/PPT_Search/status/616070957514539008,False,,0,,,,,,,,[],,,,
616065965764161537,616065965764161537,2015-06-30 22:09:06 EDT,2015-06-30,22:09:06,-0400,558530817,dinanathb,Dinanath Bhandari,,Rainfall exceeds threshold in Ilam #Nepal  @PracticalAction @theOFDA funded rainfall stations work for #flood alert  http://t.co/Of79LslGkp,en,"[{'screen_name': 'practicalaction', 'name': 'practical action', 'id': '16906514'}]",['http://hydrology.gov.np/new/bull3/index.php/hydrology/rainfall_watch'],[],0,2,0,"['nepal', 'flood']",[],https://twitter.com/DinanathB/status/616065965764161537,False,,0,,,,,,,,[],,,,
616064094819459072,616064094819459072,2015-06-30 22:01:40 EDT,2015-06-30,22:01:40,-0400,17840593,1likezin,ZIN,,"Porch, rain, a great doc on #ninasimone #3rdward #flood #watergetnoenemy  https://t.co/QTRFreDfEq",en,[],['https://instagram.com/p/4k3YRTHnGQ/'],[],0,0,0,"['ninasimone', '3rdward', 'flood', 'watergetnoenemy']",[],https://twitter.com/1likezin/status/616064094819459072,False,,0,,,,,,,,[],,,,
616063872500416512,616063872500416512,2015-06-30 22:00:47 EDT,2015-06-30,22:00:47,-0400,262389713,ls_medical,Living Safely,,"RT @LivingSafely: #NWS issues Flash #Flood Warnings for #LA, #MT, #NV, #PA. EMS/EDs may initiate disaster protocols:  http://t.co/AsW3CfqapW",en,"[{'screen_name': 'livingsafely', 'name': 'living safely™', 'id': '40162575'}]",['http://ht.ly/777TA'],[],0,0,0,"['nws', 'flood', 'la', 'mt', 'nv', 'pa']",[],https://twitter.com/LS_Medical/status/616063872500416512,False,,0,,,,,,,,[],,,,
616062825828601856,616062825828601856,2015-06-30 21:56:38 EDT,2015-06-30,21:56:38,-0400,1973012293,cherylnelsontv,Cheryl Nelson,,"People outside of high-risk #flood areas file over 20% of flood claims. You may not live in a #FloodZone, but #BetterToBeSafeThanSorry @fema",en,"[{'screen_name': 'fema', 'name': 'fema', 'id': '16669075'}]",[],[],0,1,0,"['flood', 'floodzone', 'bettertobesafethansorry']",[],https://twitter.com/CherylNelsonTV/status/616062825828601856,False,,0,,,,,,,,[],,,,
616062155838877696,616062155838877696,2015-06-30 21:53:58 EDT,2015-06-30,21:53:58,-0400,1131238831,bigdog307,Buford,,@Twinnietwin73 #monsoon #flood Camelot is under water,en,[],[],[],1,0,0,"['monsoon', 'flood']",[],https://twitter.com/BigDog307/status/616062155838877696,False,,0,,,,,,,,[],,,,
616058679708794880,616058679708794880,2015-06-30 21:40:09 EDT,2015-06-30,21:40:09,-0400,956523566,j_fleming10,Jordan Fleming,,HOW DO U LIKE THUNDERSTORMS NOW #flood #flooding,en,[],[],[],0,0,11,"['flood', 'flooding']",[],https://twitter.com/j_fleming10/status/616058679708794880,False,,0,,,,,,,,[],,,,
616057726855024641,616057726855024641,2015-06-30 21:36:22 EDT,2015-06-30,21:36:22,-0400,266987043,heartaglow,Maggie Murphy,,Gleeps! #Kamloops #BC #Flood Flw-&gt; @MrMoonshine1974 and @totemsunrise tweets 4for more info/pics/vids  https://t.co/TnwU2zBfCr,en,"[{'screen_name': 'mrmoonshine1974', 'name': 'cory s. laybourne', 'id': '313880777'}, {'screen_name': 'totemsunrise', 'name': 'totemsunrise', 'id': '1088612990'}]",['https://twitter.com/CFJC_News/status/616048326778064897'],[],1,0,2,"['kamloops', 'bc', 'flood']",[],https://twitter.com/HeartAGlow/status/616057726855024641,False,https://twitter.com/CFJC_News/status/616048326778064897,0,,,,,,,,[],,,,
616056397847920640,616056397847920640,2015-06-30 21:31:05 EDT,2015-06-30,21:31:05,-0400,350509998,climatehawk1,climatehawk1,,Will Filipinos have to abandon Manila to #climate change? - video  http://t.co/PXVWZzYial #globalwarming #agw #flood #divest,tl,[],['http://gu.com/p/4a7qb/stw'],[],0,4,2,"['climate', 'globalwarming', 'agw', 'flood', 'divest']",[],https://twitter.com/climatehawk1/status/616056397847920640,False,,0,,,,,,,,[],,,,
616056383776157696,616056383776157696,2015-06-30 21:31:02 EDT,2015-06-30,21:31:02,-0400,40162575,livingsafely,Living Safely™,,"Weather Alert: #NWS issues Flash #Flood Warnings for parts of #LA, #MT, #NV, #PA. Move to higher ground if at risk:  http://t.co/IfbpJ00lio",en,[],['http://ht.ly/P16FI'],[],0,0,0,"['nws', 'flood', 'la', 'mt', 'nv', 'pa']",[],https://twitter.com/LivingSafely/status/616056383776157696,False,,0,,,,,,,,[],,,,
616051047354789888,616051047354789888,2015-06-30 21:09:50 EDT,2015-06-30,21:09:50,-0400,122387909,iclrcanada,Glenn McGillivray,,Storm Causes Flash #Flood in #Westsyde Area of #Kamloops (CFJC News)  http://t.co/4CgmjfGUO0,en,[],['http://www.cfjctv.com/story.php?id=23715'],[],0,1,0,"['flood', 'westsyde', 'kamloops']",[],https://twitter.com/ICLRCanada/status/616051047354789888,False,,0,,,,,,,,[],,,,
616050684471955456,616050684471955456,2015-06-30 21:08:23 EDT,2015-06-30,21:08:23,-0400,69955978,jessjsmiles,jessica smiley,,Mineral Ridge got a little bit of rain ... #flood #summerofrain #rainraingoaway #rainydays #rain…  https://t.co/QQTOokmzIx,en,[],['https://instagram.com/p/4kxFpYPyjR/'],[],0,0,0,"['flood', 'summerofrain', 'rainraingoaway', 'rainydays', 'rain']",[],https://twitter.com/jessjsmiles/status/616050684471955456,False,,0,,,,,,,,[],,,,
616048641342443522,616048641342443522,2015-06-30 21:00:16 EDT,2015-06-30,21:00:16,-0400,2591365009,ust_survival,UltimateSurvivalTech,,Teen Survives After Being Swept Away by #Peoria Flash #Flood  http://t.co/bOx39lFdMZ #Illinois #FlashFlood  http://t.co/tOpoHQ9Sam,en,[],['http://bit.ly/1C59VL5'],['https://pbs.twimg.com/media/CIxDVY-WsAIn07X.jpg'],0,1,2,"['peoria', 'flood', 'illinois', 'flashflood']",[],https://twitter.com/UST_Survival/status/616048641342443522,False,,1,https://pbs.twimg.com/media/CIxDVY-WsAIn07X.jpg,,,,,,,[],,,,
616048072741617664,616047725386207232,2015-06-30 20:58:00 EDT,2015-06-30,20:58:00,-0400,33078007,howwon,🇨🇦 howwon 🇨🇦 🍕🌊,,@tjconnorstweets I'm reading you guys are getting a lot of water. #flood,en,[],[],[],1,0,1,['flood'],[],https://twitter.com/howwon/status/616048072741617664,False,,0,,,,,,,,[],,,,
616047482754220032,616047482754220032,2015-06-30 20:55:40 EDT,2015-06-30,20:55:40,-0400,1167607994,earthspace101,earthspace101,,30 Jun 2015 [disturbing] | China Floods: Chinese Reporter Swept Away by #Flood Waters During TV Report...  http://t.co/tchnd7M5Gl,en,[],['http://fb.me/483ovLNi7'],[],0,0,0,['flood'],[],https://twitter.com/earthspace101/status/616047482754220032,False,,0,,,,,,,,[],,,,
616043339071254529,616043339071254529,2015-06-30 20:39:12 EDT,2015-06-30,20:39:12,-0400,3178562628,500dollarvan,$500 Van,,That's our van under the floodwaters. #flood #ct #naturaldisaster #natgeo #news #trending #cantsee…  https://t.co/mlmH3O8CdA,en,[],['https://instagram.com/p/4Mp5msJt7d/'],[],0,0,0,"['flood', 'ct', 'naturaldisaster', 'natgeo', 'news', 'trending', 'cantsee']",[],https://twitter.com/500dollarVan/status/616043339071254529,False,,0,,,,,,,,[],,,,
616043316237467648,616043316237467648,2015-06-30 20:39:06 EDT,2015-06-30,20:39:06,-0400,3178562628,500dollarvan,$500 Van,,Our camper fell victim to the flooding as well #camping #camper #flood #flooding #sadday #disaster…  https://t.co/iuGGYJlK40,en,[],['https://instagram.com/p/4Mqe9Xpt9R/'],[],0,0,0,"['camping', 'camper', 'flood', 'flooding', 'sadday', 'disaster']",[],https://twitter.com/500dollarVan/status/616043316237467648,False,,0,,,,,,,,[],,,,
616042372082888705,616032049565200384,2015-06-30 20:35:21 EDT,2015-06-30,20:35:21,-0400,21952118,danidurocher,Danielle Durocher,,@acockyone no doubt! We need to start a #Crowdfunding  on #flood survival kits 4 ur cars #houstonflood #HoustonWeather,en,[],[],[],1,1,1,"['crowdfunding', 'flood', 'houstonflood', 'houstonweather']",[],https://twitter.com/danidurocher/status/616042372082888705,False,,0,,,,,,,,[],,,,
616041752118439940,616041752118439940,2015-06-30 20:32:53 EDT,2015-06-30,20:32:53,-0400,1536412436,globalfloodnews,GlobalFloodSystem,,#flood #disaster Flash floods and power outages impact commuters on city's south side - CTV News: CTV NewsFlas...  http://t.co/D4Xkpq4NQ1,en,[],['http://bit.ly/1RRw15o'],[],0,0,0,"['flood', 'disaster']",[],https://twitter.com/GlobalFloodNews/status/616041752118439940,False,,0,,,,,,,,[],,,,
616041199984619520,616041199984619520,2015-06-30 20:30:42 EDT,2015-06-30,20:30:42,-0400,2585523085,disaworldnews,Disaster World News,,Strong thunderstorms causing some Houston street flooding -  http://t.co/WP7t7jIcrK (blog)  http://t.co/TynX3S2jHU #Flood,en,[],"['http://Chron.com', 'http://news.google.com/news/url?sa=t&fd=R&ct2=us&usg=AFQjCNGqS0ooqEBZS0RVJVaTZ0Ap4WKalQ&clid=c3a7d30bb8a4878e06b80cf16b898331&cid=52778892120550&ei=dDGTVYiOMoKnmALgiYGAAQ&url=http://blog.chron.com/weather/2015/06/strong-thunderstorms-causing-some-houston-street-flooding/']",[],0,0,0,['flood'],[],https://twitter.com/DisaWorldNews/status/616041199984619520,False,,0,,,,,,,,[],,,,
616041196218093568,616041196218093568,2015-06-30 20:30:41 EDT,2015-06-30,20:30:41,-0400,2585523085,disaworldnews,Disaster World News,,"Monroe County flooding leaves roads, parks swamped - Detroit Free Press  http://t.co/si9wxbSnYI #Flood",en,[],['http://news.google.com/news/url?sa=t&fd=R&ct2=us&usg=AFQjCNE2Q2GQ7xerXtzO5ByUtWDzf7gWeA&clid=c3a7d30bb8a4878e06b80cf16b898331&cid=52778890420431&ei=EyqTVeDHMafimAKu9p2gDg&url=http://www.freep.com/story/news/local/michigan/2015/06/30/monroe-county-flooding-leaves-roads-parks-swamped/29506645/'],[],0,0,0,['flood'],[],https://twitter.com/DisaWorldNews/status/616041196218093568,False,,0,,,,,,,,[],,,,
616041194766868480,616041194766868480,2015-06-30 20:30:40 EDT,2015-06-30,20:30:40,-0400,2585523085,disaworldnews,Disaster World News,,Residents learn more about Woodlawn-area flood control project - KSAT San Antonio  http://t.co/VlLJPyeH1t #Flood,en,[],['http://news.google.com/news/url?sa=t&fd=R&ct2=us&usg=AFQjCNHQwK9OZJBTmxXA2VCsgduPcsJeyQ&clid=c3a7d30bb8a4878e06b80cf16b898331&ei=LyOTVbDjLcaEmgLP77yADg&url=http://www.ksat.com/content/pns/ksat/news/2015/06/30/residents-learn-more-about-woodlawn-area-flood-control-project.html'],[],0,0,0,['flood'],[],https://twitter.com/DisaWorldNews/status/616041194766868480,False,,0,,,,,,,,[],,,,
616040095070703616,616040095070703616,2015-06-30 20:26:18 EDT,2015-06-30,20:26:18,-0400,716134873,mademen10,Mr. Bond,,#chopthis #chopstix #Houston #Flood #Again  https://t.co/N3dB0kDRzX,und,[],['https://instagram.com/p/4ksdugMLH-/'],[],0,0,0,"['chopthis', 'chopstix', 'houston', 'flood', 'again']",[],https://twitter.com/mademen10/status/616040095070703616,False,,0,,,,,,,,[],,,,
616039986484228096,616039986484228096,2015-06-30 20:25:52 EDT,2015-06-30,20:25:52,-0400,86892563,tylermontoya,Papa Toya ,,"Took Davin through some flooded streets by my house last night, he had so much fun hah! ☔️🌊🚤 #flood #monsoon #4x4 💪🏼😎  http://t.co/IyzeXe9ano",en,[],[],[],0,0,0,"['flood', 'monsoon', '4x4']",[],https://twitter.com/tylermontoya/status/616039986484228096,False,,1,https://pbs.twimg.com/ext_tw_video_thumb/616039919958360064/pu/img/5stYN9p3IWyEgMGb.jpg,,,,,,,[],,,,
616035599384850432,616035599384850432,2015-06-30 20:08:26 EDT,2015-06-30,20:08:26,-0400,125877689,lokeeofeye4eye,LoKee Of EYE4EYE,, https://t.co/ycI7hmw0nk #Tidal #JayZ #Kanye #Music #New #Trending #1stClass #MustWatch #Youtube #Twitter #Entertainment #SoundCloud #Flood,und,[],['https://www.youtube.com/watch?v=Q115XRFp16U'],[],0,0,0,"['tidal', 'jayz', 'kanye', 'music', 'new', 'trending', '1stclass', 'mustwatch', 'youtube', 'twitter', 'entertainment', 'soundcloud', 'flood']",[],https://twitter.com/LoKeeOfEYE4EYE/status/616035599384850432,False,,0,,,,,,,,[],,,,
616034349255782400,616034349255782400,2015-06-30 20:03:28 EDT,2015-06-30,20:03:28,-0400,468396439,scottfox29,Scott Williams,,SEVERE T-STORM WATCH HAS EXPIRED BUT #FLOOD WATCH CONTINUES UNTIL 3AM GREEN HIGHLIGHTED COUNTIES @FOX29PHILLY #PAWX  http://t.co/c5SVIhmIsz,en,"[{'screen_name': 'fox29philly', 'name': 'fox 29', 'id': '14787713'}]",[],['https://pbs.twimg.com/media/CIyX-gAUMAAUll_.png'],0,6,2,"['flood', 'pawx']",[],https://twitter.com/ScottFox29/status/616034349255782400,False,,1,https://pbs.twimg.com/media/CIyX-gAUMAAUll_.png,,,,,,,[],,,,
616033943100350464,616033943100350464,2015-06-30 20:01:52 EDT,2015-06-30,20:01:52,-0400,1167607994,earthspace101,earthspace101,,#Sichuan #China #Flood  http://t.co/aVjSNVFnVa,und,[],['http://youtu.be/kQhnBMiwU58?a'],[],0,1,0,"['sichuan', 'china', 'flood']",[],https://twitter.com/earthspace101/status/616033943100350464,False,,0,,,,,,,,[],,,,
